rank,edge_idx,neuron_i_local,neuron_j_local,neuron_i_global,neuron_j_global,layer_i,layer_j,layer_pair,strength_decile,corr_mean,edge_importance,edge_importance_raw
1,13225,115,116,115,116,DepthMid,DepthMid,DepthMid--DepthMid,10,0.8050915658238332,0.0005537848467076765,0.03804821166291839
2,13282,116,117,116,117,DepthMid,DepthMid,DepthMid--DepthMid,10,0.9000510800552463,0.0003950932964511045,0.027145187267839717
3,2317,14,15,14,15,DepthMid,DepthMid,DepthMid--DepthMid,10,0.8376173967684658,0.0003916202092133223,0.0269065661514756
4,1235,7,60,7,60,DepthMid,DepthMid,DepthMid--DepthMid,10,0.23282073053835498,0.00036556406004398945,0.02511635848398651
5,13226,115,117,115,117,DepthMid,DepthMid,DepthMid--DepthMid,10,0.6043280407241978,0.0003624257625368799,0.024900739352257645
6,513,3,4,3,4,DepthLow,DepthLow,DepthLow--DepthLow,10,0.9400735388342801,0.0003392534719174065,0.02330866939323657
7,1183,7,8,7,8,DepthMid,DepthMid,DepthMid--DepthMid,10,0.5345301176566212,0.00033699066357527325,0.02315320141453337
8,8562,60,73,60,73,DepthMid,DepthMid,DepthMid--DepthMid,10,0.5087149142505454,0.00033458835258669213,0.022988148799755092
9,6166,40,107,40,107,DepthMid,DepthLow,DepthLow--DepthMid,9,0.20245463889829987,0.00031704570207384373,0.021782867572199598
10,1248,7,73,7,73,DepthMid,DepthMid,DepthMid--DepthMid,8,0.16361897265628952,0.000314151062645464,0.021583989155223055
11,14863,167,168,167,168,DepthLow,DepthLow,DepthLow--DepthLow,10,0.949303739406235,0.0003138483380626021,0.021563190231105183
12,2788,17,18,17,18,DepthHigh,DepthHigh,DepthHigh--DepthHigh,10,0.8390793019009841,0.00030691684244840646,0.02108695652077992
13,1412,8,73,8,73,DepthMid,DepthMid,DepthMid--DepthMid,5,0.11809143291453429,0.00030675602214349715,0.02107590723866745
14,1190,7,15,7,15,DepthMid,DepthMid,DepthMid--DepthMid,7,0.13794651656543158,0.00030489672540057097,0.02094816283316483
15,1353,8,14,8,14,DepthMid,DepthMid,DepthMid--DepthMid,4,0.09175673729321174,0.00030357971112492474,0.020857676359544643
16,1354,8,15,8,15,DepthMid,DepthMid,DepthMid--DepthMid,3,0.08428429930888823,0.00030352804368594187,0.020854126508612122
17,1189,7,14,7,14,DepthMid,DepthMid,DepthMid--DepthMid,8,0.15906274236383483,0.000303069210580007,0.02082260202895842
18,2375,14,73,14,73,DepthMid,DepthMid,DepthMid--DepthMid,8,0.16579760409466177,0.00029421121153768684,0.02021400642639577
19,2943,18,19,18,19,DepthHigh,DepthHigh,DepthHigh--DepthHigh,10,0.7121116476915355,0.00029114701265441886,0.020003478297320035
20,2519,15,60,15,60,DepthMid,DepthMid,DepthMid--DepthMid,7,0.14842293789053976,0.0002908230140704774,0.019981217726678605
21,6297,41,107,41,107,DepthMid,DepthLow,DepthLow--DepthMid,9,0.19402622949621437,0.0002907682083068193,0.019977452254747747
22,2789,17,19,17,19,DepthHigh,DepthHigh,DepthHigh--DepthHigh,10,0.6340548297403048,0.00028953605299717144,0.01989279608132266
23,2362,14,60,14,60,DepthMid,DepthMid,DepthMid--DepthMid,8,0.16731615756662765,0.0002886244402461899,0.019830163029677838
24,7552,51,107,51,107,DepthHigh,DepthLow,DepthHigh--DepthLow,7,0.14669812517080538,0.0002875230950057465,0.019754494262156547
25,2532,15,73,15,73,DepthMid,DepthMid,DepthMid--DepthMid,8,0.15682958936392122,0.0002874131637957153,0.019746941354249273
26,8437,59,60,59,60,DepthMid,DepthMid,DepthMid--DepthMid,10,0.8887687194397286,0.0002797496322115091,0.01922041255243239
27,2475,15,16,15,16,DepthMid,DepthMid,DepthMid--DepthMid,10,0.8249275336082205,0.0002792701349659348,0.019187468327252048
28,1399,8,60,8,60,DepthMid,DepthMid,DepthMid--DepthMid,6,0.127955534901148,0.00027769285002813925,0.019079099758623343
29,6280,41,90,41,90,DepthMid,DepthLow,DepthLow--DepthMid,7,0.15273463834596476,0.00027375700482497225,0.01880868450213362
30,1191,7,16,7,16,DepthMid,DepthMid,DepthMid--DepthMid,6,0.1302558995311447,0.0002726692663861344,0.018733950600328897
31,6149,40,90,40,90,DepthMid,DepthLow,DepthLow--DepthMid,8,0.15904136643896016,0.00027230694114530263,0.01870905676739731
32,8992,64,65,64,65,DepthHigh,DepthHigh,DepthHigh--DepthHigh,10,0.9132621627049118,0.0002705700200070047,0.01858972027145552
33,8371,58,107,58,107,DepthMid,DepthLow,DepthLow--DepthMid,8,0.17272143080654334,0.00025376132203634835,0.017434865814949973
34,9315,67,70,67,70,DepthLow,DepthLow,DepthLow--DepthLow,10,0.7695512548292314,0.0002522271250171462,0.01732945763474017
35,9862,72,107,72,107,DepthMid,DepthLow,DepthLow--DepthMid,10,0.26519297018947685,0.0002513831700042948,0.017271473059766954
36,7739,53,55,53,55,DepthHigh,DepthHigh,DepthHigh--DepthHigh,10,0.8390269733958431,0.000249951616200108,0.017173117060189907
37,14287,138,143,138,143,DepthLow,DepthLow,DepthLow--DepthLow,10,0.31402354961563916,0.00024672336361499436,0.016951317495990915
38,6262,41,72,41,72,DepthMid,DepthMid,DepthMid--DepthMid,10,0.2991431918808227,0.0002448413699586492,0.01682201368168361
39,12480,103,121,103,121,DepthHigh,DepthMid,DepthHigh--DepthMid,7,0.14161526858092904,0.00024291905831081432,0.016689939788918674
40,682,4,5,4,5,DepthLow,DepthLow,DepthLow--DepthLow,10,0.8336096341414334,0.00024217541022757467,0.01663884687830178
41,6104,40,45,40,45,DepthMid,DepthHigh,DepthHigh--DepthMid,10,0.2330003935956975,0.00024133444632739353,0.01658106781001345
42,6131,40,72,40,72,DepthMid,DepthMid,DepthMid--DepthMid,10,0.29271171448090333,0.00024129926347814752,0.016578650545433216
43,6100,40,41,40,41,DepthMid,DepthMid,DepthMid--DepthMid,10,0.9038485324827682,0.00023931202092089678,0.01644211552485013
44,6235,41,45,41,45,DepthMid,DepthHigh,DepthHigh--DepthMid,10,0.22613391424910317,0.00023865121824232023,0.016396714571155966
45,9845,72,90,72,90,DepthMid,DepthLow,DepthLow--DepthMid,5,0.11718924119473033,0.00023809640305694161,0.01635859556928622
46,8780,62,70,62,70,DepthLow,DepthLow,DepthLow--DepthLow,10,0.24210767570319258,0.00023804753615904557,0.016355238131672112
47,13604,122,124,122,124,DepthLow,DepthLow,DepthLow--DepthLow,10,0.8581210439292639,0.00023517985645420266,0.016158212003131413
48,11491,90,107,90,107,DepthLow,DepthLow,DepthLow--DepthLow,5,0.11206022696940714,0.00023408640417756042,0.01608308552772797
49,2945,18,21,18,21,DepthHigh,DepthHigh,DepthHigh--DepthHigh,10,0.46549544069772225,0.00023336265662963915,0.016033359898618506
50,3853,24,26,24,26,DepthHigh,DepthHigh,DepthHigh--DepthHigh,10,0.5503677572113468,0.0002320302685514924,0.015941817156133107
51,14602,149,150,149,150,DepthMid,DepthMid,DepthMid--DepthMid,10,0.7370354997339478,0.0002319898151904436,0.015939037777006337
52,514,3,5,3,5,DepthLow,DepthLow,DepthLow--DepthLow,10,0.784024371060832,0.00023140277174687378,0.015898704507995704
53,11309,88,90,88,90,DepthLow,DepthLow,DepthLow--DepthLow,10,0.7430169455364714,0.00023007316227275347,0.0158073526716262
54,10548,79,121,79,121,DepthHigh,DepthMid,DepthHigh--DepthMid,4,0.09040153901445384,0.00022984411027921297,0.015791615479133745
55,8862,62,152,62,152,DepthLow,DepthLow,DepthLow--DepthLow,9,0.20098957594105038,0.0002290267377725253,0.015735457275588102
56,6776,45,72,45,72,DepthHigh,DepthMid,DepthHigh--DepthMid,10,0.22518771718177938,0.00022827754320050607,0.015683983289215296
57,7618,52,53,52,53,DepthHigh,DepthHigh,DepthHigh--DepthHigh,10,0.7783286642586973,0.00022728240330119798,0.01561561144092766
58,6794,45,90,45,90,DepthHigh,DepthLow,DepthHigh--DepthLow,6,0.12735101679826705,0.00022519466394854449,0.01547217171111379
59,8450,59,73,59,73,DepthMid,DepthMid,DepthMid--DepthMid,10,0.5239628499492482,0.00022167510760323197,0.015230357899157491
60,3098,19,21,19,21,DepthHigh,DepthHigh,DepthHigh--DepthHigh,10,0.4780248712029806,0.0002213138680004082,0.015205538655816002
61,1366,8,27,8,27,DepthMid,DepthHigh,DepthHigh--DepthMid,9,0.21917346890108322,0.00022074557669282197,0.01516649376665772
62,1482,8,143,8,143,DepthMid,DepthLow,DepthLow--DepthMid,5,0.10497293800297564,0.00022063311529366066,0.015158767020170097
63,9706,70,152,70,152,DepthLow,DepthLow,DepthLow--DepthLow,9,0.21541662394421066,0.00021994928253564014,0.01511178376724455
64,9397,67,152,67,152,DepthLow,DepthLow,DepthLow--DepthLow,9,0.1905800112228573,0.00021665252700062333,0.01488527765545231
65,2318,14,16,14,16,DepthMid,DepthMid,DepthMid--DepthMid,10,0.749332253988132,0.00021652817658236387,0.014876734064809776
66,8610,60,121,60,121,DepthMid,DepthMid,DepthMid--DepthMid,8,0.17132590652337484,0.00021399870894911647,0.01470294505545629
67,11392,89,90,89,90,DepthLow,DepthLow,DepthLow--DepthLow,10,0.8769096907914282,0.00021383563295075033,0.014691740794198757
68,7620,52,55,52,55,DepthHigh,DepthHigh,DepthHigh--DepthHigh,10,0.7197189029091879,0.00021354070046312898,0.014671477231947094
69,8777,62,67,62,67,DepthLow,DepthLow,DepthLow--DepthLow,9,0.19921921030269327,0.000213519958870408,0.01467005216494722
70,9107,65,73,65,73,DepthHigh,DepthMid,DepthHigh--DepthMid,8,0.17351228812874497,0.00021324795184638314,0.014651363714215087
71,4001,25,27,25,27,DepthHigh,DepthHigh,DepthHigh--DepthHigh,10,0.6147510541101822,0.00021224835137887292,0.014582685399175784
72,8568,60,79,60,79,DepthMid,DepthHigh,DepthHigh--DepthMid,6,0.11989885164105278,0.00021206819665180973,0.014570307730794053
73,6811,45,107,45,107,DepthHigh,DepthLow,DepthHigh--DepthLow,8,0.17236516822220607,0.00021078348618883225,0.014482040715342951
74,3404,21,24,21,24,DepthHigh,DepthHigh,DepthHigh--DepthHigh,9,0.21617406851050258,0.00020813724589375534,0.01430022875090114
75,11308,88,89,88,89,DepthLow,DepthLow,DepthLow--DepthLow,10,0.7026302814232003,0.00020533164121684704,0.014107467534656035
76,2730,16,115,16,115,DepthMid,DepthMid,DepthMid--DepthMid,7,0.15334898258374885,0.0002000192469912806,0.013742475424212981
77,14846,164,169,164,169,DepthLow,DepthLow,DepthLow--DepthLow,10,0.771110105788472,0.00019926412857193527,0.013690594435376562
78,14845,164,168,164,168,DepthLow,DepthLow,DepthLow--DepthLow,10,0.776355198748493,0.0001988660968081497,0.01366324735846192
79,1296,7,121,7,121,DepthMid,DepthMid,DepthMid--DepthMid,7,0.1413499336711755,0.000198232132896379,0.013619690382778842
80,7356,49,154,49,154,DepthHigh,DepthHigh,DepthHigh--DepthHigh,4,0.09403995182343695,0.00019644588738441203,0.013496965017999886
81,7790,53,106,53,106,DepthHigh,DepthLow,DepthHigh--DepthLow,4,0.09008191617190278,0.00019633645617632856,0.013489446463109045
82,14012,130,168,130,168,DepthHigh,DepthLow,DepthHigh--DepthLow,7,0.14260678247719213,0.00019185091909013703,0.013181264205158288
83,2613,15,154,15,154,DepthMid,DepthHigh,DepthHigh--DepthMid,4,0.09991173276753934,0.0001912723467810645,0.013141512951925612
84,2791,17,21,17,21,DepthHigh,DepthHigh,DepthHigh--DepthHigh,10,0.4404608554839095,0.00019013926163282546,0.013063663469751055
85,1364,8,25,8,25,DepthMid,DepthHigh,DepthHigh--DepthMid,7,0.14831942601745507,0.0001887017826611469,0.012964900377007402
86,1427,8,88,8,88,DepthMid,DepthLow,DepthLow--DepthMid,4,0.09278904971886744,0.0001877528855507607,0.01289970567491877
87,8900,63,81,63,81,DepthHigh,DepthHigh,DepthHigh--DepthHigh,10,0.7090678740650881,0.00018684781204533085,0.012837521907143571
88,11490,90,106,90,106,DepthLow,DepthLow,DepthLow--DepthLow,7,0.15635048669206583,0.00018581915106818703,0.012766846967552073
89,8884,63,65,63,65,DepthHigh,DepthHigh,DepthHigh--DepthHigh,10,0.796519473897368,0.0001856544657219105,0.012755532134814842
90,515,3,6,3,6,DepthLow,DepthLow,DepthLow--DepthLow,10,0.7577705904352052,0.000182957931692076,0.0125702647008405
91,850,5,6,5,6,DepthLow,DepthLow,DepthLow--DepthLow,10,0.8081673441291779,0.00018175163200350407,0.012487384957646796
92,12967,110,153,110,153,DepthLow,DepthLow,DepthLow--DepthLow,8,0.15675907877232345,0.00018125793281152715,0.012453464976871184
93,10419,78,85,78,85,DepthLow,DepthLow,DepthLow--DepthLow,10,0.5527509562056538,0.00018115227310891644,0.012446205546149896
94,7128,48,49,48,49,DepthHigh,DepthHigh,DepthHigh--DepthHigh,10,0.8937599692886958,0.00018063244188829,0.012410490144349043
95,4353,27,88,27,88,DepthHigh,DepthLow,DepthHigh--DepthLow,6,0.13562438310804376,0.00018031731009601824,0.012388838773414367
96,1460,8,121,8,121,DepthMid,DepthMid,DepthMid--DepthMid,7,0.15613140815280244,0.000179507384088321,0.012333192187280106
97,14844,164,167,164,167,DepthLow,DepthLow,DepthLow--DepthLow,10,0.8069254381895126,0.0001791799199813882,0.012310693515229652
98,2327,14,25,14,25,DepthMid,DepthHigh,DepthHigh--DepthMid,6,0.13362130383348295,0.0001778617686836172,0.012220128921634304
99,14868,168,169,168,169,DepthLow,DepthLow,DepthLow--DepthLow,10,0.7785250494765272,0.00017776584055730375,0.012213538106309364
100,11952,96,97,96,97,DepthHigh,DepthHigh,DepthHigh--DepthHigh,10,0.9193042643120065,0.00017752326849499375,0.01219687200714621
101,12029,97,99,97,99,DepthHigh,DepthHigh,DepthHigh--DepthHigh,10,0.9333443658805817,0.00017680029425598908,0.012147199508817617
102,7138,48,59,48,59,DepthHigh,DepthMid,DepthHigh--DepthMid,9,0.18289088986371618,0.00017585180590556646,0.012082032890895078
103,12649,105,155,105,155,DepthLow,DepthLow,DepthLow--DepthLow,6,0.12674623006837074,0.00017474415037513837,0.012005930570071596
104,7003,47,48,47,48,DepthHigh,DepthHigh,DepthHigh--DepthHigh,10,0.8467899594404862,0.00017439287116173264,0.011981795662907009
105,14864,167,169,167,169,DepthLow,DepthLow,DepthLow--DepthLow,10,0.7978582083669964,0.00017420044054261536,0.011968574569967885
106,5272,33,158,33,158,DepthHigh,DepthLow,DepthHigh--DepthLow,8,0.1586570466592386,0.0001735298736172418,0.01192250275622569
107,1254,7,79,7,79,DepthMid,DepthHigh,DepthHigh--DepthMid,6,0.13070497406475892,0.0001735194377676191,0.011921785753191593
108,4147,26,27,26,27,DepthHigh,DepthHigh,DepthHigh--DepthHigh,10,0.6890465599231218,0.00017349490503872956,0.011920100213280186
109,4374,27,109,27,109,DepthHigh,DepthLow,DepthHigh--DepthLow,5,0.11151383224172691,0.00017311067213147556,0.011893701197362772
110,8467,59,90,59,90,DepthMid,DepthLow,DepthLow--DepthMid,4,0.0992486983434558,0.0001728818832703385,0.011877982083583451
111,3854,24,27,24,27,DepthHigh,DepthHigh,DepthHigh--DepthHigh,10,0.548532895205771,0.00017263650177623332,0.011861122960258964
112,9429,68,80,68,80,DepthLow,DepthLow,DepthLow--DepthLow,10,0.4193672251703155,0.00017210013815170582,0.011824271686997085
113,12873,109,121,109,121,DepthLow,DepthMid,DepthLow--DepthMid,7,0.1485283790756536,0.00017205263611034987,0.011821008022895988
114,11800,94,98,94,98,DepthHigh,DepthHigh,DepthHigh--DepthHigh,10,0.8595723138061372,0.00017106960671041483,0.01175346823573503
115,13573,121,143,121,143,DepthMid,DepthLow,DepthLow--DepthMid,3,0.07263318484398289,0.00017090109272527832,0.011741890353435156
116,3425,21,45,21,45,DepthHigh,DepthHigh,DepthHigh--DepthHigh,10,0.38001907944486557,0.00017015827898185317,0.011690854766773673
117,9828,72,73,72,73,DepthMid,DepthMid,DepthMid--DepthMid,10,0.6458002842032414,0.00017014061864717615,0.011689641399965565
118,11433,89,131,89,131,DepthLow,DepthLow,DepthLow--DepthLow,10,0.6020407730618215,0.00016952250676877313,0.01164717355036538
119,9100,65,66,65,66,DepthHigh,DepthHigh,DepthHigh--DepthHigh,10,0.5501189062567383,0.00016791177252649498,0.011536506821675962
120,2795,17,25,17,25,DepthHigh,DepthHigh,DepthHigh--DepthHigh,9,0.2211778324176986,0.00016705695936050408,0.011477776228982372
121,8883,63,64,63,64,DepthHigh,DepthHigh,DepthHigh--DepthHigh,10,0.798755371776398,0.00016653709164470712,0.011442058319752901
122,2508,15,49,15,49,DepthMid,DepthHigh,DepthHigh--DepthMid,7,0.13811979577281433,0.00016650167577075326,0.011439625045031798
123,9314,67,69,67,69,DepthLow,DepthLow,DepthLow--DepthLow,10,0.6837819334513828,0.00016640300033518481,0.011432845473722184
124,5329,34,77,34,77,DepthMid,DepthLow,DepthLow--DepthMid,10,0.23179708266687582,0.0001662103156697877,0.011419606926339
125,3250,20,21,20,21,DepthHigh,DepthHigh,DepthHigh--DepthHigh,10,0.4909088650720899,0.00016594030090439724,0.01140105535526087
126,683,4,6,4,6,DepthLow,DepthLow,DepthLow--DepthLow,10,0.769799168956325,0.00016574022342692168,0.011387308879066676
127,5287,34,35,34,35,DepthMid,DepthMid,DepthMid--DepthMid,10,0.8696611330844571,0.0001653548960986505,0.011360834670115798
128,4870,31,35,31,35,DepthMid,DepthMid,DepthMid--DepthMid,10,0.7018286722074216,0.00016492898477837487,0.01133157210693838
129,8993,64,66,64,66,DepthHigh,DepthHigh,DepthHigh--DepthHigh,10,0.47892672022626404,0.00016479306208737766,0.01132223343444201
130,7774,53,90,53,90,DepthHigh,DepthLow,DepthHigh--DepthLow,5,0.11690100622758573,0.00016458346146951242,0.011307832663599998
131,7995,55,76,55,76,DepthHigh,DepthHigh,DepthHigh--DepthHigh,10,0.49886364978634756,0.000163218544364297,0.01121405498941783
132,4725,30,31,30,31,DepthMid,DepthMid,DepthMid--DepthMid,10,0.891822351898712,0.00016298328359901234,0.01119789121851159
133,12862,109,110,109,110,DepthLow,DepthLow,DepthLow--DepthLow,10,0.8140513633017671,0.00016259771448158411,0.011171400397251655
134,10027,74,75,74,75,DepthMid,DepthMid,DepthMid--DepthMid,10,0.4358842006928614,0.00016081876400873946,0.011049176243717942
135,5270,33,156,33,156,DepthHigh,DepthLow,DepthHigh--DepthLow,7,0.14633517319287015,0.00016054495655929934,0.011030364093379924
136,11638,92,93,92,93,DepthHigh,DepthHigh,DepthHigh--DepthHigh,10,0.7778653926410748,0.000160527789644372,0.011029184627353292
137,11515,90,131,90,131,DepthLow,DepthLow,DepthLow--DepthLow,10,0.5723452320817396,0.000159432463680419,0.010953929418829372
138,8579,60,90,60,90,DepthMid,DepthLow,DepthLow--DepthMid,4,0.08797197763594258,0.00015895139462493942,0.010920877201246702
139,11875,95,96,95,96,DepthHigh,DepthHigh,DepthHigh--DepthHigh,10,0.9208136156752053,0.0001571350612739078,0.010796084628460852
140,14527,146,147,146,147,DepthMid,DepthMid,DepthMid--DepthMid,10,0.5146300031537092,0.00015698490042967143,0.0107857677127508
141,14099,133,135,133,135,DepthHigh,DepthHigh,DepthHigh--DepthHigh,10,0.7312270221389683,0.00015620839095089621,0.01073241703480728
142,5271,33,157,33,157,DepthHigh,DepthLow,DepthHigh--DepthLow,7,0.1467895747866481,0.00015566080892347455,0.010694794992589959
143,9522,69,70,69,70,DepthLow,DepthLow,DepthLow--DepthLow,10,0.9005574707712116,0.0001550965645284901,0.01065602814965878
144,14533,146,153,146,153,DepthMid,DepthLow,DepthLow--DepthMid,3,0.08007946842969667,0.00015498079644236612,0.010648074214713027
145,7500,51,55,51,55,DepthHigh,DepthHigh,DepthHigh--DepthHigh,10,0.5455124160126585,0.00015489797524109475,0.010642383920702846
146,2580,15,121,15,121,DepthMid,DepthMid,DepthMid--DepthMid,7,0.1388565736072283,0.0001548181668101819,0.010636900621385592
147,4317,27,52,27,52,DepthHigh,DepthHigh,DepthHigh--DepthHigh,9,0.21738100806948668,0.00015471860299492936,0.01063006001326997
148,6105,40,46,40,46,DepthMid,DepthMid,DepthMid--DepthMid,10,0.7611520085000429,0.00015458721675984564,0.010621033021448546
149,7760,53,76,53,76,DepthHigh,DepthHigh,DepthHigh--DepthHigh,10,0.4904531927235768,0.0001543312095936381,0.010603443853191239
150,3852,24,25,24,25,DepthHigh,DepthHigh,DepthHigh--DepthHigh,10,0.4612561625024649,0.00015411554379790994,0.01058862636966293
151,8885,63,66,63,66,DepthHigh,DepthHigh,DepthHigh--DepthHigh,10,0.5153812997583234,0.00015257863680234317,0.010483031998453254
152,8036,55,117,55,117,DepthHigh,DepthMid,DepthHigh--DepthMid,7,0.13903158410946795,0.00015211267368668197,0.010451017646025245
153,4538,28,129,28,129,DepthMid,DepthMid,DepthMid--DepthMid,5,0.1154552156536947,0.0001513120642705591,0.01039601116344439
154,6374,42,54,42,54,DepthMid,DepthMid,DepthMid--DepthMid,10,0.40022920020167896,0.00015119255632294962,0.010387800278453442
155,14137,134,135,134,135,DepthHigh,DepthHigh,DepthHigh--DepthHigh,10,0.7819429260671404,0.0001511641658757437,0.010385849691053085
156,4062,25,88,25,88,DepthHigh,DepthLow,DepthHigh--DepthLow,5,0.1114899008895036,0.00015086461205791947,0.010365268616773478
157,1196,7,21,7,21,DepthMid,DepthHigh,DepthHigh--DepthMid,7,0.1508959363087312,0.00015010556435606623,0.010313117663575568
158,1675,10,11,10,11,DepthMid,DepthMid,DepthMid--DepthMid,10,0.45662535235496937,0.00014974011898752295,0.010288009459881963
159,11954,96,99,96,99,DepthHigh,DepthHigh,DepthHigh--DepthHigh,10,0.8315457789994701,0.00014973391948130532,0.010287583518063265
160,11350,88,131,88,131,DepthLow,DepthLow,DepthLow--DepthLow,10,0.574113988485997,0.00014961817394693963,0.010279631132553325
161,8040,55,121,55,121,DepthHigh,DepthMid,DepthHigh--DepthMid,7,0.15536996037585188,0.00014921565188270972,0.010251975546110565
162,4728,30,34,30,34,DepthMid,DepthMid,DepthMid--DepthMid,10,0.6671349851056828,0.00014870685326374763,0.010217018147649483
163,11723,93,99,93,99,DepthHigh,DepthHigh,DepthHigh--DepthHigh,10,0.6494543920478185,0.00014764572741481327,0.010144112684198691
164,6819,45,115,45,115,DepthHigh,DepthMid,DepthHigh--DepthMid,5,0.11731900608691469,0.00014752359375380127,0.010135721397559161
165,7521,51,76,51,76,DepthHigh,DepthHigh,DepthHigh--DepthHigh,10,0.7789518991626833,0.000147381540970952,0.0101259615524112
166,2774,16,159,16,159,DepthMid,DepthHigh,DepthHigh--DepthMid,6,0.1297666206464175,0.00014727334654989234,0.010118527971919245
167,14501,145,147,145,147,DepthMid,DepthMid,DepthMid--DepthMid,10,0.8248692012473962,0.00014646463668903148,0.010062964942084003
168,11193,86,143,86,143,DepthLow,DepthLow,DepthLow--DepthLow,10,0.24814474373521933,0.00014642845500759027,0.010060479051973468
169,4542,28,133,28,133,DepthMid,DepthHigh,DepthHigh--DepthMid,10,0.2911763405570493,0.00014441698983670465,0.00992227979818485
170,2604,15,145,15,145,DepthMid,DepthMid,DepthMid--DepthMid,8,0.1603919340655536,0.00014433903110250087,0.009916923583695428
171,4422,27,157,27,157,DepthHigh,DepthLow,DepthHigh--DepthLow,6,0.12471342497953908,0.00014393176995945798,0.009888942395216363
172,4229,26,109,26,109,DepthHigh,DepthLow,DepthHigh--DepthLow,4,0.10065493176715098,0.00014376938447869085,0.00987778557649887
173,14733,155,164,155,164,DepthLow,DepthLow,DepthLow--DepthLow,10,0.5539673211656014,0.00014302285155340602,0.009826494460601708
174,9183,65,149,65,149,DepthHigh,DepthMid,DepthHigh--DepthMid,8,0.17868156677509464,0.0001429986511910307,0.009824831756185997
175,11876,95,97,95,97,DepthHigh,DepthHigh,DepthHigh--DepthHigh,10,0.7880267696159916,0.00014248345001079726,0.009789434464853366
176,2447,14,145,14,145,DepthMid,DepthMid,DepthMid--DepthMid,9,0.18152770861462636,0.00014246039678436113,0.009787850575290172
177,4541,28,132,28,132,DepthMid,DepthMid,DepthMid--DepthMid,9,0.2044108922325304,0.00014212219041022533,0.009764613847551286
178,11720,93,96,93,96,DepthHigh,DepthHigh,DepthHigh--DepthHigh,10,0.6564754969387848,0.00014155579732685907,0.009725699377340606
179,8323,58,59,58,59,DepthMid,DepthMid,DepthMid--DepthMid,10,0.7206221998658171,0.00014154332606259535,0.009724842529586046
180,5334,34,82,34,82,DepthMid,DepthLow,DepthLow--DepthMid,10,0.2481594533284216,0.00014134934903596666,0.009711515189535502
181,14816,161,166,161,166,DepthHigh,DepthHigh,DepthHigh--DepthHigh,10,0.5756661980277035,0.00013995785538509404,0.009615911553446927
182,10057,74,105,74,105,DepthMid,DepthLow,DepthLow--DepthMid,10,0.25235212030174153,0.00013973231485988062,0.009600415619072947
183,4034,25,60,25,60,DepthHigh,DepthMid,DepthHigh--DepthMid,10,0.2281931256141351,0.00013967228024869366,0.009596290895171377
184,9313,67,68,67,68,DepthLow,DepthLow,DepthLow--DepthLow,10,0.7167759656050959,0.00013935027844742245,0.009574167515011294
185,13934,129,132,129,132,DepthMid,DepthMid,DepthMid--DepthMid,10,0.601212960824496,0.00013932312135663203,0.00957230166630726
186,2948,18,24,18,24,DepthHigh,DepthHigh,DepthHigh--DepthHigh,7,0.13997546364959162,0.00013930146140066438,0.009570813502457767
187,6094,39,167,39,167,DepthLow,DepthLow,DepthLow--DepthLow,9,0.19318634163083498,0.00013924335573084896,0.009566821307949202
188,1676,10,12,10,12,DepthMid,DepthMid,DepthMid--DepthMid,10,0.5602418630290728,0.00013922036158004868,0.009565241477222777
189,11721,93,97,93,97,DepthHigh,DepthHigh,DepthHigh--DepthHigh,10,0.6493086575056208,0.00013912901938102905,0.009558965741541822
190,9115,65,81,65,81,DepthHigh,DepthHigh,DepthHigh--DepthHigh,10,0.7444840148993743,0.0001389902831216593,0.009549433760677404
191,5131,32,156,32,156,DepthHigh,DepthLow,DepthHigh--DepthLow,8,0.15876400227824874,0.00013854676536898523,0.009518961534089173
192,9008,64,81,64,81,DepthHigh,DepthHigh,DepthHigh--DepthHigh,10,0.6803190758249434,0.00013830463817282362,0.00950232599979517
193,11719,93,95,93,95,DepthHigh,DepthHigh,DepthHigh--DepthHigh,10,0.6441192888339727,0.00013812785815958217,0.009490180193708975
194,6556,43,107,43,107,DepthMid,DepthLow,DepthLow--DepthMid,9,0.20267917453611473,0.00013802070975015422,0.009482818480246614
195,5133,32,158,32,158,DepthHigh,DepthLow,DepthHigh--DepthLow,5,0.1071955332312281,0.00013797456597120717,0.009479648136603696
196,14788,159,161,159,161,DepthHigh,DepthHigh,DepthHigh--DepthHigh,10,0.5527900330105064,0.0001378896862147989,0.009473816407987576
197,2977,18,53,18,53,DepthHigh,DepthHigh,DepthHigh--DepthHigh,8,0.17858831734689448,0.00013785320335617048,0.009471309825267922
198,2319,14,17,14,17,DepthMid,DepthHigh,DepthHigh--DepthMid,5,0.10673931054810935,0.00013768036179371467,0.009459434613456755
199,6095,39,168,39,168,DepthLow,DepthLow,DepthLow--DepthLow,8,0.1704123890879923,0.00013767808397779007,0.009459278114370615
200,6072,39,145,39,145,DepthLow,DepthMid,DepthLow--DepthMid,9,0.204863440797193,0.00013764655453773353,0.009457111860064423
201,3129,19,52,19,52,DepthHigh,DepthHigh,DepthHigh--DepthHigh,8,0.16229450239794133,0.00013745472482752354,0.009443932053031606
202,7805,53,121,53,121,DepthHigh,DepthMid,DepthHigh--DepthMid,7,0.15460394993740792,0.00013732461227002692,0.00943499257020345
203,14098,133,134,133,134,DepthHigh,DepthHigh,DepthHigh--DepthHigh,10,0.8403178723295004,0.00013701352966877717,0.009413619402036482
204,4729,30,35,30,35,DepthMid,DepthMid,DepthMid--DepthMid,10,0.6234254654277043,0.00013668665395877863,0.009391161156247652
205,14758,157,158,157,158,DepthLow,DepthLow,DepthLow--DepthLow,10,0.8028122596148591,0.0001365764018458189,0.009383586200459109
206,6884,46,54,46,54,DepthMid,DepthMid,DepthMid--DepthMid,10,0.41227458341119844,0.00013604144837490732,0.009346831812880495
207,8324,58,60,58,60,DepthMid,DepthMid,DepthMid--DepthMid,10,0.6740685271175576,0.00013551282377274475,0.009310512255072291
208,2979,18,55,18,55,DepthHigh,DepthHigh,DepthHigh--DepthHigh,8,0.17822069450724973,0.0001345320689495992,0.009243128744450218
209,8994,64,67,64,67,DepthHigh,DepthLow,DepthHigh--DepthLow,10,0.24374790821428874,0.00013411723471774817,0.009214627241109474
210,11288,87,153,87,153,DepthHigh,DepthLow,DepthHigh--DepthLow,9,0.20868400001246354,0.00013391328333496992,0.009200614605287049
211,14500,145,146,145,146,DepthMid,DepthMid,DepthMid--DepthMid,10,0.34813251154058,0.00013367120806291106,0.009183982638478257
212,6366,42,46,42,46,DepthMid,DepthMid,DepthMid--DepthMid,10,0.7904709544993423,0.00013281083497829841,0.009124870047321171
213,5132,32,157,32,157,DepthHigh,DepthLow,DepthHigh--DepthLow,6,0.1361674350656879,0.00013197373268232144,0.009067356293504684
214,716,4,39,4,39,DepthLow,DepthLow,DepthLow--DepthLow,9,0.21254980891997935,0.00013190698410855313,0.009062770281666271
215,1347,7,172,7,172,DepthMid,DepthLow,DepthLow--DepthMid,2,0.0636403100611024,0.00013174810662892162,0.00905185448285121
216,5330,34,78,34,78,DepthMid,DepthLow,DepthLow--DepthMid,8,0.17357194114423163,0.00013167687881642895,0.009046960721488617
217,7498,51,53,51,53,DepthHigh,DepthHigh,DepthHigh--DepthHigh,10,0.5430981780775733,0.00013156060445936174,0.0090389720028103
218,4544,28,135,28,135,DepthMid,DepthHigh,DepthHigh--DepthMid,10,0.2583524096814434,0.00013106856521976555,0.009005166070333241
219,6834,45,130,45,130,DepthHigh,DepthHigh,DepthHigh--DepthHigh,8,0.1682507964058458,0.0001309672546178372,0.008998205447902375
220,8888,63,69,63,69,DepthHigh,DepthLow,DepthHigh--DepthLow,10,0.3251895463910508,0.0001308451803778297,0.008989818243828432
221,4320,27,55,27,55,DepthHigh,DepthHigh,DepthHigh--DepthHigh,9,0.188897931719884,0.00013079793380675814,0.008986572132008715
222,11802,94,100,94,100,DepthHigh,DepthHigh,DepthHigh--DepthHigh,10,0.6773252109219341,0.00013052894521932453,0.008968091065272365
223,13277,115,168,115,168,DepthMid,DepthLow,DepthLow--DepthMid,3,0.0818688815840166,0.0001303640578711899,0.008956762353842898
224,6089,39,162,39,162,DepthLow,DepthMid,DepthLow--DepthMid,8,0.16041837346544113,0.00013032217789344316,0.008953884957924211
225,8578,60,89,60,89,DepthMid,DepthLow,DepthLow--DepthMid,3,0.07000513533608517,0.00013029807423217175,0.008952228897431842
226,9076,64,149,64,149,DepthHigh,DepthMid,DepthHigh--DepthMid,8,0.16011430396317863,0.0001302653240590527,0.008949978771726453
227,8889,63,70,63,70,DepthHigh,DepthLow,DepthHigh--DepthLow,10,0.29551179420372303,0.0001302209442111874,0.008946929620318312
228,7238,48,159,48,159,DepthHigh,DepthHigh,DepthHigh--DepthHigh,3,0.07318923629543574,0.0001301401037162721,0.008941375412254008
229,14184,135,145,135,145,DepthHigh,DepthMid,DepthHigh--DepthMid,10,0.3237702811957835,0.00012992313133312208,0.00892646815863705
230,6872,45,168,45,168,DepthHigh,DepthLow,DepthHigh--DepthLow,6,0.13152325814879887,0.00012986477031668573,0.008922458420343496
231,12496,103,137,103,137,DepthHigh,DepthLow,DepthHigh--DepthLow,4,0.08771525518280941,0.00012976316700062977,0.0089154776867645
232,6539,43,90,43,90,DepthMid,DepthLow,DepthLow--DepthMid,5,0.11025251823153591,0.00012972123241900262,0.008912596539244427
233,14178,135,139,135,139,DepthHigh,DepthHigh,DepthHigh--DepthHigh,10,0.5334036426774392,0.00012940114426274136,0.00889060463752912
234,13559,121,129,121,129,DepthMid,DepthMid,DepthMid--DepthMid,8,0.17790481930458707,0.00012902460967275734,0.008864734540390683
235,1838,11,13,11,13,DepthMid,DepthMid,DepthMid--DepthMid,10,0.6042479355155864,0.00012891010669269554,0.008856867525525024
236,7004,47,49,47,49,DepthHigh,DepthHigh,DepthHigh--DepthHigh,10,0.6547471237721716,0.00012886387226660994,0.008853690953901086
237,4732,30,38,30,38,DepthMid,DepthMid,DepthMid--DepthMid,10,0.6331915449098647,0.00012862572750416303,0.008837329035762906
238,14743,156,158,156,158,DepthLow,DepthLow,DepthLow--DepthLow,10,0.6380654500580306,0.0001283255629924188,0.008816706003290207
239,4543,28,134,28,134,DepthMid,DepthHigh,DepthHigh--DepthMid,10,0.2773764086076441,0.00012825258406472126,0.008811691930217466
240,11234,87,99,87,99,DepthHigh,DepthHigh,DepthHigh--DepthHigh,10,0.23084039389409644,0.00012818410951924065,0.008806987334171804
241,5277,33,163,33,163,DepthHigh,DepthLow,DepthHigh--DepthLow,7,0.14322950135197893,0.0001281711907587261,0.008806099740844897
242,11158,86,108,86,108,DepthLow,DepthLow,DepthLow--DepthLow,10,0.8141434968186341,0.00012737041583048324,0.008751081886627182
243,7641,52,76,52,76,DepthHigh,DepthHigh,DepthHigh--DepthHigh,10,0.4464573201612865,0.00012731320280859776,0.00874715102217772
244,6038,39,111,39,111,DepthLow,DepthHigh,DepthHigh--DepthLow,8,0.15806154178621246,0.0001272524251997407,0.008742975250052666
245,7361,49,159,49,159,DepthHigh,DepthHigh,DepthHigh--DepthHigh,3,0.07593123056439852,0.00012725054264224315,0.008742845907499217
246,12251,100,102,100,102,DepthHigh,DepthHigh,DepthHigh--DepthHigh,10,0.889548949488042,0.0001270487287848133,0.008728980131991542
247,845,4,168,4,168,DepthLow,DepthLow,DepthLow--DepthLow,9,0.1921365694511515,0.00012701835342878993,0.008726893169911982
248,5471,35,82,35,82,DepthMid,DepthLow,DepthLow--DepthMid,10,0.287313836476573,0.00012699688241062817,0.008725417987179023
249,4033,25,59,25,59,DepthHigh,DepthMid,DepthHigh--DepthMid,10,0.25743949373767794,0.0001269493421694597,0.008722151698530576
250,1365,8,26,8,26,DepthMid,DepthHigh,DepthHigh--DepthMid,7,0.14121223537948221,0.00012679005338603496,0.00871120764077366
251,9117,65,83,65,83,DepthHigh,DepthLow,DepthHigh--DepthLow,8,0.16037397881781673,0.0001267704229012252,0.008709858913293072
252,7045,47,90,47,90,DepthHigh,DepthLow,DepthHigh--DepthLow,7,0.14477456267349556,0.00012670573881809564,0.008705414743863795
253,5454,35,65,35,65,DepthMid,DepthHigh,DepthHigh--DepthMid,10,0.2855234233071447,0.00012661953613194867,0.008699492122347639
254,7497,51,52,51,52,DepthHigh,DepthHigh,DepthHigh--DepthHigh,10,0.49080865891286624,0.00012630458664217845,0.008677853276645834
255,2662,16,47,16,47,DepthMid,DepthHigh,DepthHigh--DepthMid,6,0.12137221871316006,0.00012593028953561056,0.008652136907517679
256,10423,78,89,78,89,DepthLow,DepthLow,DepthLow--DepthLow,2,0.06117340460097976,0.00012591564828222268,0.008651130968999816
257,838,4,161,4,161,DepthLow,DepthHigh,DepthHigh--DepthLow,7,0.14845394785001984,0.00012589818595543588,0.008649931206475324
258,6503,43,54,43,54,DepthMid,DepthMid,DepthMid--DepthMid,10,0.4547231968296423,0.0001258566606694552,0.008647078179925844
259,11644,92,99,92,99,DepthHigh,DepthHigh,DepthHigh--DepthHigh,10,0.7242368802389577,0.00012584618135286823,0.008646358190460704
260,14008,130,164,130,164,DepthHigh,DepthLow,DepthHigh--DepthLow,5,0.110925237007226,0.00012581866439390923,0.008644467616738769
261,11878,95,99,95,99,DepthHigh,DepthHigh,DepthHigh--DepthHigh,10,0.747583069841141,0.00012570648613549658,0.008636760323652948
262,11794,93,170,93,170,DepthHigh,DepthHigh,DepthHigh--DepthHigh,9,0.19078211533537112,0.00012566995542546305,0.008634250453265891
263,14114,133,150,133,150,DepthHigh,DepthMid,DepthHigh--DepthMid,6,0.13140252563593746,0.0001255038425933289,0.008622837544020465
264,4053,25,79,25,79,DepthHigh,DepthHigh,DepthHigh--DepthHigh,6,0.13234964326786103,0.00012548620855214025,0.008621625983726594
265,4234,26,114,26,114,DepthHigh,DepthMid,DepthHigh--DepthMid,8,0.16172928285651644,0.0001253820133680129,0.00861446717386839
266,9221,66,81,66,81,DepthHigh,DepthHigh,DepthHigh--DepthHigh,10,0.50568878850649,0.00012503411957394663,0.00859056486453013
267,846,4,169,4,169,DepthLow,DepthLow,DepthLow--DepthLow,9,0.21355833934094542,0.0001248371984820769,0.008577035250224328
268,14103,133,139,133,139,DepthHigh,DepthHigh,DepthHigh--DepthHigh,10,0.5593792856267931,0.00012462486734211698,0.008562446876772338
269,548,3,39,3,39,DepthLow,DepthLow,DepthLow--DepthLow,9,0.19674693857552086,0.0001245875402187665,0.008559882288198907
270,844,4,167,4,167,DepthLow,DepthLow,DepthLow--DepthLow,9,0.21746316885825212,0.0001245790177101986,0.008559296742726114
271,6332,41,142,41,142,DepthMid,DepthHigh,DepthHigh--DepthMid,10,0.2604193896086426,0.00012441645876581784,0.008548128006058307
272,12482,103,123,103,123,DepthHigh,DepthMid,DepthHigh--DepthMid,7,0.14345791981709963,0.00012431718891645034,0.008541307595093767
273,8887,63,68,63,68,DepthHigh,DepthLow,DepthHigh--DepthLow,10,0.2900203940197701,0.00012403217683018444,0.00852172562160857
274,10336,77,96,77,96,DepthLow,DepthHigh,DepthHigh--DepthLow,9,0.18537768721338133,0.00012399359447195157,0.008519074791162004
275,5195,33,81,33,81,DepthHigh,DepthHigh,DepthHigh--DepthHigh,5,0.11853759645004038,0.00012394851189815153,0.00851597735843077
276,5206,33,92,33,92,DepthHigh,DepthHigh,DepthHigh--DepthHigh,8,0.16299029439445226,0.0001238289386197519,0.008507761984837893
277,5337,34,85,34,85,DepthMid,DepthLow,DepthLow--DepthMid,9,0.1975138128451479,0.0001235977332683414,0.00849187684424518
278,12719,106,159,106,159,DepthLow,DepthHigh,DepthHigh--DepthLow,10,0.24404054457145474,0.0001235105078058178,0.008485883952095414
279,14777,158,163,158,163,DepthLow,DepthLow,DepthLow--DepthLow,10,0.5992647436616719,0.00012333606354228579,0.00847389862548038
280,14201,135,162,135,162,DepthHigh,DepthMid,DepthHigh--DepthMid,10,0.2952415429035526,0.00012313395576234523,0.008460012655801688
281,9629,70,75,70,75,DepthLow,DepthMid,DepthLow--DepthMid,9,0.1963342818784534,0.00012300769291241298,0.008451337670077637
282,7318,49,116,49,116,DepthHigh,DepthMid,DepthHigh--DepthMid,7,0.15587972809599782,0.0001229404416520226,0.008446717120770188
283,4318,27,53,27,53,DepthHigh,DepthHigh,DepthHigh--DepthHigh,9,0.18952962752763197,0.00012284246854637245,0.008439985803575049
284,14209,135,170,135,170,DepthHigh,DepthHigh,DepthHigh--DepthHigh,10,0.5421426247080052,0.00012247958342960442,0.008415053503938832
285,2389,14,87,14,87,DepthMid,DepthHigh,DepthHigh--DepthMid,8,0.15999911248041238,0.00012245567599815632,0.008413410925566632
286,8634,60,145,60,145,DepthMid,DepthMid,DepthMid--DepthMid,8,0.16609846155617178,0.0001223546036375008,0.008406466671684723
287,153,0,154,0,154,DepthMid,DepthHigh,DepthHigh--DepthMid,4,0.09784408465773488,0.00012230986574774853,0.008403392920734751
288,1320,7,145,7,145,DepthMid,DepthMid,DepthMid--DepthMid,4,0.09582881293929499,0.00012209005306412722,0.008388290522100446
289,1011,5,167,5,167,DepthLow,DepthLow,DepthLow--DepthLow,9,0.22004896219587844,0.0001220759531907843,0.008387321779512848
290,6462,42,142,42,142,DepthMid,DepthHigh,DepthHigh--DepthMid,10,0.2475153950103115,0.00012204161583574142,0.008384962605258834
291,1201,7,26,7,26,DepthMid,DepthHigh,DepthHigh--DepthMid,8,0.16861583343801456,0.00012201391311711793,0.008383059268777
292,6201,40,142,40,142,DepthMid,DepthHigh,DepthHigh--DepthMid,10,0.2636705112682247,0.0001218873336276795,0.008374362528093376
293,12748,107,123,107,123,DepthLow,DepthMid,DepthLow--DepthMid,10,0.2612291069260303,0.00012181610141153023,0.008369468464174187
294,6141,40,82,40,82,DepthMid,DepthLow,DepthLow--DepthMid,8,0.16661149420202762,0.00012175235281920564,0.008365088568356525
295,13029,111,154,111,154,DepthHigh,DepthHigh,DepthHigh--DepthHigh,3,0.0850084021708631,0.00012174227190689595,0.008364395951562124
296,883,5,39,5,39,DepthLow,DepthLow,DepthLow--DepthLow,10,0.2261275360302577,0.00012130913599530353,0.00833463701730985
297,10712,81,102,81,102,DepthHigh,DepthHigh,DepthHigh--DepthHigh,10,0.3081134666990025,0.00012114312810221681,0.00832323131798198
298,670,3,161,3,161,DepthLow,DepthHigh,DepthHigh--DepthLow,6,0.12821708938667487,0.00012097489404355384,0.008311672668244676
299,12832,108,143,108,143,DepthLow,DepthLow,DepthLow--DepthLow,9,0.20964201857063092,0.00012080734692969248,0.008300161215575634
300,1484,8,145,8,145,DepthMid,DepthMid,DepthMid--DepthMid,3,0.07344831512228092,0.0001207486678505053,0.008296129624537395
301,14172,134,170,134,170,DepthHigh,DepthHigh,DepthHigh--DepthHigh,10,0.546757869067928,0.00012071806667919567,0.008294027147645794
302,2976,18,52,18,52,DepthHigh,DepthHigh,DepthHigh--DepthHigh,8,0.17425764715318914,0.00012063429935833518,0.008288271849765248
303,3808,23,129,23,129,DepthHigh,DepthMid,DepthHigh--DepthMid,6,0.12190509406417381,0.00012060976575164543,0.008286586249543905
304,2657,16,42,16,42,DepthMid,DepthMid,DepthMid--DepthMid,9,0.1976067787588243,0.00012056615791222725,0.008283590139566881
305,9184,65,150,65,150,DepthHigh,DepthMid,DepthHigh--DepthMid,8,0.1681821758668697,0.00012044900649778758,0.008275541161990642
306,176,1,6,1,6,DepthLow,DepthLow,DepthLow--DepthLow,4,0.10041905065106158,0.00012029989564849835,0.008265296386986915
307,14350,140,141,140,141,DepthLow,DepthLow,DepthLow--DepthLow,10,0.8751820539847727,0.00012016643839843678,0.008256127104496644
308,13251,115,142,115,142,DepthMid,DepthHigh,DepthHigh--DepthMid,6,0.13125813609582107,0.00012000987313410913,0.0082453701682034
309,9025,64,98,64,98,DepthHigh,DepthHigh,DepthHigh--DepthHigh,9,0.20493950586274753,0.00011981812740601886,0.008232196131226381
310,2727,16,112,16,112,DepthMid,DepthMid,DepthMid--DepthMid,8,0.1591600596226401,0.00011980119322044113,0.008231032655047805
311,1220,7,45,7,45,DepthMid,DepthHigh,DepthHigh--DepthMid,8,0.1746847469144716,0.00011963405413138382,0.008219549236035156
312,6074,39,147,39,147,DepthLow,DepthMid,DepthLow--DepthMid,9,0.19180063683981532,0.0001194695761194925,0.008208248648365519
313,6251,41,61,41,61,DepthMid,DepthLow,DepthLow--DepthMid,9,0.18876151186009016,0.00011942256133876065,0.008205018461878464
314,3097,19,20,19,20,DepthHigh,DepthHigh,DepthHigh--DepthHigh,10,0.8336318835206422,0.00011936700967919948,0.008201201742598809
315,2781,16,166,16,166,DepthMid,DepthHigh,DepthHigh--DepthMid,5,0.11865109317432429,0.00011935941934004245,0.00820068024253871
316,12248,99,171,99,171,DepthHigh,DepthLow,DepthHigh--DepthLow,8,0.15803289220772784,0.00011934350024343088,0.008199586508824325
317,1453,8,114,8,114,DepthMid,DepthMid,DepthMid--DepthMid,4,0.0869268193038556,0.00011932822511695774,0.008198537019571083
318,9320,67,75,67,75,DepthLow,DepthMid,DepthLow--DepthMid,8,0.17358012685842358,0.00011926073993082178,0.008193900398216278
319,14793,159,166,159,166,DepthHigh,DepthHigh,DepthHigh--DepthHigh,10,0.5678561044616514,0.00011925506448001978,0.00819351046202593
320,7863,54,61,54,61,DepthMid,DepthLow,DepthLow--DepthMid,8,0.16409311421960524,0.00011910808553643553,0.00818341216123505
321,5207,33,93,33,93,DepthHigh,DepthHigh,DepthHigh--DepthHigh,7,0.15273730472280464,0.00011906570489047581,0.00818050036652367
322,6244,41,54,41,54,DepthMid,DepthMid,DepthMid--DepthMid,10,0.40869540581785546,0.0001188895152821048,0.008168395124655892
323,3350,20,121,20,121,DepthHigh,DepthMid,DepthHigh--DepthMid,8,0.16910354943219144,0.00011878249818120935,0.008161042432846736
324,6622,44,45,44,45,DepthHigh,DepthHigh,DepthHigh--DepthHigh,10,0.5242667904584327,0.00011864646106489547,0.008151695898671422
325,4448,28,39,28,39,DepthMid,DepthLow,DepthLow--DepthMid,8,0.1706571880207446,0.00011855281888319351,0.008145262140920276
326,1837,11,12,11,12,DepthMid,DepthMid,DepthMid--DepthMid,10,0.7087869472616901,0.00011848322969349202,0.008140480962390464
327,10424,78,90,78,90,DepthLow,DepthLow,DepthLow--DepthLow,4,0.09091084000615847,0.00011846923199722455,0.008139519239957024
328,10448,78,114,78,114,DepthLow,DepthMid,DepthLow--DepthMid,5,0.11821856860834373,0.00011835837243007335,0.008131902548563417
329,8968,63,149,63,149,DepthHigh,DepthMid,DepthHigh--DepthMid,8,0.16743241372116205,0.00011835780370401077,0.008131863473804084
330,6972,46,142,46,142,DepthMid,DepthHigh,DepthHigh--DepthMid,10,0.28002510336865605,0.00011834462215329034,0.008130957825274988
331,4678,29,126,29,126,DepthHigh,DepthMid,DepthHigh--DepthMid,8,0.1591920579169998,0.00011827092060620773,0.00812589410408443
332,8548,59,171,59,171,DepthMid,DepthLow,DepthLow--DepthMid,3,0.08602141370314571,0.00011815033730851569,0.008117609336343175
333,5008,32,33,32,33,DepthHigh,DepthHigh,DepthHigh--DepthHigh,10,0.7635753188437812,0.00011813190282996687,0.00811634278138796
334,6049,39,122,39,122,DepthLow,DepthLow,DepthLow--DepthLow,9,0.20820303817175295,0.00011811877501229796,0.008115440824629287
335,5581,36,56,36,56,DepthLow,DepthLow,DepthLow--DepthLow,8,0.17886126893916285,0.00011800044931783777,0.00810731116724565
336,13009,111,134,111,134,DepthHigh,DepthHigh,DepthHigh--DepthHigh,9,0.1943056950385008,0.00011796002584151323,0.008104533841371728
337,10797,82,97,82,97,DepthLow,DepthHigh,DepthHigh--DepthLow,10,0.23530846153811996,0.00011793874594087773,0.00810307178951466
338,7366,49,164,49,164,DepthHigh,DepthLow,DepthHigh--DepthLow,5,0.10576167557828016,0.00011771139183096093,0.008087451251415835
339,5875,38,81,38,81,DepthMid,DepthHigh,DepthHigh--DepthMid,10,0.2835134716968171,0.00011752383853094716,0.008074565258417963
340,4757,30,63,30,63,DepthMid,DepthHigh,DepthHigh--DepthMid,10,0.3070168476893556,0.00011747957298977358,0.008071523960538545
341,8970,63,151,63,151,DepthHigh,DepthMid,DepthHigh--DepthMid,10,0.2368224054644642,0.00011734727928444148,0.008062434620279287
342,6041,39,114,39,114,DepthLow,DepthMid,DepthLow--DepthMid,9,0.18573877152280488,0.00011720762037233081,0.008052839247852267
343,6236,41,46,41,46,DepthMid,DepthMid,DepthMid--DepthMid,10,0.7365868415262327,0.00011716990052602868,0.00805024767694792
344,2761,16,146,16,146,DepthMid,DepthMid,DepthMid--DepthMid,6,0.12790154451803148,0.00011713334160591655,0.008047735868365826
345,12909,109,157,109,157,DepthLow,DepthLow,DepthLow--DepthLow,8,0.17353576123198752,0.00011702768538554905,0.008040476676894722
346,14126,133,162,133,162,DepthHigh,DepthMid,DepthHigh--DepthMid,10,0.31810519820981603,0.00011694058938273722,0.00803449267937352
347,6912,46,82,46,82,DepthMid,DepthLow,DepthLow--DepthMid,8,0.16562143782067698,0.00011683607585149962,0.0080273119972335
348,2374,14,72,14,72,DepthMid,DepthMid,DepthMid--DepthMid,8,0.16426198369737566,0.00011676654964003046,0.008022535145671333
349,4873,31,38,31,38,DepthMid,DepthMid,DepthMid--DepthMid,10,0.6483985227726298,0.00011668860326940206,0.008017179780630818
350,6591,43,142,43,142,DepthMid,DepthHigh,DepthHigh--DepthMid,10,0.3056759091793374,0.00011667223184864209,0.008016054969639688
351,5235,33,121,33,121,DepthHigh,DepthMid,DepthHigh--DepthMid,2,0.04515344597750759,0.00011658314508653794,0.008009934195477927
352,10823,82,123,82,123,DepthLow,DepthMid,DepthLow--DepthMid,9,0.2099324655533416,0.0001165725479052994,0.008009206108031708
353,6313,41,123,41,123,DepthMid,DepthMid,DepthMid--DepthMid,10,0.26750845631870823,0.00011649914821885133,0.008004163126407038
354,5859,38,65,38,65,DepthMid,DepthHigh,DepthHigh--DepthMid,10,0.3341110288184354,0.00011631691751871277,0.007991642826706577
355,676,3,167,3,167,DepthLow,DepthLow,DepthLow--DepthLow,9,0.21506594784543717,0.00011630558823088936,0.007990864439317218
356,13498,119,171,119,171,DepthMid,DepthLow,DepthLow--DepthMid,9,0.19918099690912588,0.00011617985002182491,0.007982225499445456
357,12775,107,150,107,150,DepthLow,DepthMid,DepthLow--DepthMid,2,0.06762891341925038,0.00011613798802007343,0.007979349338581281
358,4933,31,98,31,98,DepthMid,DepthHigh,DepthHigh--DepthMid,9,0.18783904955881892,0.00011609073362410855,0.00797610268914628
359,11964,96,109,96,109,DepthHigh,DepthLow,DepthHigh--DepthLow,5,0.11235846725609204,0.00011608552252707605,0.007975744656737003
360,5350,34,98,34,98,DepthMid,DepthHigh,DepthHigh--DepthMid,9,0.1860921621185085,0.000116064471063866,0.007974298299848056
361,2790,17,20,17,20,DepthHigh,DepthHigh,DepthHigh--DepthHigh,10,0.6062214985562876,0.000116017957610237,0.00797110255742323
362,14347,139,170,139,170,DepthHigh,DepthHigh,DepthHigh--DepthHigh,10,0.7113977554802391,0.00011601121426309156,0.007970639250597426
363,13923,128,164,128,164,DepthHigh,DepthLow,DepthHigh--DepthLow,7,0.13855031383274796,0.00011586236547082702,0.007960412480422112
364,11642,92,97,92,97,DepthHigh,DepthHigh,DepthHigh--DepthHigh,10,0.7329076326918986,0.00011572391795475692,0.00795090033788705
365,1012,5,168,5,168,DepthLow,DepthLow,DepthLow--DepthLow,9,0.1914191187426702,0.00011566351921404691,0.007946750596187959
366,14503,145,149,145,149,DepthMid,DepthMid,DepthMid--DepthMid,10,0.3689802546164244,0.00011560858444037199,0.007942976260525175
367,6165,40,106,40,106,DepthMid,DepthLow,DepthLow--DepthMid,9,0.18378294239930362,0.00011559888401390459,0.007942309785301726
368,6937,46,107,46,107,DepthMid,DepthLow,DepthLow--DepthMid,8,0.1567998996773323,0.00011556294157911782,0.00793984033281566
369,9077,64,150,64,150,DepthHigh,DepthMid,DepthHigh--DepthMid,8,0.1588294096093847,0.00011553393106755409,0.007937847143419113
370,677,3,168,3,168,DepthLow,DepthLow,DepthLow--DepthLow,9,0.1935613499046816,0.00011553087989577163,0.007937637510326967
371,5096,32,121,32,121,DepthHigh,DepthMid,DepthHigh--DepthMid,2,0.0507475301960694,0.00011551812922294588,0.007936761465593344
372,7374,49,172,49,172,DepthHigh,DepthLow,DepthHigh--DepthLow,3,0.07055436888010597,0.00011541060754244998,0.007929374106256623
373,8625,60,136,60,136,DepthMid,DepthMid,DepthMid--DepthMid,10,0.25999879479244353,0.0001152640962637393,0.00791930793673875
374,10759,81,149,81,149,DepthHigh,DepthMid,DepthHigh--DepthMid,8,0.17716121689838338,0.00011520355133130696,0.007915148150825505
375,1178,6,168,6,168,DepthLow,DepthLow,DepthLow--DepthLow,7,0.14526403337635416,0.00011517886812123305,0.007913452271989174
376,6068,39,141,39,141,DepthLow,DepthLow,DepthLow--DepthLow,8,0.17897702616099675,0.00011512029705762505,0.00790942810224396
377,7340,49,138,49,138,DepthHigh,DepthLow,DepthHigh--DepthLow,8,0.16223561431752087,0.00011511290934611309,0.00790892052387127
378,6368,42,48,42,48,DepthMid,DepthHigh,DepthHigh--DepthMid,6,0.12207239344241703,0.00011506280746277487,0.007905478235637317
379,4469,28,60,28,60,DepthMid,DepthMid,DepthMid--DepthMid,6,0.12446478902130725,0.00011499428426628957,0.00790077029698715
380,11960,96,105,96,105,DepthHigh,DepthLow,DepthHigh--DepthLow,4,0.10291329092896186,0.00011495648782570556,0.007898173463614053
381,12031,97,101,97,101,DepthHigh,DepthHigh,DepthHigh--DepthHigh,10,0.6813268536526159,0.00011488032103489487,0.007892940365966692
382,2606,15,147,15,147,DepthMid,DepthMid,DepthMid--DepthMid,7,0.14075836419834561,0.00011477278221575307,0.00788555182910619
383,7274,49,72,49,72,DepthHigh,DepthMid,DepthHigh--DepthMid,8,0.15730912141520925,0.00011471794515659037,0.007881784206993741
384,14188,135,149,135,149,DepthHigh,DepthMid,DepthHigh--DepthMid,9,0.2160642094396959,0.00011467797052048322,0.007879037719030419
385,12935,110,121,110,121,DepthLow,DepthMid,DepthLow--DepthMid,6,0.1360540481540087,0.00011464250404088874,0.007876600967410052
386,4912,31,77,31,77,DepthMid,DepthLow,DepthLow--DepthMid,8,0.18024303599007113,0.00011457996387202491,0.007872304097250978
387,3130,19,53,19,53,DepthHigh,DepthHigh,DepthHigh--DepthHigh,8,0.16212313989057958,0.00011438531243946499,0.007858930421624857
388,6101,40,42,40,42,DepthMid,DepthMid,DepthMid--DepthMid,10,0.821023523019065,0.00011437359923365468,0.007858125656856424
389,4087,25,113,25,113,DepthHigh,DepthMid,DepthHigh--DepthMid,9,0.19128471370513353,0.00011433633914329239,0.007855565673835739
390,1202,7,27,7,27,DepthMid,DepthHigh,DepthHigh--DepthMid,6,0.13625414829540866,0.00011421070336961672,0.00784693377186575
391,9010,64,83,64,83,DepthHigh,DepthLow,DepthHigh--DepthLow,6,0.13043598616179103,0.00011419883797947954,0.007846118551156685
392,4910,31,75,31,75,DepthMid,DepthMid,DepthMid--DepthMid,10,0.4514592749625047,0.00011417787979440703,0.007844678603013557
393,5052,32,77,32,77,DepthHigh,DepthLow,DepthHigh--DepthLow,9,0.21080402350999175,0.00011415348759461947,0.007843002718261638
394,1177,6,167,6,167,DepthLow,DepthLow,DepthLow--DepthLow,9,0.1859093095231805,0.00011411708573633172,0.007840501700732375
395,3273,20,44,20,44,DepthHigh,DepthHigh,DepthHigh--DepthHigh,10,0.3934352485582052,0.00011399628524754993,0.007832202010711099
396,13783,125,159,125,159,DepthMid,DepthHigh,DepthHigh--DepthMid,9,0.22133564968782615,0.00011383422016405564,0.007821067205133411
397,6113,40,54,40,54,DepthMid,DepthMid,DepthMid--DepthMid,10,0.40330125397759636,0.00011374443074782815,0.007814898154582419
398,2574,15,115,15,115,DepthMid,DepthMid,DepthMid--DepthMid,4,0.09948203801637548,0.00011370095724477062,0.007811911274287851
399,6052,39,125,39,125,DepthLow,DepthMid,DepthLow--DepthMid,8,0.17377876118681598,0.00011369490906727453,0.007811495729624767
400,14562,147,157,147,157,DepthMid,DepthLow,DepthLow--DepthMid,3,0.07783760337512478,0.00011367389618641309,0.007810052023565606
401,173,1,3,1,3,DepthLow,DepthLow,DepthLow--DepthLow,4,0.09392126940139621,0.0001136721288639041,0.007809930598320226
402,12163,98,159,98,159,DepthHigh,DepthHigh,DepthHigh--DepthHigh,5,0.11163895125587887,0.00011365062534804456,0.007808453182808074
403,10363,77,123,77,123,DepthLow,DepthMid,DepthLow--DepthMid,8,0.1751989269070705,0.00011354572564035395,0.007801245968119339
404,3746,23,67,23,67,DepthHigh,DepthLow,DepthHigh--DepthLow,3,0.0859906324953364,0.00011349770095835074,0.007797946395592633
405,6410,42,90,42,90,DepthMid,DepthLow,DepthLow--DepthMid,5,0.11406199875971498,0.00011334418275320037,0.0077873988098318475
406,6106,40,47,40,47,DepthMid,DepthHigh,DepthHigh--DepthMid,5,0.11932508181368469,0.00011331418539554025,0.007785337818419089
407,14134,133,170,133,170,DepthHigh,DepthHigh,DepthHigh--DepthHigh,10,0.5448640672909301,0.0001132700659459292,0.007782306557872267
408,6935,46,105,46,105,DepthMid,DepthLow,DepthLow--DepthMid,9,0.19887961022534684,0.00011301468190167954,0.007764760201685905
409,7369,49,167,49,167,DepthHigh,DepthLow,DepthHigh--DepthLow,3,0.07596050897083693,0.00011298819263866909,0.007762940236600532
410,2082,12,97,12,97,DepthMid,DepthHigh,DepthHigh--DepthMid,9,0.20235379342061216,0.0001129703825792514,0.0077617165828395415
411,6409,42,89,42,89,DepthMid,DepthLow,DepthLow--DepthMid,6,0.1265777389583033,0.00011287360964225378,0.007755067724150074
412,5760,37,100,37,100,DepthMid,DepthHigh,DepthHigh--DepthMid,10,0.24348254539726766,0.00011285911646047782,0.007754071959005615
413,8997,64,70,64,70,DepthHigh,DepthLow,DepthHigh--DepthLow,10,0.3049273200278313,0.00011282440242565167,0.007751686904678846
414,10833,82,133,82,133,DepthLow,DepthHigh,DepthHigh--DepthLow,10,0.2932682978586276,0.00011275205018390538,0.007746715888543942
415,9009,64,82,64,82,DepthHigh,DepthLow,DepthHigh--DepthLow,10,0.2696397703873974,0.00011273444327940756,0.00774550619269718
416,5177,33,63,33,63,DepthHigh,DepthHigh,DepthHigh--DepthHigh,4,0.09863248165907272,0.00011268015937810449,0.007741776575718768
417,4559,28,150,28,150,DepthMid,DepthMid,DepthMid--DepthMid,9,0.19839292410334464,0.00011266158217226768,0.007740500214576013
418,6427,42,107,42,107,DepthMid,DepthLow,DepthLow--DepthMid,7,0.1542910386264859,0.00011263817829706694,0.007738892233421122
419,12035,97,105,97,105,DepthHigh,DepthLow,DepthHigh--DepthLow,5,0.11289548241233074,0.00011263304593143683,0.007738539610313092
420,9131,65,97,65,97,DepthHigh,DepthHigh,DepthHigh--DepthHigh,9,0.19890978070655715,0.00011260260196327169,0.007736447934183828
421,9418,68,69,68,69,DepthLow,DepthLow,DepthLow--DepthLow,10,0.8463892457986939,0.00011252235210175118,0.007730934306038881
422,13231,115,122,115,122,DepthMid,DepthLow,DepthLow--DepthMid,5,0.10465233316295017,0.00011250061659517529,0.007729440951427038
423,12787,107,162,107,162,DepthLow,DepthMid,DepthLow--DepthMid,6,0.12032230498997501,0.000112495454749369,0.007729086302860945
424,5138,32,163,32,163,DepthHigh,DepthLow,DepthHigh--DepthLow,6,0.1301639414728648,0.00011249363542269559,0.007728961304629654
425,1013,5,169,5,169,DepthLow,DepthLow,DepthLow--DepthLow,10,0.22265829676070187,0.00011235590437181351,0.007719498387383593
426,3840,23,161,23,161,DepthHigh,DepthHigh,DepthHigh--DepthHigh,6,0.12561355170483948,0.0001123419084650426,0.007718536787898883
427,2665,16,50,16,50,DepthMid,DepthHigh,DepthHigh--DepthMid,7,0.14905987535331702,0.00011232490025804598,0.00771736822602208
428,10841,82,141,82,141,DepthLow,DepthLow,DepthLow--DepthLow,10,0.28900761147595816,0.00011227990482920379,0.007714276780651861
429,5457,35,68,35,68,DepthMid,DepthLow,DepthLow--DepthMid,10,0.2313783205313662,0.00011226326820628884,0.007713133748743734
430,5857,38,63,38,63,DepthMid,DepthHigh,DepthHigh--DepthMid,10,0.3476939353766153,0.00011218273408470579,0.0077076005902936675
431,9527,69,75,69,75,DepthLow,DepthMid,DepthLow--DepthMid,9,0.20010561833970214,0.00011208733130051217,0.007701045869001074
432,10840,82,140,82,140,DepthLow,DepthLow,DepthLow--DepthLow,10,0.2698891107123385,0.00011207791176840351,0.0077003986928394896
433,7370,49,168,49,168,DepthHigh,DepthLow,DepthHigh--DepthLow,3,0.0808869929826212,0.00011204961657026195,0.007698454649598988
434,5469,35,80,35,80,DepthMid,DepthLow,DepthLow--DepthMid,10,0.22417909836734304,0.00011198094202993414,0.007693736312754308
435,10612,80,93,80,93,DepthLow,DepthHigh,DepthHigh--DepthLow,8,0.16291761847959998,0.00011197866758675792,0.0076935800453954255
436,3198,19,121,19,121,DepthHigh,DepthMid,DepthHigh--DepthMid,6,0.13140171216795984,0.0001119499150569338,0.007691604580831713
437,8966,63,147,63,147,DepthHigh,DepthMid,DepthHigh--DepthMid,6,0.12334554720246786,0.00011194411603862186,0.007691206154841038
438,11641,92,96,92,96,DepthHigh,DepthHigh,DepthHigh--DepthHigh,10,0.7386772435887148,0.00011191424658564719,0.00768915395121757
439,2565,15,106,15,106,DepthMid,DepthLow,DepthLow--DepthMid,8,0.17408668679844638,0.00011189763490927391,0.007688012633280677
440,5723,37,63,37,63,DepthMid,DepthHigh,DepthHigh--DepthMid,10,0.3036593668664872,0.00011185864315659735,0.00768533367507558
441,4869,31,34,31,34,DepthMid,DepthMid,DepthMid--DepthMid,10,0.8416758571122327,0.00011179795491696686,0.007681164043131625
442,7114,47,159,47,159,DepthHigh,DepthHigh,DepthHigh--DepthHigh,2,0.047926772823108164,0.00011168967755602193,0.007673724764191388
443,8917,63,98,63,98,DepthHigh,DepthHigh,DepthHigh--DepthHigh,10,0.23570489894844632,0.00011157139778594221,0.0076655982620774535
444,11555,90,171,90,171,DepthLow,DepthLow,DepthLow--DepthLow,2,0.06049323264254586,0.00011151086226926498,0.007661439123080869
445,2438,14,136,14,136,DepthMid,DepthMid,DepthMid--DepthMid,9,0.18810315766296368,0.00011147592464215523,0.007659038706675157
446,11107,85,143,85,143,DepthLow,DepthLow,DepthLow--DepthLow,9,0.2130160134399678,0.00011137246256805659,0.007651930265702471
447,13198,114,146,114,146,DepthMid,DepthMid,DepthMid--DepthMid,10,0.2383027611379857,0.00011136036720531576,0.007651099244549691
448,5470,35,81,35,81,DepthMid,DepthHigh,DepthHigh--DepthMid,10,0.2341479166166955,0.00011132378215423108,0.007648585640619132
449,5754,37,94,37,94,DepthMid,DepthHigh,DepthHigh--DepthMid,9,0.18975115240269522,0.00011130161730159065,0.0076470627874573776
450,8662,61,62,61,62,DepthLow,DepthLow,DepthLow--DepthLow,10,0.4995688017690647,0.00011123216605410549,0.007642291086353096
451,1234,7,59,7,59,DepthMid,DepthMid,DepthMid--DepthMid,9,0.19788202593726814,0.00011118960369743129,0.007639366807068027
452,10615,80,96,80,96,DepthLow,DepthHigh,DepthHigh--DepthLow,8,0.17578967729828132,0.00011118956177191697,0.007639363926543484
453,9027,64,100,64,100,DepthHigh,DepthHigh,DepthHigh--DepthHigh,10,0.2743626641370396,0.00011113494443826591,0.0076356114008404525
454,14547,146,167,146,167,DepthMid,DepthLow,DepthLow--DepthMid,7,0.13691757539219573,0.00011102412436100893,0.007627997422630246
455,14511,145,157,145,157,DepthMid,DepthLow,DepthLow--DepthMid,3,0.07598235425910092,0.00011102084815598883,0.007627772328457307
456,6367,42,47,42,47,DepthMid,DepthHigh,DepthHigh--DepthMid,3,0.08109439517415627,0.00011101267688596805,0.007627210915097672
457,5346,34,94,34,94,DepthMid,DepthHigh,DepthHigh--DepthMid,8,0.15921736383429191,0.00011099860792155451,0.00762624429613172
458,7922,54,120,54,120,DepthMid,DepthMid,DepthMid--DepthMid,10,0.3193236477788874,0.00011098176292926866,0.007625086948046515
459,7527,51,82,51,82,DepthHigh,DepthLow,DepthHigh--DepthLow,7,0.13915017821740563,0.0001109505156811563,0.007622940081953788
460,9101,65,67,65,67,DepthHigh,DepthLow,DepthHigh--DepthLow,10,0.23616370347313015,0.00011094327384873732,0.007622442526315812
461,6061,39,134,39,134,DepthLow,DepthHigh,DepthHigh--DepthLow,7,0.14697496058555481,0.00011094013683800022,0.007622226995592602
462,4935,31,100,31,100,DepthMid,DepthHigh,DepthHigh--DepthMid,10,0.22672618519448454,0.00011091762165875806,0.007620680072973597
463,6555,43,106,43,106,DepthMid,DepthLow,DepthLow--DepthMid,9,0.21587942914911146,0.00011084221505581625,0.007615499204615481
464,14549,146,169,146,169,DepthMid,DepthLow,DepthLow--DepthMid,7,0.13679822361514882,0.00011079531221613695,0.007612276709124102
465,6492,42,172,42,172,DepthMid,DepthLow,DepthLow--DepthMid,6,0.13565847034278164,0.00011076022109185847,0.007609865746577953
466,11763,93,139,93,139,DepthHigh,DepthHigh,DepthHigh--DepthHigh,9,0.21561470509768926,0.00011075817257792409,0.007609725001860517
467,4727,30,33,30,33,DepthMid,DepthHigh,DepthHigh--DepthMid,1,0.029631746959213775,0.00011075330045123495,0.007609390258668068
468,5352,34,100,34,100,DepthMid,DepthHigh,DepthHigh--DepthMid,10,0.22219230072073215,0.00011073034710195909,0.007607813231241599
469,5140,32,165,32,165,DepthHigh,DepthLow,DepthHigh--DepthLow,5,0.11033910315211944,0.00011071637763944423,0.007606853448629737
470,10708,81,98,81,98,DepthHigh,DepthHigh,DepthHigh--DepthHigh,10,0.23160381158301097,0.00011060043801251884,0.007598887727841957
471,9548,69,96,69,96,DepthLow,DepthHigh,DepthHigh--DepthLow,10,0.2450249019046798,0.00011058598695869173,0.007597894857130462
472,6240,41,50,41,50,DepthMid,DepthHigh,DepthHigh--DepthMid,8,0.177969811686552,0.0001105702938139276,0.007596816647610659
473,7005,47,50,47,50,DepthHigh,DepthHigh,DepthHigh--DepthHigh,10,0.47770298681671214,0.00011051586967108811,0.007593077395230172
474,4898,31,63,31,63,DepthMid,DepthHigh,DepthHigh--DepthMid,10,0.2807679296725534,0.00011050554845972544,0.007592368268505453
475,7891,54,89,54,89,DepthMid,DepthLow,DepthLow--DepthMid,4,0.09937143956228423,0.00011044233144435593,0.007588024895089266
476,13907,128,148,128,148,DepthHigh,DepthHigh,DepthHigh--DepthHigh,10,0.6546338080237591,0.0001103662901911148,0.007582800422596686
477,9430,68,81,68,81,DepthLow,DepthHigh,DepthHigh--DepthLow,10,0.2799831334595454,0.00011029283713499043,0.007577753774167565
478,1475,8,136,8,136,DepthMid,DepthMid,DepthMid--DepthMid,4,0.09027332989151356,0.00011028351934405322,0.00757711358821102
479,4491,28,82,28,82,DepthMid,DepthLow,DepthLow--DepthMid,10,0.257285884806277,0.00011027631912583492,0.007576618891708546
480,11228,87,93,87,93,DepthHigh,DepthHigh,DepthHigh--DepthHigh,9,0.19684220968027008,0.00011013075832612072,0.007566618025577457
481,14554,147,149,147,149,DepthMid,DepthMid,DepthMid--DepthMid,10,0.378155096847858,0.00011007186516255504,0.00756257172570817
482,7414,50,90,50,90,DepthHigh,DepthLow,DepthHigh--DepthLow,7,0.14930341832689248,0.00011003583675801005,0.00756009636660408
483,9152,65,118,65,118,DepthHigh,DepthMid,DepthHigh--DepthMid,9,0.1942527971563813,0.00010999869050724546,0.007557544205020069
484,10721,81,111,81,111,DepthHigh,DepthHigh,DepthHigh--DepthHigh,2,0.05446475559979331,0.00010999295773125837,0.007557150330259014
485,6521,43,72,43,72,DepthMid,DepthMid,DepthMid--DepthMid,10,0.35131007304697714,0.00010997982642043444,0.007556248133500452
486,14465,143,166,143,166,DepthLow,DepthHigh,DepthHigh--DepthLow,8,0.16006850186385352,0.00010996480943217975,0.0075552163798310425
487,14450,143,151,143,151,DepthLow,DepthMid,DepthLow--DepthMid,9,0.19684032152509362,0.00010995599583547948,0.007554610834925368
488,11594,91,129,91,129,DepthLow,DepthMid,DepthLow--DepthMid,9,0.18417019438799237,0.00010993027160393391,0.007552843431912211
489,11232,87,97,87,97,DepthHigh,DepthHigh,DepthHigh--DepthHigh,10,0.24481539946071484,0.00010989819896210262,0.0075506398565124136
490,3122,19,45,19,45,DepthHigh,DepthHigh,DepthHigh--DepthHigh,10,0.4790413866779701,0.00010988394794637009,0.00754966072957128
491,9377,67,132,67,132,DepthLow,DepthMid,DepthLow--DepthMid,10,0.22198286208471393,0.0001098671863822478,0.007548509113481894
492,6120,40,61,40,61,DepthMid,DepthLow,DepthLow--DepthMid,9,0.2079935167810042,0.00010976233077995326,0.007541304929088146
493,11715,92,170,92,170,DepthHigh,DepthHigh,DepthHigh--DepthHigh,9,0.20046058123874472,0.00010975963514233904,0.007541119723243093
494,6818,45,114,45,114,DepthHigh,DepthMid,DepthHigh--DepthMid,7,0.13749203469665325,0.00010972593711377553,0.007538804474404072
495,12238,99,161,99,161,DepthHigh,DepthHigh,DepthHigh--DepthHigh,4,0.09215027534030035,0.0001097198075832023,0.007538383340315569
496,8995,64,68,64,68,DepthHigh,DepthLow,DepthHigh--DepthLow,10,0.26230558650155855,0.00010970508977269597,0.0075373721418823
497,823,4,146,4,146,DepthLow,DepthMid,DepthLow--DepthMid,6,0.12598033829086977,0.00010968752917187426,0.007536165627365038
498,2315,13,171,13,171,DepthMid,DepthLow,DepthLow--DepthMid,4,0.095608364108704,0.00010967309693741847,0.007535174049652849
499,14013,130,169,130,169,DepthHigh,DepthLow,DepthHigh--DepthLow,4,0.09562485764159828,0.00010966232664904398,0.0075344340687483885
500,14737,155,168,155,168,DepthLow,DepthLow,DepthLow--DepthLow,10,0.5225395584308469,0.00010964220495108153,0.007533051592092258
501,9132,65,98,65,98,DepthHigh,DepthHigh,DepthHigh--DepthHigh,9,0.2125611531273001,0.0001096184582594309,0.0075314200574708445
502,10571,79,144,79,144,DepthHigh,DepthHigh,DepthHigh--DepthHigh,5,0.11645118604651788,0.00010957613550061107,0.007528512239939706
503,13889,128,130,128,130,DepthHigh,DepthHigh,DepthHigh--DepthHigh,10,0.8529858182648125,0.00010957160201002783,0.007528200763000046
504,5354,34,102,34,102,DepthMid,DepthHigh,DepthHigh--DepthMid,9,0.21625524577111446,0.00010957134753275249,0.007528183278944112
505,10799,82,99,82,99,DepthLow,DepthHigh,DepthHigh--DepthLow,10,0.2417641676513902,0.00010945727472808898,0.007520345819608372
506,14011,130,167,130,167,DepthHigh,DepthLow,DepthHigh--DepthLow,4,0.10296073538213592,0.00010944118133981258,0.007519240111051783
507,2656,16,41,16,41,DepthMid,DepthMid,DepthMid--DepthMid,8,0.16885134264698304,0.00010940723104721037,0.007516907530218944
508,5467,35,78,35,78,DepthMid,DepthLow,DepthLow--DepthMid,9,0.18272733476466452,0.00010939259286210946,0.007515901802510085
509,9447,68,98,68,98,DepthLow,DepthHigh,DepthHigh--DepthLow,7,0.14387119500561144,0.00010939181274631367,0.007515848204057371
510,9635,70,81,70,81,DepthLow,DepthHigh,DepthHigh--DepthLow,10,0.26857123292538737,0.00010935407222390472,0.007513255212585283
511,10659,80,140,80,140,DepthLow,DepthLow,DepthLow--DepthLow,10,0.2793017742380365,0.00010933252015181543,0.0075117744609802094
512,5592,36,67,36,67,DepthLow,DepthLow,DepthLow--DepthLow,10,0.24428011635112984,0.00010927670291739768,0.007507939495176809
513,8798,62,88,62,88,DepthLow,DepthLow,DepthLow--DepthLow,9,0.20428408775352183,0.00010924122576666896,0.0075055020103879985
514,5758,37,98,37,98,DepthMid,DepthHigh,DepthHigh--DepthMid,9,0.2014613628118883,0.00010921317033516307,0.007503574440497676
515,10337,77,97,77,97,DepthLow,DepthHigh,DepthHigh--DepthLow,9,0.19162730431622593,0.00010919549829487062,0.0075023602694463
516,7864,54,62,54,62,DepthMid,DepthLow,DepthLow--DepthMid,4,0.08747514169938131,0.00010916991425395368,0.007500602498337562
517,10354,77,114,77,114,DepthLow,DepthMid,DepthLow--DepthMid,3,0.07681304791691124,0.00010916938190134048,0.007500565922643901
518,9116,65,82,65,82,DepthHigh,DepthLow,DepthHigh--DepthLow,10,0.2703693115232048,0.00010913337119377079,0.007498091779424042
519,8937,63,118,63,118,DepthHigh,DepthMid,DepthHigh--DepthMid,9,0.18578195890136912,0.00010912812501158307,0.0074977313364623255
520,14736,155,167,155,167,DepthLow,DepthLow,DepthLow--DepthLow,10,0.5515661503794376,0.00010906533290358655,0.00749341715663235
521,10147,75,98,75,98,DepthMid,DepthHigh,DepthHigh--DepthMid,9,0.213772027909213,0.00010904635466493366,0.007492113242223086
522,1812,10,148,10,148,DepthMid,DepthHigh,DepthHigh--DepthMid,8,0.17263297299435856,0.00010902564802521318,0.007490690576695857
523,13287,116,122,116,122,DepthMid,DepthLow,DepthLow--DepthMid,7,0.14198265818094424,0.00010899539421367917,0.007488611965423447
524,5038,32,63,32,63,DepthHigh,DepthHigh,DepthHigh--DepthHigh,8,0.1736064612265664,0.00010899124478130102,0.007488326875496659
525,7559,51,114,51,114,DepthHigh,DepthMid,DepthHigh--DepthMid,10,0.24528552935737966,0.0001089807632946064,0.007487606736932611
526,10470,78,136,78,136,DepthLow,DepthMid,DepthLow--DepthMid,6,0.1344032347434937,0.00010896525708799602,0.007486541371141712
527,10457,78,123,78,123,DepthLow,DepthMid,DepthLow--DepthMid,9,0.19342450355097837,0.00010894561220609242,0.007485191654497776
528,3132,19,55,19,55,DepthHigh,DepthHigh,DepthHigh--DepthHigh,8,0.1645897039570819,0.00010893868386934184,0.0074847156378195934
529,9078,64,151,64,151,DepthHigh,DepthMid,DepthHigh--DepthMid,9,0.20746306129836808,0.00010890761890582578,0.007482581295729543
530,12136,98,132,98,132,DepthHigh,DepthMid,DepthHigh--DepthMid,8,0.17597089699355223,0.00010878569919379146,0.007474204708618245
531,10430,78,96,78,96,DepthLow,DepthHigh,DepthHigh--DepthLow,9,0.19494708196949082,0.00010870834659791494,0.007468890139326428
532,6877,46,47,46,47,DepthMid,DepthHigh,DepthHigh--DepthMid,7,0.14620471888396494,0.0001086987875597385,0.007468233378293703
533,2084,12,99,12,99,DepthMid,DepthHigh,DepthHigh--DepthMid,9,0.19027685587825127,0.00010855518583630952,0.0074583671119979236
534,10429,78,95,78,95,DepthLow,DepthHigh,DepthHigh--DepthLow,8,0.17759744104076522,0.00010855270038265083,0.0074581963470023716
535,2676,16,61,16,61,DepthMid,DepthLow,DepthLow--DepthMid,8,0.15945679041070496,0.00010851421500382159,0.007455552179599945
536,8919,63,100,63,100,DepthHigh,DepthHigh,DepthHigh--DepthHigh,10,0.30044463367830415,0.00010844534558966306,0.007450820453799603
537,11804,94,102,94,102,DepthHigh,DepthHigh,DepthHigh--DepthHigh,10,0.6538018792673088,0.00010840287526882797,0.007447902497907288
538,6272,41,82,41,82,DepthMid,DepthLow,DepthLow--DepthMid,7,0.15152242748044198,0.00010838689187744774,0.007446804346771623
539,10932,83,143,83,143,DepthLow,DepthLow,DepthLow--DepthLow,9,0.20006348648215744,0.00010836679372808159,0.007445423488039821
540,8793,62,83,62,83,DepthLow,DepthLow,DepthLow--DepthLow,7,0.15366209825311014,0.00010835605499249973,0.007444685674994123
541,7017,47,62,47,62,DepthHigh,DepthLow,DepthHigh--DepthLow,9,0.19091784657338506,0.00010832231965026937,0.007442367862491067
542,7252,49,50,49,50,DepthHigh,DepthHigh,DepthHigh--DepthHigh,10,0.6845221221854147,0.00010830895769845883,0.0074414498193670275
543,2588,15,129,15,129,DepthMid,DepthMid,DepthMid--DepthMid,8,0.1611731141867494,0.00010829004756138098,0.007440150583928589
544,10318,77,78,77,78,DepthLow,DepthLow,DepthLow--DepthLow,10,0.7029088965848527,0.00010827492463160304,0.007439111551465756
545,9325,67,80,67,80,DepthLow,DepthLow,DepthLow--DepthLow,10,0.2454360347243595,0.00010826887060198692,0.007438695604728287
546,10655,80,136,80,136,DepthLow,DepthMid,DepthLow--DepthMid,10,0.26679170534478247,0.00010821846675309838,0.007435232569720128
547,990,5,146,5,146,DepthLow,DepthMid,DepthLow--DepthMid,6,0.13145767149912338,0.00010820964786657637,0.0074346266613732025
548,10616,80,97,80,97,DepthLow,DepthHigh,DepthHigh--DepthLow,9,0.19981484819581408,0.00010815820157611972,0.007431092004619404
549,7674,52,109,52,109,DepthHigh,DepthLow,DepthHigh--DepthLow,2,0.05299686993888903,0.00010811693850992995,0.007428256994081317
550,8660,60,171,60,171,DepthMid,DepthLow,DepthLow--DepthMid,3,0.06870978972709525,0.00010808631289148969,0.007426152837530897
551,9811,71,156,71,156,DepthLow,DepthLow,DepthLow--DepthLow,10,0.22844322931724467,0.00010807961853886907,0.007425692896911413
552,9103,65,69,65,69,DepthHigh,DepthLow,DepthHigh--DepthLow,10,0.34732461629955075,0.00010806499002121914,0.007424687833412171
553,12994,111,119,111,119,DepthHigh,DepthMid,DepthHigh--DepthMid,10,0.2448233272241132,0.00010805262113066245,0.007423838019321493
554,13702,124,125,124,125,DepthLow,DepthMid,DepthLow--DepthMid,10,0.6463252679373636,0.0001079969662305207,0.007420014206818747
555,9532,69,80,69,80,DepthLow,DepthLow,DepthLow--DepthLow,10,0.3461968996364873,0.00010795024934172607,0.007416804487225192
556,6109,40,50,40,50,DepthMid,DepthHigh,DepthHigh--DepthMid,9,0.184454337601274,0.000107927230047876,0.007415222929026291
557,13826,126,156,126,156,DepthMid,DepthLow,DepthLow--DepthMid,7,0.1372292753698677,0.00010786715760487342,0.007411095605860879
558,4937,31,102,31,102,DepthMid,DepthHigh,DepthHigh--DepthMid,10,0.23578391569520943,0.00010782057814987972,0.007407895328761785
559,13224,114,172,114,172,DepthMid,DepthLow,DepthLow--DepthMid,8,0.15752656539025905,0.00010780803522793531,0.00740703355771144
560,8996,64,69,64,69,DepthHigh,DepthLow,DepthHigh--DepthLow,10,0.3150607755883014,0.00010778011133148525,0.007405115025037782
561,7042,47,87,47,87,DepthHigh,DepthHigh,DepthHigh--DepthHigh,7,0.1416310789884904,0.00010775206744523166,0.007403188248372853
562,5452,35,63,35,63,DepthMid,DepthHigh,DepthHigh--DepthMid,10,0.2941064464171455,0.00010772962539212449,0.007401646349940911
563,1622,9,120,9,120,DepthMid,DepthMid,DepthMid--DepthMid,8,0.16437995917515222,0.00010770426068194966,0.007399903648118645
564,9444,68,95,68,95,DepthLow,DepthHigh,DepthHigh--DepthLow,8,0.1787888260042096,0.00010767677983750405,0.0073980155556719876
565,1486,8,147,8,147,DepthMid,DepthMid,DepthMid--DepthMid,3,0.08019734900896834,0.0001076062917747505,0.007393172619381295
566,9441,68,92,68,92,DepthLow,DepthHigh,DepthHigh--DepthLow,9,0.2059050083064386,0.0001075973731927229,0.00739255986137837
567,6920,46,90,46,90,DepthMid,DepthLow,DepthLow--DepthMid,5,0.10595686944936944,0.00010758405434571598,0.0073916447798028475
568,4758,30,64,30,64,DepthMid,DepthHigh,DepthHigh--DepthMid,10,0.3296221449979652,0.00010754993983183632,0.007389300916021475
569,14109,133,145,133,145,DepthHigh,DepthMid,DepthHigh--DepthMid,10,0.3065486504291293,0.00010748510511169056,0.007384846396960729
570,5335,34,83,34,83,DepthMid,DepthLow,DepthLow--DepthMid,10,0.2316036906137475,0.00010746496417927242,0.0073834625987866005
571,10796,82,96,82,96,DepthLow,DepthHigh,DepthHigh--DepthLow,10,0.222265012346627,0.00010739365910299268,0.007378563528956392
572,4759,30,65,30,65,DepthMid,DepthHigh,DepthHigh--DepthMid,10,0.313708881331622,0.00010728242197782456,0.007370920897150316
573,13332,116,167,116,167,DepthMid,DepthLow,DepthLow--DepthMid,5,0.10874412397543154,0.00010728074928137641,0.0073708059732608576
574,3635,22,105,22,105,DepthMid,DepthLow,DepthLow--DepthMid,8,0.1624199307440862,0.00010718735400979772,0.007364389179658671
575,6494,43,45,43,45,DepthMid,DepthHigh,DepthHigh--DepthMid,9,0.1974314508543026,0.00010716993704539637,0.007363192533791584
576,4955,31,120,31,120,DepthMid,DepthMid,DepthMid--DepthMid,8,0.17769128768892364,0.00010711445282512193,0.00735938044797973
577,9024,64,97,64,97,DepthHigh,DepthHigh,DepthHigh--DepthHigh,9,0.19070385952501726,0.00010709029291450457,0.007357720522833003
578,12773,107,148,107,148,DepthLow,DepthHigh,DepthHigh--DepthLow,5,0.11987360108998611,0.00010707060939923068,0.007356368151853797
579,10335,77,95,77,95,DepthLow,DepthHigh,DepthHigh--DepthLow,7,0.1534093544390796,0.0001070606408388277,0.007355683254283122
580,2217,13,73,13,73,DepthMid,DepthMid,DepthMid--DepthMid,7,0.1536033876772782,0.00010700996242231393,0.007352201354896165
581,13926,128,167,128,167,DepthHigh,DepthLow,DepthHigh--DepthLow,5,0.11753422249705273,0.00010697013679893186,0.007349465104966147
582,8186,56,151,56,151,DepthLow,DepthMid,DepthLow--DepthMid,10,0.2671551222501415,0.00010696332594582316,0.00734899716009148
583,69,0,70,0,70,DepthMid,DepthLow,DepthLow--DepthMid,10,0.2840282943661411,0.00010690197083513288,0.007344781710261056
584,6878,46,48,46,48,DepthMid,DepthHigh,DepthHigh--DepthMid,8,0.15899864505710795,0.00010686830553168668,0.007342468709826262
585,6279,41,89,41,89,DepthMid,DepthLow,DepthLow--DepthMid,5,0.11171233857258854,0.00010685711480945262,0.007341699842691753
586,9323,67,78,67,78,DepthLow,DepthLow,DepthLow--DepthLow,10,0.26684712945806727,0.00010682893610734853,0.007339763803400652
587,1049,6,39,6,39,DepthLow,DepthLow,DepthLow--DepthLow,10,0.26120991023170054,0.00010682633725071219,0.007339585246966742
588,5483,35,94,35,94,DepthMid,DepthHigh,DepthHigh--DepthMid,8,0.17709289330265138,0.00010682184328060055,0.0073392764853113255
589,6278,41,88,41,88,DepthMid,DepthLow,DepthLow--DepthMid,6,0.1342617768813027,0.00010681126822398921,0.007338549917954548
590,10322,77,82,77,82,DepthLow,DepthLow,DepthLow--DepthLow,10,0.726361138858979,0.00010680928302939169,0.007338413523640605
591,2178,13,34,13,34,DepthMid,DepthMid,DepthMid--DepthMid,4,0.09516144652520826,0.00010678167916329877,0.007336516978897529
592,5071,32,96,32,96,DepthHigh,DepthHigh,DepthHigh--DepthHigh,8,0.15837218298402075,0.00010677028304302682,0.007335733999733652
593,799,4,122,4,122,DepthLow,DepthLow,DepthLow--DepthLow,7,0.14686089386777412,0.00010667220138360114,0.007328995224268299
594,10728,81,118,81,118,DepthHigh,DepthMid,DepthHigh--DepthMid,8,0.1567614639112288,0.00010666504079168669,0.007328503250321354
595,11884,95,105,95,105,DepthHigh,DepthLow,DepthHigh--DepthLow,5,0.11347722191161791,0.00010666219388811612,0.007328307651633017
596,9130,65,96,65,96,DepthHigh,DepthHigh,DepthHigh--DepthHigh,9,0.1992469137307069,0.00010663580145920578,0.0073264943396085915
597,4113,25,139,25,139,DepthHigh,DepthHigh,DepthHigh--DepthHigh,9,0.21375270442610766,0.00010661913736664852,0.00732534942037767
598,10143,75,94,75,94,DepthMid,DepthHigh,DepthHigh--DepthMid,8,0.17090388914708354,0.00010660711066569275,0.007324523116685374
599,1757,10,93,10,93,DepthMid,DepthHigh,DepthHigh--DepthMid,7,0.1401867070758705,0.00010660650578103874,0.007324481557622348
600,3121,19,44,19,44,DepthHigh,DepthHigh,DepthHigh--DepthHigh,10,0.40530949548797446,0.00010660294575983756,0.007324236963641505
601,6108,40,49,40,49,DepthMid,DepthHigh,DepthHigh--DepthMid,9,0.18409689467389118,0.00010660262996545074,0.0073242152667465045
602,2069,12,84,12,84,DepthMid,DepthLow,DepthLow--DepthMid,5,0.10648872656281275,0.00010659673995943321,0.007323810589375892
603,9433,68,84,68,84,DepthLow,DepthLow,DepthLow--DepthLow,10,0.2959705416718411,0.00010657612614678363,0.007322394301603603
604,6755,45,51,45,51,DepthHigh,DepthHigh,DepthHigh--DepthHigh,10,0.24793972419684768,0.0001065574248472125,0.007321109414505871
605,11949,95,170,95,170,DepthHigh,DepthHigh,DepthHigh--DepthHigh,8,0.16277863999763664,0.00010653413282869416,0.00731950911854994
606,5046,32,71,32,71,DepthHigh,DepthLow,DepthHigh--DepthLow,7,0.1477279007773732,0.0001065231221056951,0.0073187526184006115
607,6137,40,78,40,78,DepthMid,DepthLow,DepthLow--DepthMid,4,0.10006979523631372,0.00010648662657984299,0.007316245165369663
608,678,3,169,3,169,DepthLow,DepthLow,DepthLow--DepthLow,9,0.19607184659842664,0.00010644278820300956,0.007313233216143111
609,6076,39,149,39,149,DepthLow,DepthMid,DepthLow--DepthMid,7,0.14532336006157887,0.00010641535423707112,0.007311348344520161
610,2381,14,79,14,79,DepthMid,DepthHigh,DepthHigh--DepthMid,4,0.0942336871845228,0.00010641284383589216,0.00731117586548614
611,10633,80,114,80,114,DepthLow,DepthMid,DepthLow--DepthMid,8,0.17042774855095816,0.00010637804634500604,0.007308785077246908
612,7246,48,167,48,167,DepthHigh,DepthLow,DepthHigh--DepthLow,2,0.053335807342658484,0.00010633618788156597,0.007305909159485126
613,6369,42,49,42,49,DepthMid,DepthHigh,DepthHigh--DepthMid,8,0.15892969020720082,0.00010630826540945547,0.007303990724671807
614,14723,154,171,154,171,DepthHigh,DepthLow,DepthHigh--DepthLow,7,0.15252377529764977,0.00010630220568072362,0.007303574386372231
615,14151,134,149,134,149,DepthHigh,DepthMid,DepthHigh--DepthMid,9,0.19528406265435,0.00010626795858391315,0.007301221413379142
616,7129,48,50,48,50,DepthHigh,DepthHigh,DepthHigh--DepthHigh,10,0.5784932684175564,0.00010617783035424555,0.007295029084391478
617,13553,121,123,121,123,DepthMid,DepthMid,DepthMid--DepthMid,10,0.4415141413022931,0.00010614839254384335,0.007293006537101254
618,5894,38,100,38,100,DepthMid,DepthHigh,DepthHigh--DepthMid,10,0.2321997109562311,0.00010613229101528176,0.0072919002692601416
619,5474,35,85,35,85,DepthMid,DepthLow,DepthLow--DepthMid,9,0.20155971518383106,0.0001061261341057125,0.007291477254076767
620,12878,109,126,109,126,DepthLow,DepthMid,DepthLow--DepthMid,3,0.07741940346848904,0.00010611789884984308,0.007290911444520437
621,10795,82,95,82,95,DepthLow,DepthHigh,DepthHigh--DepthLow,9,0.21354292713804124,0.00010603793177904619,0.0072854172457285545
622,8602,60,113,60,113,DepthMid,DepthMid,DepthMid--DepthMid,7,0.1473060192484909,0.00010601028981753629,0.0072835180836107035
623,6481,42,161,42,161,DepthMid,DepthHigh,DepthHigh--DepthMid,9,0.18790501472212012,0.00010594723893751099,0.007279186124650472
624,6498,43,49,43,49,DepthMid,DepthHigh,DepthHigh--DepthMid,8,0.16934520683252616,0.00010593761260706147,0.007278524740250632
625,13595,121,165,121,165,DepthMid,DepthLow,DepthLow--DepthMid,5,0.11199869447247966,0.0001059267702085255,0.007277779804962347
626,841,4,164,4,164,DepthLow,DepthLow,DepthLow--DepthLow,9,0.20364738662616746,0.00010591974790918291,0.007277297332512376
627,4335,27,70,27,70,DepthHigh,DepthLow,DepthHigh--DepthLow,7,0.14944827456878332,0.0001059159166407494,0.0072770341022828705
628,5332,34,80,34,80,DepthMid,DepthLow,DepthLow--DepthMid,9,0.2059696087634025,0.0001058870864838663,0.007275053304292668
629,8969,63,150,63,150,DepthHigh,DepthMid,DepthHigh--DepthMid,7,0.15352544137816912,0.00010586921997224184,0.007273825771939612
630,9924,72,169,72,169,DepthMid,DepthLow,DepthLow--DepthMid,4,0.09306496576467878,0.00010582320730617934,0.0072706644365077575
631,10614,80,95,80,95,DepthLow,DepthHigh,DepthHigh--DepthLow,7,0.154398747857905,0.00010578216660713333,0.007267844703874444
632,2506,15,47,15,47,DepthMid,DepthHigh,DepthHigh--DepthMid,4,0.10182878550797297,0.0001057584491252,0.00726621517612901
633,14401,141,161,141,161,DepthLow,DepthHigh,DepthHigh--DepthLow,10,0.22916831908000085,0.00010574964661308063,0.007265610392797949
634,6053,39,126,39,126,DepthLow,DepthMid,DepthLow--DepthMid,8,0.1724985068227346,0.00010574918366371892,0.007265578585507792
635,7121,47,166,47,166,DepthHigh,DepthHigh,DepthHigh--DepthHigh,6,0.12396321539116713,0.00010569932742462735,0.007262153174449778
636,14576,147,171,147,171,DepthMid,DepthLow,DepthLow--DepthMid,8,0.16013142219198345,0.00010568183551257322,0.007260951379246855
637,12653,105,159,105,159,DepthLow,DepthHigh,DepthHigh--DepthLow,8,0.17794949647740887,0.00010568035509545576,0.007260849666055948
638,4645,29,93,29,93,DepthHigh,DepthHigh,DepthHigh--DepthHigh,7,0.14958481017682534,0.00010558462315939881,0.007254272330132709
639,2944,18,20,18,20,DepthHigh,DepthHigh,DepthHigh--DepthHigh,10,0.5942060773062929,0.00010558122558306598,0.007254038897050853
640,2655,16,40,16,40,DepthMid,DepthMid,DepthMid--DepthMid,8,0.17712630328424062,0.00010555718611037974,0.007252387246684346
641,14877,171,172,171,172,DepthLow,DepthLow,DepthLow--DepthLow,10,0.8022556557924115,0.00010551463886867309,0.0072494640058846874
642,12025,96,170,96,170,DepthHigh,DepthHigh,DepthHigh--DepthHigh,8,0.17782950039585685,0.00010548036296298356,0.0072471090535555175
643,7245,48,166,48,166,DepthHigh,DepthHigh,DepthHigh--DepthHigh,4,0.10294408598322373,0.00010543639748264601,0.007244088371585453
644,4535,28,126,28,126,DepthMid,DepthMid,DepthMid--DepthMid,9,0.18465694698259114,0.00010537862944334717,0.007240119374239892
645,5445,35,56,35,56,DepthMid,DepthLow,DepthLow--DepthMid,10,0.23182043296778995,0.00010536949619666656,0.007239491867537715
646,10849,82,149,82,149,DepthLow,DepthMid,DepthLow--DepthMid,9,0.20422172230537047,0.00010536581529377617,0.007239238968287913
647,10710,81,100,81,100,DepthHigh,DepthHigh,DepthHigh--DepthHigh,10,0.31092147690117694,0.00010536117723667192,0.00723892030702541
648,5455,35,66,35,66,DepthMid,DepthHigh,DepthHigh--DepthMid,9,0.19736197804515612,0.00010536116692478725,0.007238919598539482
649,8945,63,126,63,126,DepthHigh,DepthMid,DepthHigh--DepthMid,8,0.156986718336646,0.00010533271195852748,0.00723696457830816
650,9277,66,137,66,137,DepthHigh,DepthLow,DepthHigh--DepthLow,10,0.22414607504938908,0.00010533085585736128,0.0072368370534572025
651,5487,35,98,35,98,DepthMid,DepthHigh,DepthHigh--DepthMid,9,0.20662849548315007,0.00010532991257964393,0.0072367722448398114
652,4474,28,65,28,65,DepthMid,DepthHigh,DepthHigh--DepthMid,7,0.1488245749101857,0.00010513360307759692,0.007223284650280784
653,11880,95,101,95,101,DepthHigh,DepthHigh,DepthHigh--DepthHigh,10,0.6574698326519057,0.00010512305181884913,0.0072225597179744324
654,9549,69,97,69,97,DepthLow,DepthHigh,DepthHigh--DepthLow,10,0.23932861525722585,0.0001051178981506773,0.007222205631258973
655,3811,23,132,23,132,DepthHigh,DepthMid,DepthHigh--DepthMid,9,0.1917437127534979,0.00010509713903571168,0.007220779360379871
656,4843,30,149,30,149,DepthMid,DepthMid,DepthMid--DepthMid,6,0.13250665054461722,0.00010507433648843182,0.007219212693919935
657,4920,31,85,31,85,DepthMid,DepthLow,DepthLow--DepthMid,9,0.19820212602881232,0.00010504621310305061,0.007217280455206609
658,6239,41,49,41,49,DepthMid,DepthHigh,DepthHigh--DepthMid,8,0.1580569295447959,0.0001050311642725403,0.00721624651379066
659,9651,70,97,70,97,DepthLow,DepthHigh,DepthHigh--DepthLow,9,0.20405744384678184,0.0001048685839194773,0.007205076306222958
660,9445,68,96,68,96,DepthLow,DepthHigh,DepthHigh--DepthLow,9,0.1981043293685855,0.00010486602774882412,0.007204900682562186
661,13255,115,146,115,146,DepthMid,DepthMid,DepthMid--DepthMid,7,0.1508549521798125,0.00010482096214173288,0.0072018044155416645
662,10666,80,147,80,147,DepthLow,DepthMid,DepthLow--DepthMid,9,0.21455389029173133,0.00010480937667451271,0.0072010084271508165
663,12436,102,146,102,146,DepthHigh,DepthMid,DepthHigh--DepthMid,6,0.13205352990487146,0.00010479374885856005,0.007199934706096998
664,4945,31,110,31,110,DepthMid,DepthLow,DepthLow--DepthMid,5,0.10811388681234076,0.00010477206869755998,0.0071984451540452925
665,6210,40,151,40,151,DepthMid,DepthMid,DepthMid--DepthMid,6,0.12908957242238397,0.00010473400451565048,0.007195829925299547
666,7000,46,170,46,170,DepthMid,DepthHigh,DepthHigh--DepthMid,10,0.2944641822876391,0.00010472058481054466,0.007194907914191161
667,3905,24,78,24,78,DepthHigh,DepthLow,DepthHigh--DepthLow,3,0.07500332782175748,0.00010470898697430696,0.007194111075977498
668,7061,47,106,47,106,DepthHigh,DepthLow,DepthHigh--DepthLow,8,0.17479336324115946,0.00010465905965105999,0.007190680781028191
669,8119,56,84,56,84,DepthLow,DepthLow,DepthLow--DepthLow,9,0.19082090861714454,0.00010464376000736743,0.0071896296073006285
670,14763,157,163,157,163,DepthLow,DepthLow,DepthLow--DepthLow,10,0.6643444105663199,0.00010462573329009157,0.0071883910678957
671,2226,13,82,13,82,DepthMid,DepthLow,DepthLow--DepthMid,6,0.1270224573112397,0.00010456565625189256,0.007184263429013802
672,872,5,28,5,28,DepthLow,DepthMid,DepthLow--DepthMid,6,0.1252565349655486,0.00010456391510711955,0.007184143802329805
673,8600,60,111,60,111,DepthMid,DepthHigh,DepthHigh--DepthMid,6,0.13567448645413033,0.0001045504219624001,0.0071832167454965665
674,9275,66,135,66,135,DepthHigh,DepthHigh,DepthHigh--DepthHigh,9,0.19918032615417383,0.00010449477007397118,0.007179393139915855
675,14505,145,151,145,151,DepthMid,DepthMid,DepthMid--DepthMid,10,0.5782509651189983,0.00010448519823079422,0.007178735499105771
676,2825,17,55,17,55,DepthHigh,DepthHigh,DepthHigh--DepthHigh,6,0.1335336809605761,0.0001044703030455548,0.007177712114005733
677,2975,18,51,18,51,DepthHigh,DepthHigh,DepthHigh--DepthHigh,10,0.23086114844195357,0.00010445891793505834,0.007176929891276905
678,12182,99,105,99,105,DepthHigh,DepthLow,DepthHigh--DepthLow,5,0.10427360127529355,0.00010445295961519713,0.007176520520351387
679,1157,6,147,6,147,DepthLow,DepthMid,DepthLow--DepthMid,8,0.16192910431836272,0.00010442248032962668,0.007174426417712766
680,14556,147,151,147,151,DepthMid,DepthMid,DepthMid--DepthMid,10,0.4839653950253453,0.0001044151779556766,0.007173924702522568
681,2815,17,45,17,45,DepthHigh,DepthHigh,DepthHigh--DepthHigh,10,0.43310767970741687,0.00010437830867277317,0.0071713915702274
682,4635,29,83,29,83,DepthHigh,DepthLow,DepthHigh--DepthLow,8,0.16950003098814106,0.00010436511307506306,0.0071704849565891295
683,1336,7,161,7,161,DepthMid,DepthHigh,DepthHigh--DepthMid,4,0.08768791604156687,0.00010433679841629477,0.007168539576291377
684,9343,67,98,67,98,DepthLow,DepthHigh,DepthHigh--DepthLow,5,0.11164369877085184,0.00010428452659037866,0.007164948200492116
685,10405,77,165,77,165,DepthLow,DepthLow,DepthLow--DepthLow,10,0.2616990726423429,0.00010427362323286757,0.007164199076970797
686,6237,41,47,41,47,DepthMid,DepthHigh,DepthHigh--DepthMid,3,0.08247104680954079,0.00010423128938314958,0.007161290497431013
687,6619,43,170,43,170,DepthMid,DepthHigh,DepthHigh--DepthMid,10,0.3421464737736783,0.00010422172862378586,0.0071606336181427995
688,12422,102,132,102,132,DepthHigh,DepthMid,DepthHigh--DepthMid,10,0.22478479072300958,0.00010421453631875575,0.0071601394653219765
689,10865,82,165,82,165,DepthLow,DepthLow,DepthLow--DepthLow,9,0.20024725317959116,0.00010416769049464798,0.007156920887129068
690,2814,17,44,17,44,DepthHigh,DepthHigh,DepthHigh--DepthHigh,10,0.40286979910957693,0.00010415955591640387,0.007156361994706026
691,8448,59,71,59,71,DepthMid,DepthLow,DepthLow--DepthMid,10,0.2266111303273745,0.00010415513168097757,0.007156058024225528
692,8656,60,167,60,167,DepthMid,DepthLow,DepthLow--DepthMid,6,0.1216930182863478,0.00010411404310826071,0.0071532350023950225
693,5146,32,171,32,171,DepthHigh,DepthLow,DepthHigh--DepthLow,6,0.1365041516466603,0.00010411387809408036,0.0071532236649694885
694,13798,126,128,126,128,DepthMid,DepthHigh,DepthHigh--DepthMid,4,0.10322896322285119,0.00010409778200717519,0.007152117771001545
695,6107,40,48,40,48,DepthMid,DepthHigh,DepthHigh--DepthMid,7,0.15173673500822596,0.00010409398215309372,0.007151856699119136
696,5762,37,102,37,102,DepthMid,DepthHigh,DepthHigh--DepthMid,10,0.22499868922148805,0.00010409078253021406,0.007151636866580758
697,12656,105,162,105,162,DepthLow,DepthMid,DepthLow--DepthMid,4,0.09953466774719584,0.00010407698826864441,0.007150689121283905
698,14087,132,162,132,162,DepthMid,DepthMid,DepthMid--DepthMid,10,0.2567540179324123,0.00010405552292744312,0.00714921432859086
699,10790,82,90,82,90,DepthLow,DepthLow,DepthLow--DepthLow,3,0.08088864950436346,0.00010405176336655863,0.007148956025083382
700,13765,125,141,125,141,DepthMid,DepthLow,DepthLow--DepthMid,9,0.1905480391130392,0.00010403903474990162,0.00714808149573571
701,12297,100,148,100,148,DepthHigh,DepthHigh,DepthHigh--DepthHigh,10,0.24444142477922787,0.00010403281932948594,0.007147654460519857
702,13042,111,167,111,167,DepthHigh,DepthLow,DepthHigh--DepthLow,8,0.15964252460969525,0.0001040247244730505,0.0071470982972140756
703,7907,54,105,54,105,DepthMid,DepthLow,DepthLow--DepthMid,8,0.17516819067919845,0.0001039575003440943,0.007142479611992573
704,2156,12,171,12,171,DepthMid,DepthLow,DepthLow--DepthMid,6,0.1253020568070614,0.00010394157675472093,0.007141385569599551
705,10653,80,134,80,134,DepthLow,DepthHigh,DepthHigh--DepthLow,10,0.2663014145583666,0.00010393416393899865,0.007140876266422882
706,6880,46,50,46,50,DepthMid,DepthHigh,DepthHigh--DepthMid,9,0.1871495572648697,0.00010391840909285222,0.007139793817662394
707,5456,35,67,35,67,DepthMid,DepthLow,DepthLow--DepthMid,9,0.20938654610626856,0.0001038716426644372,0.0071365806944113114
708,8779,62,69,62,69,DepthLow,DepthLow,DepthLow--DepthLow,10,0.2290387385635802,0.0001038629814109932,0.007135985616365636
709,8106,56,71,56,71,DepthLow,DepthLow,DepthLow--DepthLow,10,0.5427768891874133,0.00010375022568018763,0.007128238647597164
710,6572,43,123,43,123,DepthMid,DepthMid,DepthMid--DepthMid,10,0.304896095726764,0.00010371776941971404,0.007126008715384992
711,9450,68,101,68,101,DepthLow,DepthHigh,DepthHigh--DepthLow,10,0.2235430801436392,0.00010370672183673959,0.0071252496827428485
712,12152,98,148,98,148,DepthHigh,DepthHigh,DepthHigh--DepthHigh,9,0.2075572916027417,0.00010370492059187469,0.007125125926836048
713,3909,24,82,24,82,DepthHigh,DepthLow,DepthHigh--DepthLow,2,0.04967504347344992,0.00010368530043801048,0.0071237779091509815
714,13992,130,148,130,148,DepthHigh,DepthHigh,DepthHigh--DepthHigh,10,0.602862873896226,0.00010364690902770244,0.00712114019792771
715,6936,46,106,46,106,DepthMid,DepthLow,DepthLow--DepthMid,9,0.1858415172852049,0.00010360848661217306,0.007118500356466981
716,6759,45,55,45,55,DepthHigh,DepthHigh,DepthHigh--DepthHigh,7,0.13886737297290994,0.00010358963517263808,0.0071172051538881415
717,1280,7,105,7,105,DepthMid,DepthLow,DepthLow--DepthMid,5,0.11333005837594898,0.00010354279689288185,0.00711398709403568
718,9974,73,120,73,120,DepthMid,DepthMid,DepthMid--DepthMid,9,0.2099489796405914,0.00010351898378530458,0.007112350996257204
719,13646,122,166,122,166,DepthLow,DepthHigh,DepthHigh--DepthLow,6,0.12954678352223759,0.00010346587985069344,0.007108702449793301
720,14779,158,165,158,165,DepthLow,DepthLow,DepthLow--DepthLow,8,0.164488623993112,0.00010342760595464052,0.007106072812476853
721,2612,15,153,15,153,DepthMid,DepthLow,DepthLow--DepthMid,4,0.10220116492658506,0.00010342568437474006,0.007105940788859351
722,13223,114,171,114,171,DepthMid,DepthLow,DepthLow--DepthMid,6,0.13250722138692722,0.00010341891740881723,0.007105475859287373
723,5489,35,100,35,100,DepthMid,DepthHigh,DepthHigh--DepthMid,10,0.23528190302957397,0.00010341558383993108,0.007105246823886122
724,10132,75,83,75,83,DepthMid,DepthLow,DepthLow--DepthMid,9,0.2108053350663794,0.00010339951387927845,0.007104142724942351
725,5320,34,68,34,68,DepthMid,DepthLow,DepthLow--DepthMid,10,0.25131896029685746,0.00010337960635383604,0.007102774963173099
726,4769,30,75,30,75,DepthMid,DepthMid,DepthMid--DepthMid,10,0.4234504557505272,0.00010337434412201513,0.0071024134175090535
727,11165,86,115,86,115,DepthLow,DepthMid,DepthLow--DepthMid,7,0.1543770644727886,0.00010336616304336474,0.007101851330240014
728,8886,63,67,63,67,DepthHigh,DepthLow,DepthHigh--DepthLow,10,0.2390186838524538,0.00010330757964117134,0.0070978263127628475
729,9327,67,82,67,82,DepthLow,DepthLow,DepthLow--DepthLow,10,0.25335725896128325,0.00010327695023996346,0.007095721896314485
730,5317,34,65,34,65,DepthMid,DepthHigh,DepthHigh--DepthMid,10,0.28559627371774277,0.00010323828603582085,0.00709306544258206
731,4632,29,80,29,80,DepthHigh,DepthLow,DepthHigh--DepthLow,9,0.22090091364208253,0.00010320859041912104,0.00709102518251288
732,10736,81,126,81,126,DepthHigh,DepthMid,DepthHigh--DepthMid,8,0.15879853221774626,0.00010320392748081786,0.0070907048117685645
733,2449,14,147,14,147,DepthMid,DepthMid,DepthMid--DepthMid,8,0.16349828514941714,0.00010318696464961909,0.007089539367470674
734,5373,34,121,34,121,DepthMid,DepthMid,DepthMid--DepthMid,4,0.09536815034607633,0.00010315035982032727,0.007087024404663259
735,1008,5,164,5,164,DepthLow,DepthLow,DepthLow--DepthLow,9,0.19648847600098088,0.00010314728550207511,0.0070868131812752
736,8977,63,158,63,158,DepthHigh,DepthLow,DepthHigh--DepthLow,5,0.11716298021551624,0.00010314228079825068,0.007086469329269219
737,4762,30,68,30,68,DepthMid,DepthLow,DepthLow--DepthMid,10,0.2465113567042625,0.00010313695516519228,0.007086103427574636
738,4489,28,80,28,80,DepthMid,DepthLow,DepthLow--DepthMid,10,0.27774637719029166,0.00010311774530133364,0.007084783599178365
739,1229,7,54,7,54,DepthMid,DepthMid,DepthMid--DepthMid,8,0.16947264336688111,0.00010309332357321691,0.007083105685659994
740,9419,68,70,68,70,DepthLow,DepthLow,DepthLow--DepthLow,10,0.7895670088308425,0.00010305523280838335,0.007080488630514108
741,4929,31,94,31,94,DepthMid,DepthHigh,DepthHigh--DepthMid,7,0.14796600702281676,0.000102999289536799,0.00707664500523073
742,5318,34,66,34,66,DepthMid,DepthHigh,DepthHigh--DepthMid,8,0.17728707692935444,0.00010297081230766742,0.007074688455411765
743,4085,25,111,25,111,DepthHigh,DepthHigh,DepthHigh--DepthHigh,8,0.17503637148864132,0.00010297014930636607,0.00707464290340001
744,10668,80,149,80,149,DepthLow,DepthMid,DepthLow--DepthMid,9,0.21314948274847523,0.00010296216413572044,0.007074094276140352
745,4445,28,36,28,36,DepthMid,DepthLow,DepthLow--DepthMid,10,0.22608175791920704,0.00010293464042206374,0.0070722032383317415
746,7668,52,103,52,103,DepthHigh,DepthHigh,DepthHigh--DepthHigh,4,0.09542642717371354,0.00010290098815927245,0.007069891133865122
747,6062,39,135,39,135,DepthLow,DepthHigh,DepthHigh--DepthLow,7,0.15410782299485445,0.00010288855696429857,0.007069037039101784
748,6443,42,123,42,123,DepthMid,DepthMid,DepthMid--DepthMid,10,0.2738767500365722,0.00010288822915814622,0.007069014516929241
749,5057,32,82,32,82,DepthHigh,DepthLow,DepthHigh--DepthLow,9,0.22157994887716959,0.00010288090751044325,0.007068511477521102
750,9536,69,84,69,84,DepthLow,DepthLow,DepthLow--DepthLow,10,0.27468079269863654,0.00010287679189411007,0.00706822871095156
751,9045,64,118,64,118,DepthHigh,DepthMid,DepthHigh--DepthMid,9,0.1957967890554666,0.00010287087011324107,0.007067821850465462
752,9121,65,87,65,87,DepthHigh,DepthHigh,DepthHigh--DepthHigh,10,0.37155244976012025,0.00010282288223235668,0.007064524806387786
753,14351,140,142,140,142,DepthLow,DepthHigh,DepthHigh--DepthLow,9,0.20587225405186302,0.00010280216116371957,0.007063101149510799
754,6091,39,164,39,164,DepthLow,DepthLow,DepthLow--DepthLow,8,0.16419483105922625,0.00010277177507383791,0.007061013449953291
755,11,0,12,0,12,DepthMid,DepthMid,DepthMid--DepthMid,8,0.17717187483974559,0.0001027697924847172,0.007060877234650627
756,5649,36,124,36,124,DepthLow,DepthLow,DepthLow--DepthLow,9,0.19986469928104222,0.00010276686371935733,0.007060676011585413
757,6639,44,62,44,62,DepthHigh,DepthLow,DepthHigh--DepthLow,10,0.2473520767449878,0.00010276547908313167,0.0070605808790939716
758,10811,82,111,82,111,DepthLow,DepthHigh,DepthHigh--DepthLow,4,0.10160534335135475,0.00010273125649718847,0.007058229590138775
759,9326,67,81,67,81,DepthLow,DepthHigh,DepthHigh--DepthLow,10,0.23026432268545025,0.00010271594184551984,0.00705717738527673
760,10660,80,141,80,141,DepthLow,DepthLow,DepthLow--DepthLow,10,0.26634316970119215,0.00010269917021949791,0.0070560250778768305
761,6527,43,78,43,78,DepthMid,DepthLow,DepthLow--DepthMid,6,0.12819210331970318,0.00010269833949290045,0.00705596800217026
762,2376,14,74,14,74,DepthMid,DepthMid,DepthMid--DepthMid,7,0.14004779258115585,0.00010267707634649497,0.007054507101425385
763,1240,7,65,7,65,DepthMid,DepthHigh,DepthHigh--DepthMid,4,0.09010019383679091,0.00010265994445674886,0.007053330041830633
764,1124,6,114,6,114,DepthLow,DepthMid,DepthLow--DepthMid,9,0.2016461306119408,0.00010265164370786397,0.007052759732526558
765,12608,105,114,105,114,DepthLow,DepthMid,DepthLow--DepthMid,2,0.05832918630957521,0.00010261750656120132,0.007050414313742512
766,9973,73,119,73,119,DepthMid,DepthMid,DepthMid--DepthMid,10,0.22810702937540064,0.00010259421994356888,0.007048814388858579
767,9593,69,141,69,141,DepthLow,DepthLow,DepthLow--DepthLow,10,0.23173290794130802,0.00010258338851925947,0.007048070207562927
768,6879,46,49,46,49,DepthMid,DepthHigh,DepthHigh--DepthMid,8,0.1700296021736558,0.0001025711059338411,0.00704722632313282
769,14113,133,149,133,149,DepthHigh,DepthMid,DepthHigh--DepthMid,9,0.20439902901571208,0.00010254985920976545,0.007045766550696683
770,5056,32,81,32,81,DepthHigh,DepthHigh,DepthHigh--DepthHigh,8,0.17612787197081178,0.00010252462852675601,0.007044033057313377
771,14220,136,145,136,145,DepthMid,DepthMid,DepthMid--DepthMid,10,0.4010902789448988,0.00010251858800002847,0.0070436180383022
772,12106,98,102,98,102,DepthHigh,DepthHigh,DepthHigh--DepthHigh,10,0.7342464666142914,0.00010250686488435798,0.007042812592669241
773,623,3,114,3,114,DepthLow,DepthMid,DepthLow--DepthMid,8,0.1590795590273538,0.00010248541595802594,0.007041338927772349
774,7722,52,157,52,157,DepthHigh,DepthLow,DepthHigh--DepthLow,2,0.0673871801754622,0.00010245095655377893,0.00703897136803437
775,3510,21,130,21,130,DepthHigh,DepthHigh,DepthHigh--DepthHigh,4,0.10239313772176055,0.00010243545476959029,0.0070379063060893405
776,1729,10,65,10,65,DepthMid,DepthHigh,DepthHigh--DepthMid,7,0.1448389039206928,0.00010239204462598711,0.007034923778954568
777,3565,22,35,22,35,DepthMid,DepthMid,DepthMid--DepthMid,10,0.3002688534086502,0.00010235022604858528,0.007032050601593565
778,13928,128,169,128,169,DepthHigh,DepthLow,DepthHigh--DepthLow,6,0.12013160137886643,0.00010234594781772141,0.007031756662468255
779,5089,32,114,32,114,DepthHigh,DepthMid,DepthHigh--DepthMid,8,0.1610486254069962,0.00010234442525414498,0.007031652053572633
780,9181,65,147,65,147,DepthHigh,DepthMid,DepthHigh--DepthMid,5,0.10828471345912095,0.00010233172682347563,0.007030779598176341
781,7198,48,119,48,119,DepthHigh,DepthMid,DepthHigh--DepthMid,7,0.1375603415630948,0.00010231434358385711,0.007029585269396266
782,10608,80,89,80,89,DepthLow,DepthLow,DepthLow--DepthLow,3,0.08143225937300289,0.00010229502384441572,0.007028257891914003
783,7151,48,72,48,72,DepthHigh,DepthMid,DepthHigh--DepthMid,8,0.15921046753629872,0.0001022238994477303,0.007023371235813583
784,9014,64,87,64,87,DepthHigh,DepthHigh,DepthHigh--DepthHigh,10,0.33434122321001525,0.00010221868639991629,0.007023013069374368
785,8133,56,98,56,98,DepthLow,DepthHigh,DepthHigh--DepthLow,8,0.1775790563313628,0.00010220964163786793,0.00702239164207656
786,5319,34,67,34,67,DepthMid,DepthLow,DepthLow--DepthMid,9,0.21439151778697857,0.00010217574714975566,0.007020062895333905
787,14193,135,154,135,154,DepthHigh,DepthHigh,DepthHigh--DepthHigh,9,0.1858718012260571,0.00010214197008521958,0.007017742216267908
788,10846,82,146,82,146,DepthLow,DepthMid,DepthLow--DepthMid,6,0.13015175667403908,0.00010212187841749867,0.007016361802862502
789,6495,43,46,43,46,DepthMid,DepthMid,DepthMid--DepthMid,10,0.8852802176181077,0.0001021202198119916,0.007016247847101933
790,9634,70,80,70,80,DepthLow,DepthLow,DepthLow--DepthLow,10,0.2842871732405397,0.00010210289256787693,0.007015057365535799
791,9104,65,70,65,70,DepthHigh,DepthLow,DepthHigh--DepthLow,10,0.31112136641906835,0.00010207742414023982,0.007013307537725919
792,3000,18,76,18,76,DepthHigh,DepthHigh,DepthHigh--DepthHigh,9,0.196159091845973,0.00010205704780041711,0.007011907565705921
793,9029,64,102,64,102,DepthHigh,DepthHigh,DepthHigh--DepthHigh,10,0.28614300120860753,0.00010205518080475214,0.007011779292340087
794,12101,97,171,97,171,DepthHigh,DepthLow,DepthHigh--DepthLow,8,0.15783025336984716,0.00010204952692007139,0.007011390837866604
795,6981,46,151,46,151,DepthMid,DepthMid,DepthMid--DepthMid,8,0.16859665470337107,0.00010204476527857052,0.0070110636856435616
796,9547,69,95,69,95,DepthLow,DepthHigh,DepthHigh--DepthLow,10,0.22958830688350104,0.00010202392463693192,0.007009631813412007
797,7928,54,126,54,126,DepthMid,DepthMid,DepthMid--DepthMid,6,0.13400658482341213,0.00010201801726629877,0.0070092259429921895
798,2175,13,31,13,31,DepthMid,DepthMid,DepthMid--DepthMid,5,0.10615695864679746,0.00010201143507994685,0.00700877370884203
799,4814,30,120,30,120,DepthMid,DepthMid,DepthMid--DepthMid,7,0.14924776372174636,0.00010201137717439333,0.007008769730396664
800,4984,31,149,31,149,DepthMid,DepthMid,DepthMid--DepthMid,7,0.14120288524665237,0.00010193297892190538,0.007003383318467196
801,9990,73,136,73,136,DepthMid,DepthMid,DepthMid--DepthMid,9,0.21265600950802205,0.00010188325839261025,0.006999967231454595
802,11729,93,105,93,105,DepthHigh,DepthLow,DepthHigh--DepthLow,6,0.12148923640161553,0.0001018694167442244,0.006999016230410274
803,14738,155,169,155,169,DepthLow,DepthLow,DepthLow--DepthLow,10,0.5430203532721873,0.00010186877331554243,0.0069989720231503115
804,12215,99,138,99,138,DepthHigh,DepthLow,DepthHigh--DepthLow,7,0.14532109512287517,0.0001018350967654925,0.0069966582500090016
805,4903,31,68,31,68,DepthMid,DepthLow,DepthLow--DepthMid,10,0.2550079388206226,0.00010182390546161333,0.0069958893429121205
806,6868,45,164,45,164,DepthHigh,DepthLow,DepthHigh--DepthLow,4,0.09033163660119924,0.00010180089408263275,0.006994308328510383
807,14370,140,161,140,161,DepthLow,DepthHigh,DepthHigh--DepthLow,10,0.2362727434134647,0.0001017773077866534,0.006992687813996304
808,3103,19,26,19,26,DepthHigh,DepthHigh,DepthHigh--DepthHigh,2,0.05940058578084571,0.00010176338476857881,0.006991731222385252
809,2595,15,136,15,136,DepthMid,DepthMid,DepthMid--DepthMid,8,0.17146218757929885,0.00010173901436953855,0.006990056835470359
810,9919,72,164,72,164,DepthMid,DepthLow,DepthLow--DepthMid,4,0.1031062839686169,0.00010172411190819457,0.0069890329504599885
811,12483,103,124,103,124,DepthHigh,DepthLow,DepthHigh--DepthLow,7,0.15200946017264788,0.0001017217894935378,0.006988873387183826
812,2822,17,52,17,52,DepthHigh,DepthHigh,DepthHigh--DepthHigh,7,0.14357710287159645,0.00010171312158037238,0.006988277851576894
813,11220,86,170,86,170,DepthLow,DepthHigh,DepthHigh--DepthLow,10,0.27431184631562033,0.00010170678076935475,0.006987842201303782
814,10620,80,101,80,101,DepthLow,DepthHigh,DepthHigh--DepthLow,10,0.23850238438569166,0.00010168475693382385,0.006986329036830448
815,5871,38,77,38,77,DepthMid,DepthLow,DepthLow--DepthMid,10,0.24161459329079998,0.00010161688221161401,0.006981665652101603
816,5315,34,63,34,63,DepthMid,DepthHigh,DepthHigh--DepthMid,10,0.25882166354216285,0.00010157863448815074,0.0069790378129929555
817,9351,67,106,67,106,DepthLow,DepthLow,DepthLow--DepthLow,10,0.2639329423536141,0.00010154804677560083,0.00697693626079574
818,12308,100,159,100,159,DepthHigh,DepthHigh,DepthHigh--DepthHigh,8,0.15944932425508743,0.00010150753079748645,0.006974152579515562
819,7754,53,70,53,70,DepthHigh,DepthLow,DepthHigh--DepthLow,2,0.05336790404633633,0.00010150649407059555,0.006974081350401194
820,3238,19,161,19,161,DepthHigh,DepthHigh,DepthHigh--DepthHigh,9,0.22053614821945564,0.00010150557217165634,0.006974018010629115
821,14402,141,162,141,162,DepthLow,DepthMid,DepthLow--DepthMid,8,0.1593873575294221,0.00010149919374736324,0.0069735797761071305
822,14399,141,159,141,159,DepthLow,DepthHigh,DepthHigh--DepthLow,10,0.30361931110538026,0.0001014989581213053,0.0069735635872385125
823,209,1,39,1,39,DepthLow,DepthLow,DepthLow--DepthLow,6,0.13487364052793022,0.0001014930787137985,0.00697315963804669
824,12876,109,124,109,124,DepthLow,DepthLow,DepthLow--DepthLow,1,0.04381961015576861,0.00010148765434385105,0.0069727869525585875
825,9133,65,99,65,99,DepthHigh,DepthHigh,DepthHigh--DepthHigh,9,0.20537490017896268,0.00010148307836093083,0.006972472556150399
826,2661,16,46,16,46,DepthMid,DepthMid,DepthMid--DepthMid,9,0.19310199408517867,0.00010148214051139019,0.006972408120480044
827,2663,16,48,16,48,DepthMid,DepthHigh,DepthHigh--DepthMid,7,0.13780569454669964,0.00010148031350626425,0.006972282594694797
828,14396,141,156,141,156,DepthLow,DepthLow,DepthLow--DepthLow,5,0.1187942902030216,0.00010147306709621538,0.006971784724547256
829,8500,59,123,59,123,DepthMid,DepthMid,DepthMid--DepthMid,10,0.25980151629777987,0.00010143224038176468,0.006968979693889309
830,6310,41,120,41,120,DepthMid,DepthMid,DepthMid--DepthMid,10,0.35066464566464567,0.00010142343490068299,0.006968374706573419
831,4917,31,82,31,82,DepthMid,DepthLow,DepthLow--DepthMid,10,0.23955410772835875,0.00010137386645130454,0.006964969068327868
832,10897,83,108,83,108,DepthLow,DepthLow,DepthLow--DepthLow,10,0.7643575911285673,0.00010134641486863279,0.006963082986333776
833,5728,37,68,37,68,DepthMid,DepthLow,DepthLow--DepthMid,10,0.3052976442868235,0.00010132073564620111,0.006961318675706232
834,14830,162,170,162,170,DepthMid,DepthHigh,DepthHigh--DepthMid,10,0.322175545187271,0.0001012995087040999,0.006959860262405786
835,13731,124,154,124,154,DepthLow,DepthHigh,DepthHigh--DepthLow,8,0.17296206774643344,0.00010129379975778466,0.006959468024880571
836,9053,64,126,64,126,DepthHigh,DepthMid,DepthHigh--DepthMid,8,0.16965183175135493,0.00010125766468234266,0.006956985336870874
837,6139,40,80,40,80,DepthMid,DepthLow,DepthLow--DepthMid,8,0.16340486699333923,0.0001012286946786668,0.00695499493059976
838,10201,75,152,75,152,DepthMid,DepthLow,DepthLow--DepthMid,5,0.11745752361421491,0.00010122010050700425,0.006954404461459212
839,10838,82,138,82,138,DepthLow,DepthLow,DepthLow--DepthLow,10,0.2528001085288921,0.00010120583215870663,0.006953424143670931
840,7488,50,164,50,164,DepthHigh,DepthLow,DepthHigh--DepthLow,6,0.12581805634186677,0.0001011717510138087,0.0069510825725309835
841,6370,42,50,42,50,DepthMid,DepthHigh,DepthHigh--DepthMid,8,0.16866361954588846,0.00010115722795105976,0.00695008475439141
842,4321,27,56,27,56,DepthHigh,DepthLow,DepthHigh--DepthLow,4,0.10367960496719747,0.00010111404661087505,0.00694711794737059
843,966,5,122,5,122,DepthLow,DepthLow,DepthLow--DepthLow,8,0.16316040387904132,0.00010111149486051442,0.006946942627409401
844,9396,67,151,67,151,DepthLow,DepthMid,DepthLow--DepthMid,9,0.18214906753565757,0.00010111020971098016,0.006946854330227221
845,12634,105,140,105,140,DepthLow,DepthLow,DepthLow--DepthLow,5,0.10901912156277208,0.0001010623363901091,0.006943565157082925
846,13829,126,159,126,159,DepthMid,DepthHigh,DepthHigh--DepthMid,9,0.18266019698688749,0.00010105055053183307,0.00694275540067124
847,5212,33,98,33,98,DepthHigh,DepthHigh,DepthHigh--DepthHigh,1,0.03296678413448344,0.00010102668175293647,0.006941115477952169
848,4452,28,43,28,43,DepthMid,DepthMid,DepthMid--DepthMid,7,0.13955608946933987,0.00010100275437000989,0.006939471528798372
849,8921,63,102,63,102,DepthHigh,DepthHigh,DepthHigh--DepthHigh,10,0.31987556089125696,0.00010090061961562044,0.006932454282342004
850,12178,99,101,99,101,DepthHigh,DepthHigh,DepthHigh--DepthHigh,10,0.6804678172824931,0.00010089344752164393,0.006931961518137084
851,5626,36,101,36,101,DepthLow,DepthHigh,DepthHigh--DepthLow,8,0.174368691508924,0.00010088396419523844,0.006931309958939519
852,6382,42,62,42,62,DepthMid,DepthLow,DepthLow--DepthMid,8,0.1732406098224666,0.00010087853591874431,0.006930937005049138
853,9342,67,97,67,97,DepthLow,DepthHigh,DepthHigh--DepthLow,8,0.16244895965871828,0.00010086126338074423,0.006929750282108469
854,2723,16,108,16,108,DepthMid,DepthLow,DepthLow--DepthMid,8,0.15776267020649667,0.00010085580361070554,0.00692937516443001
855,5446,35,57,35,57,DepthMid,DepthLow,DepthLow--DepthMid,9,0.20383425196405228,0.00010082373859384362,0.006927172112909568
856,9638,70,84,70,84,DepthLow,DepthLow,DepthLow--DepthLow,9,0.2197393357487335,0.00010080005930036103,0.006925545208930865
857,7243,48,164,48,164,DepthHigh,DepthLow,DepthHigh--DepthLow,3,0.07877120951283642,0.00010075116347520841,0.006922185783847459
858,11285,87,150,87,150,DepthHigh,DepthMid,DepthHigh--DepthMid,6,0.13128280658099836,0.00010074281463941291,0.006921612170695393
859,14371,140,162,140,162,DepthLow,DepthMid,DepthLow--DepthMid,8,0.17682316407265214,0.00010071947058190475,0.006920008299360845
860,2077,12,92,12,92,DepthMid,DepthHigh,DepthHigh--DepthMid,9,0.18510854503796492,0.0001007083393119623,0.0069192435169415254
861,4775,30,81,30,81,DepthMid,DepthHigh,DepthHigh--DepthMid,10,0.2456313957087674,0.00010070067536082526,0.00691871695931401
862,4944,31,109,31,109,DepthMid,DepthLow,DepthLow--DepthMid,4,0.09395775470637048,0.000100683992989133,0.00691757078420113
863,3298,20,69,20,69,DepthHigh,DepthLow,DepthHigh--DepthLow,6,0.12660508376276886,0.00010066897589650401,0.006916539023360604
864,4473,28,64,28,64,DepthMid,DepthHigh,DepthHigh--DepthMid,6,0.12123420795378094,0.0001006645973659594,0.006916238193068977
865,6448,42,128,42,128,DepthMid,DepthHigh,DepthHigh--DepthMid,9,0.18444808855878175,0.0001006266389203922,0.006913630229019541
866,4000,25,26,25,26,DepthHigh,DepthHigh,DepthHigh--DepthHigh,10,0.5055585856521788,0.00010059867763757301,0.006911709127686782
867,14179,135,140,135,140,DepthHigh,DepthLow,DepthHigh--DepthLow,10,0.23633572597359456,0.00010059111556516262,0.006911189569715142
868,7491,50,167,50,167,DepthHigh,DepthLow,DepthHigh--DepthLow,4,0.09957638739239921,0.00010058632767797254,0.006910860614261938
869,1038,6,28,6,28,DepthLow,DepthMid,DepthLow--DepthMid,4,0.0935826921591275,0.00010058024393177272,0.006910442625823846
870,1322,7,147,7,147,DepthMid,DepthMid,DepthMid--DepthMid,5,0.11679338996067402,0.00010056429881867566,0.006909347104626918
871,4128,25,154,25,154,DepthHigh,DepthHigh,DepthHigh--DepthHigh,5,0.11783311506986922,0.00010056292178182482,0.006909252494256338
872,4131,25,157,25,157,DepthHigh,DepthLow,DepthHigh--DepthLow,2,0.06679231211032785,0.00010054319510145099,0.00690789715758591
873,2445,14,143,14,143,DepthMid,DepthLow,DepthLow--DepthMid,5,0.11960588196936218,0.00010052990634044918,0.006906984143092392
874,2823,17,53,17,53,DepthHigh,DepthHigh,DepthHigh--DepthHigh,7,0.14247928705958562,0.00010050832221970278,0.006905501189559807
875,7217,48,138,48,138,DepthHigh,DepthLow,DepthHigh--DepthLow,6,0.13631499218850338,0.00010050142833106645,0.0069050275396656735
876,13824,126,154,126,154,DepthMid,DepthHigh,DepthHigh--DepthMid,7,0.15307500876832467,0.00010048733297347774,0.006904059107336425
877,8481,59,104,59,104,DepthMid,DepthLow,DepthLow--DepthMid,1,0.03053995594318415,0.00010048342768800877,0.006903790791709858
878,14510,145,156,145,156,DepthMid,DepthLow,DepthLow--DepthMid,5,0.11845326699141691,0.00010046636860770433,0.006902618734543512
879,9451,68,102,68,102,DepthLow,DepthHigh,DepthHigh--DepthLow,8,0.17956734877109407,0.00010045760496843622,0.006902016622001442
880,6221,40,162,40,162,DepthMid,DepthMid,DepthMid--DepthMid,8,0.17347096866056227,0.00010045214001074477,0.006901641147901331
881,7247,48,168,48,168,DepthHigh,DepthLow,DepthHigh--DepthLow,2,0.04939656518054231,0.00010043571737335582,0.006900512818032514
882,4230,26,110,26,110,DepthHigh,DepthLow,DepthHigh--DepthLow,4,0.09787674387701799,0.00010042164533427998,0.006899545987819536
883,9659,70,105,70,105,DepthLow,DepthLow,DepthLow--DepthLow,8,0.15873796949844945,0.00010041123225488324,0.006898830549231237
884,4717,29,165,29,165,DepthHigh,DepthLow,DepthHigh--DepthLow,6,0.12942697718024193,0.00010040686408532045,0.006898530430798794
885,8981,63,162,63,162,DepthHigh,DepthMid,DepthHigh--DepthMid,8,0.17409440587198016,0.00010040507469263052,0.006898407489204745
886,10427,78,93,78,93,DepthLow,DepthHigh,DepthHigh--DepthLow,9,0.18664417564012487,0.00010038700919406597,0.006897166285301701
887,2602,15,143,15,143,DepthMid,DepthLow,DepthLow--DepthMid,6,0.13079991876570146,0.00010038029776260973,0.006896705171267747
888,9782,71,127,71,127,DepthLow,DepthMid,DepthLow--DepthMid,10,0.3104978410084689,0.00010035251890474543,0.00689479660358111
889,6356,41,166,41,166,DepthMid,DepthHigh,DepthHigh--DepthMid,9,0.18196229341092593,0.00010034822969248944,0.006894501909970851
890,14156,134,154,134,154,DepthHigh,DepthHigh,DepthHigh--DepthHigh,8,0.17775060249252211,0.00010034648280390001,0.006894381888653552
891,1990,11,165,11,165,DepthMid,DepthLow,DepthLow--DepthMid,4,0.08901408811592794,0.0001003318289311627,0.006893375083113629
892,9328,67,83,67,83,DepthLow,DepthLow,DepthLow--DepthLow,10,0.2611571686338556,0.0001003279096373177,0.006893105805030868
893,10431,78,97,78,97,DepthLow,DepthHigh,DepthHigh--DepthLow,9,0.18816466000133114,0.00010029216138988726,0.006890649694335716
894,6623,44,46,44,46,DepthHigh,DepthMid,DepthHigh--DepthMid,10,0.2501953334454771,0.00010024806564268028,0.006887620062280704
895,14382,141,142,141,142,DepthLow,DepthHigh,DepthHigh--DepthLow,9,0.18956862219626308,0.00010022932590136131,0.00688633253401327
896,14544,146,164,146,164,DepthMid,DepthLow,DepthLow--DepthMid,6,0.127003361868938,0.00010020142592026043,0.006884415644461978
897,11725,93,101,93,101,DepthHigh,DepthHigh,DepthHigh--DepthHigh,10,0.5959812485388064,0.00010019015269849266,0.006883641109133875
898,3244,19,167,19,167,DepthHigh,DepthLow,DepthHigh--DepthLow,7,0.15097491140881464,0.00010017329848301408,0.006882483127362156
899,9650,70,96,70,96,DepthLow,DepthHigh,DepthHigh--DepthLow,9,0.21601446393916068,0.0001001723204253339,0.006882415929160807
900,3567,22,37,22,37,DepthMid,DepthMid,DepthMid--DepthMid,10,0.2896310830943632,0.00010016903782356743,0.006882190395494513
901,8431,58,167,58,167,DepthMid,DepthLow,DepthLow--DepthMid,4,0.09890976445094239,0.00010012846840342637,0.006879403042438997
902,3246,19,169,19,169,DepthHigh,DepthLow,DepthHigh--DepthLow,8,0.16421164801266872,0.00010011638395980822,0.006878572771492897
903,14384,141,144,141,144,DepthLow,DepthHigh,DepthHigh--DepthLow,9,0.19883321983722654,0.0001000883491346298,0.006876646617376071
904,6388,42,68,42,68,DepthMid,DepthLow,DepthLow--DepthMid,6,0.13446073672966138,0.0001000765994088058,0.0068758393434721525
905,6578,43,129,43,129,DepthMid,DepthMid,DepthMid--DepthMid,9,0.20567961281734257,0.00010005283817052302,0.006874206809413246
906,11301,87,166,87,166,DepthHigh,DepthHigh,DepthHigh--DepthHigh,10,0.3005149961392899,0.00010003432336221795,0.006872934735340658
907,11699,92,154,92,154,DepthHigh,DepthHigh,DepthHigh--DepthHigh,8,0.16730153186467914,0.00010000975964211985,0.006871247066154551
908,5055,32,80,32,80,DepthHigh,DepthLow,DepthHigh--DepthLow,9,0.18300472080966437,9.999123241765222e-05,0.006869974139020012
909,1909,11,84,11,84,DepthMid,DepthLow,DepthLow--DepthMid,4,0.09717030732604048,9.997619604113829e-05,0.006868941053265415
910,2520,15,61,15,61,DepthMid,DepthLow,DepthLow--DepthMid,8,0.1601742498460095,9.997048021624811e-05,0.0068685483431424445
911,1341,7,166,7,166,DepthMid,DepthHigh,DepthHigh--DepthMid,2,0.05688314852559411,9.996868236487966e-05,0.006868424820388415
912,2020,12,35,12,35,DepthMid,DepthMid,DepthMid--DepthMid,6,0.12194265912569952,9.993739991906369e-05,0.006866275536010527
913,7924,54,122,54,122,DepthMid,DepthLow,DepthLow--DepthMid,8,0.1772712563537371,9.991007800974471e-05,0.006864398363323365
914,4050,25,76,25,76,DepthHigh,DepthHigh,DepthHigh--DepthHigh,10,0.23260696963772323,9.990819657195848e-05,0.00686426909770054
915,9449,68,100,68,100,DepthLow,DepthHigh,DepthHigh--DepthLow,8,0.16205385457481494,9.988555789029365e-05,0.006862713689753079
916,1524,9,22,9,22,DepthMid,DepthMid,DepthMid--DepthMid,10,0.5179318321210109,9.987706181625313e-05,0.0068621299604847185
917,9533,69,81,69,81,DepthLow,DepthHigh,DepthHigh--DepthLow,10,0.2902729718594271,9.985923732403799e-05,0.006860905315107335
918,1623,9,121,9,121,DepthMid,DepthMid,DepthMid--DepthMid,10,0.25590533073665517,9.984881793553549e-05,0.0068601894430470964
919,10692,81,82,81,82,DepthHigh,DepthLow,DepthHigh--DepthLow,10,0.2221848681052865,9.983886743574053e-05,0.006859505786344315
920,2702,16,87,16,87,DepthMid,DepthHigh,DepthHigh--DepthMid,7,0.1382564036640293,9.983569356697758e-05,0.0068592877232622335
921,14383,141,143,141,143,DepthLow,DepthLow,DepthLow--DepthLow,3,0.07858177965105267,9.981590080906195e-05,0.0068579278466837324
922,4777,30,83,30,83,DepthMid,DepthLow,DepthLow--DepthMid,9,0.21239512257568405,9.980509259674807e-05,0.006857185260185995
923,6402,42,82,42,82,DepthMid,DepthLow,DepthLow--DepthMid,7,0.15217035632739787,9.977004687485033e-05,0.006854777417045157
924,9157,65,123,65,123,DepthHigh,DepthMid,DepthHigh--DepthMid,9,0.21983966947197833,9.975111811271229e-05,0.006853476901957706
925,14668,152,153,152,153,DepthLow,DepthLow,DepthLow--DepthLow,10,0.3365515435004177,9.974960244552734e-05,0.006853372766883938
926,4490,28,81,28,81,DepthMid,DepthHigh,DepthHigh--DepthMid,6,0.12722815419010072,9.972756614538196e-05,0.006851858746019728
927,14504,145,150,145,150,DepthMid,DepthMid,DepthMid--DepthMid,10,0.2298013005915071,9.971879124149319e-05,0.006851255859533277
928,11646,92,101,92,101,DepthHigh,DepthHigh,DepthHigh--DepthHigh,10,0.6649552685539835,9.969839369426952e-05,0.006849854430442566
929,1294,7,119,7,119,DepthMid,DepthMid,DepthMid--DepthMid,4,0.10053917197852327,9.965721327321902e-05,0.006847025098102014
930,6769,45,65,45,65,DepthHigh,DepthHigh,DepthHigh--DepthHigh,9,0.19344429104784278,9.964177843468248e-05,0.006845964635709242
931,5040,32,65,32,65,DepthHigh,DepthHigh,DepthHigh--DepthHigh,8,0.17080415724382805,9.956371598027918e-05,0.006840601295044141
932,3715,23,36,23,36,DepthHigh,DepthLow,DepthHigh--DepthLow,6,0.13631420563568641,9.953200169487996e-05,0.006838422340797232
933,10652,80,133,80,133,DepthLow,DepthHigh,DepthHigh--DepthLow,10,0.26024581138206143,9.95305575453429e-05,0.00683832311939819
934,4658,29,106,29,106,DepthHigh,DepthLow,DepthHigh--DepthLow,7,0.1383100424185959,9.951386565835895e-05,0.006837176290529912
935,175,1,5,1,5,DepthLow,DepthLow,DepthLow--DepthLow,5,0.10377937882178072,9.948750015576354e-05,0.00683536482849856
936,4324,27,59,27,59,DepthHigh,DepthMid,DepthHigh--DepthMid,7,0.14390887502964955,9.946885327049185e-05,0.006834083679976909
937,2081,12,96,12,96,DepthMid,DepthHigh,DepthHigh--DepthMid,9,0.20255275956743235,9.944139378369456e-05,0.006832197054923823
938,13743,124,166,124,166,DepthLow,DepthHigh,DepthHigh--DepthLow,6,0.12544370424870865,9.941466580514162e-05,0.006830360688704433
939,12508,103,149,103,149,DepthHigh,DepthMid,DepthHigh--DepthMid,5,0.11292395374586663,9.938647656281813e-05,0.006828423925239491
940,14218,136,143,136,143,DepthMid,DepthLow,DepthLow--DepthMid,1,0.0157963684825478,9.937430018983813e-05,0.006827587338216238
941,10757,81,147,81,147,DepthHigh,DepthMid,DepthHigh--DepthMid,5,0.10573973755804114,9.934972876087345e-05,0.006825899139386555
942,14444,143,145,143,145,DepthLow,DepthMid,DepthLow--DepthMid,3,0.07763641431208716,9.934563778110442e-05,0.006825618065491005
943,12132,98,128,98,128,DepthHigh,DepthHigh,DepthHigh--DepthHigh,8,0.17145815151216848,9.932589040988523e-05,0.006824261307240213
944,6296,41,106,41,106,DepthMid,DepthLow,DepthLow--DepthMid,9,0.189406979993397,9.929829210052722e-05,0.0068223651442768625
945,5953,38,159,38,159,DepthMid,DepthHigh,DepthHigh--DepthMid,10,0.26362334685648764,9.928195317240318e-05,0.0068212425657171475
946,9134,65,100,65,100,DepthHigh,DepthHigh,DepthHigh--DepthHigh,10,0.27902768105123,9.92782753238148e-05,0.006820989876315503
947,1317,7,142,7,142,DepthMid,DepthHigh,DepthHigh--DepthMid,7,0.15074874324838833,9.927092525969651e-05,0.006820484884535805
948,10742,81,132,81,132,DepthHigh,DepthMid,DepthHigh--DepthMid,10,0.2535466393944844,9.926307794049881e-05,0.0068199457284653636
949,13851,127,136,127,136,DepthMid,DepthMid,DepthMid--DepthMid,10,0.324106977403216,9.924963522089497e-05,0.00681902213612828
950,6626,44,49,44,49,DepthHigh,DepthHigh,DepthHigh--DepthHigh,10,0.22808607520952237,9.922219453075711e-05,0.0068171368025140636
951,6497,43,48,43,48,DepthMid,DepthHigh,DepthHigh--DepthMid,8,0.16697761648007814,9.920859800583118e-05,0.00681620264286463
952,8939,63,120,63,120,DepthHigh,DepthMid,DepthHigh--DepthMid,9,0.1933929724503354,9.919239289600377e-05,0.006815089258393387
953,8938,63,119,63,119,DepthHigh,DepthMid,DepthHigh--DepthMid,9,0.20130943301039875,9.918422689663526e-05,0.006814528207157949
954,7861,54,59,54,59,DepthMid,DepthMid,DepthMid--DepthMid,10,0.29393124206252075,9.91571812602445e-05,0.006812670016013731
955,6363,42,43,42,43,DepthMid,DepthMid,DepthMid--DepthMid,10,0.7423808612793452,9.9148719301708e-05,0.0068120886306771815
956,2316,13,172,13,172,DepthMid,DepthLow,DepthLow--DepthMid,4,0.09963068827550135,9.914424229760614e-05,0.006811781034684448
957,12703,106,143,106,143,DepthLow,DepthLow,DepthLow--DepthLow,9,0.21579608377322554,9.913429257222865e-05,0.006811097431188612
958,7317,49,115,49,115,DepthHigh,DepthMid,DepthHigh--DepthMid,7,0.14828371091819847,9.907916421567722e-05,0.006807309795266163
959,5458,35,69,35,69,DepthMid,DepthLow,DepthLow--DepthMid,10,0.23344187819025392,9.907572383582785e-05,0.006807073421335948
960,6136,40,77,40,77,DepthMid,DepthLow,DepthLow--DepthMid,6,0.12650450460904686,9.903451721699113e-05,0.0068042422890564475
961,10149,75,100,75,100,DepthMid,DepthHigh,DepthHigh--DepthMid,10,0.22448128944712475,9.899895693583896e-05,0.006801799092728281
962,4900,31,65,31,65,DepthMid,DepthHigh,DepthHigh--DepthMid,10,0.30956153539821146,9.898880270476862e-05,0.006801101438512323
963,13670,123,141,123,141,DepthMid,DepthLow,DepthLow--DepthMid,9,0.18867638206584741,9.898644655400859e-05,0.006800939557371371
964,2414,14,112,14,112,DepthMid,DepthMid,DepthMid--DepthMid,6,0.12922053657617558,9.898564329387913e-05,0.006800884368769502
965,10874,83,85,83,85,DepthLow,DepthLow,DepthLow--DepthLow,9,0.1840801733545354,9.898299060742612e-05,0.006800702113916847
966,5216,33,102,33,102,DepthHigh,DepthHigh,DepthHigh--DepthHigh,2,0.06583738657419368,9.897202080614572e-05,0.006799948425325514
967,5892,38,98,38,98,DepthMid,DepthHigh,DepthHigh--DepthMid,9,0.18443648167055327,9.896589776057587e-05,0.006799527736794131
968,9933,73,79,73,79,DepthMid,DepthHigh,DepthHigh--DepthMid,3,0.07951209112510507,9.894606186308067e-05,0.0067981648962778035
969,12325,101,105,101,105,DepthHigh,DepthLow,DepthHigh--DepthLow,6,0.1343830201267951,9.893721144669443e-05,0.0067975568216474295
970,5491,35,102,35,102,DepthMid,DepthHigh,DepthHigh--DepthMid,10,0.2345953600464635,9.889182958715343e-05,0.006794438826260344
971,2721,16,106,16,106,DepthMid,DepthLow,DepthLow--DepthMid,8,0.17169465148381724,9.888638024676161e-05,0.006794064425158753
972,12438,102,148,102,148,DepthHigh,DepthHigh,DepthHigh--DepthHigh,10,0.22920644027722797,9.887821937525857e-05,0.006793503726237236
973,8632,60,143,60,143,DepthMid,DepthLow,DepthLow--DepthMid,2,0.05740856590354419,9.886913454788072e-05,0.006792879546220306
974,14189,135,150,135,150,DepthHigh,DepthMid,DepthHigh--DepthMid,6,0.1325598673231748,9.884737529399462e-05,0.006791384560031342
975,14593,148,164,148,164,DepthHigh,DepthLow,DepthHigh--DepthLow,4,0.09609930056274783,9.880376881215852e-05,0.006788388543328034
976,8612,60,123,60,123,DepthMid,DepthMid,DepthMid--DepthMid,10,0.22758312657329718,9.878724850861888e-05,0.006787253503231598
977,6234,41,44,41,44,DepthMid,DepthHigh,DepthHigh--DepthMid,9,0.21930139988477454,9.877834836469355e-05,0.006786642012032598
978,9604,69,152,69,152,DepthLow,DepthLow,DepthLow--DepthLow,9,0.20757063649702157,9.877010054733481e-05,0.006786075339429532
979,8129,56,94,56,94,DepthLow,DepthHigh,DepthHigh--DepthLow,6,0.12273076852027906,9.876165979930708e-05,0.006785495411377217
980,3564,22,34,22,34,DepthMid,DepthMid,DepthMid--DepthMid,10,0.3071304269001207,9.875337818252635e-05,0.006784926416558998
981,4726,30,32,30,32,DepthMid,DepthHigh,DepthHigh--DepthMid,2,0.06628450632029072,9.873650983084955e-05,0.006783767463548964
982,7322,49,120,49,120,DepthHigh,DepthMid,DepthHigh--DepthMid,8,0.15853598873345562,9.873540096259696e-05,0.006783691277907136
983,6103,40,44,40,44,DepthMid,DepthHigh,DepthHigh--DepthMid,10,0.2465228686131723,9.870155985525672e-05,0.006781366198731273
984,4523,28,114,28,114,DepthMid,DepthMid,DepthMid--DepthMid,9,0.21404310792321538,9.869521467852535e-05,0.006780930248508458
985,9344,67,99,67,99,DepthLow,DepthHigh,DepthHigh--DepthLow,8,0.1662580143532582,9.86902755181196e-05,0.006780590899713212
986,791,4,114,4,114,DepthLow,DepthMid,DepthLow--DepthMid,8,0.17472913561788225,9.868439075298922e-05,0.006780186582421762
987,7525,51,80,51,80,DepthHigh,DepthLow,DepthHigh--DepthLow,8,0.17373076979446453,9.868010430209597e-05,0.006779892078533043
988,8690,61,90,61,90,DepthLow,DepthLow,DepthLow--DepthLow,8,0.17722104430023894,9.864346498003823e-05,0.006777374745873751
989,6440,42,120,42,120,DepthMid,DepthMid,DepthMid--DepthMid,10,0.36154422512648615,9.864134642659208e-05,0.006777229189038063
990,3355,20,126,20,126,DepthHigh,DepthMid,DepthHigh--DepthMid,8,0.15872185505635872,9.864110069883571e-05,0.0067772123061245245
991,12104,98,100,98,100,DepthHigh,DepthHigh,DepthHigh--DepthHigh,10,0.8000719827182289,9.863653739745154e-05,0.006776898781010975
992,3759,23,80,23,80,DepthHigh,DepthLow,DepthHigh--DepthLow,9,0.20956433009651174,9.86293942468595e-05,0.006776408005383433
993,14326,139,149,139,149,DepthHigh,DepthMid,DepthHigh--DepthMid,9,0.20461537530806018,9.862633367781701e-05,0.006776197726645346
994,14548,146,168,146,168,DepthMid,DepthLow,DepthLow--DepthMid,7,0.13767275248793423,9.857497878829685e-05,0.006772669349662831
995,4338,27,73,27,73,DepthHigh,DepthMid,DepthHigh--DepthMid,7,0.14270999096073197,9.857035624473434e-05,0.006772351754270083
996,6531,43,82,43,82,DepthMid,DepthLow,DepthLow--DepthMid,8,0.1618260438408452,9.855954955931475e-05,0.006771609272678788
997,2487,15,28,15,28,DepthMid,DepthMid,DepthMid--DepthMid,8,0.16235720983228327,9.854716766642732e-05,0.006770758565253026
998,5862,38,68,38,68,DepthMid,DepthLow,DepthLow--DepthMid,10,0.28085796957854353,9.849793405284668e-05,0.006767375932157188
999,7868,54,66,54,66,DepthMid,DepthHigh,DepthHigh--DepthMid,9,0.1945173649061941,9.84901326322197e-05,0.006766839929583172
1000,5647,36,122,36,122,DepthLow,DepthLow,DepthLow--DepthLow,9,0.18781271508626954,9.84899521799082e-05,0.006766827531469024
1001,14152,134,150,134,150,DepthHigh,DepthMid,DepthHigh--DepthMid,5,0.11580044461315764,9.848781716652539e-05,0.006766680843740792
1002,9185,65,151,65,151,DepthHigh,DepthMid,DepthHigh--DepthMid,10,0.2369392795858159,9.845765916082615e-05,0.006764608814881574
1003,9102,65,68,65,68,DepthHigh,DepthLow,DepthHigh--DepthLow,10,0.2927934551023869,9.845552661422577e-05,0.006764462296635517
1004,6051,39,124,39,124,DepthLow,DepthLow,DepthLow--DepthLow,9,0.19593642614094028,9.843508094334385e-05,0.006763057561172042
1005,11289,87,154,87,154,DepthHigh,DepthHigh,DepthHigh--DepthHigh,9,0.2004800315162913,9.842313189351123e-05,0.006762236592559583
1006,6182,40,123,40,123,DepthMid,DepthMid,DepthMid--DepthMid,10,0.29136915002902686,9.840948330620402e-05,0.006761298855924404
1007,1577,9,75,9,75,DepthMid,DepthMid,DepthMid--DepthMid,5,0.11465990149810525,9.839551518029202e-05,0.0067603391651448646
1008,1303,7,128,7,128,DepthMid,DepthHigh,DepthHigh--DepthMid,5,0.10415873702849796,9.839213828137462e-05,0.006760107152720659
1009,5401,34,149,34,149,DepthMid,DepthMid,DepthMid--DepthMid,8,0.16991502033388348,9.838860952410116e-05,0.006759864706751893
1010,140,0,141,0,141,DepthMid,DepthLow,DepthLow--DepthMid,8,0.1638633694111854,9.833396024359701e-05,0.006756109986115874
1011,6067,39,140,39,140,DepthLow,DepthLow,DepthLow--DepthLow,7,0.15335015406890104,9.832272651523187e-05,0.00675533816421222
1012,9550,69,98,69,98,DepthLow,DepthHigh,DepthHigh--DepthLow,8,0.1735416494280703,9.831040515169313e-05,0.006754491615501679
1013,3598,22,68,22,68,DepthMid,DepthLow,DepthLow--DepthMid,10,0.31722773459918385,9.828385142239046e-05,0.006752667221210368
1014,14222,136,147,136,147,DepthMid,DepthMid,DepthMid--DepthMid,10,0.40908791896353003,9.826713582364378e-05,0.006751518763207288
1015,8132,56,97,56,97,DepthLow,DepthHigh,DepthHigh--DepthLow,9,0.2017329763734851,9.825937984710635e-05,0.006750985882904218
1016,5889,38,95,38,95,DepthMid,DepthHigh,DepthHigh--DepthMid,7,0.14779867040419753,9.824579358376385e-05,0.0067500524282847274
1017,14141,134,139,134,139,DepthHigh,DepthHigh,DepthHigh--DepthHigh,10,0.5401428321671462,9.822023086360935e-05,0.0067482961220352855
1018,9085,64,158,64,158,DepthHigh,DepthLow,DepthHigh--DepthLow,5,0.10564989875373346,9.821755076224096e-05,0.006748111983619891
1019,10361,77,121,77,121,DepthLow,DepthMid,DepthLow--DepthMid,3,0.07659680056997657,9.819730814577773e-05,0.006746721199165633
1020,2224,13,80,13,80,DepthMid,DepthLow,DepthLow--DepthMid,8,0.1720932524014448,9.819570649499336e-05,0.006746611156522871
1021,11766,93,142,93,142,DepthHigh,DepthHigh,DepthHigh--DepthHigh,8,0.1640661900612152,9.818438425012573e-05,0.006745833253025179
1022,10760,81,150,81,150,DepthHigh,DepthMid,DepthHigh--DepthMid,8,0.1674831684212011,9.814765854230365e-05,0.0067433099851658415
1023,7455,50,131,50,131,DepthHigh,DepthLow,DepthHigh--DepthLow,7,0.1438707957211637,9.813756083018222e-05,0.006742616214127519
1024,11944,95,165,95,165,DepthHigh,DepthLow,DepthHigh--DepthLow,5,0.10627867652492132,9.811830363340512e-05,0.006741293133686866
1025,9051,64,124,64,124,DepthHigh,DepthLow,DepthHigh--DepthLow,8,0.16780644595679095,9.808522690230529e-05,0.006739020571565519
1026,8901,63,82,63,82,DepthHigh,DepthLow,DepthHigh--DepthLow,10,0.2545726378187062,9.807958777431504e-05,0.006738633130961748
1027,5887,38,93,38,93,DepthMid,DepthHigh,DepthHigh--DepthMid,7,0.15426015035818177,9.806293540148981e-05,0.006737489016943984
1028,8192,56,157,56,157,DepthLow,DepthLow,DepthLow--DepthLow,9,0.20349890070480273,9.803883387682526e-05,0.006735833103248822
1029,6381,42,61,42,61,DepthMid,DepthLow,DepthLow--DepthMid,9,0.18557165143110593,9.803815973177719e-05,0.006735786785597422
1030,13108,113,114,113,114,DepthMid,DepthMid,DepthMid--DepthMid,10,0.571833647592213,9.80304344686583e-05,0.006735256015483276
1031,11231,87,96,87,96,DepthHigh,DepthHigh,DepthHigh--DepthHigh,10,0.22814779925439274,9.80166918232786e-05,0.006734311816516252
1032,11780,93,156,93,156,DepthHigh,DepthLow,DepthHigh--DepthLow,7,0.13855451964640755,9.798799480542428e-05,0.006732340165944903
1033,1860,11,35,11,35,DepthMid,DepthMid,DepthMid--DepthMid,4,0.09526489388411628,9.798239535802075e-05,0.006731955451626207
1034,8116,56,81,56,81,DepthLow,DepthHigh,DepthHigh--DepthLow,9,0.20828686052357998,9.798020688169527e-05,0.006731805090685589
1035,10445,78,111,78,111,DepthLow,DepthHigh,DepthHigh--DepthLow,1,0.043163622568745626,9.796716438499404e-05,0.0067309089959692895
1036,13687,123,158,123,158,DepthMid,DepthLow,DepthLow--DepthMid,6,0.12466700738143018,9.794624063020699e-05,0.00672947141338527
1037,6397,42,77,42,77,DepthMid,DepthLow,DepthLow--DepthMid,6,0.13134247340142233,9.794386337730913e-05,0.00672930808240579
1038,12997,111,122,111,122,DepthHigh,DepthLow,DepthHigh--DepthLow,10,0.2335952951410692,9.790147629584936e-05,0.006726395845538453
1039,1763,10,99,10,99,DepthMid,DepthHigh,DepthHigh--DepthMid,6,0.12779791059706191,9.789825253083639e-05,0.006726174354296332
1040,10294,76,149,76,149,DepthHigh,DepthMid,DepthHigh--DepthMid,4,0.10037527174770479,9.789263883654229e-05,0.006725788661134119
1041,13127,113,133,113,133,DepthMid,DepthHigh,DepthHigh--DepthMid,9,0.2207566953600568,9.785217662632154e-05,0.006723008674018218
1042,10930,83,141,83,141,DepthLow,DepthLow,DepthLow--DepthLow,5,0.11911321448870418,9.784995111735538e-05,0.006722855768721683
1043,9240,66,100,66,100,DepthHigh,DepthHigh,DepthHigh--DepthHigh,10,0.25588682813162206,9.77995695895339e-05,0.006719394267299516
1044,10618,80,99,80,99,DepthLow,DepthHigh,DepthHigh--DepthLow,9,0.2003523872058434,9.777252882434531e-05,0.0067175364108349725
1045,9446,68,97,68,97,DepthLow,DepthHigh,DepthHigh--DepthLow,9,0.19822721989538986,9.775832662055797e-05,0.006716560637555885
1046,1706,10,42,10,42,DepthMid,DepthMid,DepthMid--DepthMid,9,0.18664566787010003,9.775797129499371e-05,0.006716536224641089
1047,14358,140,149,140,149,DepthLow,DepthMid,DepthLow--DepthMid,7,0.14232063816885865,9.77556920307139e-05,0.006716379626044595
1048,10959,83,170,83,170,DepthLow,DepthHigh,DepthHigh--DepthLow,9,0.19700651859655532,9.774293450384512e-05,0.0067155031103987
1049,9279,66,139,66,139,DepthHigh,DepthHigh,DepthHigh--DepthHigh,10,0.30215933394423267,9.773834093846911e-05,0.006715187505974432
1050,5869,38,75,38,75,DepthMid,DepthMid,DepthMid--DepthMid,10,0.4701753395629747,9.773442430681867e-05,0.006714918410799784
1051,14181,135,142,135,142,DepthHigh,DepthHigh,DepthHigh--DepthHigh,10,0.3615701021336213,9.771848076123569e-05,0.00671382299730011
1052,12624,105,130,105,130,DepthLow,DepthHigh,DepthHigh--DepthLow,5,0.11121723110354094,9.770067111019962e-05,0.006712599371597291
1053,12391,101,171,101,171,DepthHigh,DepthLow,DepthHigh--DepthLow,8,0.17095148166644836,9.767319920119831e-05,0.006710711893067172
1054,8689,61,89,61,89,DepthLow,DepthLow,DepthLow--DepthLow,8,0.16893507560443194,9.766350524454046e-05,0.006710045862356939
1055,8636,60,147,60,147,DepthMid,DepthMid,DepthMid--DepthMid,8,0.1656278865651585,9.765473343016247e-05,0.006709443188137689
1056,4792,30,98,30,98,DepthMid,DepthHigh,DepthHigh--DepthMid,9,0.20192037707280322,9.765462956490079e-05,0.006709436051995405
1057,13733,124,156,124,156,DepthLow,DepthLow,DepthLow--DepthLow,5,0.11900055213859256,9.7628332406806e-05,0.006707629285625267
1058,14412,141,172,141,172,DepthLow,DepthLow,DepthLow--DepthLow,9,0.18228967069621088,9.760870516391914e-05,0.006706280780883473
1059,6267,41,77,41,77,DepthMid,DepthLow,DepthLow--DepthMid,6,0.12552872165056392,9.760468522816823e-05,0.006706004588121553
1060,4791,30,97,30,97,DepthMid,DepthHigh,DepthHigh--DepthMid,8,0.17393589242957855,9.760255663764783e-05,0.006705858341680999
1061,10461,78,127,78,127,DepthLow,DepthMid,DepthLow--DepthMid,10,0.2643178974729085,9.758360477844728e-05,0.006704556239692194
1062,4503,28,94,28,94,DepthMid,DepthHigh,DepthHigh--DepthMid,6,0.1215257855243818,9.756619915249691e-05,0.006703360372842057
1063,14525,145,171,145,171,DepthMid,DepthLow,DepthLow--DepthMid,8,0.165570686708731,9.756592003363907e-05,0.0067033411957673405
1064,7607,51,162,51,162,DepthHigh,DepthMid,DepthHigh--DepthMid,9,0.2119446180296778,9.756567151085817e-05,0.006703324120819503
1065,8173,56,138,56,138,DepthLow,DepthLow,DepthLow--DepthLow,10,0.23144224430857102,9.755895052000125e-05,0.00670286234999961
1066,6220,40,161,40,161,DepthMid,DepthHigh,DepthHigh--DepthMid,8,0.1727957625444296,9.753294433511816e-05,0.006701075575166641
1067,9207,66,67,66,67,DepthHigh,DepthLow,DepthHigh--DepthLow,8,0.16557985988446916,9.752915656911101e-05,0.006700815333804628
1068,9929,73,75,73,75,DepthMid,DepthMid,DepthMid--DepthMid,7,0.14524684814449368,9.751270609620157e-05,0.006699685091475075
1069,6110,40,51,40,51,DepthMid,DepthHigh,DepthHigh--DepthMid,10,0.29219814094910873,9.751062717437733e-05,0.006699542257560299
1070,11227,87,92,87,92,DepthHigh,DepthHigh,DepthHigh--DepthHigh,9,0.21382959064630291,9.747629170724235e-05,0.00669718321301644
1071,2896,17,126,17,126,DepthHigh,DepthMid,DepthHigh--DepthMid,7,0.14060431433430692,9.746390273083553e-05,0.006696332018912059
1072,13703,124,126,124,126,DepthLow,DepthMid,DepthLow--DepthMid,10,0.7955175955109175,9.744858139052893e-05,0.006695279354502026
1073,9158,65,124,65,124,DepthHigh,DepthLow,DepthHigh--DepthLow,8,0.16050587622940213,9.742306433713323e-05,0.006693526185822193
1074,6461,42,141,42,141,DepthMid,DepthLow,DepthLow--DepthMid,9,0.2080916721453872,9.739581012798489e-05,0.0066916536645270615
1075,7195,48,116,48,116,DepthHigh,DepthMid,DepthHigh--DepthMid,5,0.1172879284885438,9.731161574808657e-05,0.006685869025228524
1076,10000,73,146,73,146,DepthMid,DepthMid,DepthMid--DepthMid,8,0.17662284622213895,9.730952506766823e-05,0.006685725383430542
1077,3398,20,169,20,169,DepthHigh,DepthLow,DepthHigh--DepthLow,8,0.16808872633294103,9.730331165495445e-05,0.006685298486155384
1078,10483,78,149,78,149,DepthLow,DepthMid,DepthLow--DepthMid,9,0.19264047563926218,9.730076362118689e-05,0.006685123421545566
1079,5214,33,100,33,100,DepthHigh,DepthHigh,DepthHigh--DepthHigh,2,0.044599492073832805,9.729284415638984e-05,0.006684579308656514
1080,9074,64,147,64,147,DepthHigh,DepthMid,DepthHigh--DepthMid,4,0.08861008687554922,9.726480908872977e-05,0.0066826531378798015
1081,7371,49,169,49,169,DepthHigh,DepthLow,DepthHigh--DepthLow,3,0.07624416255669321,9.724541162481917e-05,0.006681320420278404
1082,11789,93,165,93,165,DepthHigh,DepthLow,DepthHigh--DepthLow,6,0.1353681634874384,9.723795015046875e-05,0.006680807773973454
1083,1132,6,122,6,122,DepthLow,DepthLow,DepthLow--DepthLow,9,0.18230440674823684,9.722794049562732e-05,0.006680120052977938
1084,13596,121,166,121,166,DepthMid,DepthHigh,DepthHigh--DepthMid,7,0.14909723420273033,9.718531035067657e-05,0.006677191116247455
1085,9448,68,99,68,99,DepthLow,DepthHigh,DepthHigh--DepthLow,9,0.2051545072031478,9.715272442044344e-05,0.006674952274975227
1086,12718,106,158,106,158,DepthLow,DepthLow,DepthLow--DepthLow,7,0.14098132581499848,9.715014325000385e-05,0.006674774933685
1087,14724,154,172,154,172,DepthHigh,DepthLow,DepthHigh--DepthLow,4,0.10076632813744023,9.713878615486208e-05,0.006673994635772554
1088,12295,100,146,100,146,DepthHigh,DepthMid,DepthHigh--DepthMid,7,0.14894351464963387,9.713319840052434e-05,0.006673610724834893
1089,14563,147,158,147,158,DepthMid,DepthLow,DepthLow--DepthMid,1,0.04339732637551491,9.712854546985854e-05,0.006673291041672961
1090,9237,66,97,66,97,DepthHigh,DepthHigh,DepthHigh--DepthHigh,8,0.1568095670093877,9.712554586149194e-05,0.006673084951284759
1091,14353,140,144,140,144,DepthLow,DepthHigh,DepthHigh--DepthLow,9,0.19694153368447395,9.710441011511426e-05,0.006671632803656284
1092,3646,22,116,22,116,DepthMid,DepthMid,DepthMid--DepthMid,3,0.08237936965003834,9.70895177683375e-05,0.006670609613574995
1093,13311,116,146,116,146,DepthMid,DepthMid,DepthMid--DepthMid,6,0.12197208353843261,9.706857997178082e-05,0.006669171066240448
1094,11245,87,110,87,110,DepthHigh,DepthLow,DepthHigh--DepthLow,6,0.12921607647326833,9.70565291759176e-05,0.006668343107089098
1095,5308,34,56,34,56,DepthMid,DepthLow,DepthLow--DepthMid,9,0.21957284478090297,9.705063939025517e-05,0.006667938444858151
1096,9424,68,75,68,75,DepthLow,DepthMid,DepthLow--DepthMid,9,0.18954718552530217,9.703867881742786e-05,0.0066671166845495245
1097,10789,82,89,82,89,DepthLow,DepthLow,DepthLow--DepthLow,2,0.0569342482872106,9.703515128745092e-05,0.006666874322903106
1098,10925,83,136,83,136,DepthLow,DepthMid,DepthLow--DepthMid,7,0.1406427434456556,9.698541284006024e-05,0.006663457004814038
1099,14622,149,170,149,170,DepthMid,DepthHigh,DepthHigh--DepthMid,9,0.21623715966599702,9.69760241465318e-05,0.006662811947440706
1100,2796,17,26,17,26,DepthHigh,DepthHigh,DepthHigh--DepthHigh,4,0.09228934176586008,9.697185158836943e-05,0.006662525268639217
1101,8964,63,145,63,145,DepthHigh,DepthMid,DepthHigh--DepthMid,7,0.14166101720765736,9.696985265713656e-05,0.00666238793053923
1102,13927,128,168,128,168,DepthHigh,DepthLow,DepthHigh--DepthLow,5,0.11862425119042384,9.695850437707803e-05,0.006661608238273824
1103,7321,49,119,49,119,DepthHigh,DepthMid,DepthHigh--DepthMid,8,0.17795157956062743,9.69541232002896e-05,0.006661307226169991
1104,12327,101,107,101,107,DepthHigh,DepthLow,DepthHigh--DepthLow,7,0.14641903877208925,9.695411836466388e-05,0.006661306893934625
1105,5749,37,89,37,89,DepthMid,DepthLow,DepthLow--DepthMid,2,0.06045729563668641,9.694178497684091e-05,0.006660459519086434
1106,13031,111,156,111,156,DepthHigh,DepthLow,DepthHigh--DepthLow,2,0.04457207290395066,9.693448436847334e-05,0.006659957925201934
1107,11362,88,143,88,143,DepthLow,DepthLow,DepthLow--DepthLow,4,0.08803326696068728,9.692692037810865e-05,0.006659438235455775
1108,10609,80,90,80,90,DepthLow,DepthLow,DepthLow--DepthLow,3,0.06933677689199548,9.692337719851657e-05,0.006659194798590572
1109,5688,36,163,36,163,DepthLow,DepthLow,DepthLow--DepthLow,5,0.11650925886763011,9.687422205173218e-05,0.006655817556616017
1110,10908,83,119,83,119,DepthLow,DepthMid,DepthLow--DepthMid,9,0.18766109933849248,9.681579697232326e-05,0.00665180341682691
1111,9507,68,158,68,158,DepthLow,DepthLow,DepthLow--DepthLow,8,0.17680423406804308,9.681140768987588e-05,0.0066515018478175755
1112,5179,33,65,33,65,DepthHigh,DepthHigh,DepthHigh--DepthHigh,3,0.08227151040413898,9.677645664657716e-05,0.006649100509642333
1113,2884,17,114,17,114,DepthHigh,DepthMid,DepthHigh--DepthMid,6,0.1320120698754912,9.673801875395369e-05,0.006646459604816012
1114,3241,19,164,19,164,DepthHigh,DepthLow,DepthHigh--DepthLow,6,0.13444650679771766,9.673246683344153e-05,0.006646078155868757
1115,4647,29,95,29,95,DepthHigh,DepthHigh,DepthHigh--DepthHigh,6,0.12090567635247101,9.67092934510472e-05,0.006644486010898509
1116,7069,47,114,47,114,DepthHigh,DepthMid,DepthHigh--DepthMid,3,0.07210285476474894,9.670420436030842e-05,0.006644136361025003
1117,6767,45,63,45,63,DepthHigh,DepthHigh,DepthHigh--DepthHigh,9,0.1961504312488722,9.666071503256579e-05,0.006641148393483336
1118,6426,42,106,42,106,DepthMid,DepthLow,DepthLow--DepthMid,8,0.17413559686612645,9.661996892978609e-05,0.00663834890131193
1119,5886,38,92,38,92,DepthMid,DepthHigh,DepthHigh--DepthMid,7,0.14347706151206935,9.66145734584816e-05,0.006637978201327207
1120,13718,124,141,124,141,DepthLow,DepthLow,DepthLow--DepthLow,9,0.18589852941499313,9.661365663493388e-05,0.006637915210263785
1121,5563,36,38,36,38,DepthLow,DepthMid,DepthLow--DepthMid,9,0.21054186927789112,9.660646640527007e-05,0.006637421200032591
1122,6122,40,63,40,63,DepthMid,DepthHigh,DepthHigh--DepthMid,8,0.16451982344592855,9.65793124834888e-05,0.006635555569057756
1123,2571,15,112,15,112,DepthMid,DepthMid,DepthMid--DepthMid,7,0.1495812603199154,9.656888614617203e-05,0.006634839219573916
1124,6768,45,64,45,64,DepthHigh,DepthHigh,DepthHigh--DepthHigh,9,0.20788202876705197,9.654794604373635e-05,0.006633400513812188
1125,5651,36,126,36,126,DepthLow,DepthMid,DepthLow--DepthMid,9,0.2193438344902645,9.651293533512237e-05,0.006630995076285805
1126,4731,30,37,30,37,DepthMid,DepthMid,DepthMid--DepthMid,10,0.5562370214407926,9.651289393532389e-05,0.00663099223188097
1127,5876,38,82,38,82,DepthMid,DepthLow,DepthLow--DepthMid,10,0.3085056281522677,9.651029576525007e-05,0.006630813722617864
1128,7483,50,159,50,159,DepthHigh,DepthHigh,DepthHigh--DepthHigh,5,0.11286751902008396,9.650188560064469e-05,0.006630235895822985
1129,7085,47,130,47,130,DepthHigh,DepthHigh,DepthHigh--DepthHigh,7,0.14490615314970573,9.649887383673376e-05,0.006630028970278808
1130,7920,54,118,54,118,DepthMid,DepthMid,DepthMid--DepthMid,8,0.16562069743661878,9.648626583677625e-05,0.006629162727993775
1131,2136,12,151,12,151,DepthMid,DepthMid,DepthMid--DepthMid,7,0.14319591988927552,9.648578548023208e-05,0.006629129724729827
1132,10825,82,125,82,125,DepthLow,DepthMid,DepthLow--DepthMid,10,0.24363091108704799,9.648053357255757e-05,0.00662876888839416
1133,14232,136,157,136,157,DepthMid,DepthLow,DepthLow--DepthMid,2,0.051447279971530264,9.647627333292547e-05,0.006628476185370195
1134,9239,66,99,66,99,DepthHigh,DepthHigh,DepthHigh--DepthHigh,8,0.16852225627060094,9.645376309858318e-05,0.006626929602494319
1135,4554,28,145,28,145,DepthMid,DepthMid,DepthMid--DepthMid,10,0.22522042983343002,9.644535798728409e-05,0.006626352122890717
1136,2664,16,49,16,49,DepthMid,DepthHigh,DepthHigh--DepthMid,6,0.1271902990698995,9.644441626748247e-05,0.006626287421311119
1137,8799,62,89,62,89,DepthLow,DepthLow,DepthLow--DepthLow,8,0.18028843117070265,9.644422289303531e-05,0.006626274135371753
1138,10835,82,135,82,135,DepthLow,DepthHigh,DepthHigh--DepthLow,10,0.2288447321079515,9.64261016651612e-05,0.0066250291025438494
1139,3907,24,80,24,80,DepthHigh,DepthLow,DepthHigh--DepthLow,2,0.04726251102781569,9.642404944357224e-05,0.006624888103089169
1140,13810,126,140,126,140,DepthMid,DepthLow,DepthLow--DepthMid,8,0.17029095127440166,9.642108751796864e-05,0.006624684601724035
1141,13362,117,142,117,142,DepthMid,DepthHigh,DepthHigh--DepthMid,5,0.11869758793074417,9.639818013925767e-05,0.0066231107327404054
1142,12198,99,121,99,121,DepthHigh,DepthMid,DepthHigh--DepthMid,3,0.076057433752258,9.635746231168481e-05,0.006620313183238723
1143,7862,54,60,54,60,DepthMid,DepthMid,DepthMid--DepthMid,10,0.27878885263926434,9.635314681686158e-05,0.006620016683864569
1144,1172,6,162,6,162,DepthLow,DepthMid,DepthLow--DepthMid,4,0.09526083687314926,9.63452368838206e-05,0.006619473225862112
1145,6006,39,79,39,79,DepthLow,DepthHigh,DepthHigh--DepthLow,1,0.020800242996585557,9.633756930451397e-05,0.006618946418958428
1146,9489,68,140,68,140,DepthLow,DepthLow,DepthLow--DepthLow,10,0.2277770940183432,9.632404628491348e-05,0.0066180173095486275
1147,14596,148,167,148,167,DepthHigh,DepthLow,DepthHigh--DepthLow,5,0.11632818596926893,9.63138159225508e-05,0.006617314424673973
1148,13811,126,141,126,141,DepthMid,DepthLow,DepthLow--DepthMid,9,0.1885723463445927,9.630047568880338e-05,0.00661639787370608
1149,3879,24,52,24,52,DepthHigh,DepthHigh,DepthHigh--DepthHigh,8,0.1733372978208672,9.62639933232256e-05,0.00661389132486185
1150,11640,92,95,92,95,DepthHigh,DepthHigh,DepthHigh--DepthHigh,10,0.7535561012375043,9.62479780033427e-05,0.006612790980053976
1151,13133,113,139,113,139,DepthMid,DepthHigh,DepthHigh--DepthMid,10,0.294720756814544,9.624231291835019e-05,0.006612401756054502
1152,12068,97,138,97,138,DepthHigh,DepthLow,DepthHigh--DepthLow,6,0.13626260800157547,9.623194786244723e-05,0.006611689616957092
1153,8407,58,143,58,143,DepthMid,DepthLow,DepthLow--DepthMid,3,0.07624934827832006,9.62099957853324e-05,0.006610181382700646
1154,4644,29,92,29,92,DepthHigh,DepthHigh,DepthHigh--DepthHigh,8,0.1768809352157464,9.619973258204023e-05,0.006609476241464799
1155,8894,63,75,63,75,DepthHigh,DepthMid,DepthHigh--DepthMid,9,0.20575788558036337,9.618018265244074e-05,0.0066081330485915765
1156,3851,23,172,23,172,DepthHigh,DepthLow,DepthHigh--DepthLow,5,0.11102361507649344,9.61451902100979e-05,0.006605728866063329
1157,4660,29,108,29,108,DepthHigh,DepthLow,DepthHigh--DepthLow,9,0.18988430095033557,9.612452174961721e-05,0.006604308823669986
1158,8525,59,148,59,148,DepthMid,DepthHigh,DepthHigh--DepthMid,6,0.12097289828624254,9.612393630551184e-05,0.006604268600284731
1159,9727,71,72,71,72,DepthLow,DepthMid,DepthLow--DepthMid,10,0.3064026721872011,9.607654537475034e-05,0.006601012570122049
1160,14529,146,149,146,149,DepthMid,DepthMid,DepthMid--DepthMid,9,0.19421109862189437,9.607429150710023e-05,0.006600857716420432
1161,4165,26,45,26,45,DepthHigh,DepthHigh,DepthHigh--DepthHigh,5,0.11427325702337791,9.606807031206811e-05,0.006600430284455138
1162,10030,74,78,74,78,DepthMid,DepthLow,DepthLow--DepthMid,8,0.16126697130618425,9.606443405222517e-05,0.006600180452440073
1163,6252,41,62,41,62,DepthMid,DepthLow,DepthLow--DepthMid,7,0.154469443563513,9.604648244881013e-05,0.006598947073790431
1164,4088,25,114,25,114,DepthHigh,DepthMid,DepthHigh--DepthMid,10,0.23118995324533728,9.601050136983063e-05,0.006596474966225533
1165,11994,96,139,96,139,DepthHigh,DepthHigh,DepthHigh--DepthHigh,9,0.1963379105236469,9.600788492978844e-05,0.006596295201710269
1166,14760,157,160,157,160,DepthLow,DepthMid,DepthLow--DepthMid,4,0.10009885171176189,9.599511113236316e-05,0.00659541756818334
1167,8840,62,130,62,130,DepthLow,DepthHigh,DepthHigh--DepthLow,8,0.15684003433098548,9.597205968220056e-05,0.006593833800660379
1168,1710,10,46,10,46,DepthMid,DepthMid,DepthMid--DepthMid,7,0.15408310625481159,9.595393729283323e-05,0.006592588688031195
1169,14322,139,145,139,145,DepthHigh,DepthMid,DepthHigh--DepthMid,10,0.2745417576290515,9.595380918374342e-05,0.006592579886198147
1170,13836,126,166,126,166,DepthMid,DepthHigh,DepthHigh--DepthMid,6,0.12437778362558057,9.594005343494678e-05,0.006591634786950835
1171,1217,7,42,7,42,DepthMid,DepthMid,DepthMid--DepthMid,7,0.15336604858050584,9.592780887130585e-05,0.006590793514836042
1172,14561,147,156,147,156,DepthMid,DepthLow,DepthLow--DepthMid,5,0.10559464538936568,9.591990512342727e-05,0.006590250481789901
1173,10814,82,114,82,114,DepthLow,DepthMid,DepthLow--DepthMid,8,0.15654145157367338,9.591797326240857e-05,0.006590117751800303
1174,1890,11,65,11,65,DepthMid,DepthHigh,DepthHigh--DepthMid,6,0.134729023429665,9.590351386781716e-05,0.006589124308030214
1175,5117,32,142,32,142,DepthHigh,DepthHigh,DepthHigh--DepthHigh,8,0.1796455624725873,9.589969714127401e-05,0.006588862076912413
1176,14614,149,162,149,162,DepthMid,DepthMid,DepthMid--DepthMid,10,0.3458322843180204,9.58664119408739e-05,0.006586575191748265
1177,8439,59,62,59,62,DepthMid,DepthLow,DepthLow--DepthMid,6,0.12600165068110555,9.584275562892734e-05,0.006584949866733581
1178,6400,42,80,42,80,DepthMid,DepthLow,DepthLow--DepthMid,8,0.16801252086790752,9.581566664196447e-05,0.006583088697155134
1179,5072,32,97,32,97,DepthHigh,DepthHigh,DepthHigh--DepthHigh,8,0.15660976528406928,9.580248333089466e-05,0.006582182927679887
1180,5010,32,35,32,35,DepthHigh,DepthMid,DepthHigh--DepthMid,4,0.08840209460573066,9.57873679076708e-05,0.006581144410960595
1181,8412,58,148,58,148,DepthMid,DepthHigh,DepthHigh--DepthMid,4,0.09854402574025821,9.57644716399982e-05,0.006579571305369359
1182,2469,14,167,14,167,DepthMid,DepthLow,DepthLow--DepthMid,1,0.026424206069412183,9.573609270588769e-05,0.006577621508985034
1183,7617,51,172,51,172,DepthHigh,DepthLow,DepthHigh--DepthLow,7,0.14354377670327093,9.573215605198313e-05,0.006577351038166096
1184,14521,145,167,145,167,DepthMid,DepthLow,DepthLow--DepthMid,8,0.15965268601269733,9.57273154855368e-05,0.006577018463344279
1185,13750,125,126,125,126,DepthMid,DepthMid,DepthMid--DepthMid,10,0.7281409077609237,9.569586331103343e-05,0.006574857517627044
1186,12825,108,136,108,136,DepthLow,DepthMid,DepthLow--DepthMid,9,0.18579505200661253,9.568937903508646e-05,0.006574412010486179
1187,4669,29,117,29,117,DepthHigh,DepthMid,DepthHigh--DepthMid,5,0.11679395460602632,9.568194435071859e-05,0.006573901204807479
1188,3620,22,90,22,90,DepthMid,DepthLow,DepthLow--DepthMid,5,0.11184146831166576,9.568011577391222e-05,0.0065737755710387254
1189,8131,56,96,56,96,DepthLow,DepthHigh,DepthHigh--DepthLow,9,0.19292870158321168,9.567954192339139e-05,0.006573736144199567
1190,13045,111,170,111,170,DepthHigh,DepthHigh,DepthHigh--DepthHigh,10,0.23132182585778913,9.567885479058913e-05,0.006573688934214577
1191,14180,135,141,135,141,DepthHigh,DepthLow,DepthHigh--DepthLow,9,0.20794487781245333,9.567489006606465e-05,0.006573416534782218
1192,13577,121,147,121,147,DepthMid,DepthMid,DepthMid--DepthMid,2,0.0582377251055568,9.565538181603329e-05,0.006572076205535618
1193,12570,104,143,104,143,DepthLow,DepthLow,DepthLow--DepthLow,4,0.09622237747718093,9.56189620182495e-05,0.006569573955459552
1194,4507,28,98,28,98,DepthMid,DepthHigh,DepthHigh--DepthMid,6,0.1259540439008035,9.559222111762862e-05,0.0065677367014195945
1195,2019,12,34,12,34,DepthMid,DepthMid,DepthMid--DepthMid,5,0.10883713893075526,9.558978548080831e-05,0.006567569359128046
1196,12091,97,161,97,161,DepthHigh,DepthHigh,DepthHigh--DepthHigh,4,0.09145758023688834,9.557492288272638e-05,0.006566548212953599
1197,12347,101,127,101,127,DepthHigh,DepthMid,DepthHigh--DepthMid,10,0.2477910553076516,9.556643635976119e-05,0.006565965139899179
1198,9341,67,96,67,96,DepthLow,DepthHigh,DepthHigh--DepthLow,8,0.1587238019622233,9.55332723214254e-05,0.006563686579267375
1199,12635,105,141,105,141,DepthLow,DepthLow,DepthLow--DepthLow,4,0.10129454510724405,9.550651333594438e-05,0.006561848082693264
1200,1135,6,125,6,125,DepthLow,DepthMid,DepthLow--DepthMid,8,0.1620515249452578,9.54949945762548e-05,0.006561056677494351
1201,4509,28,100,28,100,DepthMid,DepthHigh,DepthHigh--DepthMid,6,0.13211104202078014,9.545962193985112e-05,0.00655862637344222
1202,7925,54,123,54,123,DepthMid,DepthMid,DepthMid--DepthMid,10,0.2728285918152592,9.544914511380413e-05,0.006557906555091535
1203,174,1,4,1,4,DepthLow,DepthLow,DepthLow--DepthLow,4,0.09172752817016154,9.54377455645918e-05,0.006557123340339685
1204,9160,65,126,65,126,DepthHigh,DepthMid,DepthHigh--DepthMid,8,0.16730851613831332,9.5431387807458e-05,0.006556686525770693
1205,14334,139,157,139,157,DepthHigh,DepthLow,DepthHigh--DepthLow,5,0.11118883805523891,9.541860620951126e-05,0.006555808356302969
1206,9363,67,118,67,118,DepthLow,DepthMid,DepthLow--DepthMid,5,0.11740196741962773,9.541425585987711e-05,0.006555509462202359
1207,11059,85,95,85,95,DepthLow,DepthHigh,DepthHigh--DepthLow,8,0.16143875839143348,9.540188138055492e-05,0.00655465926413127
1208,1590,9,88,9,88,DepthMid,DepthLow,DepthLow--DepthMid,6,0.1257231792749202,9.539124850106189e-05,0.006553928724009159
1209,7192,48,113,48,113,DepthHigh,DepthMid,DepthHigh--DepthMid,4,0.09542308797287748,9.538683316365108e-05,0.006553625364873624
1210,9710,70,156,70,156,DepthLow,DepthLow,DepthLow--DepthLow,9,0.2093021962836074,9.537748116327613e-05,0.00655298282853148
1211,1907,11,82,11,82,DepthMid,DepthLow,DepthLow--DepthMid,6,0.13351174689104142,9.535730564452575e-05,0.00655159665407693
1212,9089,64,162,64,162,DepthHigh,DepthMid,DepthHigh--DepthMid,7,0.13672800076636887,9.535473271766281e-05,0.006551419879167944
1213,12784,107,159,107,159,DepthLow,DepthHigh,DepthHigh--DepthLow,8,0.15873616438408117,9.534096177437243e-05,0.006550473735971312
1214,9610,69,158,69,158,DepthLow,DepthLow,DepthLow--DepthLow,5,0.11074047642076866,9.53324150346301e-05,0.0065498865256771385
1215,9615,69,163,69,163,DepthLow,DepthLow,DepthLow--DepthLow,8,0.17068254080823125,9.530902760290147e-05,0.006548279674283582
1216,7123,47,168,47,168,DepthHigh,DepthLow,DepthHigh--DepthLow,1,0.02894794634255291,9.527839215372503e-05,0.00654617484230491
1217,10259,76,114,76,114,DepthHigh,DepthMid,DepthHigh--DepthMid,9,0.20812618602569977,9.526923897027904e-05,0.006545545965832011
1218,5070,32,95,32,95,DepthHigh,DepthHigh,DepthHigh--DepthHigh,7,0.1515166189045175,9.524714351030054e-05,0.006544027880346196
1219,14118,133,154,133,154,DepthHigh,DepthHigh,DepthHigh--DepthHigh,9,0.19754530293229258,9.522200721047522e-05,0.006542300871631779
1220,1278,7,103,7,103,DepthMid,DepthHigh,DepthHigh--DepthMid,1,0.04174944364805658,9.519923561897723e-05,0.006540736332012524
1221,14058,132,133,132,133,DepthMid,DepthHigh,DepthHigh--DepthMid,10,0.23335561938110938,9.519347887072726e-05,0.006540340810218803
1222,14406,141,166,141,166,DepthLow,DepthHigh,DepthHigh--DepthLow,9,0.21375849512720504,9.515046137318039e-05,0.006537385260131793
1223,5608,36,83,36,83,DepthLow,DepthLow,DepthLow--DepthLow,9,0.2155746267577198,9.514578644214287e-05,0.006537064065417486
1224,8682,61,82,61,82,DepthLow,DepthLow,DepthLow--DepthLow,8,0.16742801498952872,9.512013835725875e-05,0.006535301894118974
1225,3978,24,151,24,151,DepthHigh,DepthMid,DepthHigh--DepthMid,3,0.08154080270930078,9.511927719966312e-05,0.006535242727627387
1226,2222,13,78,13,78,DepthMid,DepthLow,DepthLow--DepthMid,6,0.13043278238834238,9.511904060677155e-05,0.006535226472331725
1227,6087,39,160,39,160,DepthLow,DepthMid,DepthLow--DepthMid,3,0.07913079753899173,9.511850829116078e-05,0.006535189899180346
1228,9431,68,82,68,82,DepthLow,DepthLow,DepthLow--DepthLow,10,0.33505196442803636,9.510757705249817e-05,0.006534438860063177
1229,14106,133,142,133,142,DepthHigh,DepthHigh,DepthHigh--DepthHigh,10,0.403865603745304,9.509939239453847e-05,0.006533876526874953
1230,5888,38,94,38,94,DepthMid,DepthHigh,DepthHigh--DepthMid,8,0.16337665123199122,9.50943328138813e-05,0.006533528904514185
1231,8759,61,159,61,159,DepthLow,DepthHigh,DepthHigh--DepthLow,7,0.1533247465227353,9.508820093845902e-05,0.006533107609321035
1232,11230,87,95,87,95,DepthHigh,DepthHigh,DepthHigh--DepthHigh,9,0.20420661845092486,9.508721404892411e-05,0.006533039804320347
1233,14876,170,172,170,172,DepthHigh,DepthLow,DepthHigh--DepthLow,9,0.21172956756549743,9.508583045720958e-05,0.0065329447435928415
1234,1113,6,103,6,103,DepthLow,DepthHigh,DepthHigh--DepthLow,3,0.08566373448972606,9.507807643133025e-05,0.006532411997311229
1235,4547,28,138,28,138,DepthMid,DepthLow,DepthLow--DepthMid,5,0.11184443019830068,9.506042969832248e-05,0.006531199565016215
1236,13831,126,161,126,161,DepthMid,DepthHigh,DepthHigh--DepthMid,7,0.14150821061033111,9.505606185114545e-05,0.006530899468733532
1237,4815,30,121,30,121,DepthMid,DepthMid,DepthMid--DepthMid,2,0.05483867565878559,9.504171678457649e-05,0.006529913879957711
1238,4852,30,158,30,158,DepthMid,DepthLow,DepthLow--DepthMid,6,0.1289196705312115,9.502622895060546e-05,0.0065288497764730575
1239,4793,30,99,30,99,DepthMid,DepthHigh,DepthHigh--DepthMid,9,0.1825106486589808,9.501410771238505e-05,0.0065280169775256535
1240,11861,94,159,94,159,DepthHigh,DepthHigh,DepthHigh--DepthHigh,5,0.11196379893998804,9.501310858435492e-05,0.006527948331669786
1241,9238,66,98,66,98,DepthHigh,DepthHigh,DepthHigh--DepthHigh,9,0.2012967678652516,9.500981848274145e-05,0.006527722282720765
1242,7120,47,165,47,165,DepthHigh,DepthLow,DepthHigh--DepthLow,5,0.11064808687662127,9.500133716841838e-05,0.006527139567530087
1243,14147,134,145,134,145,DepthHigh,DepthMid,DepthHigh--DepthMid,10,0.3075745402725295,9.499952429415187e-05,0.0065270150126163495
1244,6364,42,44,42,44,DepthMid,DepthHigh,DepthHigh--DepthMid,10,0.23441360557788432,9.49703117846673e-05,0.006525007944798078
1245,1213,7,38,7,38,DepthMid,DepthMid,DepthMid--DepthMid,2,0.057201035762943185,9.493938410428987e-05,0.00652288303485112
1246,13131,113,137,113,137,DepthMid,DepthLow,DepthLow--DepthMid,8,0.18025973590833821,9.492634269156216e-05,0.006521987014610051
1247,3611,22,81,22,81,DepthMid,DepthHigh,DepthHigh--DepthMid,10,0.22373686450098174,9.491440263799577e-05,0.006521166664092948
1248,993,5,149,5,149,DepthLow,DepthMid,DepthLow--DepthMid,4,0.08880208860411223,9.490410643983034e-05,0.0065204592559190856
1249,9456,68,107,68,107,DepthLow,DepthLow,DepthLow--DepthLow,10,0.24197064571667146,9.490172304987943e-05,0.0065202955032886796
1250,3812,23,133,23,133,DepthHigh,DepthHigh,DepthHigh--DepthHigh,4,0.09471853858097178,9.489334993628613e-05,0.006519720222111938
1251,14269,137,159,137,159,DepthLow,DepthHigh,DepthHigh--DepthLow,9,0.19580965484038856,9.488765145046039e-05,0.006519328703282659
1252,3226,19,149,19,149,DepthHigh,DepthMid,DepthHigh--DepthMid,3,0.06956091563430424,9.488753017951092e-05,0.006519320371269276
1253,9021,64,94,64,94,DepthHigh,DepthHigh,DepthHigh--DepthHigh,8,0.15958065644865915,9.488334339583963e-05,0.006519032715093309
1254,6096,39,169,39,169,DepthLow,DepthLow,DepthLow--DepthLow,8,0.17616115685315395,9.487719530652194e-05,0.006518610305912068
1255,9686,70,132,70,132,DepthLow,DepthMid,DepthLow--DepthMid,10,0.3054416357143282,9.480145013753086e-05,0.006513406176114458
1256,4528,28,119,28,119,DepthMid,DepthMid,DepthMid--DepthMid,10,0.22321654780967473,9.479162204900071e-05,0.006512730929771297
1257,2434,14,132,14,132,DepthMid,DepthMid,DepthMid--DepthMid,7,0.15216476058424475,9.47889724198124e-05,0.006512548884970352
1258,14644,150,170,150,170,DepthMid,DepthHigh,DepthHigh--DepthMid,7,0.15054314516657505,9.476540152469863e-05,0.0065109294285845285
1259,9128,65,94,65,94,DepthHigh,DepthHigh,DepthHigh--DepthHigh,8,0.1791820846183014,9.473842323170318e-05,0.006509075864319819
1260,12813,108,124,108,124,DepthLow,DepthLow,DepthLow--DepthLow,2,0.06294476102174532,9.472841821198489e-05,0.0065083884617839855
1261,14569,147,164,147,164,DepthMid,DepthLow,DepthLow--DepthMid,8,0.16158777160684398,9.472446107123795e-05,0.0065081165834008645
1262,8496,59,119,59,119,DepthMid,DepthMid,DepthMid--DepthMid,10,0.2828944682883143,9.468530659510769e-05,0.006505426445156361
1263,5662,36,137,36,137,DepthLow,DepthLow,DepthLow--DepthLow,5,0.11448514579821042,9.468470091058728e-05,0.006505384831137902
1264,11209,86,159,86,159,DepthLow,DepthHigh,DepthHigh--DepthLow,10,0.2942106910381315,9.465927400951601e-05,0.006503637856442506
1265,12134,98,130,98,130,DepthHigh,DepthHigh,DepthHigh--DepthHigh,8,0.1617982044356431,9.461194477635716e-05,0.0065003860652608275
1266,4761,30,67,30,67,DepthMid,DepthLow,DepthLow--DepthMid,9,0.21019964666996654,9.461183857911945e-05,0.006500378768898346
1267,2950,18,26,18,26,DepthHigh,DepthHigh,DepthHigh--DepthHigh,4,0.09984457839763307,9.458692640673104e-05,0.006498667159030989
1268,14598,148,169,148,169,DepthHigh,DepthLow,DepthHigh--DepthLow,4,0.09421667774971455,9.458334911745237e-05,0.006498421378633668
1269,8147,56,112,56,112,DepthLow,DepthMid,DepthLow--DepthMid,8,0.1784945915550708,9.457406192300651e-05,0.0064977832948324744
1270,9999,73,145,73,145,DepthMid,DepthMid,DepthMid--DepthMid,8,0.162670721027388,9.455477803499922e-05,0.0064964583805504255
1271,1342,7,167,7,167,DepthMid,DepthLow,DepthLow--DepthMid,2,0.06453030170823106,9.454258691492807e-05,0.0064956207803169895
1272,8916,63,97,63,97,DepthHigh,DepthHigh,DepthHigh--DepthHigh,7,0.15593881117265018,9.453819624874726e-05,0.00649531911623719
1273,10381,77,141,77,141,DepthLow,DepthLow,DepthLow--DepthLow,9,0.20261891355259684,9.453113945590852e-05,0.006494834273885173
1274,4176,26,56,26,56,DepthHigh,DepthLow,DepthHigh--DepthLow,3,0.0800829134797287,9.452904290454706e-05,0.006494690228719551
1275,12069,97,139,97,139,DepthHigh,DepthHigh,DepthHigh--DepthHigh,9,0.21058531042562065,9.451582296952064e-05,0.006493781942967339
1276,11731,93,107,93,107,DepthHigh,DepthLow,DepthHigh--DepthLow,5,0.11736136691240238,9.4501188893156e-05,0.006492776497552349
1277,13817,126,147,126,147,DepthMid,DepthMid,DepthMid--DepthMid,6,0.12683405085797872,9.449646815306877e-05,0.0064924521554922295
1278,6179,40,120,40,120,DepthMid,DepthMid,DepthMid--DepthMid,10,0.32315156489165325,9.449109957499078e-05,0.006492083303227212
1279,1200,7,25,7,25,DepthMid,DepthHigh,DepthHigh--DepthMid,7,0.1539799767466671,9.448385429205459e-05,0.006491585510518811
1280,6573,43,124,43,124,DepthMid,DepthLow,DepthLow--DepthMid,7,0.14927401551477762,9.44794614336775e-05,0.006491283695822489
1281,11191,86,141,86,141,DepthLow,DepthLow,DepthLow--DepthLow,8,0.1655336594857234,9.44451273690134e-05,0.006488924747636467
1282,7569,51,124,51,124,DepthHigh,DepthLow,DepthHigh--DepthLow,7,0.13732304861159883,9.443742198583103e-05,0.006488395343388572
1283,11653,92,108,92,108,DepthHigh,DepthLow,DepthHigh--DepthLow,5,0.11325260695646965,9.443592821936369e-05,0.006488292713020366
1284,1718,10,54,10,54,DepthMid,DepthMid,DepthMid--DepthMid,9,0.1834686348004583,9.440452441641581e-05,0.006486135090707865
1285,7068,47,113,47,113,DepthHigh,DepthMid,DepthHigh--DepthMid,2,0.056750206872150745,9.439284825561565e-05,0.006485332871145203
1286,7169,48,90,48,90,DepthHigh,DepthLow,DepthHigh--DepthLow,7,0.14954615784006395,9.438483036626545e-05,0.00648478199592191
1287,10894,83,105,83,105,DepthLow,DepthLow,DepthLow--DepthLow,10,0.2774921496136237,9.436679483516028e-05,0.006483542850956095
1288,5327,34,75,34,75,DepthMid,DepthMid,DepthMid--DepthMid,10,0.44015476868541586,9.432030655842585e-05,0.006480348838329076
1289,10406,77,166,77,166,DepthLow,DepthHigh,DepthHigh--DepthLow,9,0.19623657910077164,9.431988192102025e-05,0.0064803196632911815
1290,5044,32,69,32,69,DepthHigh,DepthLow,DepthHigh--DepthLow,7,0.14622426232148306,9.430871885970082e-05,0.006479552696620979
1291,14221,136,146,136,146,DepthMid,DepthMid,DepthMid--DepthMid,10,0.22375511698263006,9.430275216063212e-05,0.006479142749995599
1292,12281,100,132,100,132,DepthHigh,DepthMid,DepthHigh--DepthMid,10,0.23642007922939903,9.429924722881981e-05,0.0064789019409733735
1293,13334,116,169,116,169,DepthMid,DepthLow,DepthLow--DepthMid,3,0.08082575816597844,9.42882031627467e-05,0.006478143149962628
1294,1216,7,41,7,41,DepthMid,DepthMid,DepthMid--DepthMid,8,0.15718800034750496,9.428578974468174e-05,0.0064779773342276675
1295,8497,59,120,59,120,DepthMid,DepthMid,DepthMid--DepthMid,10,0.26781378918354404,9.426991776071798e-05,0.0064768868374238025
1296,8101,56,66,56,66,DepthLow,DepthHigh,DepthHigh--DepthLow,9,0.2179357400583717,9.425036671179842e-05,0.006475543567646837
1297,8978,63,159,63,159,DepthHigh,DepthHigh,DepthHigh--DepthHigh,10,0.3002494859984945,9.42308269379516e-05,0.006474201072532373
1298,6569,43,120,43,120,DepthMid,DepthMid,DepthMid--DepthMid,10,0.41770510494861685,9.421722375025099e-05,0.006473266455111907
1299,11329,88,110,88,110,DepthLow,DepthLow,DepthLow--DepthLow,4,0.09722274163411745,9.420665774882257e-05,0.006472540509898401
1300,12701,106,141,106,141,DepthLow,DepthLow,DepthLow--DepthLow,6,0.13201140334717845,9.418325033336462e-05,0.00647093228550743
1301,7873,54,71,54,71,DepthMid,DepthLow,DepthLow--DepthMid,9,0.1925972363814803,9.417621738360667e-05,0.006470449081312522
1302,9917,72,162,72,162,DepthMid,DepthMid,DepthMid--DepthMid,10,0.3321248289037271,9.41757532858177e-05,0.006470417195118792
1303,8740,61,140,61,140,DepthLow,DepthLow,DepthLow--DepthLow,6,0.12157027256626807,9.413952151240413e-05,0.006467927863400964
1304,10422,78,88,78,88,DepthLow,DepthLow,DepthLow--DepthLow,2,0.055432919450400714,9.413908579340632e-05,0.006467897926993795
1305,5039,32,64,32,64,DepthHigh,DepthHigh,DepthHigh--DepthHigh,8,0.17379480625429594,9.412349813615862e-05,0.006466826965074532
1306,14380,140,171,140,171,DepthLow,DepthLow,DepthLow--DepthLow,9,0.19101027517137023,9.409370748145593e-05,0.006464780175346637
1307,6910,46,80,46,80,DepthMid,DepthLow,DepthLow--DepthMid,9,0.18233541831640593,9.408600837934785e-05,0.0064642512026447585
1308,12020,96,165,96,165,DepthHigh,DepthLow,DepthHigh--DepthLow,5,0.11917809150639752,9.408075960484386e-05,0.00646389058157597
1309,11097,85,133,85,133,DepthLow,DepthHigh,DepthHigh--DepthLow,7,0.14837729461761834,9.407683190153721e-05,0.00646362072571471
1310,7571,51,126,51,126,DepthHigh,DepthMid,DepthHigh--DepthMid,7,0.14644603148236354,9.407196251902819e-05,0.006463286171063256
1311,1957,11,132,11,132,DepthMid,DepthMid,DepthMid--DepthMid,6,0.12293797688451936,9.40715774220711e-05,0.006463259712682133
1312,2427,14,125,14,125,DepthMid,DepthMid,DepthMid--DepthMid,6,0.13289516743126092,9.405620509602127e-05,0.006462203545257596
1313,14327,139,150,139,150,DepthHigh,DepthMid,DepthHigh--DepthMid,7,0.13824082162485207,9.400479261712398e-05,0.006458671211552856
1314,5209,33,95,33,95,DepthHigh,DepthHigh,DepthHigh--DepthHigh,6,0.12179679536889595,9.399850166702212e-05,0.006458238987012118
1315,1704,10,40,10,40,DepthMid,DepthMid,DepthMid--DepthMid,8,0.16494740382426148,9.397749454747374e-05,0.006456795676788378
1316,10654,80,135,80,135,DepthLow,DepthHigh,DepthHigh--DepthLow,10,0.25986712161125103,9.396712972325852e-05,0.006456083553609251
1317,13957,129,155,129,155,DepthMid,DepthLow,DepthLow--DepthMid,2,0.04515115637614226,9.395139565880294e-05,0.006455002532670735
1318,14074,132,149,132,149,DepthMid,DepthMid,DepthMid--DepthMid,8,0.17771078522978295,9.394129264568069e-05,0.006454308397423096
1319,13333,116,168,116,168,DepthMid,DepthLow,DepthLow--DepthMid,4,0.091946109592774,9.39405888606843e-05,0.006454260043336366
1320,6969,46,139,46,139,DepthMid,DepthHigh,DepthHigh--DepthMid,10,0.2692177915345371,9.393597267493162e-05,0.006453942884761807
1321,5725,37,65,37,65,DepthMid,DepthHigh,DepthHigh--DepthMid,10,0.28604058292340306,9.393253638866605e-05,0.0064537067920844
1322,6241,41,51,41,51,DepthMid,DepthHigh,DepthHigh--DepthMid,10,0.2764374741263054,9.392726006760601e-05,0.0064533442784083985
1323,10751,81,141,81,141,DepthHigh,DepthLow,DepthHigh--DepthLow,9,0.19028074466227204,9.392617439352213e-05,0.0064532696863396815
1324,10983,84,106,84,106,DepthLow,DepthLow,DepthLow--DepthLow,7,0.1373305440919295,9.387802813962172e-05,0.006449961761122749
1325,4788,30,94,30,94,DepthMid,DepthHigh,DepthHigh--DepthMid,7,0.15025066357739686,9.387413709916084e-05,0.006449694424210364
1326,10798,82,98,82,98,DepthLow,DepthHigh,DepthHigh--DepthLow,7,0.1464141123070779,9.38693585808646e-05,0.00644936611245418
1327,4956,31,121,31,121,DepthMid,DepthMid,DepthMid--DepthMid,3,0.07006873398577701,9.386682424504076e-05,0.0064491919889720665
1328,7905,54,103,54,103,DepthMid,DepthHigh,DepthHigh--DepthMid,5,0.10521952117669232,9.38638522608027e-05,0.0064489877965207545
1329,9345,67,100,67,100,DepthLow,DepthHigh,DepthHigh--DepthLow,6,0.12432056369990288,9.384977539018324e-05,0.0064480206343528745
1330,6892,46,62,46,62,DepthMid,DepthLow,DepthLow--DepthMid,8,0.1730645785617839,9.384184812612724e-05,0.0064474759856097685
1331,8337,58,73,58,73,DepthMid,DepthMid,DepthMid--DepthMid,10,0.46328560302490485,9.378455048006821e-05,0.006443539306991706
1332,14448,143,149,143,149,DepthLow,DepthMid,DepthLow--DepthMid,4,0.10034941869901824,9.377781454738778e-05,0.006443076509582395
1333,14077,132,152,132,152,DepthMid,DepthLow,DepthLow--DepthMid,7,0.13867855968507636,9.375300855217865e-05,0.006441372194699391
1334,5011,32,36,32,36,DepthHigh,DepthLow,DepthHigh--DepthLow,8,0.15723866388914384,9.3744628860122e-05,0.006440796461544291
1335,5074,32,99,32,99,DepthHigh,DepthHigh,DepthHigh--DepthHigh,7,0.15034291872270747,9.374207892166269e-05,0.006440621266071167
1336,3508,21,128,21,128,DepthHigh,DepthHigh,DepthHigh--DepthHigh,3,0.0790963583689341,9.373168885473767e-05,0.006439907408572348
1337,9179,65,145,65,145,DepthHigh,DepthMid,DepthHigh--DepthMid,6,0.12444650126119865,9.373147357347437e-05,0.006439892617508414
1338,6060,39,133,39,133,DepthLow,DepthHigh,DepthHigh--DepthLow,7,0.15423008691835388,9.372346019654756e-05,0.006439342052314624
1339,5858,38,64,38,64,DepthMid,DepthHigh,DepthHigh--DepthMid,10,0.33186985611729236,9.371032408044073e-05,0.006438439525405423
1340,1902,11,77,11,77,DepthMid,DepthLow,DepthLow--DepthMid,4,0.09990465633978082,9.37013058738305e-05,0.006437819922619312
1341,6232,41,42,41,42,DepthMid,DepthMid,DepthMid--DepthMid,10,0.8706852961447342,9.368191655628374e-05,0.006436487764720077
1342,9273,66,133,66,133,DepthHigh,DepthHigh,DepthHigh--DepthHigh,9,0.21041022331574039,9.367969133207097e-05,0.006436334878987741
1343,6953,46,123,46,123,DepthMid,DepthMid,DepthMid--DepthMid,10,0.27997315001864137,9.367012470947281e-05,0.006435677596861518
1344,2626,15,167,15,167,DepthMid,DepthLow,DepthLow--DepthMid,1,0.033764251771627354,9.366580602272582e-05,0.006435380878183801
1345,14785,158,171,158,171,DepthLow,DepthLow,DepthLow--DepthLow,7,0.14677758024398777,9.364524910437955e-05,0.006433968499378158
1346,8801,62,91,62,91,DepthLow,DepthLow,DepthLow--DepthLow,8,0.15734021167417628,9.36448337068468e-05,0.006433939959172798
1347,13581,121,151,121,151,DepthMid,DepthMid,DepthMid--DepthMid,8,0.1594619214137018,9.364269974757768e-05,0.006433793343868254
1348,14577,147,172,147,172,DepthMid,DepthLow,DepthLow--DepthMid,7,0.14487208718626648,9.363696439541536e-05,0.006433399292109108
1349,705,4,28,4,28,DepthLow,DepthMid,DepthLow--DepthMid,3,0.07484862229818366,9.361899267440036e-05,0.006432164531264367
1350,10734,81,124,81,124,DepthHigh,DepthLow,DepthHigh--DepthLow,6,0.13657137162755034,9.361549189310197e-05,0.006431924007406377
1351,14059,132,134,132,134,DepthMid,DepthHigh,DepthHigh--DepthMid,9,0.2075582619137414,9.360675373858328e-05,0.006431323645813518
1352,4030,25,56,25,56,DepthHigh,DepthLow,DepthHigh--DepthLow,5,0.11173408023373896,9.360392428928036e-05,0.0064311292463339964
1353,11598,91,133,91,133,DepthLow,DepthHigh,DepthHigh--DepthLow,7,0.14116080530295488,9.360222737392285e-05,0.006431012658465837
1354,3203,19,126,19,126,DepthHigh,DepthMid,DepthHigh--DepthMid,8,0.1643254367856053,9.359778192138576e-05,0.006430707230247506
1355,14143,134,141,134,141,DepthHigh,DepthLow,DepthHigh--DepthLow,9,0.20548192601600518,9.357378048547614e-05,0.006429058193226843
1356,5538,35,149,35,149,DepthMid,DepthMid,DepthMid--DepthMid,8,0.17727047411240646,9.356257855731346e-05,0.006428288556180434
1357,7048,47,93,47,93,DepthHigh,DepthHigh,DepthHigh--DepthHigh,4,0.09693310930622634,9.354852299228493e-05,0.006427322857829482
1358,1732,10,68,10,68,DepthMid,DepthLow,DepthLow--DepthMid,7,0.1393429476165383,9.353277563890189e-05,0.006426240923865036
1359,7492,50,168,50,168,DepthHigh,DepthLow,DepthHigh--DepthLow,5,0.10784034709222279,9.352309261576765e-05,0.00642557564435091
1360,8785,62,75,62,75,DepthLow,DepthMid,DepthLow--DepthMid,8,0.1739167540672532,9.350510064223847e-05,0.006424339492041684
1361,4794,30,100,30,100,DepthMid,DepthHigh,DepthHigh--DepthMid,10,0.2427140863052695,9.349961585361522e-05,0.0064239626554422275
1362,11085,85,121,85,121,DepthLow,DepthMid,DepthLow--DepthMid,2,0.06543551271509468,9.348362999257484e-05,0.006422864334626672
1363,10886,83,97,83,97,DepthLow,DepthHigh,DepthHigh--DepthLow,6,0.12263787482851395,9.348207219491396e-05,0.006422757304946315
1364,9636,70,82,70,82,DepthLow,DepthLow,DepthLow--DepthLow,10,0.31863917938002123,9.34632223085153e-05,0.006421462209076897
1365,9136,65,102,65,102,DepthHigh,DepthHigh,DepthHigh--DepthHigh,10,0.2943272268995345,9.345512165604333e-05,0.0064209056475499895
1366,7523,51,78,51,78,DepthHigh,DepthLow,DepthHigh--DepthLow,3,0.08684218179593199,9.3437962898437e-05,0.006419726741978341
1367,14060,132,135,132,135,DepthMid,DepthHigh,DepthHigh--DepthMid,8,0.17961690551666126,9.342606738645682e-05,0.0064189094517250024
1368,659,3,150,3,150,DepthLow,DepthMid,DepthLow--DepthMid,1,0.02011395253255078,9.34233221942048e-05,0.006418720841190639
1369,7599,51,154,51,154,DepthHigh,DepthHigh,DepthHigh--DepthHigh,3,0.07886256192689464,9.340737743752361e-05,0.006417625344481535
1370,5042,32,67,32,67,DepthHigh,DepthLow,DepthHigh--DepthLow,3,0.07273150027006395,9.339720537855759e-05,0.006416926465386363
1371,6499,43,50,43,50,DepthMid,DepthHigh,DepthHigh--DepthMid,8,0.1761230603702355,9.33950187796009e-05,0.006416776233431804
1372,9952,73,98,73,98,DepthMid,DepthHigh,DepthHigh--DepthMid,5,0.11937793162129609,9.338339309554155e-05,0.006415977481912245
1373,14552,146,172,146,172,DepthMid,DepthLow,DepthLow--DepthMid,4,0.08798183285224322,9.337345209995128e-05,0.0064152944782031205
1374,7206,48,127,48,127,DepthHigh,DepthMid,DepthHigh--DepthMid,8,0.15862869207441646,9.337220529234705e-05,0.006415208815332583
1375,7193,48,114,48,114,DepthHigh,DepthMid,DepthHigh--DepthMid,4,0.09365852393065008,9.336940756298207e-05,0.0064150165951956705
1376,9410,67,165,67,165,DepthLow,DepthLow,DepthLow--DepthLow,9,0.1941971210072393,9.335488660478276e-05,0.006414018921650791
1377,524,3,15,3,15,DepthLow,DepthMid,DepthLow--DepthMid,2,0.06355292970350404,9.333999553263746e-05,0.006412995819144031
1378,10474,78,140,78,140,DepthLow,DepthLow,DepthLow--DepthLow,9,0.1986495712271167,9.333833755289272e-05,0.006412881906376942
1379,12974,110,160,110,160,DepthLow,DepthMid,DepthLow--DepthMid,9,0.18552521706129332,9.332921793595039e-05,0.006412255336116362
1380,11574,91,109,91,109,DepthLow,DepthLow,DepthLow--DepthLow,2,0.058824824666082125,9.332163003134762e-05,0.0064117340033241765
1381,1496,8,157,8,157,DepthMid,DepthLow,DepthLow--DepthMid,1,0.03645110225875478,9.331513303949892e-05,0.006411287622527553
1382,13307,116,142,116,142,DepthMid,DepthHigh,DepthHigh--DepthMid,6,0.1317641071770381,9.330494582180742e-05,0.006410587701940547
1383,13996,130,152,130,152,DepthHigh,DepthLow,DepthHigh--DepthLow,6,0.1295453979469536,9.329430397716242e-05,0.006409856545860809
1384,10926,83,137,83,137,DepthLow,DepthLow,DepthLow--DepthLow,8,0.17312721470827477,9.328525355449573e-05,0.006409234729645888
1385,5347,34,95,34,95,DepthMid,DepthHigh,DepthHigh--DepthMid,7,0.13956923372782068,9.327259122204707e-05,0.006408364754405472
1386,10611,80,92,80,92,DepthLow,DepthHigh,DepthHigh--DepthLow,8,0.1804163751022409,9.326225562094191e-05,0.006407654639022485
1387,3624,22,94,22,94,DepthMid,DepthHigh,DepthHigh--DepthMid,6,0.12057123985766015,9.326173803456051e-05,0.00640761907785408
1388,5472,35,83,35,83,DepthMid,DepthLow,DepthLow--DepthMid,9,0.22058407025682855,9.325684893848094e-05,0.006407283168766677
1389,10481,78,147,78,147,DepthLow,DepthMid,DepthLow--DepthMid,9,0.1843899238906658,9.32467523430139e-05,0.006406589474448949
1390,14770,157,170,157,170,DepthLow,DepthHigh,DepthHigh--DepthLow,5,0.1155938910682552,9.323123578995194e-05,0.006405523397797176
1391,7974,54,172,54,172,DepthMid,DepthLow,DepthLow--DepthMid,5,0.11810441636476454,9.322896964711126e-05,0.006405367700719198
1392,4993,31,158,31,158,DepthMid,DepthLow,DepthLow--DepthMid,6,0.12158606034059027,9.322750080365733e-05,0.006405266782705701
1393,13651,122,171,122,171,DepthLow,DepthLow,DepthLow--DepthLow,7,0.1557639173591864,9.32183004880635e-05,0.006404634667982518
1394,9007,64,80,64,80,DepthHigh,DepthLow,DepthHigh--DepthLow,9,0.21196173930071452,9.321154537096139e-05,0.006404170552492834
1395,14597,148,168,148,168,DepthHigh,DepthLow,DepthHigh--DepthLow,6,0.12455481495613566,9.320903382145578e-05,0.006403997994562151
1396,7926,54,124,54,124,DepthMid,DepthLow,DepthLow--DepthMid,6,0.13000804419207582,9.319395394486681e-05,0.0064029619201016125
1397,6253,41,63,41,63,DepthMid,DepthHigh,DepthHigh--DepthMid,8,0.16977208613532785,9.317364076802138e-05,0.0064015662877423005
1398,1384,8,45,8,45,DepthMid,DepthHigh,DepthHigh--DepthMid,6,0.13487468868367009,9.315842476003694e-05,0.006400520860270064
1399,1677,10,13,10,13,DepthMid,DepthMid,DepthMid--DepthMid,10,0.4683000066540147,9.315493401993206e-05,0.006400281026299958
1400,2330,14,28,14,28,DepthMid,DepthMid,DepthMid--DepthMid,8,0.16266728272794584,9.315200897000764e-05,0.0064000800585065805
1401,5353,34,101,34,101,DepthMid,DepthHigh,DepthHigh--DepthMid,7,0.15074006340782678,9.3150489739303e-05,0.006399975678598465
1402,10269,76,124,76,124,DepthHigh,DepthLow,DepthHigh--DepthLow,4,0.09700377217760718,9.314510358221623e-05,0.0063996056185541975
1403,11363,88,144,88,144,DepthLow,DepthHigh,DepthHigh--DepthLow,5,0.11147071665990399,9.313347372896654e-05,0.006398806580587227
1404,14765,157,165,157,165,DepthLow,DepthLow,DepthLow--DepthLow,10,0.2347875475704369,9.310334448439888e-05,0.006396736527783562
1405,14745,156,160,156,160,DepthLow,DepthMid,DepthLow--DepthMid,6,0.1335866642201618,9.310023257277693e-05,0.006396522721514264
1406,1882,11,57,11,57,DepthMid,DepthLow,DepthLow--DepthMid,5,0.10576339956168244,9.308239888261603e-05,0.006395297444184978
1407,13043,111,168,111,168,DepthHigh,DepthLow,DepthHigh--DepthLow,7,0.14206648338400807,9.307893668428574e-05,0.006395059571199336
1408,7614,51,169,51,169,DepthHigh,DepthLow,DepthHigh--DepthLow,7,0.1474233092678435,9.307642049241097e-05,0.0063948866943111275
1409,9415,67,170,67,170,DepthLow,DepthHigh,DepthHigh--DepthLow,6,0.13471132742095018,9.307555127212827e-05,0.0063948269738664555
1410,10646,80,127,80,127,DepthLow,DepthMid,DepthLow--DepthMid,10,0.3803613743575857,9.304918520730527e-05,0.006393015473206826
1411,14303,138,159,138,159,DepthLow,DepthHigh,DepthHigh--DepthLow,9,0.21414955231956262,9.303800565837076e-05,0.006392247373742413
1412,11275,87,140,87,140,DepthHigh,DepthLow,DepthHigh--DepthLow,9,0.20014000740747073,9.303396900712426e-05,0.0063919700325295765
1413,6621,43,172,43,172,DepthMid,DepthLow,DepthLow--DepthMid,5,0.11632000551971018,9.302563667388128e-05,0.006391397553198011
1414,7122,47,167,47,167,DepthHigh,DepthLow,DepthHigh--DepthLow,1,0.029969660155387417,9.300349025052546e-05,0.006389875966234357
1415,12100,97,170,97,170,DepthHigh,DepthHigh,DepthHigh--DepthHigh,9,0.19356401337623563,9.29781909767104e-05,0.0063881377602672635
1416,3150,19,73,19,73,DepthHigh,DepthMid,DepthHigh--DepthMid,5,0.10730261286238664,9.296244536312287e-05,0.0063870559458367995
1417,6003,39,76,39,76,DepthLow,DepthHigh,DepthHigh--DepthLow,3,0.07179460017826311,9.294920725170333e-05,0.0063861464112615896
1418,4132,25,158,25,158,DepthHigh,DepthLow,DepthHigh--DepthLow,3,0.0691334243224905,9.292608542150842e-05,0.006384557808224651
1419,13143,113,149,113,149,DepthMid,DepthMid,DepthMid--DepthMid,10,0.22201157256162632,9.291673134339683e-05,0.006383915129130023
1420,4146,25,172,25,172,DepthHigh,DepthLow,DepthHigh--DepthLow,6,0.12245479319486004,9.29021339209658e-05,0.00638291220205159
1421,6496,43,47,43,47,DepthMid,DepthHigh,DepthHigh--DepthMid,7,0.15576895813172473,9.289700714058844e-05,0.006382559962682625
1422,2895,17,125,17,125,DepthHigh,DepthMid,DepthHigh--DepthMid,4,0.08965374322874778,9.287440227431533e-05,0.006381006878047528
1423,12026,96,171,96,171,DepthHigh,DepthLow,DepthHigh--DepthLow,7,0.15263729388273342,9.28701713591332e-05,0.006380716189782338
1424,13797,126,127,126,127,DepthMid,DepthMid,DepthMid--DepthMid,8,0.15834726467777976,9.286838376489378e-05,0.0063805933717522075
1425,5453,35,64,35,64,DepthMid,DepthHigh,DepthHigh--DepthMid,10,0.3096339659509983,9.284704676426833e-05,0.0063791273967966355
1426,4924,31,89,31,89,DepthMid,DepthLow,DepthLow--DepthMid,2,0.04873875373794301,9.283685070231701e-05,0.006378426868557991
1427,14464,143,165,143,165,DepthLow,DepthLow,DepthLow--DepthLow,9,0.1879452397128661,9.283616663647746e-05,0.00637837986929102
1428,12247,99,170,99,170,DepthHigh,DepthHigh,DepthHigh--DepthHigh,9,0.18743337027630444,9.28352211393473e-05,0.006378314908187175
1429,5750,37,90,37,90,DepthMid,DepthLow,DepthLow--DepthMid,2,0.055239406661146205,9.283419277422147e-05,0.006378244253574274
1430,14146,134,144,134,144,DepthHigh,DepthHigh,DepthHigh--DepthHigh,10,0.3076492735419655,9.283174678518399e-05,0.006378076200025723
1431,6595,43,146,43,146,DepthMid,DepthMid,DepthMid--DepthMid,8,0.1745160304822051,9.282330530958365e-05,0.006377496221984975
1432,8490,59,113,59,113,DepthMid,DepthMid,DepthMid--DepthMid,8,0.17869027737070822,9.281343087633024e-05,0.006376817791492139
1433,4916,31,81,31,81,DepthMid,DepthHigh,DepthHigh--DepthMid,10,0.23136188443219685,9.279429094804247e-05,0.006375502768072781
1434,4871,31,36,31,36,DepthMid,DepthLow,DepthLow--DepthMid,6,0.13664466289817231,9.279023883235308e-05,0.006375224364363562
1435,6571,43,122,43,122,DepthMid,DepthLow,DepthLow--DepthMid,8,0.16570376065480227,9.278399938262121e-05,0.006374795678195153
1436,1754,10,90,10,90,DepthMid,DepthLow,DepthLow--DepthMid,4,0.09969035836036412,9.274526875617638e-05,0.006372134660867627
1437,14368,140,159,140,159,DepthLow,DepthHigh,DepthHigh--DepthLow,10,0.320463298725769,9.273674827282227e-05,0.006371549254538699
1438,2431,14,129,14,129,DepthMid,DepthMid,DepthMid--DepthMid,7,0.1428697307706782,9.27344907511199e-05,0.006371394149782626
1439,11284,87,149,87,149,DepthHigh,DepthMid,DepthHigh--DepthMid,5,0.11055726807565579,9.27240127899923e-05,0.006370674253445359
1440,11186,86,136,86,136,DepthLow,DepthMid,DepthLow--DepthMid,9,0.22107407074835864,9.271888565609534e-05,0.006370321989787558
1441,12613,105,119,105,119,DepthLow,DepthMid,DepthLow--DepthMid,6,0.12465905622214173,9.271665701541081e-05,0.006370168869323917
1442,6658,44,81,44,81,DepthHigh,DepthHigh,DepthHigh--DepthHigh,9,0.2008780423666102,9.270381317327688e-05,0.00636928642332168
1443,12904,109,152,109,152,DepthLow,DepthLow,DepthLow--DepthLow,4,0.10354566717796869,9.269784202726505e-05,0.0063688761711656675
1444,8609,60,120,60,120,DepthMid,DepthMid,DepthMid--DepthMid,9,0.2167700639458144,9.268696618543766e-05,0.006368128938130454
1445,5512,35,123,35,123,DepthMid,DepthMid,DepthMid--DepthMid,8,0.16076553948494873,9.26749089068875e-05,0.006367300533581137
1446,1906,11,81,11,81,DepthMid,DepthHigh,DepthHigh--DepthMid,7,0.1377276561470065,9.266841888707909e-05,0.0063668546318038765
1447,3748,23,69,23,69,DepthHigh,DepthLow,DepthHigh--DepthLow,7,0.15632266664011188,9.26646685290467e-05,0.006366596960585395
1448,12096,97,166,97,166,DepthHigh,DepthHigh,DepthHigh--DepthHigh,6,0.13208036404974757,9.265919504696647e-05,0.006366220900810629
1449,14319,139,142,139,142,DepthHigh,DepthHigh,DepthHigh--DepthHigh,10,0.615663113690007,9.26545333099709e-05,0.006365900612603071
1450,1024,6,14,6,14,DepthLow,DepthMid,DepthLow--DepthMid,4,0.08937976361318731,9.265265739250945e-05,0.006365771726258384
1451,9129,65,95,65,95,DepthHigh,DepthHigh,DepthHigh--DepthHigh,9,0.20563690634944184,9.26065700835835e-05,0.006362605262431478
1452,5484,35,95,35,95,DepthMid,DepthHigh,DepthHigh--DepthMid,6,0.13377903806877814,9.25853915718942e-05,0.006361150176579542
1453,9155,65,121,65,121,DepthHigh,DepthMid,DepthHigh--DepthMid,3,0.07375302246165176,9.257469961978855e-05,0.0063604155778283775
1454,7961,54,159,54,159,DepthMid,DepthHigh,DepthHigh--DepthMid,10,0.2311243225215735,9.257012774624594e-05,0.006360101463758122
1455,6633,44,56,44,56,DepthHigh,DepthLow,DepthHigh--DepthLow,10,0.24163302045894347,9.256847527131135e-05,0.006359987929203226
1456,10338,77,98,77,98,DepthLow,DepthHigh,DepthHigh--DepthLow,5,0.10564441148522596,9.256806008349868e-05,0.0063599594034068445
1457,6568,43,119,43,119,DepthMid,DepthMid,DepthMid--DepthMid,10,0.4415929622401841,9.256053286847131e-05,0.0063594422403383775
1458,14381,140,172,140,172,DepthLow,DepthLow,DepthLow--DepthLow,9,0.19238208816584434,9.255410109624378e-05,0.006359000340505735
1459,5288,34,36,34,36,DepthMid,DepthLow,DepthLow--DepthMid,7,0.1504222695802448,9.255146082677183e-05,0.006358818938771265
1460,14555,147,150,147,150,DepthMid,DepthMid,DepthMid--DepthMid,10,0.2626735926935742,9.25474584478604e-05,0.006358543952265435
1461,14359,140,150,140,150,DepthLow,DepthMid,DepthLow--DepthMid,4,0.09335920875334959,9.253920613894814e-05,0.006357976971066748
1462,9108,65,74,65,74,DepthHigh,DepthMid,DepthHigh--DepthMid,9,0.19744441052181638,9.2538419726052e-05,0.006357922939966935
1463,11325,88,106,88,106,DepthLow,DepthLow,DepthLow--DepthLow,5,0.11961153763929619,9.253389019713697e-05,0.006357611735216721
1464,6779,45,75,45,75,DepthHigh,DepthMid,DepthHigh--DepthMid,7,0.15323921772246984,9.251196434633087e-05,0.006356105302858885
1465,13366,117,146,117,146,DepthMid,DepthMid,DepthMid--DepthMid,5,0.11835192670480231,9.247006967669492e-05,0.006353226897522708
1466,3191,19,114,19,114,DepthHigh,DepthMid,DepthHigh--DepthMid,8,0.1619146664581367,9.246097524444514e-05,0.006352602057595703
1467,12851,108,162,108,162,DepthLow,DepthMid,DepthLow--DepthMid,8,0.1643591692507846,9.245942798094745e-05,0.00635249575167309
1468,11956,96,101,96,101,DepthHigh,DepthHigh,DepthHigh--DepthHigh,10,0.6720378544932838,9.24525810557765e-05,0.006352025328439783
1469,1179,6,169,6,169,DepthLow,DepthLow,DepthLow--DepthLow,8,0.17613025388130238,9.244182815990138e-05,0.006351286542500301
1470,3749,23,70,23,70,DepthHigh,DepthLow,DepthHigh--DepthLow,5,0.10669035168387171,9.241706231418606e-05,0.006349584986118992
1471,3882,24,55,24,55,DepthHigh,DepthHigh,DepthHigh--DepthHigh,7,0.15373566766228192,9.239871265679946e-05,0.006348324258866634
1472,9023,64,96,64,96,DepthHigh,DepthHigh,DepthHigh--DepthHigh,9,0.2010984675112167,9.237901991001572e-05,0.00634697125362948
1473,11551,90,167,90,167,DepthLow,DepthLow,DepthLow--DepthLow,3,0.07029537639896721,9.237854324750971e-05,0.00634693850416725
1474,9554,69,102,69,102,DepthLow,DepthHigh,DepthHigh--DepthLow,10,0.22188317028958296,9.236188079068395e-05,0.006345793697320513
1475,3998,24,171,24,171,DepthHigh,DepthLow,DepthHigh--DepthLow,3,0.07622993041548537,9.235459811128677e-05,0.006345293335259642
1476,14285,138,141,138,141,DepthLow,DepthLow,DepthLow--DepthLow,10,0.22877651282920647,9.234241720813495e-05,0.006344456436987468
1477,2605,15,146,15,146,DepthMid,DepthMid,DepthMid--DepthMid,6,0.12140598059848176,9.231198064820719e-05,0.006342365269846823
1478,10665,80,146,80,146,DepthLow,DepthMid,DepthLow--DepthMid,6,0.13622953771091179,9.230754401860288e-05,0.00634206044781484
1479,2567,15,108,15,108,DepthMid,DepthLow,DepthLow--DepthMid,9,0.18213057728179055,9.229406224820904e-05,0.0063411341724633466
1480,3274,20,45,20,45,DepthHigh,DepthHigh,DepthHigh--DepthHigh,10,0.44351081984440915,9.229063313228641e-05,0.006340898572429838
1481,13841,126,171,126,171,DepthMid,DepthLow,DepthLow--DepthMid,9,0.1960075519252347,9.227361022369501e-05,0.006339729000468715
1482,10499,78,165,78,165,DepthLow,DepthLow,DepthLow--DepthLow,10,0.23633936618761692,9.226181846642135e-05,0.0063389188387618835
1483,9506,68,157,68,157,DepthLow,DepthLow,DepthLow--DepthLow,9,0.20156691540670826,9.225273412102836e-05,0.006338294691860092
1484,10940,83,151,83,151,DepthLow,DepthMid,DepthLow--DepthMid,10,0.22304536988464155,9.223728940288671e-05,0.00633723355068149
1485,7413,50,89,50,89,DepthHigh,DepthLow,DepthHigh--DepthLow,6,0.13365376371606097,9.222779265508279e-05,0.006336581069356475
1486,13880,127,165,127,165,DepthMid,DepthLow,DepthLow--DepthMid,8,0.16316596006893466,9.22046882543417e-05,0.006334993663823499
1487,6630,44,53,44,53,DepthHigh,DepthHigh,DepthHigh--DepthHigh,6,0.12699608943659396,9.219534743230726e-05,0.006334351895497795
1488,7199,48,120,48,120,DepthHigh,DepthMid,DepthHigh--DepthMid,6,0.1230472619640597,9.218949441189944e-05,0.0063339497592518
