rank,edge_idx,neuron_i_local,neuron_j_local,neuron_i_global,neuron_j_global,layer_i,layer_j,layer_pair,strength_decile,corr_mean,edge_importance,edge_importance_raw
1,14775,75,76,75,76,DepthHigh,DepthHigh,DepthHigh--DepthHigh,10,0.9824745248819684,0.00036599433334238464,0.019039212556360516
2,14935,76,78,76,78,DepthHigh,DepthHigh,DepthHigh--DepthHigh,10,0.9650036526542949,0.0003071149014644484,0.01597627437236116
3,14777,75,78,75,78,DepthHigh,DepthHigh,DepthHigh--DepthHigh,10,0.9214031726692455,0.00029480059140924884,0.015335677660153214
4,3408,15,19,15,19,DepthLow,DepthLow,DepthLow--DepthLow,10,0.8752819105180449,0.00022913379514029897,0.011919657306389525
5,14941,76,84,76,84,DepthHigh,DepthHigh,DepthHigh--DepthHigh,10,0.7124328900463468,0.000219200210713457,0.011402907159954144
6,14783,75,84,75,84,DepthHigh,DepthHigh,DepthHigh--DepthHigh,10,0.6940529609742345,0.0002063542585040951,0.010734654150763178
7,3415,15,26,15,26,DepthLow,DepthLow,DepthLow--DepthLow,10,0.7976896305871097,0.00020324638591408104,0.01057298102785171
8,3633,16,26,16,26,DepthLow,DepthLow,DepthLow--DepthLow,10,0.9188640981929468,0.0002022474276808307,0.010521014709236642
9,22545,135,136,135,136,DepthHigh,DepthHigh,DepthHigh--DepthHigh,10,0.9050337290682907,0.00020164203277806152,0.010489521756520412
10,3405,15,16,15,16,DepthLow,DepthLow,DepthLow--DepthLow,10,0.867631846730676,0.00020022613300658355,0.010415865925673291
11,3626,16,19,16,19,DepthLow,DepthLow,DepthLow--DepthLow,10,0.7999504804551872,0.00019724984822401203,0.01026103806785881
12,4281,19,26,19,26,DepthLow,DepthLow,DepthLow--DepthLow,10,0.7797982074497651,0.00019444533860214072,0.010115146041827864
13,1844,8,9,8,9,DepthMid,DepthMid,DepthMid--DepthMid,10,0.9226059811416703,0.0001802722024386122,0.009377852244015914
14,15254,78,84,78,84,DepthHigh,DepthHigh,DepthHigh--DepthHigh,10,0.7194627939494491,0.00017792289732900758,0.009255640189711612
15,8189,38,39,38,39,DepthLow,DepthLow,DepthLow--DepthLow,10,0.8978016578160127,0.00017743863509805605,0.009230448620585655
16,26935,201,203,201,203,DepthMid,DepthMid,DepthMid--DepthMid,10,0.9392537971906855,0.00017554625297782196,0.00913200593406655
17,21931,129,131,129,131,DepthLow,DepthLow,DepthLow--DepthLow,10,0.8424151016944668,0.00016884442591325404,0.008783373459806596
18,8387,39,42,39,42,DepthLow,DepthLow,DepthLow--DepthLow,10,0.8429945164277279,0.00016867543927771443,0.008774582688529235
19,27170,209,210,209,210,DepthMid,DepthMid,DepthMid--DepthMid,10,0.9562108305978542,0.00016789261513121766,0.008733859775736319
20,23400,144,145,144,145,DepthHigh,DepthHigh,DepthHigh--DepthHigh,10,0.9594599756131362,0.00016751890663637214,0.008714419268550036
21,26169,183,184,183,184,DepthMid,DepthMid,DepthMid--DepthMid,10,0.8796033961581878,0.00016623174296172258,0.008647460355354094
22,16436,85,202,85,202,DepthMid,DepthMid,DepthMid--DepthMid,10,0.6480348509813362,0.00016340408577033484,0.008500364180908713
23,22839,138,139,138,139,DepthHigh,DepthHigh,DepthHigh--DepthHigh,10,0.9323893264454415,0.0001616278107922756,0.008407961447355521
24,22645,136,138,136,138,DepthHigh,DepthHigh,DepthHigh--DepthHigh,10,0.900136537992414,0.0001515206356394859,0.007882181022503125
25,27195,210,211,210,211,DepthMid,DepthMid,DepthMid--DepthMid,10,0.9287639919091593,0.00015119142057138453,0.007865055086150239
26,25543,172,174,172,174,DepthLow,DepthLow,DepthLow--DepthLow,10,0.9621974642251269,0.00015053064469842313,0.007830681187017604
27,23490,145,146,145,146,DepthHigh,DepthHigh,DepthHigh--DepthHigh,10,0.9428443857884088,0.00014828225839467858,0.0077137189806499
28,25415,170,171,170,171,DepthLow,DepthLow,DepthLow--DepthLow,10,0.86404008887667,0.00014812725445608003,0.007705655596424521
29,2295,10,11,10,11,DepthLow,DepthLow,DepthLow--DepthLow,10,0.7298643966932442,0.0001469789166368025,0.007645918475283688
30,4704,21,22,21,22,DepthHigh,DepthHigh,DepthHigh--DepthHigh,10,0.8565965213429996,0.00014476829274602475,0.007530920688967384
31,2521,11,14,11,14,DepthLow,DepthLow,DepthLow--DepthLow,10,0.7634059588055553,0.0001435877500750882,0.007469508254959047
32,22035,130,131,130,131,DepthLow,DepthLow,DepthLow--DepthLow,10,0.7546793267099873,0.00014274277889694391,0.007425552421769581
33,932,4,7,4,7,DepthHigh,DepthHigh,DepthHigh--DepthHigh,10,0.9486470040168852,0.0001423062234191885,0.007402842582363808
34,14129,71,72,71,72,DepthMid,DepthMid,DepthMid--DepthMid,10,0.9372417125974756,0.00014156446547300834,0.007364255954331284
35,11564,56,57,56,57,DepthHigh,DepthHigh,DepthHigh--DepthHigh,10,0.8854796321468917,0.0001406375752031969,0.007316038648062629
36,6938,31,181,31,181,DepthLow,DepthLow,DepthLow--DepthLow,8,0.25283815984575314,0.00014062361827257695,0.007315312601387859
37,22547,135,138,135,138,DepthHigh,DepthHigh,DepthHigh--DepthHigh,10,0.8349525543977363,0.00014042676881502973,0.007305072391847949
38,26367,187,188,187,188,DepthMid,DepthMid,DepthMid--DepthMid,10,0.8394655670148051,0.0001395198132408836,0.007257892098651469
39,26172,183,187,183,187,DepthMid,DepthMid,DepthMid--DepthMid,10,0.44840364197348037,0.000139389933355828,0.007251135680551257
40,24720,160,161,160,161,DepthMid,DepthMid,DepthMid--DepthMid,10,0.7539664207216342,0.00013756183381747594,0.007156037006844993
41,3384,14,214,14,214,DepthLow,DepthLow,DepthLow--DepthLow,6,0.21427325126134952,0.00013744804016338903,0.007150117402713585
42,26220,184,185,184,185,DepthMid,DepthMid,DepthMid--DepthMid,10,0.7730982430617254,0.00013716526076145233,0.007135407073482894
43,27392,220,223,220,223,DepthMid,DepthMid,DepthMid--DepthMid,10,0.8974511046074478,0.00013576317252327126,0.007062469725667375
44,26715,195,196,195,196,DepthMid,DepthMid,DepthMid--DepthMid,10,0.9054649443475363,0.00013465537146558243,0.007004841347613315
45,7522,34,162,34,162,DepthLow,DepthMid,DepthLow--DepthMid,5,0.18958450091907786,0.00013387805916815568,0.0069644051640302875
46,19526,108,141,108,141,DepthHigh,DepthLow,DepthHigh--DepthLow,7,0.23111424712623083,0.00013310995674881823,0.006924448083019582
47,26010,180,181,180,181,DepthLow,DepthLow,DepthLow--DepthLow,10,0.9551926434758429,0.00013283013264093633,0.006909891489698305
48,27474,228,229,228,229,DepthHigh,DepthHigh,DepthHigh--DepthHigh,10,0.8520962796657997,0.00013233817340175375,0.0068842995182644175
49,4921,22,27,22,27,DepthHigh,DepthLow,DepthHigh--DepthLow,9,0.28497383676272076,0.00013115313576745079,0.0068226532539609926
50,19870,111,113,111,113,DepthLow,DepthLow,DepthLow--DepthLow,10,0.9081910188793725,0.0001305495494234297,0.006791254383396558
51,6959,31,202,31,202,DepthLow,DepthMid,DepthLow--DepthMid,5,0.19126337405118649,0.00013031101143984547,0.006778845515393738
52,1790,7,181,7,181,DepthHigh,DepthLow,DepthHigh--DepthLow,5,0.18630099601949185,0.00012972443714315369,0.006748331620239068
53,26084,181,202,181,202,DepthLow,DepthMid,DepthLow--DepthMid,8,0.26544451277164594,0.00012971197774315268,0.006747683475873615
54,22646,136,139,136,139,DepthHigh,DepthHigh,DepthHigh--DepthHigh,10,0.8175112123147756,0.00012925033068940427,0.006723668359841446
55,22336,132,227,132,227,DepthLow,DepthHigh,DepthHigh--DepthLow,8,0.24523115233675097,0.00012904001067635587,0.006712727405109399
56,3561,15,172,15,172,DepthLow,DepthLow,DepthLow--DepthLow,10,0.39591267839344707,0.00012860224711476912,0.006689954720564355
57,4709,21,27,21,27,DepthHigh,DepthLow,DepthHigh--DepthLow,9,0.3018464598680126,0.00012841782510244522,0.006680360993086006
58,19863,110,229,110,229,DepthHigh,DepthHigh,DepthHigh--DepthHigh,9,0.3118292603934059,0.0001279327243765334,0.006655125805023027
59,22548,135,139,135,139,DepthHigh,DepthHigh,DepthHigh--DepthHigh,10,0.7924753457686081,0.00012784929837368213,0.0066507859416527195
60,27171,209,211,209,211,DepthMid,DepthMid,DepthMid--DepthMid,10,0.8586957127819717,0.00012772367073670624,0.0066442507276741475
61,18980,104,105,104,105,DepthHigh,DepthHigh,DepthHigh--DepthHigh,10,0.932723190129407,0.000127421519703104,0.006628532676248757
62,7919,36,162,36,162,DepthLow,DepthMid,DepthLow--DepthMid,6,0.198862853231074,0.00012722022142551938,0.0066180610368133524
63,3416,15,27,15,27,DepthLow,DepthLow,DepthLow--DepthLow,10,0.6083024641975758,0.00012695055695704523,0.006604032953134323
64,1106,4,181,4,181,DepthHigh,DepthLow,DepthHigh--DepthLow,6,0.19843256150803562,0.00012682728667206321,0.006597620369813094
65,4911,21,229,21,229,DepthHigh,DepthHigh,DepthHigh--DepthHigh,8,0.25573250505915646,0.00012655019939673858,0.006583206147922306
66,14781,75,82,75,82,DepthHigh,DepthHigh,DepthHigh--DepthHigh,10,0.6532686260145004,0.00012642427788540073,0.006576655646449004
67,8192,38,42,38,42,DepthLow,DepthLow,DepthLow--DepthLow,10,0.7262586055241739,0.000126414828979128,0.00657616410950823
68,13300,66,68,66,68,DepthHigh,DepthHigh,DepthHigh--DepthHigh,10,0.7922805923630936,0.00012634785843635267,0.006572680267593876
69,23030,140,141,140,141,DepthLow,DepthLow,DepthLow--DepthLow,10,0.7990902989728034,0.00012586265006830672,0.006547439479931982
70,16090,83,155,83,155,DepthMid,DepthMid,DepthMid--DepthMid,10,0.8752958181134031,0.00012578721771724566,0.006543515450419387
71,4742,21,60,21,60,DepthHigh,DepthMid,DepthHigh--DepthMid,7,0.22949594868482753,0.0001248807488579446,0.006496360476378275
72,18872,103,127,103,127,DepthHigh,DepthHigh,DepthHigh--DepthHigh,10,0.9209176207957712,0.0001243839432770848,0.006470516395769717
73,23755,148,150,148,150,DepthMid,DepthMid,DepthMid--DepthMid,10,0.8957772149688175,0.00012404807448394216,0.006453044329234444
74,20592,117,118,117,118,DepthLow,DepthLow,DepthLow--DepthLow,10,0.8431081048513621,0.00012390302383716165,0.006445498720344079
75,22179,131,172,131,172,DepthLow,DepthLow,DepthLow--DepthLow,10,0.3251350782405525,0.00012383677397436043,0.006442052368570861
76,27031,204,206,204,206,DepthLow,DepthLow,DepthLow--DepthLow,10,0.8671536084556745,0.00012370310034583255,0.006435098597993377
77,6049,27,110,27,110,DepthLow,DepthHigh,DepthHigh--DepthLow,7,0.23712391818804196,0.00012331226990331645,0.006414767398325323
78,23668,147,149,147,149,DepthMid,DepthMid,DepthMid--DepthMid,10,0.8834593652861735,0.0001228353783629702,0.006389959256297373
79,3634,16,27,16,27,DepthLow,DepthLow,DepthLow--DepthLow,10,0.6347425571006905,0.0001223784453670147,0.006366189367964504
80,7486,34,126,34,126,DepthLow,DepthLow,DepthLow--DepthLow,9,0.28914733573053786,0.00012221646652950716,0.006357763145927746
81,21327,123,172,123,172,DepthHigh,DepthLow,DepthHigh--DepthLow,8,0.26208654317100755,0.00012205475279311384,0.006349350714586643
82,931,4,6,4,6,DepthHigh,DepthHigh,DepthHigh--DepthHigh,10,0.7778202238366316,0.00012201761292823502,0.006347418679805435
83,956,4,31,4,31,DepthHigh,DepthLow,DepthHigh--DepthLow,7,0.23037976276618946,0.0001218794544540867,0.006340231605263187
84,19993,112,114,112,114,DepthLow,DepthLow,DepthLow--DepthLow,10,0.922865004134371,0.00012175647044974884,0.0063338339144076005
85,5121,22,227,22,227,DepthHigh,DepthHigh,DepthHigh--DepthHigh,8,0.2628346997031288,0.00012105748431766702,0.006297472298037425
86,7321,33,161,33,161,DepthMid,DepthMid,DepthMid--DepthMid,10,0.8041189465150461,0.00012047332603893563,0.0062670840853737055
87,3730,16,123,16,123,DepthLow,DepthHigh,DepthHigh--DepthLow,8,0.264662747816496,0.00012020087148891334,0.006252910860224426
88,14939,76,82,76,82,DepthHigh,DepthHigh,DepthHigh--DepthHigh,10,0.6545741162999619,0.00012005779776598196,0.00624546809192459
89,8389,39,44,39,44,DepthLow,DepthLow,DepthLow--DepthLow,10,0.6771045105117419,0.00011962866174677233,0.006223144216550052
90,5123,22,229,22,229,DepthHigh,DepthHigh,DepthHigh--DepthHigh,9,0.2871584843295731,0.00011905830275634704,0.006193473849927245
91,18182,98,102,98,102,DepthLow,DepthLow,DepthLow--DepthLow,10,0.8649457158300097,0.00011897234325159085,0.0061890021924910586
92,15183,77,169,77,169,DepthMid,DepthLow,DepthLow--DepthMid,9,0.30285386698329925,0.00011892268145450267,0.006186418760386911
93,15204,77,190,77,190,DepthMid,DepthMid,DepthMid--DepthMid,5,0.18996629565391365,0.00011838389069284127,0.006158390589182746
94,2519,11,12,11,12,DepthLow,DepthLow,DepthLow--DepthLow,10,0.7382572596769846,0.00011702319502671119,0.006087606504152299
95,22694,136,187,136,187,DepthHigh,DepthMid,DepthHigh--DepthMid,9,0.29140866289311,0.00011672155771167297,0.006071915176629558
96,15238,77,224,77,224,DepthMid,DepthLow,DepthLow--DepthMid,3,0.14535862787143347,0.00011666607007944494,0.0060690286815994554
97,22338,132,229,132,229,DepthLow,DepthHigh,DepthHigh--DepthLow,7,0.23358017308544035,0.00011624005607175072,0.006046867214861964
98,19861,110,227,110,227,DepthHigh,DepthHigh,DepthHigh--DepthHigh,10,0.31728297911993086,0.00011616595000291036,0.006043012179229356
99,15252,78,82,78,82,DepthHigh,DepthHigh,DepthHigh--DepthHigh,10,0.6765045363414731,0.00011573086126444943,0.006020378640352438
100,2743,12,14,12,14,DepthLow,DepthLow,DepthLow--DepthLow,10,0.6766932075836005,0.00011560384457889896,0.006013771167356025
101,4814,21,132,21,132,DepthHigh,DepthLow,DepthHigh--DepthLow,8,0.2645136271200242,0.00011488447772560566,0.005976349335436462
102,17359,92,110,92,110,DepthHigh,DepthHigh,DepthHigh--DepthHigh,7,0.2401815595438929,0.0001147863922902643,0.005971246880884521
103,22941,139,146,139,146,DepthHigh,DepthHigh,DepthHigh--DepthHigh,10,0.8253007513680108,0.00011438821773358836,0.005950533636638754
104,1640,7,31,7,31,DepthHigh,DepthLow,DepthHigh--DepthLow,6,0.21141487866000322,0.00011435200071272786,0.00594864960867574
105,4378,19,123,19,123,DepthLow,DepthHigh,DepthHigh--DepthLow,8,0.24622966153198272,0.00011385152472040701,0.005922614591384262
106,17932,96,125,96,125,DepthHigh,DepthHigh,DepthHigh--DepthHigh,10,0.8902892490782638,0.0001136308839366095,0.005911136744875112
107,19495,108,110,108,110,DepthHigh,DepthHigh,DepthHigh--DepthHigh,9,0.2983854310370077,0.00011343703461701319,0.005901052604047042
108,1389,6,7,6,7,DepthHigh,DepthHigh,DepthHigh--DepthHigh,10,0.7140637328191195,0.00011342015118804975,0.005900174319430503
109,26222,184,187,184,187,DepthMid,DepthMid,DepthMid--DepthMid,10,0.40175090916880274,0.0001132518825721802,0.005891420899903901
110,5026,22,132,22,132,DepthHigh,DepthLow,DepthHigh--DepthLow,8,0.254585389435952,0.00011308403139793643,0.005882689195904341
111,3512,15,123,15,123,DepthLow,DepthHigh,DepthHigh--DepthLow,8,0.25208093340841103,0.0001130240762219708,0.005879570296962276
112,6166,27,227,27,227,DepthLow,DepthHigh,DepthHigh--DepthLow,10,0.314869646531599,0.00011292160191361957,0.005874239530989897
113,23401,144,146,144,146,DepthHigh,DepthHigh,DepthHigh--DepthHigh,10,0.8764430167689476,0.00011286979465788712,0.005871544491028911
114,8582,40,43,40,43,DepthHigh,DepthHigh,DepthHigh--DepthHigh,10,0.6591309386967558,0.00011280880841841658,0.005868371955635566
115,26117,182,183,182,183,DepthMid,DepthMid,DepthMid--DepthMid,10,0.7859802530009226,0.00011266552000357443,0.00586091801895264
116,4909,21,227,21,227,DepthHigh,DepthHigh,DepthHigh--DepthHigh,8,0.2590850718692153,0.00011259256389842337,0.005857122805019763
117,7883,36,126,36,126,DepthLow,DepthLow,DepthLow--DepthLow,8,0.2506196547827753,0.00011253891069094301,0.0058543317377039925
118,2296,10,12,10,12,DepthLow,DepthLow,DepthLow--DepthLow,10,0.5602632462666841,0.00011203618385108317,0.005828179630171429
119,5861,26,129,26,129,DepthLow,DepthLow,DepthLow--DepthLow,10,0.3594061634883269,0.00011125179721209986,0.005787375435719594
120,21286,123,131,123,131,DepthHigh,DepthLow,DepthHigh--DepthLow,8,0.2515919514499584,0.00011112413843563764,0.005780734560825295
121,10843,52,54,52,54,DepthLow,DepthLow,DepthLow--DepthLow,10,0.7442939842766254,0.00011098867954409557,0.005773687919952017
122,27467,227,228,227,228,DepthHigh,DepthHigh,DepthHigh--DepthHigh,10,0.7919358147005152,0.00011047642960806126,0.005747040416082017
123,4999,22,105,22,105,DepthHigh,DepthHigh,DepthHigh--DepthHigh,8,0.2501654568944713,0.00011042245240211904,0.005744232494200421
124,4491,20,22,20,22,DepthHigh,DepthHigh,DepthHigh--DepthHigh,10,0.7133109603508576,0.00010999177571875316,0.005721828472687878
125,17904,96,97,96,97,DepthHigh,DepthHigh,DepthHigh--DepthHigh,10,0.9016310898695932,0.00010970390444506149,0.005706853261682197
126,13634,68,69,68,69,DepthHigh,DepthHigh,DepthHigh--DepthHigh,10,0.7897687965750658,0.00010964774598987448,0.005703931870098404
127,24798,161,166,161,166,DepthMid,DepthMid,DepthMid--DepthMid,10,0.8004573620195267,0.00010963577010121091,0.005703308878240211
128,21972,129,172,129,172,DepthLow,DepthLow,DepthLow--DepthLow,10,0.3467556282170386,0.0001096037354292328,0.005701642418206815
129,4954,22,60,22,60,DepthHigh,DepthMid,DepthHigh--DepthMid,8,0.25766187159291476,0.00010929824819213366,0.0056857508157678645
130,6993,32,34,32,34,DepthLow,DepthLow,DepthLow--DepthLow,10,0.7561422286857068,0.00010916465793874018,0.005678801382407548
131,4792,21,110,21,110,DepthHigh,DepthHigh,DepthHigh--DepthHigh,6,0.20935648121235187,0.0001090613514585744,0.005673427326431425
132,25404,169,224,169,224,DepthLow,DepthLow,DepthLow--DepthLow,4,0.17413860354228528,0.00010857753694902666,0.005648259048002061
133,13808,69,78,69,78,DepthHigh,DepthHigh,DepthHigh--DepthHigh,10,0.4745940071177844,0.00010836112402626716,0.005637001136988158
134,9371,44,66,44,66,DepthLow,DepthHigh,DepthHigh--DepthLow,7,0.23715476090929036,0.00010795814990191344,0.005616038216775111
135,22846,138,146,138,146,DepthHigh,DepthHigh,DepthHigh--DepthHigh,10,0.759633263138394,0.00010779411771403823,0.005607505178401209
136,6031,27,92,27,92,DepthLow,DepthHigh,DepthHigh--DepthLow,6,0.21774856742431076,0.00010779030954038293,0.0056073070752584294
137,26118,182,184,182,184,DepthMid,DepthMid,DepthMid--DepthMid,10,0.7763402512868677,0.00010771531976457412,0.005603406068736992
138,4282,19,27,19,27,DepthLow,DepthLow,DepthLow--DepthLow,10,0.5921027036288203,0.0001075501708606516,0.005594814938222713
139,5759,26,27,26,27,DepthLow,DepthLow,DepthLow--DepthLow,10,0.6563714674087631,0.00010742998641920507,0.005588562882061703
140,12438,60,229,60,229,DepthMid,DepthHigh,DepthHigh--DepthMid,10,0.3473325311355181,0.00010728546845668859,0.00558104498367941
141,4386,19,131,19,131,DepthLow,DepthLow,DepthLow--DepthLow,10,0.3705228588942581,0.0001072070743148246,0.005576966880293242
142,22596,135,187,135,187,DepthHigh,DepthMid,DepthHigh--DepthMid,9,0.29252571197886107,0.00010719534230772082,0.005576356575278621
143,27468,227,229,227,229,DepthHigh,DepthHigh,DepthHigh--DepthHigh,10,0.6959116746463904,0.00010703609998811774,0.005568072708303952
144,19775,110,141,110,141,DepthHigh,DepthLow,DepthHigh--DepthLow,5,0.18671185856642078,0.00010685140048548963,0.0055584645456379445
145,12341,60,132,60,132,DepthMid,DepthLow,DepthLow--DepthMid,8,0.24950851560980816,0.00010664559391916026,0.005547758382714449
146,16119,83,184,83,184,DepthMid,DepthMid,DepthMid--DepthMid,9,0.3020151728577678,0.00010639564372699195,0.005534755845779693
147,17478,92,229,92,229,DepthHigh,DepthHigh,DepthHigh--DepthHigh,7,0.2367795308150525,0.00010627595289570678,0.005528529467471934
148,21220,122,176,122,176,DepthLow,DepthLow,DepthLow--DepthLow,10,0.7764646050679403,0.00010604982907745297,0.0055167663907038506
149,8775,41,43,41,43,DepthHigh,DepthHigh,DepthHigh--DepthHigh,10,0.6225537119838956,0.00010523718336266869,0.00547449214466431
150,15868,82,84,82,84,DepthHigh,DepthHigh,DepthHigh--DepthHigh,10,0.6186616354001403,0.00010517110804033446,0.005471054872575525
151,10842,52,53,52,53,DepthLow,DepthLow,DepthLow--DepthLow,10,0.7895609713168847,0.0001050678218961205,0.005465681874486024
152,27360,218,220,218,220,DepthMid,DepthMid,DepthMid--DepthMid,10,0.6506021846749813,0.00010495415127540958,0.00545976867061381
153,27285,214,215,214,215,DepthLow,DepthLow,DepthLow--DepthLow,10,0.7916978351237165,0.00010456390774268555,0.005439468002293552
154,4490,20,21,20,21,DepthHigh,DepthHigh,DepthHigh--DepthHigh,10,0.8267129044423013,0.00010430560017288464,0.005426030710296586
155,3342,14,172,14,172,DepthLow,DepthLow,DepthLow--DepthLow,4,0.17050114461955093,0.00010416674596669226,0.005418807443417292
156,4384,19,129,19,129,DepthLow,DepthLow,DepthLow--DepthLow,10,0.40494273045898843,0.00010380084048005444,0.00539977285271198
157,8584,40,45,40,45,DepthHigh,DepthHigh,DepthHigh--DepthHigh,10,0.6491683974120142,0.00010377709061716432,0.005398537372687959
158,12319,60,110,60,110,DepthMid,DepthHigh,DepthHigh--DepthMid,7,0.22539787339012105,0.00010310049966980305,0.005363340765290024
159,5999,27,60,27,60,DepthLow,DepthMid,DepthLow--DepthMid,10,0.328206217581597,0.00010291211616033677,0.005353540958702619
160,5855,26,123,26,123,DepthLow,DepthHigh,DepthHigh--DepthLow,8,0.26438980734623563,0.00010271561777351031,0.0053433190120413
161,18043,97,99,97,99,DepthHigh,DepthHigh,DepthHigh--DepthHigh,10,0.8864161625569928,0.00010180440295975377,0.0052959171510201745
162,26346,186,214,186,214,DepthMid,DepthLow,DepthLow--DepthMid,9,0.28102481242174604,0.00010155552619159676,0.005282970454151924
163,11742,57,58,57,58,DepthHigh,DepthHigh,DepthHigh--DepthHigh,10,0.9406806574952803,0.00010138208612765104,0.00527394801324937
164,25230,167,181,167,181,DepthLow,DepthLow,DepthLow--DepthLow,5,0.19550584813405553,0.00010126680371614462,0.005267950963194971
165,22940,139,145,139,145,DepthHigh,DepthHigh,DepthHigh--DepthHigh,10,0.8513493220085718,0.00010126520246076655,0.005267867665070594
166,7326,33,166,33,166,DepthMid,DepthMid,DepthMid--DepthMid,10,0.8234240232725754,0.00010121218983323289,0.005265109921051535
167,3518,15,129,15,129,DepthLow,DepthLow,DepthLow--DepthLow,10,0.387164614309003,0.00010081709870751079,0.005244557078462254
168,25352,169,172,169,172,DepthLow,DepthLow,DepthLow--DepthLow,10,0.8817287097655364,0.00010080774984451736,0.005244070745824077
169,2237,9,177,9,177,DepthMid,DepthLow,DepthLow--DepthMid,3,0.1478548658501872,0.00010078841402269917,0.005243064886475965
170,3736,16,129,16,129,DepthLow,DepthLow,DepthLow--DepthLow,10,0.3732282875571131,0.00010070513598731187,0.005238732720448871
171,3344,14,174,14,174,DepthLow,DepthLow,DepthLow--DepthLow,4,0.16835877731099685,0.00010069247528536782,0.005238074104253302
172,24175,153,155,153,155,DepthMid,DepthMid,DepthMid--DepthMid,10,0.7847074642278438,0.00010058504501576533,0.005232485526639901
173,13469,67,70,67,70,DepthHigh,DepthHigh,DepthHigh--DepthHigh,10,0.7877277745713585,0.00010037613574359687,0.005221617959370522
174,6168,27,229,27,229,DepthLow,DepthHigh,DepthHigh--DepthLow,9,0.28801429032637593,0.00010034000862378183,0.005219738608105911
175,11024,53,54,53,54,DepthLow,DepthLow,DepthLow--DepthLow,10,0.7825312523410708,0.0001000222426935137,0.0052032082617634035
176,5863,26,131,26,131,DepthLow,DepthLow,DepthLow--DepthLow,10,0.36580087798456534,9.999786100318018e-05,0.005201939913752373
177,3520,15,131,15,131,DepthLow,DepthLow,DepthLow--DepthLow,10,0.39176679670400044,9.991084455718655e-05,0.005197413273692015
178,8437,39,92,39,92,DepthLow,DepthHigh,DepthHigh--DepthLow,10,0.31861017514995016,9.983754204595265e-05,0.005193600039537399
179,14851,75,152,75,152,DepthHigh,DepthMid,DepthHigh--DepthMid,6,0.21230923368622656,9.971285802490266e-05,0.005187113912942286
180,16120,83,185,83,185,DepthMid,DepthMid,DepthMid--DepthMid,10,0.32628145290877275,9.925333962911004e-05,0.005163209530786541
181,4427,19,172,19,172,DepthLow,DepthLow,DepthLow--DepthLow,10,0.38666014439190743,9.921983622733923e-05,0.0051614666666775525
182,22939,139,144,139,144,DepthHigh,DepthHigh,DepthHigh--DepthHigh,10,0.8705853467518198,9.8744478907041e-05,0.0051367383355618
183,22844,138,144,138,144,DepthHigh,DepthHigh,DepthHigh--DepthHigh,10,0.8082576529134239,9.871078445442726e-05,0.005134985532890171
184,7003,32,44,32,44,DepthLow,DepthLow,DepthLow--DepthLow,10,0.5117090301827892,9.867881233864838e-05,0.005133322327062279
185,26170,183,185,183,185,DepthMid,DepthMid,DepthMid--DepthMid,10,0.7573821924574016,9.858878748569959e-05,0.005128639188132246
186,8904,41,172,41,172,DepthHigh,DepthLow,DepthHigh--DepthLow,3,0.15129898049385018,9.849844484164969e-05,0.00512393951754647
187,22652,136,145,136,145,DepthHigh,DepthHigh,DepthHigh--DepthHigh,10,0.694135674489657,9.848513754592344e-05,0.00512324726521139
188,11565,56,58,56,58,DepthHigh,DepthHigh,DepthHigh--DepthHigh,10,0.8116196985310741,9.843837748934948e-05,0.005120814783134062
189,12617,62,63,62,63,DepthMid,DepthMid,DepthMid--DepthMid,10,0.8566776406929437,9.822532663720053e-05,0.005109731768754211
190,15681,80,202,80,202,DepthMid,DepthMid,DepthMid--DepthMid,10,0.6788544243676505,9.821876009625695e-05,0.005109390173933212
191,19766,110,132,110,132,DepthHigh,DepthLow,DepthHigh--DepthLow,3,0.14267230369587566,9.81918028484437e-05,0.005107987844103775
192,13806,69,76,69,76,DepthHigh,DepthHigh,DepthHigh--DepthHigh,10,0.4530867994691835,9.815714283990703e-05,0.005106184812718812
193,4774,21,92,21,92,DepthHigh,DepthHigh,DepthHigh--DepthHigh,7,0.2296297762168448,9.808482000393184e-05,0.005102422541772605
194,9160,43,45,43,45,DepthHigh,DepthHigh,DepthHigh--DepthHigh,10,0.6612588566376888,9.808001945826776e-05,0.005102172814929978
195,18069,97,125,97,125,DepthHigh,DepthHigh,DepthHigh--DepthHigh,10,0.8099242059858693,9.799258556833378e-05,0.005097624459222172
196,22845,138,145,138,145,DepthHigh,DepthHigh,DepthHigh--DepthHigh,10,0.7771215858377442,9.798783050420876e-05,0.005097377098352487
197,7396,34,36,34,36,DepthLow,DepthLow,DepthLow--DepthLow,10,0.9339949909278658,9.78302698272492e-05,0.00508918071128889
198,14794,75,95,75,95,DepthHigh,DepthHigh,DepthHigh--DepthHigh,8,0.2559425612478957,9.738667208092519e-05,0.005066104529467561
199,16911,89,91,89,91,DepthMid,DepthMid,DepthMid--DepthMid,10,0.8101492648121668,9.723014197207954e-05,0.0050579617530847505
200,8194,38,44,38,44,DepthLow,DepthLow,DepthLow--DepthLow,10,0.6276627308421548,9.721592674478013e-05,0.005057222269684506
201,5904,26,172,26,172,DepthLow,DepthLow,DepthLow--DepthLow,10,0.4034305014532723,9.668914270488528e-05,0.005029818694292332
202,3738,16,131,16,131,DepthLow,DepthLow,DepthLow--DepthLow,10,0.3790622905558626,9.668430998483687e-05,0.0050295672937217635
203,17381,92,132,92,132,DepthHigh,DepthLow,DepthHigh--DepthLow,4,0.15898363959443937,9.663922214883497e-05,0.005027221801414528
204,6071,27,132,27,132,DepthLow,DepthLow,DepthLow--DepthLow,9,0.30113537693150855,9.635966679889265e-05,0.005012679189018832
205,11205,54,55,54,55,DepthLow,DepthLow,DepthLow--DepthLow,10,0.7741006835065253,9.624005515356984e-05,0.0050064569300053655
206,13805,69,75,69,75,DepthHigh,DepthHigh,DepthHigh--DepthHigh,10,0.45935395971487736,9.611415299687481e-05,0.00499990743537049
207,22555,135,146,135,146,DepthHigh,DepthHigh,DepthHigh--DepthHigh,10,0.6975798870792937,9.571203451280573e-05,0.004978989026003014
208,21284,123,129,123,129,DepthHigh,DepthLow,DepthHigh--DepthLow,9,0.2798674260057983,9.560064911770107e-05,0.00497319470073654
209,15564,80,85,80,85,DepthMid,DepthMid,DepthMid--DepthMid,10,0.5673411638922208,9.550966247113947e-05,0.004968461528810471
210,17664,94,134,94,134,DepthLow,DepthLow,DepthLow--DepthLow,6,0.20244412048271693,9.548888879395223e-05,0.004967380871490088
211,22651,136,144,136,144,DepthHigh,DepthHigh,DepthHigh--DepthHigh,10,0.721927422651875,9.546697501759067e-05,0.004966240905627092
212,25583,172,214,172,214,DepthLow,DepthLow,DepthLow--DepthLow,7,0.22744506066460604,9.539325202239458e-05,0.004962405797681536
213,22653,136,146,136,146,DepthHigh,DepthHigh,DepthHigh--DepthHigh,10,0.7045777418916612,9.533938863168475e-05,0.004959603796526585
214,19758,110,124,110,124,DepthHigh,DepthLow,DepthHigh--DepthLow,6,0.21292826778665344,9.502419406316218e-05,0.004943207213738246
215,3779,16,172,16,172,DepthLow,DepthLow,DepthLow--DepthLow,10,0.3805631584015044,9.491345531333515e-05,0.004937446527290103
216,5004,22,110,22,110,DepthHigh,DepthHigh,DepthHigh--DepthHigh,6,0.21245661873907432,9.480696762337226e-05,0.004931906983152017
217,27376,219,221,219,221,DepthHigh,DepthHigh,DepthHigh--DepthHigh,10,0.6781545907376905,9.422728236881461e-05,0.004901751459495354
218,1448,6,66,6,66,DepthHigh,DepthHigh,DepthHigh--DepthHigh,5,0.18240333008663534,9.403645546656884e-05,0.004891824546364898
219,18527,100,178,100,178,DepthLow,DepthLow,DepthLow--DepthLow,5,0.19299052312428985,9.3593842686277e-05,0.004868799602980721
220,3356,14,186,14,186,DepthLow,DepthMid,DepthLow--DepthMid,6,0.20271547777036228,9.339950702776948e-05,0.004858690162553555
221,22553,135,144,135,144,DepthHigh,DepthHigh,DepthHigh--DepthHigh,10,0.6947606974740274,9.33354327018997e-05,0.00485535698332507
222,9492,44,187,44,187,DepthLow,DepthMid,DepthLow--DepthMid,10,0.3166498916155988,9.313011678949417e-05,0.004844676344469836
223,21932,129,132,129,132,DepthLow,DepthLow,DepthLow--DepthLow,10,0.41396221420852336,9.299309372555848e-05,0.004837548334548014
224,8382,38,232,38,232,DepthLow,DepthHigh,DepthHigh--DepthLow,9,0.3096437651213349,9.285080457718219e-05,0.004830146380218121
225,1811,7,202,7,202,DepthHigh,DepthMid,DepthHigh--DepthMid,3,0.1477477994815809,9.254411481641289e-05,0.004814192221882332
226,12436,60,227,60,227,DepthMid,DepthHigh,DepthHigh--DepthMid,10,0.3445601649066388,9.253163427166496e-05,0.00481354297755632
227,26538,190,224,190,224,DepthMid,DepthLow,DepthLow--DepthMid,6,0.19870468137807978,9.249285718724554e-05,0.004811525773776592
228,9397,44,92,44,92,DepthLow,DepthHigh,DepthHigh--DepthLow,9,0.279522543360912,9.203872063987865e-05,0.004787901358130678
229,2967,13,17,13,17,DepthHigh,DepthHigh,DepthHigh--DepthHigh,10,0.7891708299887452,9.179398291985195e-05,0.004775169976664757
230,8777,41,45,41,45,DepthHigh,DepthHigh,DepthHigh--DepthHigh,10,0.8351671139785788,9.165182674376547e-05,0.004767774939621443
231,22554,135,145,135,145,DepthHigh,DepthHigh,DepthHigh--DepthHigh,10,0.6818785138337387,9.163109150551624e-05,0.0047666962819142905
232,13414,66,182,66,182,DepthHigh,DepthMid,DepthHigh--DepthMid,6,0.21451015546697658,9.156743661926571e-05,0.00476338492214949
233,16257,84,172,84,172,DepthHigh,DepthLow,DepthHigh--DepthLow,8,0.25457022145310576,9.156284686202524e-05,0.004763146160628552
234,700,3,5,3,5,DepthMid,DepthMid,DepthMid--DepthMid,10,0.7592407187439942,9.144722908846596e-05,0.004757131664868508
235,3339,14,169,14,169,DepthLow,DepthLow,DepthLow--DepthLow,3,0.1561171712659862,9.12231103185101e-05,0.004745472891739176
236,26328,186,196,186,196,DepthMid,DepthMid,DepthMid--DepthMid,6,0.21429548070664484,9.109535901997333e-05,0.004738827203799202
237,4986,22,92,22,92,DepthHigh,DepthHigh,DepthHigh--DepthHigh,8,0.2464862313668416,9.09392569218115e-05,0.004730706692751243
238,27279,213,229,213,229,DepthMid,DepthHigh,DepthHigh--DepthMid,9,0.28752588920409267,9.048459762935991e-05,0.004707055083638453
239,1127,4,202,4,202,DepthHigh,DepthMid,DepthHigh--DepthMid,4,0.15698168603823212,9.043013038403418e-05,0.004704221669657297
240,8968,42,44,42,44,DepthLow,DepthLow,DepthLow--DepthLow,10,0.7724963371257114,8.972122271566404e-05,0.004667343929891019
241,4493,20,24,20,24,DepthHigh,DepthHigh,DepthHigh--DepthHigh,10,0.5349068543873086,8.964245436864784e-05,0.004663246360161294
242,27242,212,213,212,213,DepthMid,DepthMid,DepthMid--DepthMid,10,0.8134990275702302,8.941324400108603e-05,0.004651322719518344
243,16259,84,174,84,174,DepthHigh,DepthLow,DepthHigh--DepthLow,8,0.25881722201593094,8.935105729014156e-05,0.004648087734984457
244,16088,83,153,83,153,DepthMid,DepthMid,DepthMid--DepthMid,10,0.8653506401133906,8.893840874718419e-05,0.004626621546563753
245,26119,182,185,182,185,DepthMid,DepthMid,DepthMid--DepthMid,10,0.7651460178952837,8.887429298182218e-05,0.00462328621163167
246,25555,172,186,172,186,DepthLow,DepthMid,DepthLow--DepthMid,10,0.3577554945222152,8.877976833204645e-05,0.0046183689909674586
247,25394,169,214,169,214,DepthLow,DepthLow,DepthLow--DepthLow,6,0.21094808671224868,8.847624802735157e-05,0.004602579709358961
248,24725,160,166,160,166,DepthMid,DepthMid,DepthMid--DepthMid,10,0.7232141195324411,8.838516092466804e-05,0.00459784131165401
249,11686,56,179,56,179,DepthHigh,DepthLow,DepthHigh--DepthLow,9,0.28536903360096605,8.819034153447436e-05,0.00458770670725693
250,17476,92,227,92,227,DepthHigh,DepthHigh,DepthHigh--DepthHigh,9,0.3105483172393045,8.815745037861838e-05,0.004585995692493812
251,7320,33,160,33,160,DepthMid,DepthMid,DepthMid--DepthMid,10,0.7808180163706547,8.77141697556005e-05,0.004562936007589187
252,26173,183,188,183,188,DepthMid,DepthMid,DepthMid--DepthMid,10,0.4627713864915908,8.744937636223707e-05,0.004549161319730701
253,2178,9,118,9,118,DepthMid,DepthLow,DepthLow--DepthMid,4,0.17124376403074978,8.737244789731254e-05,0.004545159461609137
254,7995,37,41,37,41,DepthHigh,DepthHigh,DepthHigh--DepthHigh,10,0.5908582194987595,8.736891207524832e-05,0.004544975526335529
255,12301,60,92,60,92,DepthMid,DepthHigh,DepthHigh--DepthMid,9,0.2738303673707614,8.727272688044195e-05,0.004539971923268865
256,18962,103,217,103,217,DepthHigh,DepthMid,DepthHigh--DepthMid,10,0.39048117324777837,8.695512526093503e-05,0.0045234501244562604
257,21446,124,181,124,181,DepthLow,DepthLow,DepthLow--DepthLow,7,0.2235784112236687,8.6802961691888e-05,0.004515534497708808
258,10844,52,55,52,55,DepthLow,DepthLow,DepthLow--DepthLow,10,0.6407485733304458,8.656646641246793e-05,0.004503231892222175
259,1953,8,118,8,118,DepthMid,DepthLow,DepthLow--DepthMid,4,0.1567104463493707,8.653006678017185e-05,0.004501338364718813
260,26519,190,205,190,205,DepthMid,DepthMid,DepthMid--DepthMid,3,0.14238930512821046,8.637602022410927e-05,0.004493324784022997
261,22695,136,188,136,188,DepthHigh,DepthMid,DepthHigh--DepthMid,7,0.22104887880688984,8.629206858809002e-05,0.0044889575769462425
262,7999,37,45,37,45,DepthHigh,DepthHigh,DepthHigh--DepthHigh,10,0.5026144156623314,8.626967835411305e-05,0.004487792825514216
263,7404,34,44,34,44,DepthLow,DepthLow,DepthLow--DepthLow,10,0.5776585752099052,8.597373773586326e-05,0.0044723978430742896
264,22058,130,154,130,154,DepthLow,DepthMid,DepthLow--DepthMid,6,0.2003587126475815,8.58633116579757e-05,0.004466653421980481
265,27363,218,223,218,223,DepthMid,DepthMid,DepthMid--DepthMid,10,0.6164985643138942,8.582971961760191e-05,0.004464905946845996
266,11234,54,84,54,84,DepthLow,DepthHigh,DepthHigh--DepthLow,7,0.22257245497288614,8.571974253060152e-05,0.004459184882487956
267,18254,98,174,98,174,DepthLow,DepthLow,DepthLow--DepthLow,10,0.5108462771990309,8.566246204879723e-05,0.004456205122505217
268,13301,66,69,66,69,DepthHigh,DepthHigh,DepthHigh--DepthHigh,10,0.6499818732840573,8.539382186893223e-05,0.004442230322843924
269,8580,40,41,40,41,DepthHigh,DepthHigh,DepthHigh--DepthHigh,10,0.6969863893144406,8.52527820028414e-05,0.0044348933568179715
270,18252,98,172,98,172,DepthLow,DepthLow,DepthLow--DepthLow,10,0.5132296512765391,8.509316431673328e-05,0.004426589963085577
271,6817,31,60,31,60,DepthLow,DepthMid,DepthLow--DepthMid,10,0.33476726376492427,8.508754663936917e-05,0.004426297728633662
272,27258,212,229,212,229,DepthMid,DepthHigh,DepthHigh--DepthMid,9,0.2895481938543607,8.500922579428668e-05,0.004422223438183585
273,1365,5,211,5,211,DepthMid,DepthMid,DepthMid--DepthMid,10,0.7538194274451718,8.499346420546862e-05,0.0044214035122656275
274,19569,108,184,108,184,DepthHigh,DepthMid,DepthHigh--DepthMid,6,0.20702189650131464,8.495231910242312e-05,0.00441926312294489
275,906,3,211,3,211,DepthMid,DepthMid,DepthMid--DepthMid,10,0.7300102673160352,8.478128376205632e-05,0.0044103657769937795
276,2104,9,44,9,44,DepthMid,DepthLow,DepthLow--DepthMid,4,0.17684958853567345,8.476383788162536e-05,0.004409458233364007
277,21930,129,130,129,130,DepthLow,DepthLow,DepthLow--DepthLow,10,0.6286882321440789,8.459839208486785e-05,0.004400851658332486
278,7001,32,42,32,42,DepthLow,DepthLow,DepthLow--DepthLow,10,0.4971120689225374,8.455971804373961e-05,0.004398839814917508
279,17418,92,169,92,169,DepthHigh,DepthLow,DepthHigh--DepthLow,7,0.22204761755500746,8.454024798920895e-05,0.004397826972714986
280,25762,175,213,175,213,DepthLow,DepthMid,DepthLow--DepthMid,4,0.16475702736182055,8.444105715270759e-05,0.004392667014628897
281,25370,169,190,169,190,DepthLow,DepthMid,DepthLow--DepthMid,9,0.2808844920552807,8.428552206999377e-05,0.004384576000014775
282,7991,36,234,36,234,DepthLow,DepthLow,DepthLow--DepthLow,8,0.2715940902072377,8.409095920367371e-05,0.004374454740120904
283,18186,98,106,98,106,DepthLow,DepthLow,DepthLow--DepthLow,10,0.7094046801346948,8.409053836510756e-05,0.004374432847883284
284,11665,56,158,56,158,DepthHigh,DepthMid,DepthHigh--DepthMid,1,0.09242939046957438,8.408879231662618e-05,0.00437434201754756
285,19801,110,167,110,167,DepthHigh,DepthLow,DepthHigh--DepthLow,3,0.1497841979144758,8.40144073481585e-05,0.004370472473413581
286,25704,174,214,174,214,DepthLow,DepthLow,DepthLow--DepthLow,8,0.25476517208163035,8.39949729758809e-05,0.0043694614874201275
287,24007,150,233,150,233,DepthMid,DepthMid,DepthMid--DepthMid,10,0.6658016690750556,8.395189322215285e-05,0.004367220456580624
288,2925,12,196,12,196,DepthLow,DepthMid,DepthLow--DepthMid,1,0.04723011769648882,8.391793411244854e-05,0.004365453886311678
289,6998,32,39,32,39,DepthLow,DepthLow,DepthLow--DepthLow,10,0.5351845927259226,8.380818961340603e-05,0.004359744921298258
290,21680,126,198,126,198,DepthLow,DepthMid,DepthLow--DepthMid,8,0.27087225364821355,8.37052800298451e-05,0.0043543915120866725
291,17821,95,152,95,152,DepthHigh,DepthMid,DepthHigh--DepthMid,6,0.21590926382280337,8.365490299787249e-05,0.004351770873097741
292,14791,75,92,75,92,DepthHigh,DepthHigh,DepthHigh--DepthHigh,7,0.22519615101845136,8.363729419252528e-05,0.004350854854030431
293,5568,25,44,25,44,DepthLow,DepthLow,DepthLow--DepthLow,5,0.19659932485356732,8.360434199062027e-05,0.004349140663620596
294,18788,102,174,102,174,DepthLow,DepthLow,DepthLow--DepthLow,10,0.5624022372635255,8.356310829431014e-05,0.004346995665632885
295,15006,76,149,76,149,DepthHigh,DepthMid,DepthHigh--DepthMid,10,0.34231125907299714,8.332968820997588e-05,0.0043348530333686686
296,23844,149,154,149,154,DepthMid,DepthMid,DepthMid--DepthMid,10,0.7198181497786211,8.324844860558993e-05,0.004330626907565645
297,19864,110,230,110,230,DepthHigh,DepthLow,DepthHigh--DepthLow,2,0.10401604126588755,8.32002992398311e-05,0.004328122152913396
298,19696,109,186,109,186,DepthLow,DepthMid,DepthLow--DepthMid,8,0.2661455392228906,8.314651538660094e-05,0.004325324289338849
299,15237,77,223,77,223,DepthMid,DepthMid,DepthMid--DepthMid,3,0.13648138517630362,8.300899214455193e-05,0.004318170259895553
300,25366,169,186,169,186,DepthLow,DepthMid,DepthLow--DepthMid,9,0.30243424918587986,8.300726489260663e-05,0.004318080407365256
301,26221,184,186,184,186,DepthMid,DepthMid,DepthMid--DepthMid,10,0.6478714246844194,8.295318717414347e-05,0.004315267256770873
302,26123,182,189,182,189,DepthMid,DepthMid,DepthMid--DepthMid,10,0.5339783633785055,8.294174356487797e-05,0.004314671954359417
303,5129,23,24,23,24,DepthHigh,DepthHigh,DepthHigh--DepthHigh,10,0.5875249091919901,8.288564733246006e-05,0.0043117537996359215
304,21644,126,162,126,162,DepthLow,DepthMid,DepthLow--DepthMid,8,0.2504549550799695,8.28378258549641e-05,0.004309266101898938
305,24933,162,229,162,229,DepthMid,DepthHigh,DepthHigh--DepthMid,9,0.31181705271291876,8.280231329843857e-05,0.004307418720531214
306,17681,94,151,94,151,DepthLow,DepthMid,DepthLow--DepthMid,6,0.2016328573111744,8.270186500919702e-05,0.004302193349109948
307,25681,174,191,174,191,DepthLow,DepthMid,DepthLow--DepthMid,8,0.2632249432965469,8.265453579914657e-05,0.0042997312593774486
308,25676,174,186,174,186,DepthLow,DepthMid,DepthLow--DepthMid,10,0.3630535979917459,8.257656088344321e-05,0.004295674964350739
309,7997,37,43,37,43,DepthHigh,DepthHigh,DepthHigh--DepthHigh,10,0.42718376506169314,8.239762366862528e-05,0.004286366558846071
310,25989,179,214,179,214,DepthLow,DepthLow,DepthLow--DepthLow,4,0.15672499608433915,8.235395779572743e-05,0.004284095037787346
311,2298,10,14,10,14,DepthLow,DepthLow,DepthLow--DepthLow,10,0.7404420552449124,8.213600472515126e-05,0.0042727570074956875
312,21880,128,185,128,185,DepthLow,DepthMid,DepthLow--DepthMid,10,0.31573226354588446,8.207313956192903e-05,0.004269486729527043
313,7801,36,44,36,44,DepthLow,DepthLow,DepthLow--DepthLow,10,0.5818989279055454,8.194652410148361e-05,0.0042629001284659645
314,9856,46,174,46,174,DepthLow,DepthLow,DepthLow--DepthLow,9,0.29466861005231937,8.176173113371247e-05,0.004253287103695376
315,8334,38,184,38,184,DepthLow,DepthMid,DepthLow--DepthMid,10,0.31746554375291186,8.16711983195424e-05,0.00424857754036261
316,18786,102,172,102,172,DepthLow,DepthLow,DepthLow--DepthLow,10,0.5649751463820016,8.134365065531783e-05,0.004231538343212863
317,18720,102,106,102,106,DepthLow,DepthLow,DepthLow--DepthLow,10,0.8164524493224937,8.127041139377916e-05,0.004227728399339767
318,25877,177,213,177,213,DepthLow,DepthMid,DepthLow--DepthMid,2,0.13109328311888893,8.125716579627635e-05,0.004227039356577851
319,20777,118,187,118,187,DepthLow,DepthMid,DepthLow--DepthMid,4,0.16620719604195772,8.109655298472554e-05,0.0042186841959105685
320,26270,185,186,185,186,DepthMid,DepthMid,DepthMid--DepthMid,10,0.7923528750682304,8.105517446808802e-05,0.0042165316642953
321,21985,129,185,129,185,DepthLow,DepthMid,DepthLow--DepthMid,10,0.329751582407147,8.083776946946313e-05,0.00420522214498708
322,20767,118,177,118,177,DepthLow,DepthLow,DepthLow--DepthLow,6,0.20534423392998014,8.07612519656519e-05,0.004201241665272982
323,20594,117,120,117,120,DepthLow,DepthMid,DepthLow--DepthMid,8,0.25795551889199936,8.069140935153583e-05,0.0041976084167374
324,27078,205,224,205,224,DepthMid,DepthLow,DepthLow--DepthMid,2,0.12617609427338042,8.068858833939101e-05,0.004197461666241679
325,6877,31,120,31,120,DepthLow,DepthMid,DepthLow--DepthMid,7,0.23815296564659005,8.055837138251657e-05,0.0041906877134929195
326,16092,83,157,83,157,DepthMid,DepthHigh,DepthHigh--DepthMid,6,0.21805132486116274,8.053353052875101e-05,0.004189395479565129
327,17421,92,172,92,172,DepthHigh,DepthLow,DepthHigh--DepthLow,5,0.18555326425969362,8.042212415471302e-05,0.004183600062963806
328,24519,157,185,157,185,DepthHigh,DepthMid,DepthHigh--DepthMid,8,0.25672920081607253,8.02577311874414e-05,0.004175048256661037
329,9963,47,94,47,94,DepthMid,DepthLow,DepthLow--DepthMid,5,0.18329334065064845,8.00363417994016e-05,0.004163531467376026
330,16118,83,183,83,183,DepthMid,DepthMid,DepthMid--DepthMid,9,0.2825389195847046,8.00223109345547e-05,0.004162801574604927
331,15373,78,203,78,203,DepthHigh,DepthMid,DepthHigh--DepthMid,6,0.21916088827329575,7.991438387823083e-05,0.004157187153891997
332,1985,8,150,8,150,DepthMid,DepthMid,DepthMid--DepthMid,4,0.1727337307690613,7.990917193687518e-05,0.00415691602603492
333,26120,182,186,182,186,DepthMid,DepthMid,DepthMid--DepthMid,10,0.6608901187240509,7.990055074139146e-05,0.004156467547033058
334,21986,129,186,129,186,DepthLow,DepthMid,DepthLow--DepthMid,10,0.34234136186784064,7.971163511349311e-05,0.00414664005937245
335,6074,27,135,27,135,DepthLow,DepthHigh,DepthHigh--DepthLow,4,0.17274113693273446,7.968381278564814e-05,0.004145192727636967
336,16975,89,155,89,155,DepthMid,DepthMid,DepthMid--DepthMid,10,0.4617840252738104,7.95445615150788e-05,0.004137948805265544
337,18340,99,125,99,125,DepthHigh,DepthHigh,DepthHigh--DepthHigh,10,0.6967752335807194,7.942801314131539e-05,0.004131885899206548
338,11046,53,76,53,76,DepthLow,DepthHigh,DepthHigh--DepthLow,7,0.22802393553564815,7.914449207689593e-05,0.004117136988313882
339,21671,126,189,126,189,DepthLow,DepthMid,DepthLow--DepthMid,9,0.2879659494767668,7.910004181828432e-05,0.004114824663108836
340,14883,75,184,75,184,DepthHigh,DepthMid,DepthHigh--DepthMid,9,0.2730016379986342,7.893845806328787e-05,0.004106418993466529
341,22597,135,188,135,188,DepthHigh,DepthMid,DepthHigh--DepthMid,7,0.22910657352401578,7.891191119519508e-05,0.004105038011800205
342,17056,90,92,90,92,DepthHigh,DepthHigh,DepthHigh--DepthHigh,10,0.5022871125183045,7.882555149500283e-05,0.004100545535992593
343,26321,186,189,186,189,DepthMid,DepthMid,DepthMid--DepthMid,10,0.5070786702212878,7.877093534068856e-05,0.004097704375689634
344,24518,157,184,157,184,DepthHigh,DepthMid,DepthHigh--DepthMid,8,0.25361013911425895,7.866792073711956e-05,0.004092345503283474
345,26112,181,230,181,230,DepthLow,DepthLow,DepthLow--DepthLow,3,0.15032074073980364,7.864698856263811e-05,0.004091256600852719
346,7609,35,50,35,50,DepthLow,DepthLow,DepthLow--DepthLow,5,0.18591741331347159,7.861454066903045e-05,0.004089568644818644
347,11402,55,73,55,73,DepthLow,DepthHigh,DepthHigh--DepthLow,10,0.37739283843496285,7.845789849508204e-05,0.004081420038751828
348,26754,196,197,196,197,DepthMid,DepthMid,DepthMid--DepthMid,10,0.4995623880380061,7.831957453143579e-05,0.0040742243553611905
349,25279,167,230,167,230,DepthLow,DepthLow,DepthLow--DepthLow,2,0.12165526361239246,7.814738559380623e-05,0.0040652669986899976
350,14848,75,149,75,149,DepthHigh,DepthMid,DepthHigh--DepthMid,10,0.3302184042054403,7.809528846246967e-05,0.004062556879251712
351,9423,44,118,44,118,DepthLow,DepthLow,DepthLow--DepthLow,5,0.18157819407540476,7.808610319066063e-05,0.004062079056710683
352,5709,25,185,25,185,DepthLow,DepthMid,DepthLow--DepthMid,6,0.19858962010239253,7.801156795528042e-05,0.004058201695615
353,12329,60,120,60,120,DepthMid,DepthMid,DepthMid--DepthMid,10,0.3387753590973913,7.792629957434265e-05,0.0040537659907936025
354,10641,50,217,50,217,DepthLow,DepthMid,DepthLow--DepthMid,10,0.32656228804053916,7.791450478156637e-05,0.004053152419636161
355,23838,148,233,148,233,DepthMid,DepthMid,DepthMid--DepthMid,10,0.6824865064448767,7.786547558343282e-05,0.0040506018956534325
356,15269,78,99,78,99,DepthHigh,DepthHigh,DepthHigh--DepthHigh,10,0.3285842610746357,7.784315970661502e-05,0.0040494410123188855
357,7994,37,40,37,40,DepthHigh,DepthHigh,DepthHigh--DepthHigh,10,0.4769563077326792,7.772640224742957e-05,0.004043367229529214
358,412,1,180,1,180,DepthMid,DepthLow,DepthLow--DepthMid,4,0.16779236243032983,7.768057494862694e-05,0.004040983269988587
359,3920,17,96,17,96,DepthHigh,DepthHigh,DepthHigh--DepthHigh,10,0.35453802830733777,7.767472154104763e-05,0.004040678772730217
360,5563,25,39,25,39,DepthLow,DepthLow,DepthLow--DepthLow,6,0.2140425044581722,7.752588747530157e-05,0.004032936348448703
361,8411,39,66,39,66,DepthLow,DepthHigh,DepthHigh--DepthLow,7,0.22807826666785286,7.746269485726364e-05,0.004029649036112937
362,710,3,15,3,15,DepthMid,DepthLow,DepthLow--DepthMid,9,0.30202099540875577,7.744542267845669e-05,0.004028750528530555
363,2879,12,150,12,150,DepthLow,DepthMid,DepthLow--DepthMid,6,0.20782059809453846,7.743155499553282e-05,0.004028029124566617
364,7694,35,135,35,135,DepthLow,DepthHigh,DepthHigh--DepthLow,4,0.16000341495158338,7.726571144493541e-05,0.0040194018581767525
365,12345,60,136,60,136,DepthMid,DepthHigh,DepthHigh--DepthMid,4,0.16891802061652636,7.72646832608037e-05,0.004019348371511941
366,778,3,83,3,83,DepthMid,DepthMid,DepthMid--DepthMid,10,0.4245625674236517,7.724446851263413e-05,0.004018296789965147
367,23974,150,200,150,200,DepthMid,DepthMid,DepthMid--DepthMid,4,0.1712655790965316,7.712995119378076e-05,0.004012339540422177
368,11223,54,73,54,73,DepthLow,DepthHigh,DepthHigh--DepthLow,10,0.3766152801799768,7.712262061126958e-05,0.004011958199767752
369,21879,128,184,128,184,DepthLow,DepthMid,DepthLow--DepthMid,10,0.3592438856043567,7.700198942031752e-05,0.004005682903468794
370,17473,92,224,92,224,DepthHigh,DepthLow,DepthHigh--DepthLow,2,0.12753847120058254,7.698610255863105e-05,0.0040048564607921
371,7406,34,46,34,46,DepthLow,DepthLow,DepthLow--DepthLow,7,0.23035255592882667,7.688936641828935e-05,0.003999824197256685
372,25285,168,170,168,170,DepthLow,DepthLow,DepthLow--DepthLow,10,0.6187790802726417,7.687728148994954e-05,0.003999195533098722
373,11025,53,55,53,55,DepthLow,DepthLow,DepthLow--DepthLow,10,0.6793360641851539,7.681752739451115e-05,0.003996087094468607
374,23661,146,229,146,229,DepthHigh,DepthHigh,DepthHigh--DepthHigh,4,0.16287214184706864,7.681417719641049e-05,0.003995912815448596
375,3318,14,148,14,148,DepthLow,DepthMid,DepthLow--DepthMid,8,0.24509286948683415,7.67768201121022e-05,0.003993969480801483
376,21984,129,184,129,184,DepthLow,DepthMid,DepthLow--DepthMid,10,0.33767017898926854,7.675492785964965e-05,0.003992830634623251
377,3327,14,157,14,157,DepthLow,DepthHigh,DepthHigh--DepthLow,6,0.19797520730896148,7.670541882190133e-05,0.003990255149138154
378,7698,35,139,35,139,DepthLow,DepthHigh,DepthHigh--DepthLow,6,0.21212411544899062,7.650387627186267e-05,0.0039797708025246575
379,1437,6,55,6,55,DepthHigh,DepthLow,DepthHigh--DepthLow,10,0.3237237713934419,7.646900643779183e-05,0.003977956855908007
380,2441,10,157,10,157,DepthLow,DepthHigh,DepthHigh--DepthLow,7,0.22472523582139736,7.646255843295904e-05,0.003977621427396164
381,4390,19,135,19,135,DepthLow,DepthHigh,DepthHigh--DepthLow,1,0.08610312254952773,7.645086743376374e-05,0.003977013255633932
382,17906,96,99,96,99,DepthHigh,DepthHigh,DepthHigh--DepthHigh,10,0.7700845997914629,7.640153294473117e-05,0.003974446850262372
383,8200,38,50,38,50,DepthLow,DepthLow,DepthLow--DepthLow,2,0.12219278522985395,7.637411164134366e-05,0.003973020380024433
384,6903,31,146,31,146,DepthLow,DepthHigh,DepthHigh--DepthLow,6,0.2019889678203838,7.63101198708612e-05,0.003969691495369452
385,3320,14,150,14,150,DepthLow,DepthMid,DepthLow--DepthMid,7,0.23990160615494263,7.624729318711711e-05,0.003966423219122957
386,1116,4,191,4,191,DepthHigh,DepthMid,DepthHigh--DepthMid,6,0.21651866717004445,7.617923735726593e-05,0.003962882920019407
387,9422,44,117,44,117,DepthLow,DepthLow,DepthLow--DepthLow,5,0.1924402474482275,7.61600153529939e-05,0.003961882981518305
388,15407,79,82,79,82,DepthHigh,DepthHigh,DepthHigh--DepthHigh,10,0.49131093553381655,7.596350813763687e-05,0.0039516605755923065
389,15319,78,149,78,149,DepthHigh,DepthMid,DepthHigh--DepthMid,10,0.33604118174490566,7.590677470447955e-05,0.003948709273360193
390,21055,121,123,121,123,DepthHigh,DepthHigh,DepthHigh--DepthHigh,10,0.6482550413461556,7.587264553499454e-05,0.00394693385649441
391,25899,178,179,178,179,DepthLow,DepthLow,DepthLow--DepthLow,10,0.5359138540592939,7.580528073359171e-05,0.00394342950504445
392,15040,76,183,76,183,DepthHigh,DepthMid,DepthHigh--DepthMid,9,0.2827054014734778,7.575481693519565e-05,0.0039408043524217585
393,18777,102,163,102,163,DepthLow,DepthLow,DepthLow--DepthLow,10,0.7015171664225064,7.572794472442005e-05,0.003939406446262546
394,27377,219,222,219,222,DepthHigh,DepthHigh,DepthHigh--DepthHigh,10,0.6239519798966277,7.568307806757495e-05,0.003937072459808259
395,7594,34,234,34,234,DepthLow,DepthLow,DepthLow--DepthLow,8,0.2600158602599784,7.5643557128475e-05,0.003935016560327304
396,23132,141,150,141,150,DepthLow,DepthMid,DepthLow--DepthMid,7,0.2341280930685379,7.5615338861696e-05,0.0039335486316458106
397,4492,20,23,20,23,DepthHigh,DepthHigh,DepthHigh--DepthHigh,10,0.49114528078238345,7.558763554457334e-05,0.003932107490909019
398,15342,78,172,78,172,DepthHigh,DepthLow,DepthHigh--DepthLow,8,0.2458964808824476,7.556178176282481e-05,0.003930762563949083
399,14831,75,132,75,132,DepthHigh,DepthLow,DepthHigh--DepthLow,3,0.14000636923318235,7.55343571716162e-05,0.003929335922677008
400,17262,91,155,91,155,DepthMid,DepthMid,DepthMid--DepthMid,10,0.4869072683288876,7.54559887229556e-05,0.003925259155864431
401,2177,9,117,9,117,DepthMid,DepthLow,DepthLow--DepthMid,4,0.15983367550111494,7.544452916167386e-05,0.003924663023620926
402,19295,106,163,106,163,DepthLow,DepthLow,DepthLow--DepthLow,10,0.7723790664242025,7.54396852906523e-05,0.003924411042971026
403,4391,19,136,19,136,DepthLow,DepthHigh,DepthHigh--DepthLow,1,0.06755681390190699,7.534648291163954e-05,0.003919562607508714
404,10756,51,149,51,149,DepthLow,DepthMid,DepthLow--DepthMid,6,0.21456054057337426,7.531521322690139e-05,0.003917935942503103
405,7191,32,232,32,232,DepthLow,DepthHigh,DepthHigh--DepthLow,9,0.28791424261372556,7.527969344702344e-05,0.003916088185372889
406,7703,35,144,35,144,DepthLow,DepthHigh,DepthHigh--DepthLow,8,0.2459861012643336,7.52561570215112e-05,0.003914863808470514
407,11045,53,75,53,75,DepthLow,DepthHigh,DepthHigh--DepthLow,7,0.22412948079566955,7.523528950063289e-05,0.003913778269353288
408,4404,19,149,19,149,DepthLow,DepthMid,DepthLow--DepthMid,1,0.1008676306285667,7.522843211709111e-05,0.00391342154475146
409,7025,32,66,32,66,DepthLow,DepthHigh,DepthHigh--DepthLow,5,0.1794232803289005,7.522482633916719e-05,0.003913233970338224
410,11482,55,153,55,153,DepthLow,DepthMid,DepthLow--DepthMid,10,0.4485150471036309,7.518350217462694e-05,0.003911084266146876
411,22191,131,184,131,184,DepthLow,DepthMid,DepthLow--DepthMid,9,0.2718985219679465,7.512250991019713e-05,0.003907911417332065
412,5562,25,38,25,38,DepthLow,DepthLow,DepthLow--DepthLow,6,0.199764733624441,7.50782009991877e-05,0.0039056064451016333
413,8330,38,180,38,180,DepthLow,DepthLow,DepthLow--DepthLow,9,0.2921227103127376,7.500883314658e-05,0.003901997893902725
414,6905,31,148,31,148,DepthLow,DepthMid,DepthLow--DepthMid,8,0.2523299138650143,7.496944344811786e-05,0.0038999488216269257
415,20251,114,131,114,131,DepthLow,DepthLow,DepthLow--DepthLow,9,0.3082788238857486,7.495569651155543e-05,0.003899233698950515
416,15004,76,147,76,147,DepthHigh,DepthMid,DepthHigh--DepthMid,10,0.3393198609144954,7.493214986946148e-05,0.0038980087905763306
417,16254,84,169,84,169,DepthHigh,DepthLow,DepthHigh--DepthLow,7,0.23029590851625328,7.488804084711633e-05,0.003895714216656529
418,10191,48,136,48,136,DepthHigh,DepthHigh,DepthHigh--DepthHigh,9,0.2821669884407411,7.488485802909901e-05,0.003895548644834128
419,26121,182,187,182,187,DepthMid,DepthMid,DepthMid--DepthMid,10,0.3370508528516406,7.486035574286313e-05,0.003894274023362529
420,23573,145,229,145,229,DepthHigh,DepthHigh,DepthHigh--DepthHigh,3,0.15061827428071792,7.4836701332901e-05,0.0038930435088486803
421,15134,77,120,77,120,DepthMid,DepthMid,DepthMid--DepthMid,3,0.1486146878013914,7.477554889784005e-05,0.003889862327875653
422,11226,54,76,54,76,DepthLow,DepthHigh,DepthHigh--DepthLow,6,0.2178083960510201,7.477003240838383e-05,0.0038895753572705
423,26081,181,199,181,199,DepthLow,DepthMid,DepthLow--DepthMid,7,0.23937869660053573,7.469703978622251e-05,0.0038857782437040573
424,23484,144,229,144,229,DepthHigh,DepthHigh,DepthHigh--DepthHigh,3,0.14626233546011352,7.457462236441401e-05,0.0038794100267616565
425,7428,34,68,34,68,DepthLow,DepthHigh,DepthHigh--DepthLow,4,0.16478643390480993,7.457430853152194e-05,0.0038793937010139744
426,23024,139,229,139,229,DepthHigh,DepthHigh,DepthHigh--DepthHigh,1,0.09431588729234283,7.454077990870825e-05,0.0038776495248934255
427,21432,124,167,124,167,DepthLow,DepthLow,DepthLow--DepthLow,4,0.15927000254741527,7.44412954389252e-05,0.003872474291853726
428,22190,131,183,131,183,DepthLow,DepthMid,DepthLow--DepthMid,8,0.26318438042125664,7.443695769819714e-05,0.00387224864036076
429,26223,184,188,184,188,DepthMid,DepthMid,DepthMid--DepthMid,10,0.4332805940351369,7.443247646023606e-05,0.003872015524068282
430,2655,11,148,11,148,DepthLow,DepthMid,DepthLow--DepthMid,6,0.20050278210865155,7.435384401866449e-05,0.00386792502420935
431,14882,75,183,75,183,DepthHigh,DepthMid,DepthHigh--DepthMid,9,0.2728839140293131,7.427337895318705e-05,0.003863739190316799
432,4917,22,23,22,23,DepthHigh,DepthHigh,DepthHigh--DepthHigh,10,0.5155192337962404,7.42450217010238e-05,0.003862264031544476
433,7704,35,145,35,145,DepthLow,DepthHigh,DepthHigh--DepthLow,8,0.257367442720168,7.419376823318601e-05,0.00385959779991323
434,1952,8,117,8,117,DepthMid,DepthLow,DepthLow--DepthMid,3,0.14272799281983548,7.418101855025153e-05,0.003858934554880994
435,6893,31,136,31,136,DepthLow,DepthHigh,DepthHigh--DepthLow,4,0.16713243259994978,7.417905305273643e-05,0.00385883230869421
436,6974,31,217,31,217,DepthLow,DepthMid,DepthLow--DepthMid,6,0.21284021211494322,7.405357930997044e-05,0.003852305100371208
437,7051,32,92,32,92,DepthLow,DepthHigh,DepthHigh--DepthLow,7,0.2268079310587795,7.382686837225166e-05,0.0038405114813480374
438,18699,101,217,101,217,DepthHigh,DepthMid,DepthHigh--DepthMid,10,0.43037225884111413,7.380924305956909e-05,0.003839594603560692
439,22053,130,149,130,149,DepthLow,DepthMid,DepthLow--DepthMid,2,0.11873887924389338,7.378823145583774e-05,0.0038385015691797006
440,9785,46,103,46,103,DepthLow,DepthHigh,DepthHigh--DepthLow,10,0.3812508645088355,7.37638017662493e-05,0.003837230724222861
441,10517,50,93,50,93,DepthLow,DepthHigh,DepthHigh--DepthLow,6,0.20447296654863154,7.375076758648145e-05,0.003836552679519732
442,15041,76,184,76,184,DepthHigh,DepthMid,DepthHigh--DepthMid,9,0.27679609990825815,7.372414341940972e-05,0.0038351676767209575
443,21495,124,230,124,230,DepthLow,DepthLow,DepthLow--DepthLow,2,0.13047699983005676,7.361450137666375e-05,0.003829464041536527
444,17607,93,217,93,217,DepthHigh,DepthMid,DepthHigh--DepthMid,8,0.2665071121366253,7.357542417961197e-05,0.003827431225744049
445,721,3,26,3,26,DepthMid,DepthLow,DepthLow--DepthMid,9,0.2958804176780766,7.35730761952727e-05,0.003827309082396894
446,24163,152,224,152,224,DepthMid,DepthLow,DepthLow--DepthMid,2,0.10722699405700722,7.356499370446531e-05,0.0038268886270880335
447,9086,42,162,42,162,DepthLow,DepthMid,DepthLow--DepthMid,6,0.20970702874800104,7.355862910092778e-05,0.0038265575371542594
448,11225,54,75,54,75,DepthLow,DepthHigh,DepthHigh--DepthLow,6,0.2189729995951885,7.352476864004569e-05,0.00382479609864754
449,2137,9,77,9,77,DepthMid,DepthMid,DepthMid--DepthMid,3,0.14218062080168278,7.347086347419941e-05,0.003821991924328608
450,11228,54,78,54,78,DepthLow,DepthHigh,DepthHigh--DepthLow,6,0.20313773410792985,7.345288977078803e-05,0.0038210569230772247
451,10800,51,193,51,193,DepthLow,DepthHigh,DepthHigh--DepthLow,6,0.20510739586502888,7.338401124777815e-05,0.003817473827054461
452,18609,101,127,101,127,DepthHigh,DepthHigh,DepthHigh--DepthHigh,10,0.7465873829691376,7.33714595069894e-05,0.003816820879073963
453,6195,28,50,28,50,DepthLow,DepthLow,DepthLow--DepthLow,10,0.313975219238012,7.328396512631857e-05,0.003812269376607064
454,8974,42,50,42,50,DepthLow,DepthLow,DepthLow--DepthLow,2,0.12171197053351902,7.325514487858962e-05,0.0038107701325684274
455,15597,80,118,80,118,DepthMid,DepthLow,DepthLow--DepthMid,3,0.1439351794642719,7.325123481884324e-05,0.0038105667292590386
456,6901,31,144,31,144,DepthLow,DepthHigh,DepthHigh--DepthLow,5,0.18462930785888365,7.309670342434776e-05,0.003802527927019776
457,7796,36,39,36,39,DepthLow,DepthLow,DepthLow--DepthLow,10,0.6220790034375905,7.298102377379269e-05,0.003796510212386738
458,9118,42,194,42,194,DepthLow,DepthMid,DepthLow--DepthMid,8,0.2685223456643083,7.296336143860383e-05,0.0037955914086696655
459,4060,18,20,18,20,DepthHigh,DepthHigh,DepthHigh--DepthHigh,10,0.6297111081454297,7.295922637425662e-05,0.0037953763005057722
460,15344,78,174,78,174,DepthHigh,DepthLow,DepthHigh--DepthLow,7,0.24179125107005214,7.295033031962962e-05,0.003794913523190589
461,15072,76,215,76,215,DepthHigh,DepthLow,DepthHigh--DepthLow,4,0.1718288164405843,7.292671674339925e-05,0.0037936851328683662
462,7799,36,42,36,42,DepthLow,DepthLow,DepthLow--DepthLow,10,0.6252015990689013,7.290963822629495e-05,0.003792796699666883
463,23891,149,201,149,201,DepthMid,DepthMid,DepthMid--DepthMid,8,0.2469817578323224,7.290501543568982e-05,0.003792556219733407
464,17423,92,174,92,174,DepthHigh,DepthLow,DepthHigh--DepthLow,6,0.2030555360706529,7.290439345875049e-05,0.0037925238641746614
465,4409,19,154,19,154,DepthLow,DepthMid,DepthLow--DepthMid,7,0.22301223527130246,7.290399136912468e-05,0.0037925029472665158
466,15821,81,189,81,189,DepthHigh,DepthMid,DepthHigh--DepthMid,10,0.3345299848856281,7.277185493187131e-05,0.0037856291421659496
467,1903,8,68,8,68,DepthMid,DepthHigh,DepthHigh--DepthMid,2,0.1271509732816189,7.275961016763582e-05,0.0037849921632628803
468,6902,31,145,31,145,DepthLow,DepthHigh,DepthHigh--DepthLow,6,0.19950526738653265,7.274926362406021e-05,0.0037844539307701507
469,26327,186,195,186,195,DepthMid,DepthMid,DepthMid--DepthMid,7,0.23795140144495236,7.26945120494231e-05,0.0037816057258326825
470,1081,4,156,4,156,DepthHigh,DepthMid,DepthHigh--DepthMid,10,0.36585265038441206,7.268722682407065e-05,0.0037812267446808716
471,21669,126,187,126,187,DepthLow,DepthMid,DepthLow--DepthMid,5,0.17932134816366677,7.268026326767993e-05,0.003780864496913098
472,9417,44,112,44,112,DepthLow,DepthLow,DepthLow--DepthLow,10,0.36623350323409104,7.267162218634897e-05,0.003780414983439284
473,8970,42,46,42,46,DepthLow,DepthLow,DepthLow--DepthLow,7,0.24028026846292433,7.266894670985678e-05,0.003780275803782705
474,2877,12,148,12,148,DepthLow,DepthMid,DepthLow--DepthMid,6,0.21858212643392827,7.258070116983443e-05,0.0037756852256218554
475,20651,117,177,117,177,DepthLow,DepthLow,DepthLow--DepthLow,6,0.19896679875676423,7.247090689254555e-05,0.00376997367111858
476,16024,83,89,83,89,DepthMid,DepthMid,DepthMid--DepthMid,10,0.4895147096040977,7.246896765079777e-05,0.003769872790770251
477,26122,182,188,182,188,DepthMid,DepthMid,DepthMid--DepthMid,10,0.3925101490730867,7.246752515214708e-05,0.003769797751252092
478,6898,31,141,31,141,DepthLow,DepthLow,DepthLow--DepthLow,5,0.1927505004501433,7.246618401859074e-05,0.0037697279847980257
479,16237,84,152,84,152,DepthHigh,DepthMid,DepthHigh--DepthMid,6,0.21081610560624794,7.233471446626858e-05,0.00376288887139293
480,11414,55,85,55,85,DepthLow,DepthMid,DepthLow--DepthMid,8,0.25278486848945536,7.232117216933249e-05,0.003762184394174627
481,8517,39,172,39,172,DepthLow,DepthLow,DepthLow--DepthLow,9,0.2734863780460683,7.225832042502092e-05,0.0037589148142645836
482,21850,128,155,128,155,DepthLow,DepthMid,DepthLow--DepthMid,10,0.336280708096139,7.224338871571441e-05,0.0037581380591035947
483,11240,54,90,54,90,DepthLow,DepthHigh,DepthHigh--DepthLow,10,0.31797079832506764,7.22243572304994e-05,0.0037571480315013567
484,7695,35,136,35,136,DepthLow,DepthHigh,DepthHigh--DepthLow,3,0.14016262937326,7.22113385003697e-05,0.003756470790496312
485,22153,131,146,131,146,DepthLow,DepthHigh,DepthHigh--DepthLow,2,0.12881375112356375,7.217940876439145e-05,0.003754809789287341
486,21935,129,135,129,135,DepthLow,DepthHigh,DepthHigh--DepthLow,2,0.1318121103453276,7.212755923750889e-05,0.00375211255035949
487,10194,48,139,48,139,DepthHigh,DepthHigh,DepthHigh--DepthHigh,9,0.282957045132289,7.203504507981528e-05,0.0037472999165224703
488,10824,51,217,51,217,DepthLow,DepthMid,DepthLow--DepthMid,10,0.33359664021095087,7.202774946870637e-05,0.0037469203950982917
489,9389,44,84,44,84,DepthLow,DepthHigh,DepthHigh--DepthLow,5,0.19021466305641033,7.198402945356567e-05,0.0037446460575323807
490,6325,28,180,28,180,DepthLow,DepthLow,DepthLow--DepthLow,9,0.2973399723482426,7.197157209608999e-05,0.0037439980194201405
491,15071,76,214,76,214,DepthHigh,DepthLow,DepthHigh--DepthLow,7,0.22017105418911148,7.19670109221208e-05,0.0037437607448156055
492,18105,97,161,97,161,DepthHigh,DepthMid,DepthHigh--DepthMid,10,0.4066366781798642,7.193055664432814e-05,0.0037418643746255404
493,26331,186,199,186,199,DepthMid,DepthMid,DepthMid--DepthMid,9,0.30665447850073446,7.189236364648708e-05,0.003739877555328586
494,21881,128,186,128,186,DepthLow,DepthMid,DepthLow--DepthMid,9,0.28692729428434827,7.187409649860606e-05,0.0037389272889456916
495,4705,21,23,21,23,DepthHigh,DepthHigh,DepthHigh--DepthHigh,10,0.4744616530183566,7.186687246924554e-05,0.0037385514912407045
496,8579,39,234,39,234,DepthLow,DepthLow,DepthLow--DepthLow,8,0.27055813003704016,7.177600497408836e-05,0.003733824517631681
497,23956,150,182,150,182,DepthMid,DepthMid,DepthMid--DepthMid,9,0.27426875103643217,7.17104044591592e-05,0.0037304119452671396
498,20807,118,217,118,217,DepthLow,DepthMid,DepthLow--DepthMid,5,0.1966904970738232,7.16022403736082e-05,0.0037247851941724897
499,15166,77,152,77,152,DepthMid,DepthMid,DepthMid--DepthMid,6,0.20711191817272895,7.160204235521079e-05,0.0037247748931541003
500,1976,8,141,8,141,DepthMid,DepthLow,DepthLow--DepthMid,6,0.20264901562689636,7.155120448863655e-05,0.0037221302813133113
501,8196,38,46,38,46,DepthLow,DepthLow,DepthLow--DepthLow,6,0.2082215887388288,7.15168146642724e-05,0.0037203413050472976
502,20704,117,230,117,230,DepthLow,DepthLow,DepthLow--DepthLow,4,0.1616467276472942,7.149934811772626e-05,0.0037194326863556346
503,7803,36,46,36,46,DepthLow,DepthLow,DepthLow--DepthLow,6,0.21418689386988768,7.1496341831899e-05,0.00371927629782812
504,18586,101,104,101,104,DepthHigh,DepthHigh,DepthHigh--DepthHigh,10,0.692405543205621,7.147862586904864e-05,0.0037183547043726463
505,1789,7,180,7,180,DepthHigh,DepthLow,DepthHigh--DepthLow,3,0.15488522376020625,7.141955441237343e-05,0.003715281776960405
506,3403,14,233,14,233,DepthLow,DepthMid,DepthLow--DepthMid,7,0.2288322570440417,7.141582788058828e-05,0.003715087920869498
507,11048,53,78,53,78,DepthLow,DepthHigh,DepthHigh--DepthLow,6,0.20670441409869805,7.134988980965486e-05,0.0037116577886688353
508,26224,184,189,184,189,DepthMid,DepthMid,DepthMid--DepthMid,10,0.5421188919917848,7.132742718804483e-05,0.0037104892715950854
509,4400,19,145,19,145,DepthLow,DepthHigh,DepthHigh--DepthLow,2,0.13037758066723149,7.12285916874396e-05,0.0037053477982641934
510,23768,148,163,148,163,DepthMid,DepthLow,DepthLow--DepthMid,10,0.32835800456336683,7.121693521315746e-05,0.0037047414225056165
511,848,3,153,3,153,DepthMid,DepthMid,DepthMid--DepthMid,10,0.4206947648197716,7.121171722447708e-05,0.0037044699800636116
512,2498,10,214,10,214,DepthLow,DepthLow,DepthLow--DepthLow,4,0.16449762955906058,7.119150236042042e-05,0.003703418392488313
513,22549,135,140,135,140,DepthHigh,DepthLow,DepthHigh--DepthLow,1,0.10151095470648594,7.116098406108097e-05,0.003701830814935742
514,7005,32,46,32,46,DepthLow,DepthLow,DepthLow--DepthLow,6,0.2030039933655013,7.114793143062314e-05,0.003701151810418277
515,8507,39,162,39,162,DepthLow,DepthMid,DepthLow--DepthMid,5,0.19297392547964018,7.113387402403456e-05,0.00370042053693219
516,2896,12,167,12,167,DepthLow,DepthLow,DepthLow--DepthLow,3,0.14076409574973361,7.111923367103266e-05,0.003699658938275299
517,23763,148,158,148,158,DepthMid,DepthMid,DepthMid--DepthMid,6,0.20582226453295624,7.109109050426931e-05,0.0036981949163350596
518,3874,17,50,17,50,DepthHigh,DepthLow,DepthHigh--DepthLow,7,0.22534084680968733,7.108520341570831e-05,0.003697888666974783
519,8471,39,126,39,126,DepthLow,DepthLow,DepthLow--DepthLow,6,0.21566955913601735,7.107082236668584e-05,0.0036971405574436275
520,3501,15,112,15,112,DepthLow,DepthLow,DepthLow--DepthLow,7,0.233434112379382,7.104738500154039e-05,0.003695921333712238
521,18585,101,103,101,103,DepthHigh,DepthHigh,DepthHigh--DepthHigh,10,0.7777525228958555,7.104181614165624e-05,0.0036956316387706176
522,18345,99,130,99,130,DepthHigh,DepthLow,DepthHigh--DepthLow,7,0.22851049566539203,7.104106836148001e-05,0.0036955927388630954
523,8984,42,60,42,60,DepthLow,DepthMid,DepthLow--DepthMid,8,0.26280449290154756,7.103815724347733e-05,0.003695441301014527
524,6895,31,138,31,138,DepthLow,DepthHigh,DepthHigh--DepthLow,3,0.14969676618583513,7.10046607017663e-05,0.0036936987937693597
525,1749,7,140,7,140,DepthHigh,DepthLow,DepthHigh--DepthLow,6,0.2084839476556917,7.100066732557494e-05,0.0036934910562958574
526,23958,150,184,150,184,DepthMid,DepthMid,DepthMid--DepthMid,8,0.25424167124335045,7.099786579602786e-05,0.003693345319294842
527,16632,87,103,87,103,DepthLow,DepthHigh,DepthHigh--DepthLow,10,0.34992587385102863,7.097442088127536e-05,0.003692125702829029
528,19409,107,150,107,150,DepthHigh,DepthMid,DepthHigh--DepthMid,7,0.23262191326625883,7.0927165465721e-05,0.0036896674519239893
529,14956,76,99,76,99,DepthHigh,DepthHigh,DepthHigh--DepthHigh,10,0.3185577395458367,7.084169327458461e-05,0.0036852211447917383
530,7989,36,232,36,232,DepthLow,DepthHigh,DepthHigh--DepthLow,10,0.31713178306070344,7.08269841758709e-05,0.0036844559699477307
531,8395,39,50,39,50,DepthLow,DepthLow,DepthLow--DepthLow,3,0.13610951182789413,7.082120011990856e-05,0.0036841550803959743
532,16622,87,93,87,93,DepthLow,DepthHigh,DepthHigh--DepthLow,9,0.2869637501851729,7.0819167098779e-05,0.003684049321596203
533,26330,186,198,186,198,DepthMid,DepthMid,DepthMid--DepthMid,10,0.48124215813086557,7.07159143821964e-05,0.0036786780624291963
534,7705,35,146,35,146,DepthLow,DepthHigh,DepthHigh--DepthLow,8,0.26079316618759424,7.071269379613408e-05,0.003678510525893763
535,5560,25,36,25,36,DepthLow,DepthLow,DepthLow--DepthLow,7,0.21964736443761423,7.068688540784462e-05,0.003677167960324802
536,9368,44,63,44,63,DepthLow,DepthMid,DepthLow--DepthMid,10,0.3415740353369097,7.065219102684572e-05,0.0036753631408667606
537,21878,128,183,128,183,DepthLow,DepthMid,DepthLow--DepthMid,10,0.3652986581645351,7.062794747537736e-05,0.003674101978910202
538,3047,13,97,13,97,DepthHigh,DepthHigh,DepthHigh--DepthHigh,10,0.3458909675992819,7.05832235548492e-05,0.0036717754176721824
539,8322,38,172,38,172,DepthLow,DepthLow,DepthLow--DepthLow,7,0.2385753769399466,7.056193564139387e-05,0.003670668009517919
540,20010,112,131,112,131,DepthLow,DepthLow,DepthLow--DepthLow,9,0.292732056999598,7.049262285325602e-05,0.0036670623228009175
541,9482,44,177,44,177,DepthLow,DepthLow,DepthLow--DepthLow,10,0.3197431379555012,7.047260006111508e-05,0.003666020726904987
542,14290,71,233,71,233,DepthMid,DepthMid,DepthMid--DepthMid,7,0.22177979980769624,7.046823237896441e-05,0.003665793517843891
543,3742,16,135,16,135,DepthLow,DepthHigh,DepthHigh--DepthLow,1,0.05863861907965319,7.044039045390658e-05,0.0036643451666513644
544,6823,31,66,31,66,DepthLow,DepthHigh,DepthHigh--DepthLow,7,0.226375560449423,7.038773229970142e-05,0.003661605862516293
545,19369,107,110,107,110,DepthHigh,DepthHigh,DepthHigh--DepthHigh,10,0.807463402265442,7.037914233154096e-05,0.003661159007975771
546,3090,13,140,13,140,DepthHigh,DepthLow,DepthHigh--DepthLow,8,0.24664893294826903,7.033380534350607e-05,0.0036588005546522493
547,26181,183,196,183,196,DepthMid,DepthMid,DepthMid--DepthMid,3,0.14566600064716137,7.032785685356903e-05,0.0036584911111609626
548,3097,13,147,13,147,DepthHigh,DepthMid,DepthHigh--DepthMid,7,0.24008285438283275,7.029750246898994e-05,0.003656912060538126
549,8331,38,181,38,181,DepthLow,DepthLow,DepthLow--DepthLow,9,0.2985359345802868,7.0297383966753e-05,0.0036569058959911045
550,13947,69,217,69,217,DepthHigh,DepthMid,DepthHigh--DepthMid,9,0.3106290699654258,7.027660371314145e-05,0.0036558248965617634
551,3848,17,24,17,24,DepthHigh,DepthHigh,DepthHigh--DepthHigh,10,0.4475272601342379,7.026114045403337e-05,0.0036550204899080205
552,8562,39,217,39,217,DepthLow,DepthMid,DepthLow--DepthMid,7,0.22657349878698918,7.022171800283723e-05,0.0036529697138182335
553,19815,110,181,110,181,DepthHigh,DepthLow,DepthHigh--DepthLow,7,0.2404216057152704,7.019116505786698e-05,0.0036513803339822152
554,14871,75,172,75,172,DepthHigh,DepthLow,DepthHigh--DepthLow,8,0.26276910034775686,7.014217355420673e-05,0.0036488317708852813
555,4297,19,42,19,42,DepthLow,DepthLow,DepthLow--DepthLow,9,0.2798691816362629,7.013367113546118e-05,0.0036483894707101355
556,15400,78,230,78,230,DepthHigh,DepthLow,DepthHigh--DepthLow,4,0.16876555894218284,7.009497332957405e-05,0.0036463763910402364
557,711,3,16,3,16,DepthMid,DepthLow,DepthLow--DepthMid,9,0.27474506843768637,7.007979026746913e-05,0.0036455865603780184
558,26028,180,199,180,199,DepthLow,DepthMid,DepthLow--DepthMid,7,0.23079177725060684,7.00751117865141e-05,0.003645343183404035
559,8525,39,180,39,180,DepthLow,DepthLow,DepthLow--DepthLow,8,0.26903998293521436,7.006604452773033e-05,0.0036448714999609854
560,1800,7,191,7,191,DepthHigh,DepthMid,DepthHigh--DepthMid,6,0.20839882956625244,7.00053697742806e-05,0.0036417151682298777
561,16117,83,182,83,182,DepthMid,DepthMid,DepthMid--DepthMid,9,0.28119306966860086,7.000044471192707e-05,0.003641458963965331
562,23957,150,183,150,183,DepthMid,DepthMid,DepthMid--DepthMid,8,0.2595904513163151,6.996107156394726e-05,0.0036394107526540936
563,20686,117,212,117,212,DepthLow,DepthMid,DepthLow--DepthMid,1,0.10153986869390555,6.994232638101861e-05,0.003638435618643337
564,3745,16,138,16,138,DepthLow,DepthHigh,DepthHigh--DepthLow,1,0.08213483852779695,6.991756617939284e-05,0.003637147580281141
565,5608,25,84,25,84,DepthLow,DepthHigh,DepthHigh--DepthLow,5,0.182357025796792,6.991690455956716e-05,0.0036371131624791555
566,26280,185,196,185,196,DepthMid,DepthMid,DepthMid--DepthMid,5,0.17989814431751192,6.991054285712034e-05,0.0036367822234616054
567,1988,8,153,8,153,DepthMid,DepthMid,DepthMid--DepthMid,5,0.18914041938488915,6.989933722374162e-05,0.0036361993006775897
568,18280,98,200,98,200,DepthLow,DepthMid,DepthLow--DepthMid,9,0.2957079310635287,6.98709302396776e-05,0.003634721554826333
569,20394,115,155,115,155,DepthHigh,DepthMid,DepthHigh--DepthMid,8,0.2457042712662252,6.98622465700316e-05,0.0036342698258865712
570,4401,19,146,19,146,DepthLow,DepthHigh,DepthHigh--DepthLow,3,0.13637247434956135,6.985151873861418e-05,0.0036337117586051474
571,5600,25,76,25,76,DepthLow,DepthHigh,DepthHigh--DepthLow,4,0.17688284788725014,6.984192887999573e-05,0.0036332128892512024
572,8485,39,140,39,140,DepthLow,DepthLow,DepthLow--DepthLow,5,0.18806765655149585,6.977582251660752e-05,0.0036297740023909
573,26932,200,233,200,233,DepthMid,DepthMid,DepthMid--DepthMid,4,0.15771025084130974,6.977199343102259e-05,0.003629574811398837
574,2864,12,135,12,135,DepthLow,DepthHigh,DepthHigh--DepthLow,2,0.1294458506392197,6.973299284388882e-05,0.0036275459808935077
575,7114,32,155,32,155,DepthLow,DepthMid,DepthLow--DepthMid,9,0.2724901340199757,6.972198578111385e-05,0.0036269733878539377
576,5660,25,136,25,136,DepthLow,DepthHigh,DepthHigh--DepthLow,3,0.15349020074212638,6.967134949782293e-05,0.0036243392624787287
577,5637,25,113,25,113,DepthLow,DepthLow,DepthLow--DepthLow,8,0.2567199193347009,6.964662891904757e-05,0.0036230532853174916
578,3046,13,96,13,96,DepthHigh,DepthHigh,DepthHigh--DepthHigh,9,0.3036952631448748,6.962731529200692e-05,0.003622048580553068
579,25286,168,171,168,171,DepthLow,DepthLow,DepthLow--DepthLow,10,0.5126454605874534,6.961359628023097e-05,0.003621334910538344
580,4399,19,144,19,144,DepthLow,DepthHigh,DepthHigh--DepthLow,3,0.13643241234599365,6.960392844935378e-05,0.0036208319850275883
581,9016,42,92,42,92,DepthLow,DepthHigh,DepthHigh--DepthLow,8,0.26805948379324807,6.952356130245556e-05,0.0036166512449096475
582,22725,136,218,136,218,DepthHigh,DepthMid,DepthHigh--DepthMid,5,0.1851504912529168,6.950475242392775e-05,0.0036156727974212192
583,21983,129,183,129,183,DepthLow,DepthMid,DepthLow--DepthMid,10,0.3418204879671689,6.949717284250561e-05,0.0036152785037159964
584,3746,16,139,16,139,DepthLow,DepthHigh,DepthHigh--DepthLow,1,0.09508846365880402,6.94124508491011e-05,0.00361087122225375
585,8975,42,51,42,51,DepthLow,DepthLow,DepthLow--DepthLow,3,0.13736814357439742,6.936848388946982e-05,0.00360858403850904
586,7697,35,138,35,138,DepthLow,DepthHigh,DepthHigh--DepthLow,5,0.18689215884319094,6.933279345214082e-05,0.0036067274036908695
587,6072,27,133,27,133,DepthLow,DepthHigh,DepthHigh--DepthLow,6,0.21090041975904322,6.933002661245744e-05,0.003606583471274321
588,14798,75,99,75,99,DepthHigh,DepthHigh,DepthHigh--DepthHigh,10,0.3226412195815736,6.932808379497489e-05,0.0036064824049144386
589,16532,86,150,86,150,DepthHigh,DepthMid,DepthHigh--DepthMid,9,0.2947384372965202,6.931001306393837e-05,0.0036055423562363314
590,20969,120,150,120,150,DepthMid,DepthMid,DepthMid--DepthMid,10,0.3840167883433311,6.928641338894746e-05,0.003604314689063702
591,2953,12,224,12,224,DepthLow,DepthLow,DepthLow--DepthLow,4,0.15832094012016237,6.927135202890899e-05,0.0036035311894052737
592,3971,17,147,17,147,DepthHigh,DepthMid,DepthHigh--DepthMid,8,0.24866156925080476,6.92360867855184e-05,0.003601696673393418
593,8514,39,169,39,169,DepthLow,DepthLow,DepthLow--DepthLow,8,0.26275004421434045,6.92348999708213e-05,0.0036016349346853983
594,7841,36,84,36,84,DepthLow,DepthHigh,DepthHigh--DepthLow,5,0.19401345840588954,6.923265518691453e-05,0.003601518159877565
595,2876,12,147,12,147,DepthLow,DepthMid,DepthLow--DepthMid,9,0.2721251728660683,6.922081899624424e-05,0.0036009024351804876
596,22142,131,135,131,135,DepthLow,DepthHigh,DepthHigh--DepthLow,1,0.1031602482575959,6.921926013801903e-05,0.003600821342577703
597,4472,19,217,19,217,DepthLow,DepthMid,DepthLow--DepthMid,9,0.3068233585007167,6.921267519911094e-05,0.003600478790685173
598,24203,153,183,153,183,DepthMid,DepthMid,DepthMid--DepthMid,8,0.2450756442042879,6.920593002244134e-05,0.003600127903142271
599,16184,84,99,84,99,DepthHigh,DepthHigh,DepthHigh--DepthHigh,9,0.3034761145564408,6.918246579913878e-05,0.0035989072822358
600,979,4,54,4,54,DepthHigh,DepthLow,DepthHigh--DepthLow,10,0.33460305728491496,6.915705212661088e-05,0.0035975852499827935
601,22192,131,185,131,185,DepthLow,DepthMid,DepthLow--DepthMid,8,0.2683106134829078,6.91537866449172e-05,0.003597415377953636
602,3751,16,144,16,144,DepthLow,DepthHigh,DepthHigh--DepthLow,2,0.11237820918799085,6.910373895712439e-05,0.0035948118716175145
603,3308,14,138,14,138,DepthLow,DepthHigh,DepthHigh--DepthLow,5,0.19379495257158127,6.908577670139593e-05,0.0035938774658804563
604,9381,44,76,44,76,DepthLow,DepthHigh,DepthHigh--DepthLow,3,0.14814570432870294,6.907012193208903e-05,0.0035930630967681452
605,18104,97,160,97,160,DepthHigh,DepthMid,DepthHigh--DepthMid,10,0.3707532618444414,6.906664819324737e-05,0.003592882391095553
606,14873,75,174,75,174,DepthHigh,DepthLow,DepthHigh--DepthLow,8,0.26088166851186584,6.905468983928583e-05,0.0035922603114015342
607,14914,75,215,75,215,DepthHigh,DepthLow,DepthHigh--DepthLow,4,0.1633062807249595,6.905103551698566e-05,0.0035920702116849982
608,12344,60,135,60,135,DepthMid,DepthHigh,DepthHigh--DepthMid,5,0.1818389790769774,6.902877531381829e-05,0.0035909122245222436
609,722,3,27,3,27,DepthMid,DepthLow,DepthLow--DepthMid,7,0.23754323277309997,6.901711800514536e-05,0.003590305805358231
610,3752,16,145,16,145,DepthLow,DepthHigh,DepthHigh--DepthLow,1,0.09885629640075595,6.900203948585868e-05,0.003589521413066928
611,2434,10,150,10,150,DepthLow,DepthMid,DepthLow--DepthMid,7,0.22510178751815632,6.896746177036174e-05,0.003587722662608014
612,5602,25,78,25,78,DepthLow,DepthHigh,DepthHigh--DepthLow,4,0.164294895619741,6.89522922281609e-05,0.0035869335352581256
613,10653,50,229,50,229,DepthLow,DepthHigh,DepthHigh--DepthLow,7,0.2315575395874937,6.892289999326805e-05,0.003585404536154449
614,12355,60,146,60,146,DepthMid,DepthHigh,DepthHigh--DepthMid,7,0.23227918575344028,6.892103535346258e-05,0.0035853075366373433
615,2657,11,150,11,150,DepthLow,DepthMid,DepthLow--DepthMid,6,0.202648184017041,6.888717372160898e-05,0.0035835460372160865
616,1573,6,191,6,191,DepthHigh,DepthMid,DepthHigh--DepthMid,7,0.21959929676438567,6.887275256313541e-05,0.003582795841170755
617,3503,15,114,15,114,DepthLow,DepthLow,DepthLow--DepthLow,7,0.23937490877643142,6.884963900610318e-05,0.0035815934621031575
618,15330,78,160,78,160,DepthHigh,DepthMid,DepthHigh--DepthMid,8,0.2490689350129079,6.883323559898646e-05,0.003580740148468786
619,8216,38,66,38,66,DepthLow,DepthHigh,DepthHigh--DepthLow,7,0.2332133894520324,6.878182593249697e-05,0.0035780657913037275
620,8234,38,84,38,84,DepthLow,DepthHigh,DepthHigh--DepthLow,5,0.19617847707243358,6.878058861812668e-05,0.00357800142557686
621,20731,118,141,118,141,DepthLow,DepthLow,DepthLow--DepthLow,4,0.16282576724735887,6.874119899981421e-05,0.0035759523574704875
622,11404,55,75,55,75,DepthLow,DepthHigh,DepthHigh--DepthLow,4,0.1582936964199647,6.868915002734648e-05,0.003573244743281209
623,10521,50,97,50,97,DepthLow,DepthHigh,DepthHigh--DepthLow,9,0.27199395980828706,6.868363260958656e-05,0.0035729577243852222
624,24938,162,234,162,234,DepthMid,DepthLow,DepthLow--DepthMid,4,0.17444013473504857,6.866277583918545e-05,0.003571872744513322
625,21946,129,146,129,146,DepthLow,DepthHigh,DepthHigh--DepthLow,3,0.14585698566445143,6.864004278430833e-05,0.0035706901593625952
626,15336,78,166,78,166,DepthHigh,DepthMid,DepthHigh--DepthMid,8,0.2709940681173421,6.857267322030473e-05,0.0035671855601597056
627,1237,5,83,5,83,DepthMid,DepthMid,DepthMid--DepthMid,10,0.3999377764272538,6.856883722926291e-05,0.0035669860099422405
628,5867,26,135,26,135,DepthLow,DepthHigh,DepthHigh--DepthLow,1,0.07644634139443332,6.853525119536318e-05,0.0035652388472676103
629,14846,75,147,75,147,DepthHigh,DepthMid,DepthHigh--DepthMid,10,0.3351980756630458,6.853340864530149e-05,0.003565142996870283
630,9873,46,191,46,191,DepthLow,DepthMid,DepthLow--DepthMid,10,0.34145099301532483,6.844144975436684e-05,0.0035603592482942796
631,20710,118,120,118,120,DepthLow,DepthMid,DepthLow--DepthMid,7,0.22805536552168298,6.842875557675335e-05,0.0035596988906772525
632,4293,19,38,19,38,DepthLow,DepthLow,DepthLow--DepthLow,6,0.21290651227180543,6.84228062175146e-05,0.0035593894019644457
633,4417,19,162,19,162,DepthLow,DepthMid,DepthLow--DepthMid,7,0.23715660210079925,6.833599658059282e-05,0.003554873520217861
634,10836,51,229,51,229,DepthLow,DepthHigh,DepthHigh--DepthLow,7,0.21952845045229816,6.832722221025207e-05,0.003554417072981533
635,21960,129,160,129,160,DepthLow,DepthMid,DepthLow--DepthMid,7,0.23543398952027073,6.828943191870205e-05,0.003552451202671966
636,3315,14,145,14,145,DepthLow,DepthHigh,DepthHigh--DepthLow,6,0.21843639642124765,6.825630232219423e-05,0.0035507277841040925
637,6869,31,112,31,112,DepthLow,DepthLow,DepthLow--DepthLow,7,0.228894491200243,6.82437620278947e-05,0.0035500754315758234
638,10834,51,227,51,227,DepthLow,DepthHigh,DepthHigh--DepthLow,8,0.24928784963094106,6.822599858702561e-05,0.003549151368289514
639,23483,144,228,144,228,DepthHigh,DepthHigh,DepthHigh--DepthHigh,6,0.20068832524442687,6.821428202001607e-05,0.0035485418664764987
640,11100,53,130,53,130,DepthLow,DepthLow,DepthLow--DepthLow,7,0.23968036600894424,6.819246550096412e-05,0.00354740695998853
641,3753,16,146,16,146,DepthLow,DepthHigh,DepthHigh--DepthLow,1,0.09895656618244651,6.818955256500709e-05,0.0035472554275690457
642,4435,19,180,19,180,DepthLow,DepthLow,DepthLow--DepthLow,6,0.20199868457329243,6.818248975367344e-05,0.0035468880165083366
643,23572,145,228,145,228,DepthHigh,DepthHigh,DepthHigh--DepthHigh,6,0.19933974420528242,6.817495162527512e-05,0.0035464958792106303
644,12803,63,78,63,78,DepthMid,DepthHigh,DepthHigh--DepthMid,2,0.11669948681356297,6.816280440274624e-05,0.003545863974477066
645,15266,78,96,78,96,DepthHigh,DepthHigh,DepthHigh--DepthHigh,8,0.25748832705003527,6.814499853550908e-05,0.003544937704149374
646,15345,78,175,78,175,DepthHigh,DepthLow,DepthHigh--DepthLow,5,0.1809250817071492,6.813355028516254e-05,0.0035443421603065066
647,11413,55,84,55,84,DepthLow,DepthHigh,DepthHigh--DepthLow,4,0.17436881129382853,6.810220439911748e-05,0.0035427115312699066
648,4305,19,50,19,50,DepthLow,DepthLow,DepthLow--DepthLow,8,0.2446120410512347,6.805486417990568e-05,0.003540248868835198
649,24645,159,160,159,160,DepthMid,DepthMid,DepthMid--DepthMid,10,0.5622816043001666,6.803551955062519e-05,0.003539242551318389
650,3305,14,135,14,135,DepthLow,DepthHigh,DepthHigh--DepthLow,5,0.17815987346086773,6.803507196688729e-05,0.0035392192677832462
651,6995,32,36,32,36,DepthLow,DepthLow,DepthLow--DepthLow,10,0.6663031805229737,6.80013341313923e-05,0.00353746420831193
652,9104,42,180,42,180,DepthLow,DepthLow,DepthLow--DepthLow,9,0.2731299023401593,6.796373240241027e-05,0.003535508147123666
653,9419,44,114,44,114,DepthLow,DepthLow,DepthLow--DepthLow,10,0.3768317848979147,6.794005479735385e-05,0.0035342764259891396
654,12817,63,92,63,92,DepthMid,DepthHigh,DepthHigh--DepthMid,7,0.23779823347459966,6.792774252268539e-05,0.003533635935158792
655,8391,39,46,39,46,DepthLow,DepthLow,DepthLow--DepthLow,6,0.2158201222512024,6.791051436014556e-05,0.003532739717325155
656,14902,75,203,75,203,DepthHigh,DepthMid,DepthHigh--DepthMid,6,0.2040326922623968,6.789416704881503e-05,0.003531889321822294
657,22638,135,229,135,229,DepthHigh,DepthHigh,DepthHigh--DepthHigh,1,0.041840558448881335,6.787578205398755e-05,0.0035309329249809244
658,14913,75,214,75,214,DepthHigh,DepthLow,DepthHigh--DepthLow,6,0.21503568535524267,6.784554288371275e-05,0.00352935986786517
659,20628,117,154,117,154,DepthLow,DepthMid,DepthLow--DepthMid,4,0.1566921348112731,6.78332834395201e-05,0.003528722125303216
660,21806,127,217,127,217,DepthHigh,DepthMid,DepthHigh--DepthMid,10,0.4001603333813302,6.783199202065262e-05,0.0035286549450327105
661,7399,34,39,34,39,DepthLow,DepthLow,DepthLow--DepthLow,10,0.5953284576909746,6.782778718621254e-05,0.0035284362073928735
662,1556,6,174,6,174,DepthHigh,DepthLow,DepthHigh--DepthLow,6,0.20895498550887742,6.781438390986046e-05,0.003527738962096509
663,6875,31,118,31,118,DepthLow,DepthLow,DepthLow--DepthLow,2,0.11133430643110186,6.779777235426491e-05,0.003526874820471727
664,714,3,19,3,19,DepthMid,DepthLow,DepthLow--DepthMid,10,0.31753270880488726,6.779419782298516e-05,0.0035266888715249143
665,3537,15,148,15,148,DepthLow,DepthMid,DepthLow--DepthMid,1,0.09109932765181349,6.778790387608129e-05,0.003526361457185389
666,23130,141,148,141,148,DepthLow,DepthMid,DepthLow--DepthMid,7,0.22784282725801447,6.77686190231569e-05,0.003525358249265222
667,24869,162,165,162,165,DepthMid,DepthMid,DepthMid--DepthMid,10,0.3675058128300016,6.770300186829844e-05,0.0035219448112830407
668,6196,28,51,28,51,DepthLow,DepthLow,DepthLow--DepthLow,10,0.31408723124776156,6.767805802413724e-05,0.0035206472197421533
669,18074,97,130,97,130,DepthHigh,DepthLow,DepthHigh--DepthLow,7,0.2248798018347582,6.767769992444758e-05,0.003520628591213002
670,7402,34,42,34,42,DepthLow,DepthLow,DepthLow--DepthLow,10,0.5914316191918599,6.76597173456845e-05,0.003519693128261281
671,14488,73,108,73,108,DepthHigh,DepthHigh,DepthHigh--DepthHigh,9,0.30026818873209105,6.761481569118215e-05,0.00351735732121095
672,15385,78,215,78,215,DepthHigh,DepthLow,DepthHigh--DepthLow,5,0.18325015712492002,6.758914629243667e-05,0.0035160219859492092
673,10555,50,131,50,131,DepthLow,DepthLow,DepthLow--DepthLow,2,0.12795520752967107,6.758259352596624e-05,0.0035156811076833537
674,9733,46,51,46,51,DepthLow,DepthLow,DepthLow--DepthLow,10,0.6362628368864658,6.757132842822588e-05,0.0035150950915328076
675,5844,26,112,26,112,DepthLow,DepthLow,DepthLow--DepthLow,7,0.2368206471270034,6.756910025248686e-05,0.0035149791806903617
676,10289,48,234,48,234,DepthHigh,DepthLow,DepthHigh--DepthLow,5,0.18652952968138461,6.755816977754717e-05,0.003514410571789185
677,4436,19,181,19,181,DepthLow,DepthLow,DepthLow--DepthLow,5,0.19101379316238346,6.754149502024929e-05,0.003513543142379498
678,4064,18,24,18,24,DepthHigh,DepthHigh,DepthHigh--DepthHigh,10,0.48784498585176467,6.752673062640991e-05,0.00351277509105475
679,16204,84,119,84,119,DepthHigh,DepthHigh,DepthHigh--DepthHigh,6,0.21232885815511077,6.74976443055668e-05,0.0035112620057565244
680,12353,60,144,60,144,DepthMid,DepthHigh,DepthHigh--DepthMid,6,0.1984908431860937,6.747874235725986e-05,0.0035102787167305472
681,978,4,53,4,53,DepthHigh,DepthLow,DepthHigh--DepthLow,9,0.29590105055792737,6.747203330980044e-05,0.0035099297086476516
682,24204,153,184,153,184,DepthMid,DepthMid,DepthMid--DepthMid,6,0.203648969161104,6.744029130072132e-05,0.0035082784730880614
683,23851,149,161,149,161,DepthMid,DepthMid,DepthMid--DepthMid,10,0.37272546779803917,6.743337584220143e-05,0.0035079187273961473
684,6896,31,139,31,139,DepthLow,DepthHigh,DepthHigh--DepthLow,4,0.15815754280764505,6.7412511240506e-05,0.0035068333401363084
685,11993,58,133,58,133,DepthHigh,DepthHigh,DepthHigh--DepthHigh,5,0.1915169488929126,6.739913690190344e-05,0.003506137600196486
686,10573,50,149,50,149,DepthLow,DepthMid,DepthLow--DepthMid,6,0.2000271029015973,6.739868869796215e-05,0.0035061142843980453
687,15673,80,194,80,194,DepthMid,DepthMid,DepthMid--DepthMid,9,0.28951752690181976,6.736758264710361e-05,0.0035044961317106087
688,8971,42,47,42,47,DepthLow,DepthMid,DepthLow--DepthMid,2,0.11633086052297945,6.734407039193536e-05,0.0035032730121619
689,15167,77,153,77,153,DepthMid,DepthMid,DepthMid--DepthMid,4,0.16543847187414062,6.73269360514572e-05,0.0035023816749999346
690,4444,19,189,19,189,DepthLow,DepthMid,DepthLow--DepthMid,7,0.22177025769526743,6.732083814182809e-05,0.0035020644586197846
691,18389,99,174,99,174,DepthHigh,DepthLow,DepthHigh--DepthLow,10,0.41167568593138376,6.731373683708225e-05,0.0035016950451120707
692,4394,19,139,19,139,DepthLow,DepthHigh,DepthHigh--DepthLow,2,0.1258139676179654,6.731332744837122e-05,0.003501673748501775
693,13647,68,82,68,82,DepthHigh,DepthHigh,DepthHigh--DepthHigh,10,0.3931655318604379,6.728583059243568e-05,0.0035002433479816163
694,13521,67,122,67,122,DepthHigh,DepthLow,DepthHigh--DepthLow,7,0.22345906445022212,6.727890892228355e-05,0.0034998832791574134
695,2878,12,149,12,149,DepthLow,DepthMid,DepthLow--DepthMid,8,0.26456351546802886,6.727864463158244e-05,0.003499869530619863
696,7926,36,169,36,169,DepthLow,DepthLow,DepthLow--DepthLow,8,0.2620563313887904,6.727822751477315e-05,0.003499847831989941
697,1900,8,65,8,65,DepthMid,DepthMid,DepthMid--DepthMid,4,0.1713555040399225,6.726871673096953e-05,0.003499353076148338
698,18375,99,160,99,160,DepthHigh,DepthMid,DepthHigh--DepthMid,10,0.4192864436603336,6.725295168151236e-05,0.0034985329702061627
699,10227,48,172,48,172,DepthHigh,DepthLow,DepthHigh--DepthLow,9,0.3046317060672148,6.724087743063962e-05,0.0034979048614955017
700,4405,19,150,19,150,DepthLow,DepthMid,DepthLow--DepthMid,4,0.1645497838161337,6.723728966770389e-05,0.003497718224231172
701,2773,12,44,12,44,DepthLow,DepthLow,DepthLow--DepthLow,2,0.12570385443550341,6.719299470965858e-05,0.003495413977841076
702,4910,21,228,21,228,DepthHigh,DepthHigh,DepthHigh--DepthHigh,9,0.2727012937931113,6.718690077672787e-05,0.0034950969683308127
703,24093,152,154,152,154,DepthMid,DepthMid,DepthMid--DepthMid,10,0.4962914121445426,6.717089209437851e-05,0.0034942641884808806
704,1387,5,233,5,233,DepthMid,DepthMid,DepthMid--DepthMid,4,0.16463139068840052,6.715196447742347e-05,0.0034932795641586917
705,6609,30,55,30,55,DepthHigh,DepthLow,DepthHigh--DepthLow,7,0.23740860823167956,6.713269274627203e-05,0.003492277038839869
706,26414,188,189,188,189,DepthMid,DepthMid,DepthMid--DepthMid,10,0.681945919128589,6.712754204460864e-05,0.0034920090967029294
707,5878,26,146,26,146,DepthLow,DepthHigh,DepthHigh--DepthLow,2,0.11843754676241047,6.710772962817463e-05,0.003490978444658955
708,3921,17,97,17,97,DepthHigh,DepthHigh,DepthHigh--DepthHigh,10,0.38782243287506313,6.710201246312127e-05,0.003490681034806522
709,25686,174,196,174,196,DepthLow,DepthMid,DepthLow--DepthMid,8,0.2656313860121247,6.70876220366748e-05,0.0034899324374569702
710,1436,6,54,6,54,DepthHigh,DepthLow,DepthHigh--DepthLow,9,0.3001131172523211,6.706364818336898e-05,0.003488685305336874
711,16121,83,186,83,186,DepthMid,DepthMid,DepthMid--DepthMid,10,0.34749813785716377,6.705312705790276e-05,0.0034881379910048347
712,7938,36,181,36,181,DepthLow,DepthLow,DepthLow--DepthLow,8,0.2597951794345776,6.705181857584231e-05,0.0034880699230982978
713,9946,47,77,47,77,DepthMid,DepthMid,DepthMid--DepthMid,1,0.09057924894523063,6.704682001000485e-05,0.003487809895144894
714,10087,47,218,47,218,DepthMid,DepthMid,DepthMid--DepthMid,6,0.2008426474481485,6.704235045987546e-05,0.003487577386859403
715,15331,78,161,78,161,DepthHigh,DepthMid,DepthHigh--DepthMid,8,0.2511038586035705,6.704049247357973e-05,0.0034874807334612803
716,15596,80,117,80,117,DepthMid,DepthLow,DepthLow--DepthMid,3,0.1484816665855494,6.702769821340683e-05,0.003486815169498285
717,15317,78,147,78,147,DepthHigh,DepthMid,DepthHigh--DepthMid,10,0.3262335255762197,6.702171121600628e-05,0.0034865037228290355
718,24609,158,199,158,199,DepthMid,DepthMid,DepthMid--DepthMid,10,0.51952109365732,6.700751836774801e-05,0.003485765403597966
719,7605,35,46,35,46,DepthLow,DepthLow,DepthLow--DepthLow,9,0.3101017184037262,6.700293325482458e-05,0.003485526883676778
720,8176,37,222,37,222,DepthHigh,DepthHigh,DepthHigh--DepthHigh,6,0.2111396852824682,6.699814187474464e-05,0.0034852776336325294
721,15155,77,141,77,141,DepthMid,DepthLow,DepthLow--DepthMid,3,0.13928996471589086,6.699579502467034e-05,0.0034851555492904185
722,7153,32,194,32,194,DepthLow,DepthMid,DepthLow--DepthMid,5,0.19409338070919582,6.699287954939484e-05,0.003485003884774287
723,905,3,210,3,210,DepthMid,DepthMid,DepthMid--DepthMid,10,0.6949678004394566,6.697732467725308e-05,0.00348419471236364
724,24363,155,184,155,184,DepthMid,DepthMid,DepthMid--DepthMid,8,0.25681188349116413,6.695477681304492e-05,0.0034830217609263026
725,23937,150,163,150,163,DepthMid,DepthLow,DepthLow--DepthMid,10,0.3566410799637881,6.694868174274824e-05,0.00348270469224968
726,6867,31,110,31,110,DepthLow,DepthHigh,DepthHigh--DepthLow,4,0.17075482334443662,6.693131523669914e-05,0.003481801277715879
727,24364,155,185,155,185,DepthMid,DepthMid,DepthMid--DepthMid,9,0.28226880377904645,6.690372303987165e-05,0.00348036591751372
728,3098,13,148,13,148,DepthHigh,DepthMid,DepthHigh--DepthMid,8,0.265924629385507,6.689445573157997e-05,0.0034798838273928717
729,4706,21,24,21,24,DepthHigh,DepthHigh,DepthHigh--DepthHigh,10,0.5104934967141764,6.688267931732932e-05,0.003479271212295741
730,23850,149,160,149,160,DepthMid,DepthMid,DepthMid--DepthMid,9,0.30713959332493057,6.686252495826905e-05,0.0034782227722213238
731,15219,77,205,77,205,DepthMid,DepthMid,DepthMid--DepthMid,2,0.1281371540125284,6.685717461531852e-05,0.00347794444464244
732,850,3,155,3,155,DepthMid,DepthMid,DepthMid--DepthMid,10,0.4330292657728102,6.682917118650495e-05,0.0034764876919418735
733,5877,26,145,26,145,DepthLow,DepthHigh,DepthHigh--DepthLow,2,0.110547951842658,6.682840480727073e-05,0.003476447824501835
734,15017,76,160,76,160,DepthHigh,DepthMid,DepthHigh--DepthMid,8,0.24943673551858,6.682720138623877e-05,0.0034763852219237756
735,1879,8,44,8,44,DepthMid,DepthLow,DepthLow--DepthMid,4,0.16853748807943503,6.681711642650234e-05,0.0034758605971562536
736,19349,106,217,106,217,DepthLow,DepthMid,DepthLow--DepthMid,10,0.33245960622521337,6.680986864046319e-05,0.003475483563616684
737,7104,32,145,32,145,DepthLow,DepthHigh,DepthHigh--DepthLow,5,0.19012508378323584,6.678346537758971e-05,0.0034741100523673733
738,2962,12,233,12,233,DepthLow,DepthMid,DepthLow--DepthMid,4,0.17311263942201385,6.676841512281506e-05,0.0034733271304104537
739,1904,8,69,8,69,DepthMid,DepthHigh,DepthHigh--DepthMid,3,0.14915048862797678,6.674044035633297e-05,0.003471871868739042
740,22929,138,229,138,229,DepthHigh,DepthHigh,DepthHigh--DepthHigh,1,0.05929345145686758,6.673182084135709e-05,0.0034714234771580587
741,1309,5,155,5,155,DepthMid,DepthMid,DepthMid--DepthMid,10,0.4105414763176119,6.672830498389017e-05,0.0034712405804530207
742,21961,129,161,129,161,DepthLow,DepthMid,DepthLow--DepthMid,6,0.2119837938673167,6.67119210725357e-05,0.003470388280998181
743,5599,25,75,25,75,DepthLow,DepthHigh,DepthHigh--DepthLow,5,0.18376663454191952,6.671015745093089e-05,0.003470296536499581
744,15359,78,189,78,189,DepthHigh,DepthMid,DepthHigh--DepthMid,9,0.2804264279673542,6.670110008896148e-05,0.0034698253678938796
745,24909,162,205,162,205,DepthMid,DepthMid,DepthMid--DepthMid,1,0.09981311552687099,6.669356657701068e-05,0.0034694334707461366
746,17611,93,221,93,221,DepthHigh,DepthHigh,DepthHigh--DepthHigh,4,0.17099534550616985,6.669045319509214e-05,0.0034692715110251353
747,24643,158,233,158,233,DepthMid,DepthMid,DepthMid--DepthMid,8,0.24591479327720583,6.667837457356189e-05,0.0034686431749506334
748,27404,221,222,221,222,DepthHigh,DepthHigh,DepthHigh--DepthHigh,10,0.7271836361920678,6.663555299674227e-05,0.0034664155746060546
749,11405,55,76,55,76,DepthLow,DepthHigh,DepthHigh--DepthLow,4,0.15959716015376268,6.66295588378359e-05,0.0034661037553916072
750,2148,9,88,9,88,DepthMid,DepthLow,DepthLow--DepthMid,2,0.12176046250828647,6.661126633993912e-05,0.003465152170287917
751,1169,5,15,5,15,DepthMid,DepthLow,DepthLow--DepthMid,9,0.2733366927422424,6.658288361018266e-05,0.003463675686158155
752,4403,19,148,19,148,DepthLow,DepthMid,DepthLow--DepthMid,3,0.1435131467378157,6.65682200229127e-05,0.0034629128788427463
753,1364,5,210,5,210,DepthMid,DepthMid,DepthMid--DepthMid,10,0.6941160476746435,6.656515779078079e-05,0.0034627535799598274
754,20687,117,213,117,213,DepthLow,DepthMid,DepthLow--DepthMid,1,0.09939495720101545,6.656135828346723e-05,0.00346255592764458
755,2771,12,42,12,42,DepthLow,DepthLow,DepthLow--DepthLow,3,0.15458842455896826,6.656117211826115e-05,0.0034625462432352704
756,8242,38,92,38,92,DepthLow,DepthHigh,DepthHigh--DepthLow,8,0.2712632329084082,6.655322002274466e-05,0.0034621325711561863
757,22156,131,149,131,149,DepthLow,DepthMid,DepthLow--DepthMid,2,0.11614439925368321,6.652839107269509e-05,0.0034608409564657943
758,6807,31,50,31,50,DepthLow,DepthLow,DepthLow--DepthLow,4,0.17520433975091065,6.652160918110859e-05,0.0034604881589941224
759,11322,54,172,54,172,DepthLow,DepthLow,DepthLow--DepthLow,10,0.38977485089957886,6.650427615396226e-05,0.0034595864860499804
760,8333,38,183,38,183,DepthLow,DepthMid,DepthLow--DepthMid,9,0.27748854190824285,6.648916517476574e-05,0.0034588004051775527
761,9989,47,120,47,120,DepthMid,DepthMid,DepthMid--DepthMid,6,0.21691363979698156,6.646540642620116e-05,0.0034575644629161978
762,15029,76,172,76,172,DepthHigh,DepthLow,DepthHigh--DepthLow,8,0.2579471342766054,6.644450732033363e-05,0.0034564772807316652
763,10199,48,144,48,144,DepthHigh,DepthHigh,DepthHigh--DepthHigh,9,0.28886687980654985,6.643662765211539e-05,0.0034560673763577078
764,19869,111,112,111,112,DepthLow,DepthLow,DepthLow--DepthLow,10,0.7535120052161782,6.643328777327258e-05,0.003455893634150773
765,8840,41,108,41,108,DepthHigh,DepthHigh,DepthHigh--DepthHigh,10,0.32226216333155694,6.63986178655726e-05,0.003454090087806267
766,3091,13,141,13,141,DepthHigh,DepthLow,DepthHigh--DepthLow,6,0.21183320259473157,6.63584930100009e-05,0.0034520027722813344
767,16274,84,189,84,189,DepthHigh,DepthMid,DepthHigh--DepthMid,9,0.3023407095422331,6.634639497161994e-05,0.00345137342613232
768,20784,118,194,118,194,DepthLow,DepthMid,DepthLow--DepthMid,7,0.22759158016027564,6.634412207787266e-05,0.003451255189036196
769,26031,180,202,180,202,DepthLow,DepthMid,DepthLow--DepthMid,7,0.22855710599217238,6.632874162323021e-05,0.003450455089913139
770,7592,34,232,34,232,DepthLow,DepthHigh,DepthHigh--DepthLow,9,0.2971932445828666,6.630971714040243e-05,0.0034494654265786683
771,13412,66,180,66,180,DepthHigh,DepthLow,DepthHigh--DepthLow,8,0.2669616818756729,6.627567927518234e-05,0.0034476947594074808
772,2865,12,136,12,136,DepthLow,DepthHigh,DepthHigh--DepthLow,4,0.15627037742259728,6.62530095933043e-05,0.0034465154709526036
773,9441,44,136,44,136,DepthLow,DepthHigh,DepthHigh--DepthLow,8,0.26579542512436366,6.624684829689423e-05,0.0034461949571596637
774,12354,60,145,60,145,DepthMid,DepthHigh,DepthHigh--DepthMid,6,0.21493892377197138,6.622583779149164e-05,0.003445101979914297
775,9383,44,78,44,78,DepthLow,DepthHigh,DepthHigh--DepthLow,4,0.16019161777653704,6.621043568987111e-05,0.0034443007547043597
776,9064,42,140,42,140,DepthLow,DepthLow,DepthLow--DepthLow,4,0.16736269011420601,6.618836809144816e-05,0.0034431527869389963
777,23660,146,228,146,228,DepthHigh,DepthHigh,DepthHigh--DepthHigh,6,0.21673460468903874,6.618209380428197e-05,0.0034428263953090875
778,10089,47,220,47,220,DepthMid,DepthMid,DepthMid--DepthMid,5,0.19329706076927078,6.618034451489378e-05,0.003442735396379732
779,17293,91,186,91,186,DepthMid,DepthMid,DepthMid--DepthMid,10,0.3596313718396495,6.617155263003941e-05,0.003442278038029441
780,26091,181,209,181,209,DepthLow,DepthMid,DepthLow--DepthMid,5,0.1794480351973535,6.613097532048726e-05,0.003440167185616855
781,17054,89,234,89,234,DepthMid,DepthLow,DepthLow--DepthMid,10,0.33335749772747275,6.611973567244048e-05,0.003439582493372396
782,2129,9,69,9,69,DepthMid,DepthHigh,DepthHigh--DepthMid,3,0.15061819056844689,6.608667269129763e-05,0.003437862540169905
783,4369,19,114,19,114,DepthLow,DepthLow,DepthLow--DepthLow,9,0.29908352053203335,6.60833633654855e-05,0.0034376903873472647
784,13814,69,84,69,84,DepthHigh,DepthHigh,DepthHigh--DepthHigh,10,0.388622577080464,6.606437577838567e-05,0.0034367026433474476
785,5122,22,228,22,228,DepthHigh,DepthHigh,DepthHigh--DepthHigh,9,0.28764178797804013,6.604652361961227e-05,0.003435773964910345
786,9446,44,141,44,141,DepthLow,DepthLow,DepthLow--DepthLow,5,0.18091094030453966,6.603130657325069e-05,0.0034349823663697003
787,20114,113,114,113,114,DepthLow,DepthLow,DepthLow--DepthLow,10,0.7836198328057556,6.601609804499625e-05,0.0034341912109453485
788,2012,8,177,8,177,DepthMid,DepthLow,DepthLow--DepthMid,1,0.092692370967159,6.600683908817591e-05,0.0034337095552723147
789,9380,44,75,44,75,DepthLow,DepthHigh,DepthHigh--DepthLow,3,0.14273061877553592,6.598155329200515e-05,0.0034323941752128603
790,4393,19,138,19,138,DepthLow,DepthHigh,DepthHigh--DepthLow,1,0.09129556851141621,6.596765380667324e-05,0.0034316711168713787
791,6937,31,180,31,180,DepthLow,DepthLow,DepthLow--DepthLow,7,0.2244260081914642,6.596703152492866e-05,0.003431638745456508
792,8384,38,234,38,234,DepthLow,DepthLow,DepthLow--DepthLow,8,0.26567861924585723,6.596636474547163e-05,0.003431604059247859
793,1908,8,73,8,73,DepthMid,DepthHigh,DepthHigh--DepthMid,2,0.11591536214672868,6.596322676996768e-05,0.003431440820155956
794,6830,31,73,31,73,DepthLow,DepthHigh,DepthHigh--DepthLow,7,0.23708328907011947,6.596222689601474e-05,0.003431388806201134
795,23659,146,227,146,227,DepthHigh,DepthHigh,DepthHigh--DepthHigh,7,0.220175512625071,6.594929164005099e-05,0.00343071590756493
796,14793,75,94,75,94,DepthHigh,DepthLow,DepthHigh--DepthLow,5,0.19700385978033408,6.593849420585822e-05,0.0034301542195115053
797,22550,135,141,135,141,DepthHigh,DepthLow,DepthHigh--DepthLow,3,0.15115307584927393,6.592407004946064e-05,0.003429403867512632
798,9363,44,58,44,58,DepthLow,DepthHigh,DepthHigh--DepthLow,6,0.20780470393695014,6.589919226063489e-05,0.003428109712204105
799,7426,34,66,34,66,DepthLow,DepthHigh,DepthHigh--DepthLow,6,0.2189491379240197,6.587461876006174e-05,0.0034268313861262304
800,10667,51,60,51,60,DepthLow,DepthMid,DepthLow--DepthMid,6,0.21681456575655902,6.587435680364465e-05,0.0034268177590193296
801,6803,31,46,31,46,DepthLow,DepthLow,DepthLow--DepthLow,5,0.18617321840165096,6.587160650516043e-05,0.0034266746870844273
802,1610,6,228,6,228,DepthHigh,DepthHigh,DepthHigh--DepthHigh,10,0.3365572630233989,6.581838204269301e-05,0.0034239059233036858
803,26069,181,187,181,187,DepthLow,DepthMid,DepthLow--DepthMid,7,0.22129392544802232,6.580960999626528e-05,0.0034234495969585024
804,17351,92,102,92,102,DepthHigh,DepthLow,DepthHigh--DepthLow,8,0.25336233041061085,6.579075698336758e-05,0.0034224688535775625
805,19941,111,184,111,184,DepthLow,DepthMid,DepthLow--DepthMid,10,0.3357673397297378,6.578370610701756e-05,0.0034221020633808104
806,1983,8,148,8,148,DepthMid,DepthMid,DepthMid--DepthMid,4,0.17468962346178976,6.576725269985354e-05,0.003421246148718386
807,6969,31,212,31,212,DepthLow,DepthMid,DepthLow--DepthMid,2,0.13210373959033947,6.576576768802942e-05,0.0034211688976431846
808,7817,36,60,36,60,DepthLow,DepthMid,DepthLow--DepthMid,8,0.2713078928714771,6.576363981284593e-05,0.003421058204486977
809,2240,9,180,9,180,DepthMid,DepthLow,DepthLow--DepthMid,1,0.09093371488353853,6.575244143935292e-05,0.0034204756593659313
810,10107,48,52,48,52,DepthHigh,DepthLow,DepthHigh--DepthLow,7,0.23652578690229006,6.574954908322878e-05,0.003420325197519888
811,10879,52,90,52,90,DepthLow,DepthHigh,DepthHigh--DepthLow,8,0.2605362656863207,6.57359340604527e-05,0.003419616937066164
812,10776,51,169,51,169,DepthLow,DepthLow,DepthLow--DepthLow,4,0.1573987152920646,6.573293733312446e-05,0.0034194610457766606
813,9478,44,173,44,173,DepthLow,DepthLow,DepthLow--DepthLow,8,0.2588431383758006,6.573110788693875e-05,0.0034193658770496687
814,4062,18,22,18,22,DepthHigh,DepthHigh,DepthHigh--DepthHigh,10,0.4950409534924092,6.571757114350999e-05,0.0034186616887276608
815,2212,9,152,9,152,DepthMid,DepthMid,DepthMid--DepthMid,2,0.13009724156435262,6.570712974208502e-05,0.003418118521681054
816,20748,118,158,118,158,DepthLow,DepthMid,DepthLow--DepthMid,3,0.14668578359167125,6.569896760750702e-05,0.00341769392326248
817,8337,38,187,38,187,DepthLow,DepthMid,DepthLow--DepthMid,9,0.2960023599160273,6.569609710605172e-05,0.0034175445983074962
818,16251,84,166,84,166,DepthHigh,DepthMid,DepthHigh--DepthMid,8,0.26374920778480715,6.568945696472843e-05,0.0034171991747570713
819,9050,42,126,42,126,DepthLow,DepthLow,DepthLow--DepthLow,7,0.23970207775738728,6.567997934211208e-05,0.0034167061439774036
820,20740,118,150,118,150,DepthLow,DepthMid,DepthLow--DepthMid,6,0.20405595004397065,6.567481259795389e-05,0.003416437367301673
821,22735,136,228,136,228,DepthHigh,DepthHigh,DepthHigh--DepthHigh,1,0.07820539959519121,6.567292285759521e-05,0.0034163390620409423
822,3743,16,136,16,136,DepthLow,DepthHigh,DepthHigh--DepthLow,1,0.06235036905672012,6.566966788555763e-05,0.0034161697367294753
823,3211,14,41,14,41,DepthLow,DepthHigh,DepthHigh--DepthLow,6,0.20945737539300113,6.565633138865284e-05,0.0034154759653341406
824,23632,146,200,146,200,DepthHigh,DepthMid,DepthHigh--DepthMid,4,0.17163669988582667,6.564006901802293e-05,0.003414629988490003
825,12443,60,234,60,234,DepthMid,DepthLow,DepthLow--DepthMid,9,0.28329720774615313,6.562301088474859e-05,0.0034137426156657874
826,22736,136,229,136,229,DepthHigh,DepthHigh,DepthHigh--DepthHigh,1,0.01766439840495954,6.561746433066823e-05,0.0034134540810834978
827,20999,120,180,120,180,DepthMid,DepthLow,DepthLow--DepthMid,10,0.3416936397448714,6.560412555944961e-05,0.0034127601913771935
828,21612,126,130,126,130,DepthLow,DepthLow,DepthLow--DepthLow,10,0.5310148242945355,6.559897966597382e-05,0.003412492499364634
829,13200,65,136,65,136,DepthMid,DepthHigh,DepthHigh--DepthMid,4,0.16994462516203168,6.559875571123613e-05,0.0034124808491245466
830,9416,44,111,44,111,DepthLow,DepthLow,DepthLow--DepthLow,10,0.31751586804269005,6.558387757586372e-05,0.0034117068809070314
831,25902,178,182,178,182,DepthLow,DepthMid,DepthLow--DepthMid,2,0.12386131973627966,6.55590832148425e-05,0.0034104170655556
832,22152,131,145,131,145,DepthLow,DepthHigh,DepthHigh--DepthLow,2,0.11095033415514663,6.555130947974681e-05,0.003410012671876899
833,15384,78,214,78,214,DepthHigh,DepthLow,DepthHigh--DepthLow,7,0.23339293969320665,6.55139641717034e-05,0.0034080699498371123
834,2247,9,187,9,187,DepthMid,DepthMid,DepthMid--DepthMid,4,0.17527624596881355,6.551015589175213e-05,0.0034078718411647622
835,810,3,115,3,115,DepthMid,DepthHigh,DepthHigh--DepthMid,4,0.1691389709214246,6.550865513845782e-05,0.0034077937712102243
836,3719,16,112,16,112,DepthLow,DepthLow,DepthLow--DepthLow,8,0.24355246090674623,6.548389491085993e-05,0.0034065057314969457
837,17235,91,128,91,128,DepthMid,DepthLow,DepthLow--DepthMid,7,0.23330960656512623,6.544388265214169e-05,0.0034044242733179634
838,16070,83,135,83,135,DepthMid,DepthHigh,DepthHigh--DepthMid,3,0.14646579689380498,6.544215824405682e-05,0.003404334568726742
839,16075,83,140,83,140,DepthMid,DepthLow,DepthLow--DepthMid,10,0.33452827795714596,6.544156776801313e-05,0.0034043038518607113
840,26174,183,189,183,189,DepthMid,DepthMid,DepthMid--DepthMid,10,0.53440065647809,6.543293004827187e-05,0.0034038545132585142
841,3563,15,174,15,174,DepthLow,DepthLow,DepthLow--DepthLow,10,0.3496907090443329,6.543096253292197e-05,0.003403752162102931
842,10193,48,138,48,138,DepthHigh,DepthHigh,DepthHigh--DepthHigh,9,0.27345243378376966,6.542775027978006e-05,0.0034035850590502822
843,25851,177,187,177,187,DepthLow,DepthMid,DepthLow--DepthMid,8,0.25933742891183786,6.542398845494786e-05,0.0034033893669970037
844,3525,15,136,15,136,DepthLow,DepthHigh,DepthHigh--DepthLow,1,0.044496332937754283,6.541322864364485e-05,0.003402829636105562
845,22647,136,140,136,140,DepthHigh,DepthLow,DepthHigh--DepthLow,1,0.10370753777710187,6.54119911212359e-05,0.003402765259556417
846,3721,16,114,16,114,DepthLow,DepthLow,DepthLow--DepthLow,8,0.24947662663457465,6.53955818844726e-05,0.0034019116426608465
847,22139,131,132,131,132,DepthLow,DepthLow,DepthLow--DepthLow,10,0.4979582048744052,6.538506521630508e-05,0.003401364560199767
848,26053,180,224,180,224,DepthLow,DepthLow,DepthLow--DepthLow,5,0.18546038896443873,6.538125986320748e-05,0.0034011666037838417
849,22558,135,149,135,149,DepthHigh,DepthMid,DepthHigh--DepthMid,10,0.35889862083764357,6.53770645831111e-05,0.0034009483631658546
850,8577,39,232,39,232,DepthLow,DepthHigh,DepthHigh--DepthLow,9,0.2821023180677215,6.536315000537309e-05,0.0034002245197096827
851,25385,169,205,169,205,DepthLow,DepthMid,DepthLow--DepthMid,2,0.1210832658493336,6.535619210381041e-05,0.003399862566108958
852,16300,84,215,84,215,DepthHigh,DepthLow,DepthHigh--DepthLow,5,0.1835856028896453,6.533988054161752e-05,0.0033990140302945357
853,23890,149,200,149,200,DepthMid,DepthMid,DepthMid--DepthMid,1,0.10160318803733574,6.530254217900874e-05,0.003397071669559813
854,3314,14,144,14,144,DepthLow,DepthHigh,DepthHigh--DepthLow,6,0.21408753454871135,6.529581454880954e-05,0.003396721694793282
855,9011,42,87,42,87,DepthLow,DepthLow,DepthLow--DepthLow,8,0.26534183445528603,6.529295966117932e-05,0.003396573182077471
856,7447,34,87,34,87,DepthLow,DepthLow,DepthLow--DepthLow,5,0.19440489987929999,6.52547961941505e-05,0.003394587898988485
857,14859,75,160,75,160,DepthHigh,DepthMid,DepthHigh--DepthMid,7,0.24156642810911097,6.524365516270196e-05,0.0033940083368299437
858,7235,33,75,33,75,DepthMid,DepthHigh,DepthHigh--DepthMid,7,0.24195879158320302,6.524268661022447e-05,0.0033939579522343066
859,23492,145,148,145,148,DepthHigh,DepthMid,DepthHigh--DepthMid,10,0.36024372453149844,6.521551288068098e-05,0.003392544360914455
860,20468,115,229,115,229,DepthHigh,DepthHigh,DepthHigh--DepthHigh,4,0.16840398790097721,6.520962038172653e-05,0.0033922378301027415
861,8319,38,169,38,169,DepthLow,DepthLow,DepthLow--DepthLow,7,0.2304860304229799,6.520535227231804e-05,0.0033920158008666607
862,3524,15,135,15,135,DepthLow,DepthHigh,DepthHigh--DepthLow,1,0.048497942892134875,6.520330010666202e-05,0.003391909046158824
863,6326,28,181,28,181,DepthLow,DepthLow,DepthLow--DepthLow,9,0.3029188872595565,6.519836227526175e-05,0.00339165217764193
864,9007,42,83,42,83,DepthLow,DepthMid,DepthLow--DepthMid,10,0.3180740774747461,6.518759367489829e-05,0.003391091989539065
865,26468,189,198,189,198,DepthMid,DepthMid,DepthMid--DepthMid,10,0.8103842521229413,6.518308093799512e-05,0.003390857234655497
866,6075,27,136,27,136,DepthLow,DepthHigh,DepthHigh--DepthLow,3,0.1453505886381169,6.5168750965295e-05,0.003390111782140774
867,22056,130,152,130,152,DepthLow,DepthMid,DepthLow--DepthMid,3,0.15030268133381133,6.515471126754503e-05,0.0033893814298775362
868,14207,71,150,71,150,DepthMid,DepthMid,DepthMid--DepthMid,5,0.19360095878372813,6.513527479185022e-05,0.003388370334463243
869,14953,76,96,76,96,DepthHigh,DepthHigh,DepthHigh--DepthHigh,8,0.24546409393785515,6.512977538155382e-05,0.0033880842523247253
870,22637,135,228,135,228,DepthHigh,DepthHigh,DepthHigh--DepthHigh,2,0.10629340680932942,6.510056656699247e-05,0.0033865647948405774
871,23983,150,209,150,209,DepthMid,DepthMid,DepthMid--DepthMid,3,0.15178531461835376,6.506541581486453e-05,0.003384736234722807
872,25565,172,196,172,196,DepthLow,DepthMid,DepthLow--DepthMid,8,0.2649588722498015,6.506141860052767e-05,0.003384528297587011
873,18817,102,203,102,203,DepthLow,DepthMid,DepthLow--DepthMid,9,0.30270879433136644,6.504716752459716e-05,0.0033837869493226268
874,4016,17,192,17,192,DepthHigh,DepthMid,DepthHigh--DepthMid,10,0.33696690270792673,6.500520968550067e-05,0.0033816042810565134
875,11407,55,78,55,78,DepthLow,DepthHigh,DepthHigh--DepthLow,4,0.15752229734126047,6.49807741398827e-05,0.0033803331314660196
876,5868,26,136,26,136,DepthLow,DepthHigh,DepthHigh--DepthLow,1,0.07728736792886061,6.49638032441183e-05,0.0033794502967817246
877,4732,21,50,21,50,DepthHigh,DepthLow,DepthHigh--DepthLow,3,0.15173813241925208,6.49628244019368e-05,0.0033793993769104186
878,1065,4,140,4,140,DepthHigh,DepthLow,DepthHigh--DepthLow,6,0.20558953202393515,6.495006443323329e-05,0.0033787355968072125
879,9582,45,88,45,88,DepthHigh,DepthLow,DepthHigh--DepthLow,9,0.289952348762092,6.494721475882584e-05,0.0033785873552859176
880,7036,32,77,32,77,DepthLow,DepthMid,DepthLow--DepthMid,2,0.12479782131018943,6.492579995973561e-05,0.0033774733464759805
881,3142,13,192,13,192,DepthHigh,DepthMid,DepthHigh--DepthMid,8,0.2543254357012001,6.492264343335275e-05,0.0033773091423578614
882,3535,15,146,15,146,DepthLow,DepthHigh,DepthHigh--DepthLow,1,0.10176769710061472,6.49195387388835e-05,0.0033771476345624187
883,9738,46,56,46,56,DepthLow,DepthHigh,DepthHigh--DepthLow,2,0.12464449622752337,6.489977670589126e-05,0.003376119603490875
884,9367,44,62,44,62,DepthLow,DepthMid,DepthLow--DepthMid,10,0.3944546347377162,6.48969528925738e-05,0.0033759727072767186
885,20184,113,184,113,184,DepthLow,DepthMid,DepthLow--DepthMid,10,0.3742202274897343,6.486965975447613e-05,0.003374552904262759
886,21216,122,172,122,172,DepthLow,DepthLow,DepthLow--DepthLow,10,0.33241470540490425,6.485942123833257e-05,0.0033740202914123393
887,7238,33,78,33,78,DepthMid,DepthHigh,DepthHigh--DepthMid,7,0.241966183726449,6.484976156587167e-05,0.0033735177903065753
888,26273,185,189,185,189,DepthMid,DepthMid,DepthMid--DepthMid,10,0.5662949678720332,6.484185721211575e-05,0.003373106601778313
889,22656,136,149,136,149,DepthHigh,DepthMid,DepthHigh--DepthMid,10,0.3526070628407764,6.480913313062531e-05,0.003371404278309207
890,15031,76,174,76,174,DepthHigh,DepthLow,DepthHigh--DepthLow,8,0.252951537719441,6.480510154058539e-05,0.003371194552931743
891,1363,5,209,5,209,DepthMid,DepthMid,DepthMid--DepthMid,10,0.6490028981098361,6.479072911859129e-05,0.003370446892183019
892,7236,33,76,33,76,DepthMid,DepthHigh,DepthHigh--DepthMid,7,0.2429642318103892,6.47826493129695e-05,0.0033700265765588874
893,19407,107,148,107,148,DepthHigh,DepthMid,DepthHigh--DepthMid,6,0.2070938451042733,6.477890056480271e-05,0.0033698315647604374
894,21667,126,185,126,185,DepthLow,DepthMid,DepthLow--DepthMid,8,0.24323360951910608,6.47768265412558e-05,0.0033697236729939286
895,15267,78,97,78,97,DepthHigh,DepthHigh,DepthHigh--DepthHigh,9,0.2868384046846289,6.475102435456711e-05,0.0033683814300354145
896,21515,125,141,125,141,DepthHigh,DepthLow,DepthHigh--DepthLow,9,0.30231511905467945,6.474599277442352e-05,0.003368119684660907
897,3306,14,136,14,136,DepthLow,DepthHigh,DepthHigh--DepthLow,5,0.1970120717858641,6.474378499900497e-05,0.003368004835053574
898,21601,125,227,125,227,DepthHigh,DepthHigh,DepthHigh--DepthHigh,10,0.35414636934809435,6.473475534030779e-05,0.0033675351075862746
899,8526,39,181,39,181,DepthLow,DepthLow,DepthLow--DepthLow,9,0.27752934072885554,6.472535665800557e-05,0.0033670461833221537
900,16269,84,184,84,184,DepthHigh,DepthMid,DepthHigh--DepthMid,8,0.26898413564796914,6.4714199544418e-05,0.0033664657845625086
901,4124,18,84,18,84,DepthHigh,DepthHigh,DepthHigh--DepthHigh,5,0.18793931302048836,6.469922752958611e-05,0.0033656869326874586
902,14951,76,94,76,94,DepthHigh,DepthLow,DepthHigh--DepthLow,6,0.19895336697291133,6.468320010031553e-05,0.0033648531776130893
903,20015,112,136,112,136,DepthLow,DepthHigh,DepthHigh--DepthLow,8,0.2634974114599826,6.46803097578505e-05,0.0033647028205186233
904,18243,98,163,98,163,DepthLow,DepthLow,DepthLow--DepthLow,10,0.6212415855130891,6.466694080052877e-05,0.0033640073605157848
905,2015,8,180,8,180,DepthMid,DepthLow,DepthLow--DepthMid,1,0.07494206645503139,6.46572038649801e-05,0.003363500840144647
906,14205,71,148,71,148,DepthMid,DepthMid,DepthMid--DepthMid,3,0.15419814840538992,6.465363590181304e-05,0.003363315232874418
907,10520,50,96,50,96,DepthLow,DepthHigh,DepthHigh--DepthLow,9,0.3064233691524075,6.464927531126525e-05,0.003363088392722134
908,904,3,209,3,209,DepthMid,DepthMid,DepthMid--DepthMid,10,0.6652325472118231,6.460025754455133e-05,0.0033605384634077056
909,26343,186,211,186,211,DepthMid,DepthMid,DepthMid--DepthMid,7,0.22623205399811333,6.45950535481874e-05,0.0033602677488531645
910,3309,14,139,14,139,DepthLow,DepthHigh,DepthHigh--DepthLow,6,0.20607337296233927,6.457754709899516e-05,0.0033593570544054275
911,20661,117,187,117,187,DepthLow,DepthMid,DepthLow--DepthMid,6,0.19943643326848487,6.457049292945133e-05,0.0033589900928950476
912,8264,38,114,38,114,DepthLow,DepthLow,DepthLow--DepthLow,10,0.33118703392269716,6.454600291585457e-05,0.0033577161098524177
913,16743,87,214,87,214,DepthLow,DepthLow,DepthLow--DepthLow,8,0.25618006460456205,6.45424414290099e-05,0.003357530839483795
914,10554,50,130,50,130,DepthLow,DepthLow,DepthLow--DepthLow,3,0.1466532023396732,6.454130309843107e-05,0.0033574716229444242
915,6150,27,211,27,211,DepthLow,DepthMid,DepthLow--DepthMid,8,0.24323447386809774,6.452648582494852e-05,0.003356700820793572
916,13715,68,150,68,150,DepthHigh,DepthMid,DepthHigh--DepthMid,8,0.26026410569403713,6.447562401944058e-05,0.003354054963637199
917,24646,159,161,159,161,DepthMid,DepthMid,DepthMid--DepthMid,10,0.5758562294858346,6.447467061352514e-05,0.0033540053669734726
918,21207,122,163,122,163,DepthLow,DepthLow,DepthLow--DepthLow,10,0.3281646522718011,6.447210206429381e-05,0.003353871749727735
919,6676,30,122,30,122,DepthHigh,DepthLow,DepthHigh--DepthLow,8,0.26437243391593473,6.444801376197741e-05,0.0033526186639115277
920,17948,96,141,96,141,DepthHigh,DepthLow,DepthHigh--DepthLow,9,0.2863271223880188,6.444574812042406e-05,0.003352500804078243
921,8428,39,83,39,83,DepthLow,DepthMid,DepthLow--DepthMid,9,0.28339405185288974,6.443725096118699e-05,0.00335205877750542
922,12096,59,61,59,61,DepthHigh,DepthHigh,DepthHigh--DepthHigh,10,0.4926903589812118,6.443297394511479e-05,0.0033518362849401344
923,7825,36,68,36,68,DepthLow,DepthHigh,DepthHigh--DepthLow,4,0.15924774162514238,6.442334116369447e-05,0.003351335182720065
924,3301,14,131,14,131,DepthLow,DepthLow,DepthLow--DepthLow,1,0.054966100819542875,6.441803667355264e-05,0.0033510592404277593
925,22556,135,147,135,147,DepthHigh,DepthMid,DepthHigh--DepthMid,10,0.3297293103418562,6.441704509982572e-05,0.003351007658254943
926,15140,77,126,77,126,DepthMid,DepthLow,DepthLow--DepthMid,2,0.12185707274941124,6.440979054464084e-05,0.003350630272580949
927,21524,125,150,125,150,DepthHigh,DepthMid,DepthHigh--DepthMid,10,0.35554616594880906,6.439506143985735e-05,0.003349864057010951
928,21668,126,186,126,186,DepthLow,DepthMid,DepthLow--DepthMid,7,0.24115970651019586,6.437884224798e-05,0.0033490203263476233
929,2867,12,138,12,138,DepthLow,DepthHigh,DepthHigh--DepthLow,3,0.13924077560623996,6.437610489802486e-05,0.0033488779280018313
930,23814,148,209,148,209,DepthMid,DepthMid,DepthMid--DepthMid,3,0.1422057014649596,6.437532009858186e-05,0.003348837102333103
931,15018,76,161,76,161,DepthHigh,DepthMid,DepthHigh--DepthMid,8,0.25376209087192997,6.434413184187132e-05,0.0033472146732551676
932,23849,149,159,149,159,DepthMid,DepthMid,DepthMid--DepthMid,6,0.21272884057697558,6.43385442300289e-05,0.0033469240028270804
933,11465,55,136,55,136,DepthLow,DepthHigh,DepthHigh--DepthLow,4,0.1657560855221806,6.430953378312708e-05,0.0033454148645301164
934,8201,38,51,38,51,DepthLow,DepthLow,DepthLow--DepthLow,3,0.14346572835348445,6.43031509984806e-05,0.0033450828288057485
935,8324,38,174,38,174,DepthLow,DepthLow,DepthLow--DepthLow,7,0.22371191375400754,6.429833989891278e-05,0.003344832552943647
936,20487,116,130,116,130,DepthHigh,DepthLow,DepthHigh--DepthLow,2,0.13332139543523705,6.429566114933788e-05,0.0033446932030196303
937,24567,157,233,157,233,DepthHigh,DepthMid,DepthHigh--DepthMid,6,0.20309841053197433,6.427317173746965e-05,0.003343523292302936
938,1692,7,83,7,83,DepthHigh,DepthMid,DepthHigh--DepthMid,10,0.3584588194716896,6.426722285239736e-05,0.0033432138282565105
939,3527,15,138,15,138,DepthLow,DepthHigh,DepthHigh--DepthLow,1,0.07526846539529605,6.425260157947179e-05,0.003342453222154957
940,15154,77,140,77,140,DepthMid,DepthLow,DepthLow--DepthMid,1,0.09022854353100176,6.423921713701358e-05,0.003341756956607392
941,10732,51,125,51,125,DepthLow,DepthHigh,DepthHigh--DepthLow,10,0.32891655934261904,6.423107478198925e-05,0.0033413333871313245
942,8405,39,60,39,60,DepthLow,DepthMid,DepthLow--DepthMid,6,0.20442842702314312,6.419600187688776e-05,0.003339508876655716
943,479,2,15,2,15,DepthMid,DepthLow,DepthLow--DepthMid,6,0.21324602854744176,6.416177507508526e-05,0.003337728380906804
944,23673,147,154,147,154,DepthMid,DepthMid,DepthMid--DepthMid,10,0.6515415397429526,6.415547762630663e-05,0.003337400784397961
945,12646,62,92,62,92,DepthMid,DepthHigh,DepthHigh--DepthMid,9,0.2942653506256396,6.414796355203084e-05,0.0033370098984080213
946,24291,154,191,154,191,DepthMid,DepthMid,DepthMid--DepthMid,8,0.2504092087211084,6.413907982898796e-05,0.003336547762588156
947,6991,31,234,31,234,DepthLow,DepthLow,DepthLow--DepthLow,6,0.21682492611617973,6.413124598987251e-05,0.003336140242267583
948,21936,129,136,129,136,DepthLow,DepthHigh,DepthHigh--DepthLow,2,0.12187751928626012,6.410995648848568e-05,0.003335032751508311
949,26231,184,196,184,196,DepthMid,DepthMid,DepthMid--DepthMid,2,0.11830325007595655,6.410179493767633e-05,0.0033346081834576807
950,10831,51,224,51,224,DepthLow,DepthLow,DepthLow--DepthLow,9,0.27537684359869824,6.409358027201333e-05,0.003334180852345177
951,2886,12,157,12,157,DepthLow,DepthHigh,DepthHigh--DepthLow,3,0.15459641315700803,6.408444308138411e-05,0.003333705531011732
952,8262,38,112,38,112,DepthLow,DepthLow,DepthLow--DepthLow,10,0.3279660989258301,6.406648025685474e-05,0.0033327710956853594
953,7501,34,141,34,141,DepthLow,DepthLow,DepthLow--DepthLow,5,0.19351682317670857,6.406429045758665e-05,0.0033326571812065746
954,15339,78,169,78,169,DepthHigh,DepthLow,DepthHigh--DepthLow,6,0.21369400022268242,6.401725214764573e-05,0.0033302102242466717
955,10549,50,125,50,125,DepthLow,DepthHigh,DepthHigh--DepthLow,10,0.350884851249121,6.400603890889861e-05,0.0033296269058274985
956,12741,62,187,62,187,DepthMid,DepthMid,DepthMid--DepthMid,6,0.2186688653003473,6.39854584974476e-05,0.003328556302289638
957,26271,185,187,185,187,DepthMid,DepthMid,DepthMid--DepthMid,10,0.3869349125015227,6.398384951544821e-05,0.0033284726022224653
958,11406,55,77,55,77,DepthLow,DepthMid,DepthLow--DepthMid,4,0.17660641707128394,6.397735363044367e-05,0.0033281346829595803
959,22654,136,147,136,147,DepthHigh,DepthMid,DepthHigh--DepthMid,10,0.3238971077398072,6.396675557834085e-05,0.00332758336686453
960,8820,41,88,41,88,DepthHigh,DepthLow,DepthHigh--DepthLow,10,0.3189435615061903,6.396168677743941e-05,0.0033273196852471472
961,15264,78,94,78,94,DepthHigh,DepthLow,DepthHigh--DepthLow,6,0.19902388480091215,6.393362103838634e-05,0.0033258596911360286
962,1843,7,234,7,234,DepthHigh,DepthLow,DepthHigh--DepthLow,6,0.21326883085005321,6.392125245319084e-05,0.0033252162710032413
963,413,1,181,1,181,DepthMid,DepthLow,DepthLow--DepthMid,4,0.17236153452806208,6.390442262275808e-05,0.0033243407746097026
964,13798,68,233,68,233,DepthHigh,DepthMid,DepthHigh--DepthMid,8,0.2534572101297754,6.389533705833687e-05,0.003323868138898023
965,14934,76,77,76,77,DepthHigh,DepthMid,DepthHigh--DepthMid,4,0.1701488390246807,6.389492770078053e-05,0.0033238468439084107
966,6608,30,54,30,54,DepthHigh,DepthLow,DepthHigh--DepthLow,7,0.24027324292631627,6.389460542351428e-05,0.0033238300788800616
967,27193,209,233,209,233,DepthMid,DepthMid,DepthMid--DepthMid,4,0.16601518315532132,6.388192188376889e-05,0.003323170274650378
968,11515,55,186,55,186,DepthLow,DepthMid,DepthLow--DepthMid,10,0.3464978786969005,6.388072183668039e-05,0.0033231078475865843
969,7105,32,146,32,146,DepthLow,DepthHigh,DepthHigh--DepthLow,5,0.19445340816585574,6.38590437033172e-05,0.0033219801399929786
970,5700,25,176,25,176,DepthLow,DepthLow,DepthLow--DepthLow,4,0.15647876586317588,6.383731630585181e-05,0.0033208498696555605
971,7900,36,143,36,143,DepthLow,DepthMid,DepthLow--DepthMid,6,0.20706943278665488,6.381005567099272e-05,0.003319431757476709
972,22564,135,155,135,155,DepthHigh,DepthMid,DepthHigh--DepthMid,3,0.13893679841257045,6.380879645608524e-05,0.0033193662524726867
973,9831,46,149,46,149,DepthLow,DepthMid,DepthLow--DepthMid,8,0.2535471116583781,6.379547894077636e-05,0.0033186734685096866
974,22168,131,161,131,161,DepthLow,DepthMid,DepthLow--DepthMid,6,0.2109974338577123,6.378943690200455e-05,0.0033183591585601315
975,3189,14,19,14,19,DepthLow,DepthLow,DepthLow--DepthLow,3,0.151163354587942,6.378608050001121e-05,0.003318184556810449
976,10131,48,76,48,76,DepthHigh,DepthHigh,DepthHigh--DepthHigh,7,0.24079976388872293,6.377935046174242e-05,0.0033178344567749048
977,24898,162,194,162,194,DepthMid,DepthMid,DepthMid--DepthMid,8,0.24471277266268987,6.377488114824438e-05,0.0033176019607990977
978,21037,120,218,120,218,DepthMid,DepthMid,DepthMid--DepthMid,9,0.27674332821589837,6.375254232494321e-05,0.003316439883776741
979,13632,67,233,67,233,DepthHigh,DepthMid,DepthHigh--DepthMid,7,0.23673338752439357,6.37497137417656e-05,0.003316292739432019
980,4768,21,86,21,86,DepthHigh,DepthHigh,DepthHigh--DepthHigh,9,0.2752771442216878,6.374534975440202e-05,0.0033160657225756378
981,6907,31,150,31,150,DepthLow,DepthMid,DepthLow--DepthMid,9,0.27219506410288724,6.373700196539432e-05,0.0033156314663186034
982,18815,102,201,102,201,DepthLow,DepthMid,DepthLow--DepthMid,10,0.3222961011488686,6.373663628466801e-05,0.0033156124434200454
983,1960,8,125,8,125,DepthMid,DepthHigh,DepthHigh--DepthMid,4,0.17498009410236237,6.371165947439405e-05,0.0033143131369650983
984,19333,106,201,106,201,DepthLow,DepthMid,DepthLow--DepthMid,10,0.3502235856682563,6.370714144801533e-05,0.0033140781069203045
985,15122,77,108,77,108,DepthMid,DepthHigh,DepthHigh--DepthMid,4,0.16579565513197458,6.368849664127298e-05,0.0033131081945301367
986,11324,54,174,54,174,DepthLow,DepthLow,DepthLow--DepthLow,10,0.388887158027752,6.368469606635052e-05,0.0033129104866773287
987,11394,55,65,55,65,DepthLow,DepthMid,DepthLow--DepthMid,9,0.29727982974624645,6.367588599570843e-05,0.0033124521822930518
988,7244,33,84,33,84,DepthMid,DepthHigh,DepthHigh--DepthMid,8,0.24418917154992945,6.36659238112659e-05,0.003311933944359161
989,23137,141,155,141,155,DepthLow,DepthMid,DepthLow--DepthMid,10,0.3872454685315804,6.36621144775966e-05,0.00331173578087186
990,16026,83,91,83,91,DepthMid,DepthMid,DepthMid--DepthMid,10,0.510546963377849,6.364285625237434e-05,0.003310733958138386
991,7823,36,66,36,66,DepthLow,DepthHigh,DepthHigh--DepthLow,6,0.2052130510692033,6.363577118027435e-05,0.0033103653890612177
992,1615,6,233,6,233,DepthHigh,DepthMid,DepthHigh--DepthMid,1,0.10168364840458467,6.358129765973846e-05,0.003307531648640418
993,17801,95,132,95,132,DepthHigh,DepthLow,DepthHigh--DepthLow,3,0.142467640189134,6.356148455175222e-05,0.003306500960621543
994,19734,109,224,109,224,DepthLow,DepthLow,DepthLow--DepthLow,1,0.0564183780247168,6.354859035204041e-05,0.0033058301977525787
995,11667,56,160,56,160,DepthHigh,DepthMid,DepthHigh--DepthMid,4,0.16795099289788043,6.352785678806263e-05,0.0033047516271418843
996,2874,12,145,12,145,DepthLow,DepthHigh,DepthHigh--DepthLow,4,0.15942277843700775,6.352544020541796e-05,0.0033046259152757695
997,9477,44,172,44,172,DepthLow,DepthLow,DepthLow--DepthLow,10,0.348160570830103,6.352078136826888e-05,0.0033043835601826266
998,2656,11,149,11,149,DepthLow,DepthMid,DepthLow--DepthMid,7,0.24151327128135827,6.34990482524576e-05,0.0033032529923739283
999,2754,12,25,12,25,DepthLow,DepthLow,DepthLow--DepthLow,4,0.1626353488053501,6.348063142922687e-05,0.0033022949398027295
1000,14494,73,114,73,114,DepthHigh,DepthLow,DepthHigh--DepthLow,8,0.25719241761827144,6.344895462220731e-05,0.003300647096087652
1001,212,0,213,0,213,DepthLow,DepthMid,DepthLow--DepthMid,2,0.11830755725460887,6.343503228457243e-05,0.0032999228489576727
1002,22562,135,153,135,153,DepthHigh,DepthMid,DepthHigh--DepthMid,2,0.11776450243266301,6.343174714360363e-05,0.0032997519542429616
1003,10241,48,186,48,186,DepthHigh,DepthMid,DepthHigh--DepthMid,7,0.23480385804634138,6.340343325500676e-05,0.0032982790512655572
1004,11563,55,234,55,234,DepthLow,DepthLow,DepthLow--DepthLow,10,0.33227566754804344,6.339364212219687e-05,0.0032977697115251503
1005,14865,75,166,75,166,DepthHigh,DepthMid,DepthHigh--DepthMid,8,0.26581941168662554,6.333591674849079e-05,0.0032947668080379614
1006,16615,86,233,86,233,DepthHigh,DepthMid,DepthHigh--DepthMid,8,0.25244091540297037,6.333535558473246e-05,0.0032947376160120186
1007,15023,76,166,76,166,DepthHigh,DepthMid,DepthHigh--DepthMid,8,0.26862271337272453,6.333196837054867e-05,0.003294561411396417
1008,8492,39,147,39,147,DepthLow,DepthMid,DepthLow--DepthMid,9,0.30267620135590595,6.332544672296814e-05,0.003294222151951142
1009,20395,115,156,115,156,DepthHigh,DepthMid,DepthHigh--DepthMid,8,0.26248641446318394,6.332325020845098e-05,0.003294107888141663
1010,19367,107,108,107,108,DepthHigh,DepthHigh,DepthHigh--DepthHigh,8,0.2609276988729055,6.331289324489257e-05,0.003293569113596095
1011,21945,129,145,129,145,DepthLow,DepthHigh,DepthHigh--DepthLow,2,0.13145950745332133,6.330056021223456e-05,0.003292927542924506
1012,21939,129,139,129,139,DepthLow,DepthHigh,DepthHigh--DepthLow,2,0.10966754284458284,6.329660694277761e-05,0.003292721891823856
1013,1510,6,128,6,128,DepthHigh,DepthLow,DepthHigh--DepthLow,3,0.14426965668883504,6.329435314844059e-05,0.003292604648288829
1014,5327,23,222,23,222,DepthHigh,DepthHigh,DepthHigh--DepthHigh,5,0.17778268796153265,6.327852108014788e-05,0.0032917810559925246
1015,3196,14,26,14,26,DepthLow,DepthLow,DepthLow--DepthLow,2,0.10893209044874952,6.32664161640527e-05,0.0032911513520612968
1016,7112,32,153,32,153,DepthLow,DepthMid,DepthLow--DepthMid,7,0.2207269232294159,6.325887789304432e-05,0.003290759207344942
1017,7929,36,172,36,172,DepthLow,DepthLow,DepthLow--DepthLow,7,0.24258342921862092,6.32438370603607e-05,0.0032899767755300204
1018,21013,120,194,120,194,DepthMid,DepthMid,DepthMid--DepthMid,10,0.35580700065683696,6.323918064009303e-05,0.0032897345461642864
1019,23934,150,160,150,160,DepthMid,DepthMid,DepthMid--DepthMid,4,0.1739091420646045,6.323327962378693e-05,0.0032894275722755804
1020,15346,78,176,78,176,DepthHigh,DepthLow,DepthHigh--DepthLow,8,0.26054049019154185,6.322081403634355e-05,0.003288779106036207
1021,7027,32,68,32,68,DepthLow,DepthHigh,DepthHigh--DepthLow,2,0.12858153329598349,6.320830829850747e-05,0.0032881285511528547
1022,18875,103,130,103,130,DepthHigh,DepthLow,DepthHigh--DepthLow,6,0.20323690455856558,6.320671588078131e-05,0.003288045712767653
1023,4519,20,50,20,50,DepthHigh,DepthLow,DepthHigh--DepthLow,7,0.22073221825996012,6.320304129000994e-05,0.0032878545586748705
1024,4944,22,50,22,50,DepthHigh,DepthLow,DepthHigh--DepthLow,6,0.2013115440840486,6.320235811989962e-05,0.0032878190198160477
1025,24301,154,201,154,201,DepthMid,DepthMid,DepthMid--DepthMid,9,0.3131444465567539,6.317664496786867e-05,0.003286481408486002
1026,7099,32,140,32,140,DepthLow,DepthLow,DepthLow--DepthLow,7,0.23158558852243524,6.316312824941168e-05,0.0032857782618732744
1027,14860,75,161,75,161,DepthHigh,DepthMid,DepthHigh--DepthMid,8,0.25062176961467736,6.315869598390135e-05,0.0032855476931527515
1028,5870,26,138,26,138,DepthLow,DepthHigh,DepthHigh--DepthLow,1,0.08838140294117935,6.314391001764678e-05,0.003284778519619924
1029,8612,40,73,40,73,DepthHigh,DepthHigh,DepthHigh--DepthHigh,8,0.2564479909777925,6.312909418916921e-05,0.0032840077926389703
1030,10116,48,61,48,61,DepthHigh,DepthHigh,DepthHigh--DepthHigh,6,0.2043530835175694,6.311203849361769e-05,0.003283120546626344
1031,13745,68,180,68,180,DepthHigh,DepthLow,DepthHigh--DepthLow,8,0.24636253520876436,6.307012083217241e-05,0.003280939968422212
1032,22193,131,186,131,186,DepthLow,DepthMid,DepthLow--DepthMid,8,0.26517538911907557,6.306155245106825e-05,0.003280494236851408
1033,26016,180,187,180,187,DepthLow,DepthMid,DepthLow--DepthMid,6,0.21534434661139595,6.303059730147394e-05,0.003278883934124976
1034,10031,47,162,47,162,DepthMid,DepthMid,DepthMid--DepthMid,8,0.24859611740126375,6.302262127833448e-05,0.003278469017318697
1035,5846,26,114,26,114,DepthLow,DepthLow,DepthLow--DepthLow,8,0.25345838483982114,6.302098838685327e-05,0.0032783840734680408
1036,6598,30,44,30,44,DepthHigh,DepthLow,DepthHigh--DepthLow,9,0.2784788036794045,6.301062591799999e-05,0.0032778450125342156
1037,10694,51,87,51,87,DepthLow,DepthLow,DepthLow--DepthLow,10,0.453816417239417,6.30067114243611e-05,0.0032776413785714693
1038,2102,9,42,9,42,DepthMid,DepthLow,DepthLow--DepthMid,3,0.13372628262199507,6.300495568897213e-05,0.0032775500443178534
1039,11594,56,87,56,87,DepthHigh,DepthLow,DepthHigh--DepthLow,3,0.13884550605707402,6.299981792192193e-05,0.0032772827750461126
1040,2873,12,144,12,144,DepthLow,DepthHigh,DepthHigh--DepthLow,3,0.14479199767440926,6.29889566479597e-05,0.003276717766015204
1041,16709,87,180,87,180,DepthLow,DepthLow,DepthLow--DepthLow,8,0.2594366063275706,6.297701908569107e-05,0.0032760967679156937
1042,2058,8,223,8,223,DepthMid,DepthMid,DepthMid--DepthMid,2,0.12424886260652518,6.297594372355397e-05,0.0032760408270268927
1043,18376,99,161,99,161,DepthHigh,DepthMid,DepthHigh--DepthMid,10,0.46710734803216913,6.297451610503699e-05,0.0032759665615809063
1044,11326,54,176,54,176,DepthLow,DepthLow,DepthLow--DepthLow,10,0.3673248541080673,6.295609947835331e-05,0.003275008519234186
1045,20967,120,148,120,148,DepthMid,DepthMid,DepthMid--DepthMid,10,0.3636871088857222,6.295029185835056e-05,0.0032747064038689856
1046,5566,25,42,25,42,DepthLow,DepthLow,DepthLow--DepthLow,5,0.19213475794821328,6.291341832818168e-05,0.0032727882239557133
1047,5059,22,165,22,165,DepthHigh,DepthMid,DepthHigh--DepthMid,10,0.32605453233498194,6.290737341528612e-05,0.00327247376449277
1048,19737,109,227,109,227,DepthLow,DepthHigh,DepthHigh--DepthLow,4,0.17423915284607452,6.290688826731071e-05,0.0032724485268467644
1049,15754,81,122,81,122,DepthHigh,DepthLow,DepthHigh--DepthLow,5,0.18472435621075783,6.290402370607209e-05,0.0032722995109048924
1050,21938,129,138,129,138,DepthLow,DepthHigh,DepthHigh--DepthLow,1,0.10132464682566052,6.288937565332929e-05,0.003271537511703538
1051,5876,26,144,26,144,DepthLow,DepthHigh,DepthHigh--DepthLow,2,0.12262904202335255,6.288622320510827e-05,0.003271373519733485
1052,3791,16,184,16,184,DepthLow,DepthMid,DepthLow--DepthMid,3,0.15270150945205024,6.287682490917371e-05,0.0032708846155684087
1053,1117,4,192,4,192,DepthHigh,DepthMid,DepthHigh--DepthMid,8,0.24407831380355943,6.285475043228255e-05,0.0032697362899816074
1054,4294,19,39,19,39,DepthLow,DepthLow,DepthLow--DepthLow,7,0.2373229748872727,6.284621476508343e-05,0.0032692922602048885
1055,25480,171,173,171,173,DepthLow,DepthLow,DepthLow--DepthLow,10,0.45808060991311134,6.283990969019351e-05,0.0032689642669818334
1056,8519,39,174,39,174,DepthLow,DepthLow,DepthLow--DepthLow,8,0.2599819973608435,6.28387038740349e-05,0.0032689015398080596
1057,9159,43,44,43,44,DepthHigh,DepthLow,DepthHigh--DepthLow,6,0.2081063874620793,6.280778913460863e-05,0.003267293339239253
1058,8979,42,55,42,55,DepthLow,DepthLow,DepthLow--DepthLow,10,0.37547889961087483,6.28067184770413e-05,0.0032672376430845796
1059,8213,38,63,38,63,DepthLow,DepthMid,DepthLow--DepthMid,9,0.2768689120458401,6.280662028013221e-05,0.0032672325348311066
1060,26132,182,198,182,198,DepthMid,DepthMid,DepthMid--DepthMid,10,0.4629420757115703,6.279620141056211e-05,0.003266690539903123
1061,9438,44,133,44,133,DepthLow,DepthHigh,DepthHigh--DepthLow,8,0.24316571225688607,6.278480203074832e-05,0.003266097538330385
1062,7937,36,180,36,180,DepthLow,DepthLow,DepthLow--DepthLow,8,0.2533888407935827,6.278003428326577e-05,0.0032658495176659487
1063,7363,33,203,33,203,DepthMid,DepthMid,DepthMid--DepthMid,9,0.31207473860308227,6.277066559633472e-05,0.0032653621537763896
1064,22203,131,196,131,196,DepthLow,DepthMid,DepthLow--DepthMid,7,0.22613014160388398,6.276970825193402e-05,0.003265312352230644
1065,13746,68,181,68,181,DepthHigh,DepthLow,DepthHigh--DepthLow,8,0.25846266206033514,6.276221239160285e-05,0.003264922413739426
1066,2241,9,181,9,181,DepthMid,DepthLow,DepthLow--DepthMid,1,0.09564968147851023,6.275931686816143e-05,0.0032647717871279163
1067,25417,170,173,170,173,DepthLow,DepthLow,DepthLow--DepthLow,10,0.47837616347896356,6.275038414347833e-05,0.0032643071022176455
1068,23023,139,228,139,228,DepthHigh,DepthHigh,DepthHigh--DepthHigh,4,0.17273807999878468,6.272470737611271e-05,0.0032629713836365135
1069,5558,25,34,25,34,DepthLow,DepthLow,DepthLow--DepthLow,7,0.2211919680860477,6.272174987520604e-05,0.003262817532925538
1070,8392,39,47,39,47,DepthLow,DepthMid,DepthLow--DepthMid,2,0.11256787318701174,6.272015530267379e-05,0.0032627345824462217
1071,23788,148,183,148,183,DepthMid,DepthMid,DepthMid--DepthMid,7,0.23736767224159058,6.269918198541883e-05,0.003261643539747329
1072,7577,34,217,34,217,DepthLow,DepthMid,DepthLow--DepthMid,5,0.19046021487866896,6.268635509865659e-05,0.003260976278532456
1073,23805,148,200,148,200,DepthMid,DepthMid,DepthMid--DepthMid,3,0.13652637201193435,6.267293732551809e-05,0.0032602782791058423
1074,26480,189,210,189,210,DepthMid,DepthMid,DepthMid--DepthMid,7,0.22158852623254627,6.267087733538522e-05,0.003260171117364715
1075,26624,192,225,192,225,DepthMid,DepthMid,DepthMid--DepthMid,5,0.18954437770148977,6.265151068947504e-05,0.00325916365453156
1076,4440,19,185,19,185,DepthLow,DepthMid,DepthLow--DepthMid,4,0.16738600345181337,6.262833641720423e-05,0.0032579581170261744
1077,22146,131,139,131,139,DepthLow,DepthHigh,DepthHigh--DepthLow,1,0.0972604867309409,6.259702568166056e-05,0.003256329316536648
1078,15873,82,89,82,89,DepthHigh,DepthMid,DepthHigh--DepthMid,7,0.24014672365246673,6.25942348857444e-05,0.0032561841379046075
1079,27348,217,224,217,224,DepthMid,DepthLow,DepthLow--DepthMid,3,0.14949903172836443,6.2585110590707e-05,0.0032557094874064493
1080,6951,31,194,31,194,DepthLow,DepthMid,DepthLow--DepthMid,8,0.2462477151880149,6.255739858395056e-05,0.0032542678946304603
1081,26368,187,189,187,189,DepthMid,DepthMid,DepthMid--DepthMid,10,0.6480544062786164,6.255647181402993e-05,0.0032542196835848186
1082,18343,99,128,99,128,DepthHigh,DepthLow,DepthHigh--DepthLow,7,0.2250507541439304,6.253832567811855e-05,0.003253275712306525
1083,23765,148,160,148,160,DepthMid,DepthMid,DepthMid--DepthMid,4,0.15989317828258184,6.252677063082024e-05,0.0032526746128315625
1084,1099,4,174,4,174,DepthHigh,DepthLow,DepthHigh--DepthLow,8,0.2527887818982598,6.252495056066633e-05,0.003252579931850544
1085,16656,87,127,87,127,DepthLow,DepthHigh,DepthHigh--DepthLow,10,0.3497158276771132,6.251913803088055e-05,0.003252277561075918
1086,15044,76,187,76,187,DepthHigh,DepthMid,DepthHigh--DepthMid,5,0.18841594661595745,6.251669235151619e-05,0.003252150335583552
1087,7898,36,141,36,141,DepthLow,DepthLow,DepthLow--DepthLow,5,0.19322301415494916,6.251435539115249e-05,0.0032520287657092483
1088,5789,26,57,26,57,DepthLow,DepthHigh,DepthHigh--DepthLow,3,0.14207320232898268,6.246493674954689e-05,0.0032494579826777645
1089,3629,16,22,16,22,DepthLow,DepthHigh,DepthHigh--DepthLow,4,0.17662376824835072,6.245413932143043e-05,0.0032488962949404334
1090,6892,31,135,31,135,DepthLow,DepthHigh,DepthHigh--DepthLow,4,0.1729069668283739,6.2453027527884e-05,0.0032488384588710713
1091,23762,148,157,148,157,DepthMid,DepthHigh,DepthHigh--DepthMid,6,0.2143949300087504,6.245076160085557e-05,0.003248720584187227
1092,12286,60,77,60,77,DepthMid,DepthMid,DepthMid--DepthMid,4,0.1664050123169101,6.244895079317677e-05,0.003248626385044906
1093,22198,131,191,131,191,DepthLow,DepthMid,DepthLow--DepthMid,8,0.24848008440093106,6.244584621627984e-05,0.0032484648833656354
1094,1915,8,80,8,80,DepthMid,DepthMid,DepthMid--DepthMid,2,0.1148193432315184,6.242298256403651e-05,0.003247275504473072
1095,506,2,42,2,42,DepthMid,DepthLow,DepthLow--DepthMid,3,0.14761618093605905,6.241543101259185e-05,0.0032468826689016237
1096,3228,14,58,14,58,DepthLow,DepthHigh,DepthHigh--DepthLow,6,0.1990528945504703,6.241094696519146e-05,0.003246649406460675
1097,26549,191,192,191,192,DepthMid,DepthMid,DepthMid--DepthMid,10,0.7598782826449862,6.238455031969627e-05,0.00324527623945077
1098,13706,68,141,68,141,DepthHigh,DepthLow,DepthHigh--DepthLow,7,0.23556760774625007,6.236050983380516e-05,0.003244025641069481
1099,2548,11,41,11,41,DepthLow,DepthHigh,DepthHigh--DepthLow,3,0.14276173739566922,6.235254195974794e-05,0.0032436111481826315
1100,15195,77,181,77,181,DepthMid,DepthLow,DepthLow--DepthMid,3,0.14142786816720526,6.23476339793054e-05,0.003243355832527838
1101,22699,136,192,136,192,DepthHigh,DepthMid,DepthHigh--DepthMid,6,0.21555916783299717,6.234140872223922e-05,0.003243031991468829
1102,14562,73,182,73,182,DepthHigh,DepthMid,DepthHigh--DepthMid,5,0.1776331541627977,6.228037098572592e-05,0.0032398567771729594
1103,1218,5,64,5,64,DepthMid,DepthMid,DepthMid--DepthMid,10,0.32601077935715395,6.226769591990035e-05,0.0032391974137609223
1104,12866,63,141,63,141,DepthMid,DepthLow,DepthLow--DepthMid,5,0.19071902555306083,6.226333500439771e-05,0.0032389705567043205
1105,19016,104,141,104,141,DepthHigh,DepthLow,DepthHigh--DepthLow,7,0.22482419643330945,6.223583450853319e-05,0.003237539966833192
1106,17967,96,160,96,160,DepthHigh,DepthMid,DepthHigh--DepthMid,10,0.32724902497739033,6.223398682465617e-05,0.003237443849372164
1107,2016,8,181,8,181,DepthMid,DepthLow,DepthLow--DepthMid,1,0.07724231106646534,6.221909285316134e-05,0.003236669057351455
1108,2092,9,32,9,32,DepthMid,DepthLow,DepthLow--DepthMid,2,0.12084401415627036,6.219016737417538e-05,0.0032351643391289654
1109,19992,112,113,112,113,DepthLow,DepthLow,DepthLow--DepthLow,10,0.826633627773898,6.21840913076403e-05,0.0032348482590377472
1110,6295,28,150,28,150,DepthLow,DepthMid,DepthLow--DepthMid,10,0.3287751352928742,6.217490070275647e-05,0.003234370159067437
1111,15169,77,155,77,155,DepthMid,DepthMid,DepthMid--DepthMid,4,0.16804817971227745,6.214672609068257e-05,0.0032329045013260475
1112,3755,16,148,16,148,DepthLow,DepthMid,DepthLow--DepthMid,1,0.10090278727025034,6.213140745365571e-05,0.003232107617986996
1113,547,2,83,2,83,DepthMid,DepthMid,DepthMid--DepthMid,10,0.3743783201611672,6.212658890283749e-05,0.0032318569545070337
1114,13205,65,141,65,141,DepthMid,DepthLow,DepthLow--DepthMid,7,0.23732312260779723,6.21215188652622e-05,0.003231593208557245
1115,6619,30,65,30,65,DepthHigh,DepthMid,DepthHigh--DepthMid,6,0.2088343514142593,6.210980598618326e-05,0.003230983898592267
1116,24816,161,184,161,184,DepthMid,DepthMid,DepthMid--DepthMid,9,0.30855344018947584,6.210266014313918e-05,0.003230612168179482
1117,16530,86,148,86,148,DepthHigh,DepthMid,DepthHigh--DepthMid,9,0.27879527275727783,6.20739251091079e-05,0.003229117357001015
1118,16230,84,145,84,145,DepthHigh,DepthHigh,DepthHigh--DepthHigh,6,0.2050446298524571,6.207225648672721e-05,0.0032290305544106796
1119,10553,50,129,50,129,DepthLow,DepthLow,DepthLow--DepthLow,2,0.13286403069299685,6.204540206926138e-05,0.003227633573868549
1120,16626,87,97,87,97,DepthLow,DepthHigh,DepthHigh--DepthLow,10,0.317012229588102,6.203943022516437e-05,0.0032273229154819063
1121,10188,48,133,48,133,DepthHigh,DepthHigh,DepthHigh--DepthHigh,7,0.22569581681208561,6.203710083310905e-05,0.0032272017393148787
1122,16174,84,89,84,89,DepthHigh,DepthMid,DepthHigh--DepthMid,5,0.19336174586735522,6.203611566734484e-05,0.0032271504904875636
1123,11996,58,136,58,136,DepthHigh,DepthHigh,DepthHigh--DepthHigh,4,0.16842379746983466,6.20217738879677e-05,0.003226404423783458
1124,2029,8,194,8,194,DepthMid,DepthMid,DepthMid--DepthMid,3,0.15310614981686776,6.200524804050385e-05,0.0032255447407395577
1125,22662,136,155,136,155,DepthHigh,DepthMid,DepthHigh--DepthMid,2,0.1308101562889935,6.200302439204362e-05,0.0032254290654084718
1126,16819,88,144,88,144,DepthLow,DepthHigh,DepthHigh--DepthLow,9,0.2958783862326637,6.198060504622575e-05,0.0032242627995635806
1127,7503,34,143,34,143,DepthLow,DepthMid,DepthLow--DepthMid,6,0.2119333738125097,6.197668112828644e-05,0.003224058675343902
1128,25009,163,234,163,234,DepthLow,DepthLow,DepthLow--DepthLow,10,0.3799357559923265,6.197547015999895e-05,0.0032239956801537466
1129,20624,117,150,117,150,DepthLow,DepthMid,DepthLow--DepthMid,7,0.2284085189923893,6.197116279709585e-05,0.003223771608930784
1130,2767,12,38,12,38,DepthLow,DepthLow,DepthLow--DepthLow,2,0.11102542860593478,6.196389416920614e-05,0.0032233934911874806
1131,3186,14,16,14,16,DepthLow,DepthLow,DepthLow--DepthLow,1,0.09861386434545398,6.194987526566794e-05,0.003222664220649783
1132,25354,169,174,169,174,DepthLow,DepthLow,DepthLow--DepthLow,10,0.8456590281109266,6.193200145023319e-05,0.0032217344156220723
1133,8518,39,173,39,173,DepthLow,DepthLow,DepthLow--DepthLow,7,0.2213864329011373,6.193193730797712e-05,0.00322173107890908
1134,3185,14,15,14,15,DepthLow,DepthLow,DepthLow--DepthLow,1,0.09384093891416571,6.191934732529547e-05,0.0032210761415657394
1135,9079,42,155,42,155,DepthLow,DepthMid,DepthLow--DepthMid,9,0.3042751214704861,6.19176108170172e-05,0.003220985807516265
1136,2947,12,218,12,218,DepthLow,DepthMid,DepthLow--DepthMid,2,0.1239066841397287,6.191496287768357e-05,0.0032208480603567687
1137,5989,27,50,27,50,DepthLow,DepthLow,DepthLow--DepthLow,5,0.1908179751392221,6.191413915348977e-05,0.0032208052098025805
1138,9156,42,232,42,232,DepthLow,DepthHigh,DepthHigh--DepthLow,9,0.3049905993412525,6.191088746552603e-05,0.0032206360553303152
1139,23544,145,200,145,200,DepthHigh,DepthMid,DepthHigh--DepthMid,4,0.1578355877450965,6.190023598809429e-05,0.003220081960022308
1140,3965,17,141,17,141,DepthHigh,DepthLow,DepthHigh--DepthLow,7,0.22744017352305398,6.189913408192153e-05,0.0032200246382991854
1141,2371,10,87,10,87,DepthLow,DepthLow,DepthLow--DepthLow,4,0.16995466085612987,6.189848769018759e-05,0.0032199910126703268
1142,16270,84,185,84,185,DepthHigh,DepthMid,DepthHigh--DepthMid,8,0.26293034188622155,6.189464577895384e-05,0.0032197911544814477
1143,11277,54,127,54,127,DepthLow,DepthHigh,DepthHigh--DepthLow,10,0.3725495226500677,6.1891385374829e-05,0.0032196215465900204
1144,8500,39,155,39,155,DepthLow,DepthMid,DepthLow--DepthMid,8,0.26459483935692135,6.186653255938428e-05,0.003218328690409558
1145,17586,93,196,93,196,DepthHigh,DepthMid,DepthHigh--DepthMid,5,0.18603581109921288,6.185803642298022e-05,0.003217886717045032
1146,7140,32,181,32,181,DepthLow,DepthLow,DepthLow--DepthLow,7,0.22503378891646061,6.184797125697322e-05,0.0032173631219574463
1147,22167,131,160,131,160,DepthLow,DepthMid,DepthLow--DepthMid,5,0.18265164376276813,6.184510971653055e-05,0.0032172142631589256
1148,27283,213,233,213,233,DepthMid,DepthMid,DepthMid--DepthMid,2,0.12346243393019839,6.184329071387627e-05,0.003217119637709785
1149,22261,132,152,132,152,DepthLow,DepthMid,DepthLow--DepthMid,4,0.16784853703672156,6.183506288280887e-05,0.0032166916217262055
1150,11420,55,91,55,91,DepthLow,DepthMid,DepthLow--DepthMid,10,0.3749758433705588,6.182059298361248e-05,0.0032159388901635247
1151,18144,97,200,97,200,DepthHigh,DepthMid,DepthHigh--DepthMid,8,0.25243637215141734,6.182001923602932e-05,0.0032159090435205733
1152,14824,75,125,75,125,DepthHigh,DepthHigh,DepthHigh--DepthHigh,7,0.22266248127017982,6.180517127708757e-05,0.003215136645096427
1153,22382,133,172,133,172,DepthHigh,DepthLow,DepthHigh--DepthLow,8,0.25170004812819724,6.176455520694415e-05,0.0032130237763380435
1154,20488,116,131,116,131,DepthHigh,DepthLow,DepthHigh--DepthLow,4,0.16767210326031334,6.175600322842551e-05,0.0032125788980381345
1155,4015,17,191,17,191,DepthHigh,DepthMid,DepthHigh--DepthMid,9,0.30277021310897073,6.172893759979307e-05,0.0032111709301830076
1156,9158,42,234,42,234,DepthLow,DepthLow,DepthLow--DepthLow,8,0.26958310094405524,6.172012111994552e-05,0.0032107122923885818
1157,20474,116,117,116,117,DepthHigh,DepthLow,DepthHigh--DepthLow,1,0.1016161577857139,6.167806680802903e-05,0.003208524605556992
1158,6871,31,114,31,114,DepthLow,DepthLow,DepthLow--DepthLow,8,0.2566311978369965,6.166638515743167e-05,0.003207916920113611
1159,7912,36,155,36,155,DepthLow,DepthMid,DepthLow--DepthMid,9,0.27428701587414334,6.165210341222152e-05,0.003207173976417602
1160,6883,31,126,31,126,DepthLow,DepthLow,DepthLow--DepthLow,6,0.21370512857911436,6.165209791985128e-05,0.00320717369070169
1161,8297,38,147,38,147,DepthLow,DepthMid,DepthLow--DepthMid,10,0.33158751371192785,6.164859540450936e-05,0.0032069914880608254
1162,1901,8,66,8,66,DepthMid,DepthHigh,DepthHigh--DepthMid,4,0.16848023582865504,6.164360594817119e-05,0.0032067319339882374
1163,5655,25,131,25,131,DepthLow,DepthLow,DepthLow--DepthLow,1,0.07187852274528773,6.16197074661995e-05,0.0032054887227235215
1164,9775,46,93,46,93,DepthLow,DepthHigh,DepthHigh--DepthLow,9,0.2864120731747073,6.161741338557739e-05,0.003205369383475324
1165,26458,188,233,188,233,DepthMid,DepthMid,DepthMid--DepthMid,10,0.32441833951149984,6.16062199826618e-05,0.0032047870969262597
1166,22608,135,199,135,199,DepthHigh,DepthMid,DepthHigh--DepthMid,5,0.18856319530287374,6.160558563789207e-05,0.003204754097986646
1167,3019,13,69,13,69,DepthHigh,DepthHigh,DepthHigh--DepthHigh,6,0.19984812428044607,6.160035522179463e-05,0.0032044820090640445
1168,1912,8,77,8,77,DepthMid,DepthMid,DepthMid--DepthMid,2,0.13056301386438035,6.159769508986959e-05,0.0032043436276397034
1169,5018,22,124,22,124,DepthHigh,DepthLow,DepthHigh--DepthLow,4,0.16144563283803146,6.159182372716673e-05,0.0032040381963466167
1170,14633,74,93,74,93,DepthMid,DepthHigh,DepthHigh--DepthMid,3,0.13879265034764043,6.15604313445036e-05,0.0032024051485321442
1171,12618,62,64,62,64,DepthMid,DepthMid,DepthMid--DepthMid,10,0.5696067615424619,6.155633394073943e-05,0.0032021919994910573
1172,9141,42,217,42,217,DepthLow,DepthMid,DepthLow--DepthMid,8,0.24773809411348796,6.155520091048666e-05,0.003202133058677361
1173,16767,88,92,88,92,DepthLow,DepthHigh,DepthHigh--DepthLow,9,0.2856175458966722,6.15335349525688e-05,0.0032010059844566536
1174,15234,77,220,77,220,DepthMid,DepthMid,DepthMid--DepthMid,2,0.13156953233713434,6.153119161967196e-05,0.0032008840830799142
1175,17404,92,155,92,155,DepthHigh,DepthMid,DepthHigh--DepthMid,9,0.29083654038415735,6.150902653258223e-05,0.0031997310439042044
1176,24939,163,164,163,164,DepthLow,DepthLow,DepthLow--DepthLow,10,0.4963904015141248,6.15074820094886e-05,0.003199650697022303
1177,7795,36,38,36,38,DepthLow,DepthLow,DepthLow--DepthLow,10,0.6290205072062272,6.150201087402988e-05,0.003199366085755314
1178,6793,31,36,31,36,DepthLow,DepthLow,DepthLow--DepthLow,10,0.4926503217675033,6.149327252430544e-05,0.003198911512329884
1179,14982,76,125,76,125,DepthHigh,DepthHigh,DepthHigh--DepthHigh,7,0.22491938877464301,6.14889521381686e-05,0.0031986867636316363
1180,10947,52,158,52,158,DepthLow,DepthMid,DepthLow--DepthMid,9,0.27206664044199425,6.146324930800832e-05,0.003197349689250586
1181,11817,57,133,57,133,DepthHigh,DepthHigh,DepthHigh--DepthHigh,5,0.18408254079064665,6.145381551154006e-05,0.003196858938329575
1182,12347,60,138,60,138,DepthMid,DepthHigh,DepthHigh--DepthMid,4,0.1685778081514173,6.142580011267218e-05,0.0031954015629406564
1183,12801,63,76,63,76,DepthMid,DepthHigh,DepthHigh--DepthMid,2,0.11087737777153908,6.138744916262459e-05,0.0031934065268890695
1184,2740,11,233,11,233,DepthLow,DepthMid,DepthLow--DepthMid,6,0.19958471214781975,6.138312687482653e-05,0.0031931816792654315
1185,1334,5,180,5,180,DepthMid,DepthLow,DepthLow--DepthMid,5,0.1965911914218406,6.137945371965805e-05,0.0031929905998534457
1186,26092,181,210,181,210,DepthLow,DepthMid,DepthLow--DepthMid,4,0.17692709891011654,6.137846778994877e-05,0.003192939311285316
1187,22928,138,228,138,228,DepthHigh,DepthHigh,DepthHigh--DepthHigh,3,0.13894736296185325,6.1375249455489e-05,0.0031927718918794
1188,3075,13,125,13,125,DepthHigh,DepthHigh,DepthHigh--DepthHigh,9,0.29939874229729174,6.135675749176866e-05,0.003191809930461471
1189,21944,129,144,129,144,DepthLow,DepthHigh,DepthHigh--DepthLow,2,0.11134395881041724,6.134508855599393e-05,0.003191202906449671
1190,13176,65,112,65,112,DepthMid,DepthLow,DepthLow--DepthMid,8,0.25374694806223363,6.133509235202203e-05,0.0031906828988024494
1191,15256,78,86,78,86,DepthHigh,DepthHigh,DepthHigh--DepthHigh,4,0.15672033186273535,6.133419994613703e-05,0.0031906364753915297
1192,10848,52,59,52,59,DepthLow,DepthHigh,DepthHigh--DepthLow,7,0.22307998870936108,6.133297965019979e-05,0.00319057299497226
1193,20016,112,137,112,137,DepthLow,DepthLow,DepthLow--DepthLow,9,0.2986507518673461,6.132269737469595e-05,0.00319003810573752
1194,19376,107,117,107,117,DepthHigh,DepthLow,DepthHigh--DepthLow,4,0.1763428019749563,6.131424680026298e-05,0.003189598502530052
1195,22660,136,153,136,153,DepthHigh,DepthMid,DepthHigh--DepthMid,1,0.08970285217701753,6.131374381815011e-05,0.0031895723371430868
1196,21918,128,223,128,223,DepthLow,DepthMid,DepthLow--DepthMid,6,0.19798350632127143,6.131285472118888e-05,0.003189526085864075
1197,3037,13,87,13,87,DepthHigh,DepthLow,DepthHigh--DepthLow,8,0.25799903381774814,6.129509844609333e-05,0.0031886023953449734
1198,22873,138,173,138,173,DepthHigh,DepthLow,DepthHigh--DepthLow,6,0.20719837154800588,6.12948630177521e-05,0.0031885901482421567
1199,26268,184,233,184,233,DepthMid,DepthMid,DepthMid--DepthMid,7,0.23253677650583202,6.129341167547826e-05,0.0031885146486741955
1200,960,4,35,4,35,DepthHigh,DepthLow,DepthHigh--DepthLow,7,0.23065504016714475,6.127364786222498e-05,0.0031874865249925605
1201,17680,94,150,94,150,DepthLow,DepthMid,DepthLow--DepthMid,8,0.2521068608395391,6.12636151998394e-05,0.003186964620759998
1202,9814,46,132,46,132,DepthLow,DepthLow,DepthLow--DepthLow,7,0.2231957259894587,6.12546513283264e-05,0.003186498315575693
1203,26130,182,196,182,196,DepthMid,DepthMid,DepthMid--DepthMid,3,0.14082420157896672,6.125128682830046e-05,0.0031863232925622093
1204,26960,201,228,201,228,DepthMid,DepthHigh,DepthHigh--DepthMid,9,0.2918636119789901,6.12494642499371e-05,0.0031862284811028517
1205,21744,127,155,127,155,DepthHigh,DepthMid,DepthHigh--DepthMid,10,0.39955144181717295,6.122844376561447e-05,0.0031851349847489565
1206,21534,125,160,125,160,DepthHigh,DepthMid,DepthHigh--DepthMid,9,0.2957258105272873,6.122842914752587e-05,0.003185134224308505
1207,16063,83,128,83,128,DepthMid,DepthLow,DepthLow--DepthMid,10,0.3374752876524164,6.121712867504624e-05,0.0031845463679459154
1208,4367,19,112,19,112,DepthLow,DepthLow,DepthLow--DepthLow,9,0.2806077842561648,6.12163437778285e-05,0.003184505537190896
1209,5995,27,56,27,56,DepthLow,DepthHigh,DepthHigh--DepthLow,1,0.10368960925487739,6.120872812691327e-05,0.0031841093671321793
1210,13409,66,177,66,177,DepthHigh,DepthLow,DepthHigh--DepthLow,8,0.25963715733142495,6.119846532766305e-05,0.003183575491062121
1211,22051,130,147,130,147,DepthLow,DepthMid,DepthLow--DepthMid,2,0.10828039499551935,6.11888255289446e-05,0.003183074023798612
1212,17486,93,96,93,96,DepthHigh,DepthHigh,DepthHigh--DepthHigh,8,0.25168430724472146,6.118061343902041e-05,0.00318264682667736
1213,10200,48,145,48,145,DepthHigh,DepthHigh,DepthHigh--DepthHigh,9,0.2907882335636979,6.117427975677462e-05,0.00318231734528501
1214,9105,42,181,42,181,DepthLow,DepthLow,DepthLow--DepthLow,9,0.27203620189109484,6.117399460624118e-05,0.003182302511608304
1215,23787,148,182,148,182,DepthMid,DepthMid,DepthMid--DepthMid,8,0.26118469825812923,6.117208571585403e-05,0.0031822032101532904
1216,11735,56,228,56,228,DepthHigh,DepthHigh,DepthHigh--DepthHigh,2,0.12147319000167772,6.116557360823356e-05,0.003181864446981621
1217,15032,76,175,76,175,DepthHigh,DepthLow,DepthHigh--DepthLow,3,0.1499991691415195,6.11507941936203e-05,0.003181095614268528
1218,24368,155,189,155,189,DepthMid,DepthMid,DepthMid--DepthMid,10,0.3645603550916317,6.114910093479127e-05,0.003181007530077539
1219,14232,71,175,71,175,DepthMid,DepthLow,DepthLow--DepthMid,4,0.15883461593848464,6.113764353752292e-05,0.003180411510407118
1220,3316,14,146,14,146,DepthLow,DepthHigh,DepthHigh--DepthLow,6,0.19890723951493997,6.112605155768393e-05,0.003179808489682485
1221,12348,60,139,60,139,DepthMid,DepthHigh,DepthHigh--DepthMid,5,0.18002775702192694,6.112274382847973e-05,0.003179636419916206
1222,3551,15,162,15,162,DepthLow,DepthMid,DepthLow--DepthMid,8,0.24393099340727317,6.111904458542092e-05,0.0031794439833988126
1223,14391,72,172,72,172,DepthMid,DepthLow,DepthLow--DepthMid,8,0.26348515434317366,6.107462296889159e-05,0.0031771331481695473
1224,1663,7,54,7,54,DepthHigh,DepthLow,DepthHigh--DepthLow,10,0.31705298596085235,6.1063107107822e-05,0.0031765340871822605
1225,5720,25,196,25,196,DepthLow,DepthMid,DepthLow--DepthMid,2,0.10412031280813513,6.105861142492227e-05,0.00317630021945668
1226,9756,46,74,46,74,DepthLow,DepthMid,DepthLow--DepthMid,7,0.22741971105219477,6.103269775202719e-05,0.0031749521769286453
1227,8721,40,182,40,182,DepthHigh,DepthMid,DepthHigh--DepthMid,4,0.15896773703142306,6.102623332434392e-05,0.0031746158940917143
1228,16179,84,94,84,94,DepthHigh,DepthLow,DepthHigh--DepthLow,8,0.2448681112918198,6.1021111174673374e-05,0.0031743494372440564
1229,15208,77,194,77,194,DepthMid,DepthMid,DepthMid--DepthMid,5,0.18093778021405788,6.101159479167363e-05,0.0031738543901294056
1230,23605,146,173,146,173,DepthHigh,DepthLow,DepthHigh--DepthLow,7,0.2228479056059939,6.1010169276844814e-05,0.003173780234118354
1231,22151,131,144,131,144,DepthLow,DepthHigh,DepthHigh--DepthLow,1,0.10349741977560338,6.10028330601302e-05,0.0031733986003697834
1232,4004,17,180,17,180,DepthHigh,DepthLow,DepthHigh--DepthLow,7,0.2400520996188962,6.099143454968072e-05,0.0031728056440218214
1233,23886,149,196,149,196,DepthMid,DepthMid,DepthMid--DepthMid,1,0.08354456681007189,6.0986631732127346e-05,0.0031725557989943504
1234,6808,31,51,31,51,DepthLow,DepthLow,DepthLow--DepthLow,2,0.11915790536844797,6.0976291206252946e-05,0.003172017879545518
1235,3528,15,139,15,139,DepthLow,DepthHigh,DepthHigh--DepthLow,1,0.09382077282593385,6.097036015423268e-05,0.0031717093431835874
1236,23428,144,173,144,173,DepthHigh,DepthLow,DepthHigh--DepthLow,7,0.23650215723914111,6.096837499071385e-05,0.003171606073961223
1237,15290,78,120,78,120,DepthHigh,DepthMid,DepthHigh--DepthMid,3,0.15062299523028985,6.095981950507522e-05,0.0031711610132191363
1238,22204,131,197,131,197,DepthLow,DepthMid,DepthLow--DepthMid,7,0.22984651033713638,6.0949829805310696e-05,0.003170641343924112
1239,7121,32,162,32,162,DepthLow,DepthMid,DepthLow--DepthMid,3,0.15467334662710638,6.09405837491608e-05,0.003170160359350558
1240,10867,52,78,52,78,DepthLow,DepthHigh,DepthHigh--DepthLow,5,0.18910251547141613,6.0930469245379784e-05,0.003169634197686714
1241,7398,34,38,34,38,DepthLow,DepthLow,DepthLow--DepthLow,10,0.6043534540019108,6.092455061225513e-05,0.00316932630736209
1242,1181,5,27,5,27,DepthMid,DepthLow,DepthLow--DepthMid,7,0.23683065480407622,6.0924086007057604e-05,0.003169302138361904
1243,16019,83,84,83,84,DepthMid,DepthHigh,DepthHigh--DepthMid,4,0.16857608409636862,6.091655699268332e-05,0.003168910475180393
1244,1196,5,42,5,42,DepthMid,DepthLow,DepthLow--DepthMid,5,0.1825777599394099,6.091618395981068e-05,0.00316889106981942
1245,26329,186,197,186,197,DepthMid,DepthMid,DepthMid--DepthMid,9,0.30224865821879826,6.089674141452179e-05,0.003167879658661735
1246,22048,130,144,130,144,DepthLow,DepthHigh,DepthHigh--DepthLow,3,0.13738513740689307,6.0890643614987736e-05,0.003167562448008787
1247,2273,9,213,9,213,DepthMid,DepthMid,DepthMid--DepthMid,6,0.20263723004308018,6.088341781728462e-05,0.0031671865583137128
1248,14564,73,184,73,184,DepthHigh,DepthMid,DepthHigh--DepthMid,4,0.1604159178694843,6.0879898005187813e-05,0.0031670034558868047
1249,1538,6,156,6,156,DepthHigh,DepthMid,DepthHigh--DepthMid,9,0.3073919408663071,6.087679936781041e-05,0.00316684226318438
1250,980,4,55,4,55,DepthHigh,DepthLow,DepthHigh--DepthLow,10,0.35112566201070694,6.087170749879378e-05,0.0031665773815518386
1251,14700,74,160,74,160,DepthMid,DepthMid,DepthMid--DepthMid,8,0.2687550672168976,6.086447455602725e-05,0.0031662011201669085
1252,27403,220,234,220,234,DepthMid,DepthLow,DepthLow--DepthMid,8,0.25958373244358834,6.084514586096415e-05,0.0031651956315562444
1253,1105,4,180,4,180,DepthHigh,DepthLow,DepthHigh--DepthLow,4,0.1691195749679807,6.083927009076386e-05,0.003164889970982885
1254,11495,55,166,55,166,DepthLow,DepthMid,DepthLow--DepthMid,10,0.3578589878983877,6.0826028286848893e-05,0.00316420112556535
1255,7541,34,181,34,181,DepthLow,DepthLow,DepthLow--DepthLow,8,0.25584596903933643,6.080301024724007e-05,0.003163003715363009
1256,20803,118,213,118,213,DepthLow,DepthMid,DepthLow--DepthMid,2,0.10480570421104733,6.0802316984002094e-05,0.0031629676514545197
1257,12960,64,65,64,65,DepthMid,DepthMid,DepthMid--DepthMid,10,0.37925777117944376,6.0801296021218676e-05,0.003162914540447942
1258,17938,96,131,96,131,DepthHigh,DepthLow,DepthHigh--DepthLow,6,0.20392845653020616,6.079923204669902e-05,0.0031628071714369745
1259,21000,120,181,120,181,DepthMid,DepthLow,DepthLow--DepthMid,10,0.3528552757729824,6.079630669920808e-05,0.003162654993363143
1260,13352,66,120,66,120,DepthHigh,DepthMid,DepthHigh--DepthMid,9,0.31084335865804397,6.0785840451030394e-05,0.0031621105337757425
1261,24780,160,221,160,221,DepthMid,DepthHigh,DepthHigh--DepthMid,9,0.27674912267755414,6.078241123778929e-05,0.0031619321443476815
1262,13880,69,150,69,150,DepthHigh,DepthMid,DepthHigh--DepthMid,8,0.2647157701275503,6.0781339085199975e-05,0.003161876370421199
1263,26553,191,196,191,196,DepthMid,DepthMid,DepthMid--DepthMid,5,0.19327431129693726,6.076538932430006e-05,0.0031610466556952267
1264,375,1,143,1,143,DepthMid,DepthMid,DepthMid--DepthMid,6,0.21012989243501534,6.073251906627766e-05,0.003159336728048108
1265,4285,19,30,19,30,DepthLow,DepthHigh,DepthHigh--DepthLow,5,0.18902832418829071,6.072771753172272e-05,0.0031590869497628727
1266,2963,12,234,12,234,DepthLow,DepthLow,DepthLow--DepthLow,1,0.08733636265941605,6.071333767498024e-05,0.003158338902254733
1267,10523,50,99,50,99,DepthLow,DepthHigh,DepthHigh--DepthLow,9,0.2820201241213741,6.0711046075138424e-05,0.0031582196920579954
1268,7959,36,202,36,202,DepthLow,DepthMid,DepthLow--DepthMid,5,0.18188650232324277,6.070582522988684e-05,0.0031579481010156943
1269,16750,87,221,87,221,DepthLow,DepthHigh,DepthHigh--DepthLow,8,0.2690479830025672,6.069922206502671e-05,0.00315760460099981
1270,24321,154,221,154,221,DepthMid,DepthHigh,DepthHigh--DepthMid,7,0.24308761955783675,6.069316316432299e-05,0.003157289413883926
1271,23517,145,173,145,173,DepthHigh,DepthLow,DepthHigh--DepthLow,7,0.22493226876960706,6.068987899887131e-05,0.0031571185699161143
1272,3294,14,124,14,124,DepthLow,DepthLow,DepthLow--DepthLow,2,0.1317443790721057,6.0687735710631736e-05,0.0031570070749648398
1273,15226,77,212,77,212,DepthMid,DepthMid,DepthMid--DepthMid,3,0.13791369535441445,6.0668847597730395e-05,0.0031560245056637443
1274,3502,15,113,15,113,DepthLow,DepthLow,DepthLow--DepthLow,7,0.23684543661588198,6.0667666707842146e-05,0.0031559630751673137
1275,14886,75,187,75,187,DepthHigh,DepthMid,DepthHigh--DepthMid,5,0.18002050847756626,6.0665046990334925e-05,0.0031558267961216734
1276,20429,115,190,115,190,DepthHigh,DepthMid,DepthHigh--DepthMid,8,0.25227102670927887,6.0661884803767025e-05,0.0031556622975578313
1277,6865,31,108,31,108,DepthLow,DepthHigh,DepthHigh--DepthLow,7,0.22854936975735965,6.0655227087192794e-05,0.003155315959733857
1278,24361,155,182,155,182,DepthMid,DepthMid,DepthMid--DepthMid,9,0.2885327989116975,6.0652832432149004e-05,0.0031551913885527636
1279,20029,112,150,112,150,DepthLow,DepthMid,DepthLow--DepthMid,10,0.3320772346104484,6.0644256683615786e-05,0.003154745273724529
1280,22161,131,154,131,154,DepthLow,DepthMid,DepthLow--DepthMid,4,0.17644313035667986,6.063932914997914e-05,0.0031544889409025703
1281,14452,72,233,72,233,DepthMid,DepthMid,DepthMid--DepthMid,7,0.23616183208075017,6.063104724729258e-05,0.0031540581120856853
1282,3846,17,22,17,22,DepthHigh,DepthHigh,DepthHigh--DepthHigh,10,0.4389772393910323,6.061659537777477e-05,0.0031533063184361124
1283,18612,101,130,101,130,DepthHigh,DepthLow,DepthHigh--DepthLow,8,0.24685087185618823,6.061649747852735e-05,0.0031533012256671515
1284,2551,11,44,11,44,DepthLow,DepthLow,DepthLow--DepthLow,3,0.14080960340499582,6.059314933741056e-05,0.0031520866434154022
1285,10865,52,76,52,76,DepthLow,DepthHigh,DepthHigh--DepthLow,6,0.19809366059404807,6.0589193205449224e-05,0.0031518808434058093
1286,5847,26,115,26,115,DepthLow,DepthHigh,DepthHigh--DepthLow,5,0.18965134906008885,6.058647681904535e-05,0.0031517395355946847
1287,6289,28,144,28,144,DepthLow,DepthHigh,DepthHigh--DepthLow,9,0.2979050081860902,6.0583696517340006e-05,0.0031515949028768624
1288,4388,19,133,19,133,DepthLow,DepthHigh,DepthHigh--DepthLow,7,0.22724739275517525,6.056745334235071e-05,0.003150749924599775
1289,19135,105,131,105,131,DepthHigh,DepthLow,DepthHigh--DepthLow,5,0.1884213492600939,6.056531706655848e-05,0.003150638794439601
1290,11697,56,190,56,190,DepthHigh,DepthMid,DepthHigh--DepthMid,4,0.17244199706697597,6.054674485754039e-05,0.0031496726586202088
1291,23680,147,161,147,161,DepthMid,DepthMid,DepthMid--DepthMid,10,0.3362699946410307,6.053879614975281e-05,0.003149259162772516
1292,12356,60,147,60,147,DepthMid,DepthMid,DepthMid--DepthMid,2,0.11322471235779126,6.053640378919051e-05,0.0031491347109515243
1293,13214,65,150,65,150,DepthMid,DepthMid,DepthMid--DepthMid,9,0.2879862814441772,6.053559189099025e-05,0.003149092475591573
1294,21051,120,232,120,232,DepthMid,DepthHigh,DepthHigh--DepthMid,10,0.41474303779061766,6.051576413677553e-05,0.0031480610256683955
1295,9485,44,180,44,180,DepthLow,DepthLow,DepthLow--DepthLow,9,0.29471956651477743,6.0512561876714765e-05,0.003147894442460943
1296,8396,39,51,39,51,DepthLow,DepthLow,DepthLow--DepthLow,4,0.16220292879065368,6.050474335471236e-05,0.0031474877189444314
1297,21052,120,233,120,233,DepthMid,DepthMid,DepthMid--DepthMid,10,0.3396476978519765,6.049319041956467e-05,0.0031468867293446253
1298,12357,60,148,60,148,DepthMid,DepthMid,DepthMid--DepthMid,6,0.2172534877021293,6.048718588289573e-05,0.0031465743702736573
1299,10578,50,154,50,154,DepthLow,DepthMid,DepthLow--DepthMid,7,0.22144004314392957,6.04871443255529e-05,0.003146572208439412
1300,15232,77,218,77,218,DepthMid,DepthMid,DepthMid--DepthMid,2,0.11899553695743574,6.048084985001007e-05,0.0031462447665998178
1301,12878,63,153,63,153,DepthMid,DepthMid,DepthMid--DepthMid,10,0.3712055103449374,6.047995950350917e-05,0.003146198450319113
1302,3573,15,184,15,184,DepthLow,DepthMid,DepthLow--DepthMid,4,0.15899561876457532,6.0475910139812995e-05,0.003145987800346952
1303,26218,183,233,183,233,DepthMid,DepthMid,DepthMid--DepthMid,8,0.24954802027640405,6.047455441408071e-05,0.0031459172748004244
1304,18073,97,129,97,129,DepthHigh,DepthLow,DepthHigh--DepthLow,8,0.2466290927321536,6.0472858371231264e-05,0.003145829045783269
1305,14368,72,149,72,149,DepthMid,DepthMid,DepthMid--DepthMid,4,0.17096141307293725,6.047252761181354e-05,0.003145811839509058
1306,5612,25,88,25,88,DepthLow,DepthLow,DepthLow--DepthLow,6,0.20822606406771113,6.0470733177743935e-05,0.003145718492130268
1307,10852,52,63,52,63,DepthLow,DepthMid,DepthLow--DepthMid,9,0.2887581944167859,6.0469804580689006e-05,0.0031456701860361636
1308,19784,110,150,110,150,DepthHigh,DepthMid,DepthHigh--DepthMid,5,0.1860628705974386,6.0467805601393566e-05,0.003145566198110028
1309,22054,130,150,130,150,DepthLow,DepthMid,DepthLow--DepthMid,5,0.19101548207034405,6.046685502097098e-05,0.0031455167484298863
1310,3102,13,152,13,152,DepthHigh,DepthMid,DepthHigh--DepthMid,2,0.1312082520762867,6.0455220614501266e-05,0.003144911520650207
1311,20802,118,212,118,212,DepthLow,DepthMid,DepthLow--DepthMid,2,0.10774927895944222,6.044998627830882e-05,0.003144639227802257
1312,6478,29,128,29,128,DepthHigh,DepthLow,DepthHigh--DepthLow,5,0.18074256200956354,6.043626374823836e-05,0.003143925374764051
1313,27217,210,233,210,233,DepthMid,DepthMid,DepthMid--DepthMid,3,0.1505613111212534,6.043018392447754e-05,0.0031436090992200275
1314,22337,132,228,132,228,DepthLow,DepthHigh,DepthHigh--DepthLow,7,0.24195723020724896,6.041982132856714e-05,0.0031430700316766257
1315,13413,66,181,66,181,DepthHigh,DepthLow,DepthHigh--DepthLow,9,0.2885354926910896,6.041325891292075e-05,0.003142728651455698
1316,24229,153,209,153,209,DepthMid,DepthMid,DepthMid--DepthMid,10,0.36283099313518924,6.041318980062393e-05,0.0031427250561986415
1317,12968,64,73,64,73,DepthMid,DepthHigh,DepthHigh--DepthMid,10,0.3479348014581003,6.041247852067937e-05,0.003142688055051854
1318,19752,110,118,110,118,DepthHigh,DepthLow,DepthHigh--DepthLow,5,0.18038011321114453,6.0395395184440185e-05,0.003141799371156507
1319,8252,38,102,38,102,DepthLow,DepthLow,DepthLow--DepthLow,9,0.3040592165315562,6.038442303470581e-05,0.0031412285943111795
1320,612,2,148,2,148,DepthMid,DepthMid,DepthMid--DepthMid,1,0.06601746960461936,6.0354663235916815e-05,0.0031396804743454854
1321,6088,27,149,27,149,DepthLow,DepthMid,DepthLow--DepthMid,3,0.1446517146996297,6.0351324993560274e-05,0.0031395068172694034
1322,26946,201,214,201,214,DepthMid,DepthLow,DepthLow--DepthMid,4,0.16863474179317678,6.0347841579131934e-05,0.0031393256082678394
1323,13907,69,177,69,177,DepthHigh,DepthLow,DepthHigh--DepthLow,8,0.24328335070268836,6.034566588284498e-05,0.0031392124274333515
1324,20363,115,124,115,124,DepthHigh,DepthLow,DepthHigh--DepthLow,5,0.18705074881311817,6.0344774786887016e-05,0.0031391660721655067
1325,23033,140,144,140,144,DepthLow,DepthHigh,DepthHigh--DepthLow,3,0.1434707491723843,6.0343604124623924e-05,0.003139105173715372
1326,26093,181,211,181,211,DepthLow,DepthMid,DepthLow--DepthMid,4,0.17188232557989497,6.0330348244807035e-05,0.003138415596062214
1327,16085,83,150,83,150,DepthMid,DepthMid,DepthMid--DepthMid,8,0.2436024227546922,6.032877966196686e-05,0.003138333997579982
1328,11054,53,84,53,84,DepthLow,DepthHigh,DepthHigh--DepthLow,6,0.2171078479419232,6.031985235067727e-05,0.003137869594277212
1329,12358,60,149,60,149,DepthMid,DepthMid,DepthMid--DepthMid,3,0.13735855278745882,6.029576931878419e-05,0.0031366167826311227
1330,14408,72,189,72,189,DepthMid,DepthMid,DepthMid--DepthMid,8,0.2581108013793586,6.028913672525884e-05,0.0031362717517210105
1331,6053,27,114,27,114,DepthLow,DepthLow,DepthLow--DepthLow,7,0.2373857164218961,6.028525962984286e-05,0.003136070063232962
1332,9460,44,155,44,155,DepthLow,DepthMid,DepthLow--DepthMid,10,0.32929006612834305,6.028241207577235e-05,0.0031359219320126804
1333,17585,93,195,93,195,DepthHigh,DepthMid,DepthHigh--DepthMid,5,0.19547138876247067,6.0217358064511604e-05,0.0031325377890487
1334,19006,104,131,104,131,DepthHigh,DepthLow,DepthHigh--DepthLow,4,0.16926669396266236,6.0188730521018996e-05,0.0031310485695830743
1335,1987,8,152,8,152,DepthMid,DepthMid,DepthMid--DepthMid,1,0.09719276254734854,6.018260215378923e-05,0.003130729768782949
1336,1765,7,156,7,156,DepthHigh,DepthMid,DepthHigh--DepthMid,10,0.34593735418317595,6.015631072294437e-05,0.0031293620750930087
1337,4110,18,70,18,70,DepthHigh,DepthHigh,DepthHigh--DepthHigh,10,0.40999001974967936,6.014042311621656e-05,0.0031285355936588833
1338,20136,113,136,113,136,DepthLow,DepthHigh,DepthHigh--DepthLow,9,0.2855284993352469,6.014019055155566e-05,0.003128523495526184
1339,18921,103,176,103,176,DepthHigh,DepthLow,DepthHigh--DepthLow,9,0.27762682171907277,6.0138631188479696e-05,0.0031284423766608054
1340,12113,59,78,59,78,DepthHigh,DepthHigh,DepthHigh--DepthHigh,4,0.17052384044803473,6.013522842680869e-05,0.0031282653632569604
1341,15194,77,180,77,180,DepthMid,DepthLow,DepthLow--DepthMid,3,0.14680558247229003,6.013398794194614e-05,0.0031282008325994627
1342,24815,161,183,161,183,DepthMid,DepthMid,DepthMid--DepthMid,9,0.28169550522161435,6.011860820284455e-05,0.0031274007706992074
1343,19597,108,212,108,212,DepthHigh,DepthMid,DepthHigh--DepthMid,4,0.17434309079590526,6.0108257457217486e-05,0.0031268623196136105
1344,25628,173,198,173,198,DepthLow,DepthMid,DepthLow--DepthMid,9,0.27294007209758875,6.0072835833661896e-05,0.003125019668625527
1345,23936,150,162,150,162,DepthMid,DepthMid,DepthMid--DepthMid,4,0.16544711266922943,6.0040148322322544e-05,0.0031233192475544004
1346,20238,114,118,114,118,DepthLow,DepthLow,DepthLow--DepthLow,5,0.18728413456974038,6.001680889715326e-05,0.003122105118710702
1347,23789,148,184,148,184,DepthMid,DepthMid,DepthMid--DepthMid,7,0.2302562001280501,6.001508365097753e-05,0.003122015370521565
1348,4636,20,167,20,167,DepthHigh,DepthLow,DepthHigh--DepthLow,4,0.17561860792914438,6.0010235954570217e-05,0.0031217631908731407
1349,18346,99,131,99,131,DepthHigh,DepthLow,DepthHigh--DepthLow,6,0.19772985394220613,6.0010146241213166e-05,0.0031217585239383867
1350,6955,31,198,31,198,DepthLow,DepthMid,DepthLow--DepthMid,6,0.21433222237711033,5.999123029644391e-05,0.0031207745068092766
1351,14557,73,177,73,177,DepthHigh,DepthLow,DepthHigh--DepthLow,9,0.27309749514023535,5.9964105765463936e-05,0.0031193634748238816
1352,8237,38,87,38,87,DepthLow,DepthLow,DepthLow--DepthLow,7,0.2237790103599395,5.9963084976456896e-05,0.00311931037285724
1353,4631,20,162,20,162,DepthHigh,DepthMid,DepthHigh--DepthMid,10,0.34275878243566543,5.9948375387530836e-05,0.003118545172512135
1354,6148,27,209,27,209,DepthLow,DepthMid,DepthLow--DepthMid,6,0.2106069371057169,5.993663458763398e-05,0.003117934410091918
1355,24260,154,160,154,160,DepthMid,DepthMid,DepthMid--DepthMid,10,0.3824699582862671,5.990918376604136e-05,0.00311650640430184
1356,4278,19,23,19,23,DepthLow,DepthHigh,DepthHigh--DepthLow,3,0.14891871979683155,5.9907063085270055e-05,0.003116396085402637
1357,2222,9,162,9,162,DepthMid,DepthMid,DepthMid--DepthMid,5,0.1964900581760684,5.9898073632185e-05,0.003115928449451859
1358,4918,22,24,22,24,DepthHigh,DepthHigh,DepthHigh--DepthHigh,10,0.5195366548138601,5.9891228359518266e-05,0.003115572354863951
1359,25229,167,180,167,180,DepthLow,DepthLow,DepthLow--DepthLow,3,0.15265649318440588,5.988873786667375e-05,0.0031154427981514095
1360,10835,51,228,51,228,DepthLow,DepthHigh,DepthHigh--DepthLow,7,0.23339722899657334,5.988393808602217e-05,0.003115193111105124
1361,10618,50,194,50,194,DepthLow,DepthMid,DepthLow--DepthMid,7,0.22866706095319003,5.985870767184995e-05,0.003113880612045581
1362,9013,42,89,42,89,DepthLow,DepthMid,DepthLow--DepthMid,10,0.329441040998632,5.9847377943014075e-05,0.003113291233752365
1363,24292,154,192,154,192,DepthMid,DepthMid,DepthMid--DepthMid,8,0.2612164816396862,5.984275200878963e-05,0.0031130505902862036
1364,26713,194,233,194,233,DepthMid,DepthMid,DepthMid--DepthMid,8,0.24567092184376782,5.9841897337981723e-05,0.003113006129873309
1365,8256,38,106,38,106,DepthLow,DepthLow,DepthLow--DepthLow,10,0.337566082592438,5.9836260896144045e-05,0.0031127129192838744
1366,16875,88,200,88,200,DepthLow,DepthMid,DepthLow--DepthMid,8,0.2503786181829825,5.9818269997452444e-05,0.0031117770235252126
1367,16198,84,113,84,113,DepthHigh,DepthLow,DepthHigh--DepthLow,9,0.2848160492883838,5.9815902576398985e-05,0.003111653869070236
1368,2432,10,148,10,148,DepthLow,DepthMid,DepthLow--DepthMid,6,0.20987635043340078,5.981480072913121e-05,0.003111596550411381
1369,4784,21,102,21,102,DepthHigh,DepthLow,DepthHigh--DepthLow,9,0.29236203769009195,5.979767243152304e-05,0.0031107055276026058
1370,2526,11,19,11,19,DepthLow,DepthLow,DepthLow--DepthLow,1,0.06846989033976639,5.979356469677897e-05,0.003110491841138656
1371,7529,34,169,34,169,DepthLow,DepthLow,DepthLow--DepthLow,8,0.26879477120308076,5.9791643206507056e-05,0.0031103918842311875
1372,21670,126,188,126,188,DepthLow,DepthMid,DepthLow--DepthMid,5,0.19207606346929354,5.977780829669384e-05,0.0031096721851412417
1373,15176,77,162,77,162,DepthMid,DepthMid,DepthMid--DepthMid,3,0.13707909609366234,5.97771564534202e-05,0.003109638275920498
1374,8166,37,212,37,212,DepthHigh,DepthMid,DepthHigh--DepthMid,2,0.11893365478388591,5.97737917972828e-05,0.0031094632447860155
1375,18381,99,166,99,166,DepthHigh,DepthMid,DepthHigh--DepthMid,10,0.4592302182222826,5.976551189071587e-05,0.0031090325198082957
1376,20131,113,131,113,131,DepthLow,DepthLow,DepthLow--DepthLow,9,0.2787766363203853,5.974417519841727e-05,0.0031079225741536378
1377,13156,65,92,65,92,DepthMid,DepthHigh,DepthHigh--DepthMid,7,0.23354920879895813,5.973815522549664e-05,0.0031076094120809556
1378,12912,63,187,63,187,DepthMid,DepthMid,DepthMid--DepthMid,5,0.1856989874253792,5.973672910770105e-05,0.003107535224703264
1379,7540,34,180,34,180,DepthLow,DepthLow,DepthLow--DepthLow,8,0.25694902713295226,5.97332612258754e-05,0.0031073548237156427
1380,18344,99,129,99,129,DepthHigh,DepthLow,DepthHigh--DepthLow,6,0.21823994462804588,5.972814497086659e-05,0.0031070886735113054
1381,23239,142,165,142,165,DepthMid,DepthMid,DepthMid--DepthMid,10,0.6942393879094488,5.972768570437244e-05,0.003107064782233202
1382,7897,36,140,36,140,DepthLow,DepthLow,DepthLow--DepthLow,6,0.21920393060723734,5.972694398327785e-05,0.003107026197522208
1383,3195,14,25,14,25,DepthLow,DepthLow,DepthLow--DepthLow,7,0.23130306039743984,5.97193240455032e-05,0.0031066298044588707
1384,18135,97,191,97,191,DepthHigh,DepthMid,DepthHigh--DepthMid,10,0.3408863250538744,5.971829698816106e-05,0.0031065763764102283
1385,18118,97,174,97,174,DepthHigh,DepthLow,DepthHigh--DepthLow,10,0.36657212192036004,5.971551641642173e-05,0.0031064317296450998
1386,11995,58,135,58,135,DepthHigh,DepthHigh,DepthHigh--DepthHigh,4,0.1614205352862131,5.971236757564408e-05,0.003106267925336098
1387,3522,15,133,15,133,DepthLow,DepthHigh,DepthHigh--DepthLow,5,0.19385067871217004,5.969647721233133e-05,0.0031054413005030127
1388,21996,129,196,129,196,DepthLow,DepthMid,DepthLow--DepthMid,9,0.28711766368894015,5.969189340616747e-05,0.0031052028485601263
1389,18072,97,128,97,128,DepthHigh,DepthLow,DepthHigh--DepthLow,8,0.26375395893096076,5.968303563105523e-05,0.003104742062564895
1390,21510,125,136,125,136,DepthHigh,DepthHigh,DepthHigh--DepthHigh,9,0.274024646074425,5.967873989847376e-05,0.003104518596357216
1391,21858,128,163,128,163,DepthLow,DepthLow,DepthLow--DepthLow,10,0.3556890602535628,5.96773602014676e-05,0.0031044468238127514
1392,22145,131,138,131,138,DepthLow,DepthHigh,DepthHigh--DepthLow,1,0.08475603426431597,5.966570951839057e-05,0.0031038407493156283
1393,10495,50,71,50,71,DepthLow,DepthMid,DepthLow--DepthMid,4,0.17387912982411888,5.965573156508281e-05,0.003103321691077297
1394,21509,125,135,125,135,DepthHigh,DepthHigh,DepthHigh--DepthHigh,8,0.2711005722307535,5.9654359873405424e-05,0.0031032503349741327
1395,9036,42,112,42,112,DepthLow,DepthLow,DepthLow--DepthLow,10,0.3270832890299337,5.9638287469278613e-05,0.0031024142402847218
1396,12294,60,85,60,85,DepthMid,DepthMid,DepthMid--DepthMid,5,0.19380328929390198,5.962630775029322e-05,0.003101791049171227
1397,10828,51,221,51,221,DepthLow,DepthHigh,DepthHigh--DepthLow,6,0.20414622785048908,5.9622407256668824e-05,0.0031015881434964003
1398,9769,46,87,46,87,DepthLow,DepthLow,DepthLow--DepthLow,10,0.7011250796717384,5.962208429190625e-05,0.0031015713427041403
1399,5673,25,149,25,149,DepthLow,DepthMid,DepthLow--DepthMid,8,0.2540380308639215,5.961656410637065e-05,0.0031012841798270458
1400,2868,12,139,12,139,DepthLow,DepthHigh,DepthHigh--DepthLow,2,0.12109603651251556,5.961576318938157e-05,0.003101242515715321
1401,8238,38,88,38,88,DepthLow,DepthLow,DepthLow--DepthLow,9,0.28709884861246326,5.960228345399601e-05,0.003100541292980899
1402,19294,106,162,106,162,DepthLow,DepthMid,DepthLow--DepthMid,8,0.2642411089866092,5.9597719603330176e-05,0.0031003038791332345
1403,25961,179,186,179,186,DepthLow,DepthMid,DepthLow--DepthMid,2,0.11283691504891656,5.9597427584814945e-05,0.003100288688180601
1404,2875,12,146,12,146,DepthLow,DepthHigh,DepthHigh--DepthLow,3,0.14487225164351933,5.959126357417331e-05,0.003099968033191946
1405,22398,133,188,133,188,DepthHigh,DepthMid,DepthHigh--DepthMid,5,0.1937706983124002,5.9582794235635017e-05,0.003099527453866114
1406,22131,130,227,130,227,DepthLow,DepthHigh,DepthHigh--DepthLow,6,0.20690903306430758,5.9579248516010633e-05,0.0030993430037163606
1407,7103,32,144,32,144,DepthLow,DepthHigh,DepthHigh--DepthLow,5,0.1916535557927616,5.956772623172291e-05,0.003098743608589979
1408,4464,19,209,19,209,DepthLow,DepthMid,DepthLow--DepthMid,9,0.28973447848975836,5.954682842838562e-05,0.003097656494163736
1409,3176,13,226,13,226,DepthHigh,DepthHigh,DepthHigh--DepthHigh,8,0.2562550682623851,5.954584224276651e-05,0.003097605192283046
1410,13219,65,155,65,155,DepthMid,DepthMid,DepthMid--DepthMid,10,0.49830824620604214,5.9531633341280364e-05,0.0030968660379548448
1411,10773,51,166,51,166,DepthLow,DepthMid,DepthLow--DepthMid,8,0.2512160834662563,5.952582525743697e-05,0.003096563898460417
1412,16100,83,165,83,165,DepthMid,DepthMid,DepthMid--DepthMid,10,0.36618127124243144,5.952068430931196e-05,0.003096296463707536
1413,4445,19,190,19,190,DepthLow,DepthMid,DepthLow--DepthMid,8,0.2541478904577293,5.9501753603138604e-05,0.0030953116786826287
1414,6400,29,50,29,50,DepthHigh,DepthLow,DepthHigh--DepthLow,8,0.27175257539198894,5.9498304611782004e-05,0.003095132260386876
1415,2704,11,197,11,197,DepthLow,DepthMid,DepthLow--DepthMid,1,0.09395386460894226,5.948519589183149e-05,0.0030944503380652914
1416,2765,12,36,12,36,DepthLow,DepthLow,DepthLow--DepthLow,3,0.1521816069708419,5.948075368804232e-05,0.0030942192523504162
1417,20955,120,136,120,136,DepthMid,DepthHigh,DepthHigh--DepthMid,9,0.30007044745257205,5.9473649580942446e-05,0.0030938496930628108
1418,22582,135,173,135,173,DepthHigh,DepthLow,DepthHigh--DepthLow,5,0.1821358257900026,5.9472587650033495e-05,0.003093794450873373
1419,24303,154,203,154,203,DepthMid,DepthMid,DepthMid--DepthMid,9,0.287096076216311,5.947248958818151e-05,0.0030937893496456393
1420,10370,49,130,49,130,DepthMid,DepthLow,DepthLow--DepthMid,4,0.16531995929134372,5.947228523625529e-05,0.003093778719153839
1421,7177,32,218,32,218,DepthLow,DepthMid,DepthLow--DepthMid,7,0.23791889407655173,5.946199620024321e-05,0.0030932434782339996
1422,11474,55,145,55,145,DepthLow,DepthHigh,DepthHigh--DepthLow,8,0.25830229338899857,5.94579635112969e-05,0.0030930336956908624
1423,2272,9,212,9,212,DepthMid,DepthMid,DepthMid--DepthMid,5,0.1906878864141736,5.945720532239555e-05,0.0030929942543161315
1424,2133,9,73,9,73,DepthMid,DepthHigh,DepthHigh--DepthMid,3,0.13676851986195512,5.9431706937401624e-05,0.0030916678152772816
1425,18587,101,105,101,105,DepthHigh,DepthHigh,DepthHigh--DepthHigh,10,0.648258819658963,5.9412749688786846e-05,0.0030906816495009856
1426,843,3,148,3,148,DepthMid,DepthMid,DepthMid--DepthMid,2,0.12083680735742043,5.9409262407938335e-05,0.003090500239366265
1427,16544,86,162,86,162,DepthHigh,DepthMid,DepthHigh--DepthMid,6,0.21227384459597437,5.940583825335786e-05,0.0030903221130923193
1428,24365,155,186,155,186,DepthMid,DepthMid,DepthMid--DepthMid,10,0.350951533733459,5.939622207359633e-05,0.0030898218744990387
1429,24959,163,184,163,184,DepthLow,DepthMid,DepthLow--DepthMid,10,0.38191919090150084,5.939144552971832e-05,0.0030895733962416085
1430,11213,54,63,54,63,DepthLow,DepthMid,DepthLow--DepthMid,10,0.3235004562360436,5.93892779627756e-05,0.0030894606382997694
1431,21218,122,174,122,174,DepthLow,DepthLow,DepthLow--DepthLow,10,0.3374285637030203,5.938452314544441e-05,0.0030892132902684256
1432,5845,26,113,26,113,DepthLow,DepthLow,DepthLow--DepthLow,6,0.198744790803727,5.9378361928924364e-05,0.0030888927806314056
1433,5871,26,139,26,139,DepthLow,DepthHigh,DepthHigh--DepthLow,2,0.1058491951056709,5.937002060916987e-05,0.0030884588609082337
1434,23893,149,203,149,203,DepthMid,DepthMid,DepthMid--DepthMid,6,0.21836055149388522,5.936609270374469e-05,0.0030882545292574993
1435,3062,13,112,13,112,DepthHigh,DepthLow,DepthHigh--DepthLow,7,0.2238563134318536,5.936450930658022e-05,0.0030881721601265346
1436,7242,33,82,33,82,DepthMid,DepthHigh,DepthHigh--DepthMid,9,0.2867067749603675,5.936354306010655e-05,0.0030881218954903963
1437,11772,57,88,57,88,DepthHigh,DepthLow,DepthHigh--DepthLow,6,0.20578671423942696,5.935701507745533e-05,0.0030877823064915017
1438,8746,40,207,40,207,DepthHigh,DepthLow,DepthHigh--DepthLow,3,0.1503413594587045,5.9356865096610984e-05,0.0030877745044112104
1439,23927,150,153,150,153,DepthMid,DepthMid,DepthMid--DepthMid,5,0.18486795922591534,5.935319019250092e-05,0.0030875833340183885
1440,23313,143,148,143,148,DepthMid,DepthMid,DepthMid--DepthMid,9,0.30273379835334974,5.9347633927895474e-05,0.0030872942942896135
1441,27066,205,212,205,212,DepthMid,DepthMid,DepthMid--DepthMid,3,0.15023645778690636,5.934730969052962e-05,0.0030872774272958795
1442,11624,56,117,56,117,DepthHigh,DepthLow,DepthHigh--DepthLow,2,0.10733884492060863,5.933675207615208e-05,0.003086728214791996
1443,6290,28,145,28,145,DepthLow,DepthHigh,DepthHigh--DepthLow,9,0.30830046764234176,5.933240507425248e-05,0.003086502081528146
1444,13373,66,141,66,141,DepthHigh,DepthLow,DepthHigh--DepthLow,6,0.21580121299283506,5.932104756914878e-05,0.00308591125829926
1445,22943,139,148,139,148,DepthHigh,DepthMid,DepthHigh--DepthMid,10,0.35022979984050406,5.93196416839835e-05,0.0030858381234333534
1446,10603,50,179,50,179,DepthLow,DepthLow,DepthLow--DepthLow,2,0.10702787508372141,5.931290737711861e-05,0.0030854878013432557
1447,5162,23,57,23,57,DepthHigh,DepthHigh,DepthHigh--DepthHigh,3,0.15373659364570272,5.93078082062897e-05,0.0030852225398667016
1448,11446,55,117,55,117,DepthLow,DepthLow,DepthLow--DepthLow,2,0.1077479543826058,5.930534398291149e-05,0.003085094349705243
1449,1890,8,55,8,55,DepthMid,DepthLow,DepthLow--DepthMid,5,0.18913407983224959,5.92988699997147e-05,0.0030847575697856076
1450,26038,180,209,180,209,DepthLow,DepthMid,DepthLow--DepthMid,5,0.1892979055345734,5.9295833606170976e-05,0.003084599615039271
1451,22101,130,197,130,197,DepthLow,DepthMid,DepthLow--DepthMid,7,0.23341398330635754,5.927871117649932e-05,0.0030837088974835568
1452,2552,11,45,11,45,DepthLow,DepthHigh,DepthHigh--DepthLow,2,0.12525381196569216,5.926505550756517e-05,0.003082998522595885
1453,6051,27,112,27,112,DepthLow,DepthLow,DepthLow--DepthLow,5,0.19696822114495288,5.926349592504447e-05,0.003082917392314879
1454,11484,55,155,55,155,DepthLow,DepthMid,DepthLow--DepthMid,10,0.4504324989970606,5.926003072255256e-05,0.0030827371307075697
1455,9666,45,172,45,172,DepthHigh,DepthLow,DepthHigh--DepthLow,3,0.13675573889860038,5.924375112400895e-05,0.0030818902576585433
1456,1180,5,26,5,26,DepthMid,DepthLow,DepthLow--DepthMid,8,0.2698033159205708,5.9212885102756754e-05,0.0030802845914340887
1457,12277,60,68,60,68,DepthMid,DepthHigh,DepthHigh--DepthMid,8,0.26109297075004756,5.91965690704197e-05,0.003079435823080479
1458,19680,109,170,109,170,DepthLow,DepthLow,DepthLow--DepthLow,2,0.12676008867025174,5.9196360505562624e-05,0.0030794249734298587
1459,3353,14,183,14,183,DepthLow,DepthMid,DepthLow--DepthMid,3,0.15387853781090943,5.918440731847479e-05,0.0030788031625192556
1460,9539,44,234,44,234,DepthLow,DepthLow,DepthLow--DepthLow,9,0.30461866798465614,5.91750803148549e-05,0.003078317967016879
1461,22140,131,133,131,133,DepthLow,DepthHigh,DepthHigh--DepthLow,5,0.18134966793686474,5.9174829078987714e-05,0.0030783048975984717
1462,8945,41,213,41,213,DepthHigh,DepthMid,DepthHigh--DepthMid,1,0.09852135316514751,5.915645346955834e-05,0.003077348988990315
1463,24078,151,221,151,221,DepthMid,DepthHigh,DepthHigh--DepthMid,4,0.1667009309962055,5.915113664596113e-05,0.003077072405105348
1464,25029,164,184,164,184,DepthLow,DepthMid,DepthLow--DepthMid,10,0.35414077285462636,5.911830595319373e-05,0.0030753645356630457
1465,8478,39,133,39,133,DepthLow,DepthHigh,DepthHigh--DepthLow,6,0.2159256058143123,5.911651970441542e-05,0.0030752716140872985
1466,10190,48,135,48,135,DepthHigh,DepthHigh,DepthHigh--DepthHigh,9,0.2783429843058335,5.911097287412919e-05,0.003074983065136638
1467,3790,16,183,16,183,DepthLow,DepthMid,DepthLow--DepthMid,3,0.15218579190648712,5.9110084495832424e-05,0.00307493685124292
1468,10769,51,162,51,162,DepthLow,DepthMid,DepthLow--DepthMid,3,0.15595408387985268,5.910846221036117e-05,0.0030748524591223307
1469,6177,28,32,28,32,DepthLow,DepthLow,DepthLow--DepthLow,9,0.2990967331711502,5.910791694862555e-05,0.003074824094327749
1470,24796,161,164,161,164,DepthMid,DepthLow,DepthLow--DepthMid,10,0.3374381891983333,5.907856371316344e-05,0.003073297123994421
1471,12632,62,78,62,78,DepthMid,DepthHigh,DepthHigh--DepthMid,4,0.1633442651573698,5.9069467618510116e-05,0.003072823940494677
1472,11021,52,232,52,232,DepthLow,DepthHigh,DepthHigh--DepthLow,10,0.3754533708805845,5.90579274896691e-05,0.0030722236170854992
1473,25619,173,189,173,189,DepthLow,DepthMid,DepthLow--DepthMid,9,0.2865380720701404,5.905187658756367e-05,0.0030719088460607925
1474,3214,14,44,14,44,DepthLow,DepthLow,DepthLow--DepthLow,6,0.21008638501038815,5.9051361722028586e-05,0.003071882062492121
1475,18387,99,172,99,172,DepthHigh,DepthLow,DepthHigh--DepthLow,10,0.4226144799519674,5.904045488988069e-05,0.003071314683501075
1476,1693,7,84,7,84,DepthHigh,DepthHigh,DepthHigh--DepthHigh,1,0.0986468997128262,5.903475218124398e-05,0.003071018025678836
1477,15801,81,169,81,169,DepthHigh,DepthLow,DepthHigh--DepthLow,6,0.2054830609003463,5.9012773697378175e-05,0.003069874693698348
1478,9223,43,108,43,108,DepthHigh,DepthHigh,DepthHigh--DepthHigh,7,0.23809654800713745,5.899554270384803e-05,0.0030689783285951463
1479,20369,115,130,115,130,DepthHigh,DepthLow,DepthHigh--DepthLow,5,0.17892210283639612,5.899554231026406e-05,0.003068978308120707
1480,17691,94,161,94,161,DepthLow,DepthMid,DepthLow--DepthMid,4,0.16389219225601961,5.899001380451964e-05,0.0030686907124220907
1481,3720,16,113,16,113,DepthLow,DepthLow,DepthLow--DepthLow,6,0.21799902366517748,5.896388081422157e-05,0.0030673312608904936
1482,18379,99,164,99,164,DepthHigh,DepthLow,DepthHigh--DepthLow,10,0.3907495674391057,5.893961747259089e-05,0.0030660690694395624
1483,16415,85,181,85,181,DepthMid,DepthLow,DepthLow--DepthMid,6,0.20105518537749437,5.892832825617075e-05,0.0030654817986229487
1484,17936,96,129,96,129,DepthHigh,DepthLow,DepthHigh--DepthLow,8,0.24952710555289997,5.8921909401222696e-05,0.0030651478865030305
1485,14153,71,96,71,96,DepthMid,DepthHigh,DepthHigh--DepthMid,8,0.2604257269598012,5.891366160265479e-05,0.0030647188317998544
1486,14785,75,86,75,86,DepthHigh,DepthHigh,DepthHigh--DepthHigh,4,0.16382508882517846,5.891273540014108e-05,0.00306467065027101
1487,10108,48,53,48,53,DepthHigh,DepthLow,DepthHigh--DepthLow,8,0.24843384505320618,5.891225217024648e-05,0.0030646455124045493
1488,6646,30,92,30,92,DepthHigh,DepthHigh,DepthHigh--DepthHigh,9,0.2899175931220021,5.890904167051772e-05,0.0030644785005653503
1489,24205,153,185,153,185,DepthMid,DepthMid,DepthMid--DepthMid,8,0.25195580005027945,5.890803346672912e-05,0.0030644260532882136
1490,6149,27,210,27,210,DepthLow,DepthMid,DepthLow--DepthMid,6,0.2167212426403342,5.890400556072307e-05,0.0030642165195560764
1491,22049,130,145,130,145,DepthLow,DepthHigh,DepthHigh--DepthLow,3,0.1522424214454685,5.8903790940619737e-05,0.0030642053549084468
1492,5207,23,102,23,102,DepthHigh,DepthLow,DepthHigh--DepthLow,6,0.20702239143334586,5.8898484893225084e-05,0.003063929331607052
1493,17530,93,140,93,140,DepthHigh,DepthLow,DepthHigh--DepthLow,5,0.1784292106413404,5.889638339182621e-05,0.0030638200104286194
1494,18958,103,213,103,213,DepthHigh,DepthMid,DepthHigh--DepthMid,6,0.20588108216715806,5.8884658219909696e-05,0.003063210060983939
1495,13911,69,181,69,181,DepthHigh,DepthLow,DepthHigh--DepthLow,8,0.2654604988499453,5.887529505326779e-05,0.003062722984262647
1496,5132,23,27,23,27,DepthHigh,DepthLow,DepthHigh--DepthLow,3,0.15383914414321379,5.887104884653652e-05,0.003062502094415046
1497,2642,11,135,11,135,DepthLow,DepthHigh,DepthHigh--DepthLow,3,0.14357969032159842,5.8870787388185743e-05,0.00306248849321781
1498,18406,99,191,99,191,DepthHigh,DepthMid,DepthHigh--DepthMid,10,0.32425828173947807,5.886976636955052e-05,0.003062435379305792
1499,881,3,186,3,186,DepthMid,DepthMid,DepthMid--DepthMid,4,0.17485803175812187,5.8861594648966364e-05,0.0030620102822182717
1500,10571,50,147,50,147,DepthLow,DepthMid,DepthLow--DepthMid,4,0.15729891296619036,5.885369936185266e-05,0.0030615995653413774
1501,22609,135,200,135,200,DepthHigh,DepthMid,DepthHigh--DepthMid,1,0.10186877223373852,5.884462749047622e-05,0.003061127641948896
1502,11209,54,59,54,59,DepthLow,DepthHigh,DepthHigh--DepthLow,8,0.2632604280696968,5.883247990830242e-05,0.0030604957185064187
1503,23720,147,201,147,201,DepthMid,DepthMid,DepthMid--DepthMid,8,0.24842448042947238,5.883220709915355e-05,0.003060481526834856
1504,14492,73,112,73,112,DepthHigh,DepthLow,DepthHigh--DepthLow,7,0.23485249834446115,5.883038745647691e-05,0.0030603868680914247
1505,9923,47,54,47,54,DepthMid,DepthLow,DepthLow--DepthMid,7,0.23609262792186575,5.8830358052584656e-05,0.003060385338485899
1506,11844,57,160,57,160,DepthHigh,DepthMid,DepthHigh--DepthMid,6,0.20043625514786123,5.882910103210627e-05,0.0030603199476372015
1507,3174,13,224,13,224,DepthHigh,DepthLow,DepthHigh--DepthLow,5,0.19172269198042996,5.882545770271531e-05,0.003060130419777429
1508,23984,150,210,150,210,DepthMid,DepthMid,DepthMid--DepthMid,3,0.15192984160293263,5.881840817646925e-05,0.0030597636998137764
1509,18729,102,115,102,115,DepthLow,DepthHigh,DepthHigh--DepthLow,10,0.3347406090408607,5.8808220402157107e-05,0.0030592337265793993
1510,6606,30,52,30,52,DepthHigh,DepthLow,DepthHigh--DepthLow,8,0.24540879284299968,5.8799621550841486e-05,0.003058786409932599
1511,23880,149,190,149,190,DepthMid,DepthMid,DepthMid--DepthMid,5,0.18631409158912163,5.8780363053918264e-05,0.0030577845730651023
1512,24342,155,163,155,163,DepthMid,DepthLow,DepthLow--DepthMid,10,0.48417522476040786,5.877243125882885e-05,0.0030573719570246255
1513,24144,152,205,152,205,DepthMid,DepthMid,DepthMid--DepthMid,5,0.18522213478419844,5.875585572911481e-05,0.0030565096894846393
1514,15094,77,80,77,80,DepthMid,DepthMid,DepthMid--DepthMid,4,0.16362520929861812,5.875533406449297e-05,0.003056482552223995
1515,9624,45,130,45,130,DepthHigh,DepthLow,DepthHigh--DepthLow,3,0.1357099984715904,5.874409808172052e-05,0.0030558980506489824
1516,2534,11,27,11,27,DepthLow,DepthLow,DepthLow--DepthLow,1,0.05107786085683798,5.8737518952308755e-05,0.0030555558009694246
1517,5546,24,231,24,231,DepthHigh,DepthHigh,DepthHigh--DepthHigh,8,0.24633476431583973,5.8736220958214685e-05,0.003055488278652267
1518,5881,26,149,26,149,DepthLow,DepthMid,DepthLow--DepthMid,2,0.11713807960998392,5.873222688758614e-05,0.003055280505053786
1519,23714,147,195,147,195,DepthMid,DepthMid,DepthMid--DepthMid,2,0.11135446819527828,5.872482394024189e-05,0.0030548953999437055
1520,10033,47,164,47,164,DepthMid,DepthLow,DepthLow--DepthMid,6,0.2120637094399132,5.8718157590695785e-05,0.0030545486130281155
1521,5636,25,112,25,112,DepthLow,DepthLow,DepthLow--DepthLow,8,0.24880908542710453,5.8705952473674673e-05,0.003053913696593432
1522,24206,153,186,153,186,DepthMid,DepthMid,DepthMid--DepthMid,9,0.2894357067697911,5.870030128433805e-05,0.0030536197188315533
1523,15274,78,104,78,104,DepthHigh,DepthHigh,DepthHigh--DepthHigh,9,0.2920013911411583,5.869492188570844e-05,0.003053339879761371
1524,12110,59,75,59,75,DepthHigh,DepthHigh,DepthHigh--DepthHigh,5,0.18871768769687278,5.868478998774178e-05,0.0030528128132430864
1525,7291,33,131,33,131,DepthMid,DepthLow,DepthLow--DepthMid,5,0.19527233392037965,5.8682240064035665e-05,0.003052680164906704
1526,15295,78,125,78,125,DepthHigh,DepthHigh,DepthHigh--DepthHigh,7,0.2352240084895444,5.8682152178302706e-05,0.003052675593045891
1527,19573,108,188,108,188,DepthHigh,DepthMid,DepthHigh--DepthMid,4,0.17651753912005183,5.868148071645233e-05,0.0030526406632567435
1528,13777,68,212,68,212,DepthHigh,DepthMid,DepthHigh--DepthMid,2,0.11515635584748293,5.8680045761637834e-05,0.0030525660161728053
1529,11418,55,89,55,89,DepthLow,DepthMid,DepthLow--DepthMid,10,0.4029141991890679,5.867844668314237e-05,0.0030524828312909753
1530,20261,114,141,114,141,DepthLow,DepthLow,DepthLow--DepthLow,10,0.31624465700125776,5.867443241328954e-05,0.003052274006918509
1531,26272,185,188,185,188,DepthMid,DepthMid,DepthMid--DepthMid,10,0.40718263185157433,5.8667365480376126e-05,0.0030519063814511108
1532,19997,112,118,112,118,DepthLow,DepthLow,DepthLow--DepthLow,4,0.17222626717869752,5.8665590682664986e-05,0.0030518140555657386
1533,3207,14,37,14,37,DepthLow,DepthHigh,DepthHigh--DepthLow,5,0.18592664930276234,5.865950129810473e-05,0.0030514972826640343
1534,8502,39,157,39,157,DepthLow,DepthHigh,DepthHigh--DepthLow,7,0.23875736455921598,5.8657026740983245e-05,0.0030513685549359614
1535,22648,136,141,136,141,DepthHigh,DepthLow,DepthHigh--DepthLow,3,0.13617066546005968,5.865667169945139e-05,0.003051350085493745
1536,25687,174,197,174,197,DepthLow,DepthMid,DepthLow--DepthMid,9,0.3030738341584298,5.865660834916514e-05,0.0030513467899794277
1537,4402,19,147,19,147,DepthLow,DepthMid,DepthLow--DepthMid,1,0.09122305111326809,5.864961507420501e-05,0.0030509829962364616
1538,8459,39,114,39,114,DepthLow,DepthLow,DepthLow--DepthLow,10,0.32135868777226806,5.864550972866639e-05,0.0030507694340602028
1539,16832,88,157,88,157,DepthLow,DepthHigh,DepthHigh--DepthLow,9,0.27434550674214214,5.8627279242721434e-05,0.0030498210748499876
1540,4469,19,214,19,214,DepthLow,DepthLow,DepthLow--DepthLow,8,0.2619194677460892,5.8612035695633793e-05,0.0030490280977280085
1541,21959,129,159,129,159,DepthLow,DepthMid,DepthLow--DepthMid,4,0.1754526241986253,5.861011599638568e-05,0.0030489282339905147
1542,15691,80,212,80,212,DepthMid,DepthMid,DepthMid--DepthMid,4,0.16419262482825972,5.859878474990747e-05,0.0030483387767487676
1543,11640,56,133,56,133,DepthHigh,DepthHigh,DepthHigh--DepthHigh,3,0.15559940346587509,5.8596317979042815e-05,0.0030482104540657602
1544,3303,14,133,14,133,DepthLow,DepthHigh,DepthHigh--DepthLow,1,0.09532036894122205,5.858755396664134e-05,0.003047754545654735
1545,2768,12,39,12,39,DepthLow,DepthLow,DepthLow--DepthLow,2,0.11669691313863254,5.858422817086202e-05,0.003047581536055971
1546,8760,40,221,40,221,DepthHigh,DepthHigh,DepthHigh--DepthHigh,7,0.22972486286065938,5.857818902029671e-05,0.0030472673763523965
1547,27240,211,233,211,233,DepthMid,DepthMid,DepthMid--DepthMid,4,0.15993661433127626,5.856489355793253e-05,0.003046575739594868
1548,14566,73,186,73,186,DepthHigh,DepthMid,DepthHigh--DepthMid,6,0.21154762020641518,5.856331237713798e-05,0.003046493485760601
1549,24790,160,231,160,231,DepthMid,DepthHigh,DepthHigh--DepthMid,7,0.23320012250905997,5.854824940851142e-05,0.003045709902422597
1550,7010,32,51,32,51,DepthLow,DepthLow,DepthLow--DepthLow,2,0.12809065538536404,5.853995762957603e-05,0.003045278559838193
1551,3139,13,189,13,189,DepthHigh,DepthMid,DepthHigh--DepthMid,10,0.3346611837586515,5.8536065135237424e-05,0.0030450760702903073
1552,3929,17,105,17,105,DepthHigh,DepthHigh,DepthHigh--DepthHigh,6,0.2085774287959302,5.850633829994638e-05,0.0030435296651026493
1553,25615,173,185,173,185,DepthLow,DepthMid,DepthLow--DepthMid,8,0.2646035163568896,5.848271597766094e-05,0.003042300819806166
1554,20838,119,133,119,133,DepthHigh,DepthHigh,DepthHigh--DepthHigh,9,0.28945995819908243,5.848106436187337e-05,0.0030422149019075097
1555,10709,51,102,51,102,DepthLow,DepthLow,DepthLow--DepthLow,9,0.2720126159945142,5.8475400924163245e-05,0.003041920286978972
1556,22040,130,136,130,136,DepthLow,DepthHigh,DepthHigh--DepthLow,1,0.10222277954023311,5.8468962617615844e-05,0.0030415853629768993
1557,469,2,5,2,5,DepthMid,DepthMid,DepthMid--DepthMid,10,0.6004670666967131,5.8458395514828884e-05,0.0030410356568811013
1558,9008,42,84,42,84,DepthLow,DepthHigh,DepthHigh--DepthLow,5,0.1920439632147538,5.845061610854422e-05,0.003040630968184248
1559,11675,56,168,56,168,DepthHigh,DepthLow,DepthHigh--DepthLow,2,0.12708757026416226,5.844661524436452e-05,0.003040422841181759
1560,3049,13,99,13,99,DepthHigh,DepthHigh,DepthHigh--DepthHigh,10,0.34017004028029973,5.8446274391455245e-05,0.0030404051098389517
1561,15026,76,169,76,169,DepthHigh,DepthLow,DepthHigh--DepthLow,7,0.22711873814264244,5.844432655041048e-05,0.0030403037821507915
1562,14500,73,120,73,120,DepthHigh,DepthMid,DepthHigh--DepthMid,10,0.34505018286770384,5.842879766006725e-05,0.0030394959613266022
1563,22945,139,150,139,150,DepthHigh,DepthMid,DepthHigh--DepthMid,10,0.3684478206432004,5.8422377302600456e-05,0.00303916197104489
1564,23034,140,145,140,145,DepthLow,DepthHigh,DepthHigh--DepthLow,2,0.12885783176023452,5.841547135416015e-05,0.003038802720072184
1565,20250,114,130,114,130,DepthLow,DepthLow,DepthLow--DepthLow,8,0.27084308686560804,5.8410359298649635e-05,0.0030385367883278974
1566,13755,68,190,68,190,DepthHigh,DepthMid,DepthHigh--DepthMid,6,0.2024490324237553,5.84081048786004e-05,0.003038419512243001
1567,22143,131,136,131,136,DepthLow,DepthHigh,DepthHigh--DepthLow,1,0.09168444275953332,5.8405977848318594e-05,0.0030383088630390113
1568,22160,131,153,131,153,DepthLow,DepthMid,DepthLow--DepthMid,9,0.2886085745195974,5.839711850936526e-05,0.0030378479956919653
1569,14369,72,150,72,150,DepthMid,DepthMid,DepthMid--DepthMid,5,0.1957321679367446,5.837951751164841e-05,0.0030369323827815825
1570,27272,213,222,213,222,DepthMid,DepthHigh,DepthHigh--DepthMid,6,0.20778616685793544,5.837395733463397e-05,0.0030366431395272894
1571,20370,115,131,115,131,DepthHigh,DepthLow,DepthHigh--DepthLow,4,0.15902838250652365,5.837269525757341e-05,0.003036577485632599
1572,20744,118,154,118,154,DepthLow,DepthMid,DepthLow--DepthMid,2,0.13127761030657856,5.8358190088703424e-05,0.0030358229193234447
1573,23679,147,160,147,160,DepthMid,DepthMid,DepthMid--DepthMid,9,0.30557981496955966,5.835625816921267e-05,0.0030357224198826736
1574,20227,113,227,113,227,DepthLow,DepthHigh,DepthHigh--DepthLow,8,0.25828883425805393,5.834771008629147e-05,0.0030352777442337374
1575,26505,190,191,190,191,DepthMid,DepthMid,DepthMid--DepthMid,10,0.6786416481562012,5.834495520878854e-05,0.003035134434095938
1576,26058,180,229,180,229,DepthLow,DepthHigh,DepthHigh--DepthLow,3,0.1548118865999581,5.8313146947221964e-05,0.0030334797520480392
1577,27067,205,213,205,213,DepthMid,DepthMid,DepthMid--DepthMid,3,0.15400267689419625,5.83083184530022e-05,0.00303322857130724
1578,19492,107,233,107,233,DepthHigh,DepthMid,DepthHigh--DepthMid,5,0.19669680196400227,5.830211958216962e-05,0.003032906102873608
1579,2549,11,42,11,42,DepthLow,DepthLow,DepthLow--DepthLow,4,0.15712754977716326,5.830174244412096e-05,0.0030328864839592774
1580,4983,22,89,22,89,DepthHigh,DepthMid,DepthHigh--DepthMid,9,0.3116077331360942,5.8301310402675544e-05,0.0030328640089421445
1581,21848,128,153,128,153,DepthLow,DepthMid,DepthLow--DepthMid,9,0.2911012875945413,5.830004308977591e-05,0.0030327980826764253
1582,23932,150,158,150,158,DepthMid,DepthMid,DepthMid--DepthMid,6,0.2127891085235706,5.8299516013830615e-05,0.003032770663915965
1583,26167,182,233,182,233,DepthMid,DepthMid,DepthMid--DepthMid,8,0.2690370186369859,5.828411660400421e-05,0.0030319695787345362
1584,14040,70,146,70,146,DepthHigh,DepthHigh,DepthHigh--DepthHigh,9,0.2726661068354731,5.827942997059243e-05,0.0030317257776655807
1585,614,2,150,2,150,DepthMid,DepthMid,DepthMid--DepthMid,1,0.07280868846481509,5.8274450576636174e-05,0.00303146674704325
1586,11464,55,135,55,135,DepthLow,DepthHigh,DepthHigh--DepthLow,5,0.18971256137484893,5.826781279254558e-05,0.003031121446117277
1587,10063,47,194,47,194,DepthMid,DepthMid,DepthMid--DepthMid,10,0.5340556939739842,5.8263960640611554e-05,0.0030309210552019275
1588,18841,102,227,102,227,DepthLow,DepthHigh,DepthHigh--DepthLow,9,0.30854489857986667,5.8263295902060823e-05,0.003030886475162269
1589,8539,39,194,39,194,DepthLow,DepthMid,DepthLow--DepthMid,7,0.24097792239216662,5.825839173883331e-05,0.0030306313580809553
1590,13680,68,115,68,115,DepthHigh,DepthHigh,DepthHigh--DepthHigh,7,0.21950781932085056,5.825713837867641e-05,0.003030566157644055
1591,2276,9,216,9,216,DepthMid,DepthMid,DepthMid--DepthMid,5,0.18973213036023726,5.8253126373834126e-05,0.003030357451098596
1592,1949,8,114,8,114,DepthMid,DepthLow,DepthLow--DepthMid,3,0.1478183058508362,5.825081078750108e-05,0.0030302369931123076
1593,16820,88,145,88,145,DepthLow,DepthHigh,DepthHigh--DepthLow,9,0.2983335950717659,5.8250753326767645e-05,0.0030302340039755427
1594,25376,169,196,169,196,DepthLow,DepthMid,DepthLow--DepthMid,7,0.23606773257628155,5.823406396541403e-05,0.003029365814855401
1595,7504,34,144,34,144,DepthLow,DepthHigh,DepthHigh--DepthLow,7,0.23398258535325953,5.823177315223195e-05,0.003029246645581106
1596,1574,6,192,6,192,DepthHigh,DepthMid,DepthHigh--DepthMid,5,0.19643766628858375,5.822951534659705e-05,0.00302912919337631
1597,4571,20,102,20,102,DepthHigh,DepthLow,DepthHigh--DepthLow,10,0.33591533123696504,5.8226713732524886e-05,0.003028983451978257
1598,9602,45,108,45,108,DepthHigh,DepthHigh,DepthHigh--DepthHigh,9,0.28139610196010173,5.8220334922112134e-05,0.003028651622995562
1599,22050,130,146,130,146,DepthLow,DepthHigh,DepthHigh--DepthLow,4,0.1707322756437229,5.821993285869342e-05,0.0030286307074507226
1600,13643,68,78,68,78,DepthHigh,DepthHigh,DepthHigh--DepthHigh,7,0.2281431379491776,5.8205155902563655e-05,0.003027862002629199
1601,10350,49,110,49,110,DepthMid,DepthHigh,DepthHigh--DepthMid,2,0.10953567464679913,5.82039890854153e-05,0.003027801304203901
1602,989,4,64,4,64,DepthHigh,DepthMid,DepthHigh--DepthMid,8,0.26117493379724965,5.820391513469758e-05,0.003027797457249713
1603,20186,113,186,113,186,DepthLow,DepthMid,DepthLow--DepthMid,10,0.3207721776663661,5.82039132113576e-05,0.0030277973571965827
1604,24961,163,186,163,186,DepthLow,DepthMid,DepthLow--DepthMid,10,0.47623208569868586,5.820216652120315e-05,0.0030277064934806966
1605,10017,47,148,47,148,DepthMid,DepthMid,DepthMid--DepthMid,6,0.20216123101294972,5.81861595663047e-05,0.0030268738034936456
1606,10864,52,75,52,75,DepthLow,DepthHigh,DepthHigh--DepthLow,6,0.2033971492261569,5.8184690548962946e-05,0.0030267973844596043
1607,23455,144,200,144,200,DepthHigh,DepthMid,DepthHigh--DepthMid,3,0.13662028949923005,5.818235174032216e-05,0.0030266757184369804
1608,9606,45,112,45,112,DepthHigh,DepthLow,DepthHigh--DepthLow,7,0.2235213413324813,5.8182096213982046e-05,0.0030266624258259755
1609,9065,42,141,42,141,DepthLow,DepthLow,DepthLow--DepthLow,4,0.1649448786599954,5.8178245640140143e-05,0.0030264621170037857
1610,10808,51,201,51,201,DepthLow,DepthMid,DepthLow--DepthMid,6,0.2016008447724155,5.816925996106854e-05,0.0030259946773791195
1611,3258,14,88,14,88,DepthLow,DepthLow,DepthLow--DepthLow,10,0.5502438400078837,5.8165542110774046e-05,0.0030258012729038014
1612,15368,78,198,78,198,DepthHigh,DepthMid,DepthHigh--DepthMid,8,0.25872587008060316,5.816486266455823e-05,0.0030257659277638767
1613,10539,50,115,50,115,DepthLow,DepthHigh,DepthHigh--DepthLow,9,0.29295499566433186,5.8163426446452605e-05,0.0030256912149628874
1614,2707,11,200,11,200,DepthLow,DepthMid,DepthLow--DepthMid,1,0.06078536956903711,5.816296759349101e-05,0.0030256673451969592
1615,16246,84,161,84,161,DepthHigh,DepthMid,DepthHigh--DepthMid,8,0.24953156661230294,5.815699580562636e-05,0.003025356689735553
1616,8944,41,212,41,212,DepthHigh,DepthMid,DepthHigh--DepthMid,1,0.08650355552177297,5.815682281571505e-05,0.003025347690711821
1617,16050,83,115,83,115,DepthMid,DepthHigh,DepthHigh--DepthMid,7,0.2421229274567201,5.815237891885851e-05,0.0030251165169227147
1618,14943,76,86,76,86,DepthHigh,DepthHigh,DepthHigh--DepthHigh,3,0.15252971510826518,5.8138667982552557e-05,0.0030244032669980727
1619,25584,172,215,172,215,DepthLow,DepthLow,DepthLow--DepthLow,4,0.17539852167916223,5.8126390278867254e-05,0.003023764574567964
1620,8429,39,84,39,84,DepthLow,DepthHigh,DepthHigh--DepthLow,6,0.2021375816707889,5.811294687759454e-05,0.0030230652419526906
1621,10240,48,185,48,185,DepthHigh,DepthMid,DepthHigh--DepthMid,7,0.22957402226011203,5.810970695036725e-05,0.003022896699279955
1622,19943,111,186,111,186,DepthLow,DepthMid,DepthLow--DepthMid,9,0.29989119657575125,5.809910352919182e-05,0.003022345103882999
1623,7506,34,146,34,146,DepthLow,DepthHigh,DepthHigh--DepthLow,7,0.2307937035134519,5.809392423777923e-05,0.003022075674492672
1624,24230,153,210,153,210,DepthMid,DepthMid,DepthMid--DepthMid,10,0.3722994936113193,5.808459083749049e-05,0.0030215901462323077
1625,7254,33,94,33,94,DepthMid,DepthLow,DepthLow--DepthMid,3,0.14622209101920922,5.8083851737060756e-05,0.003021551697849641
1626,6070,27,131,27,131,DepthLow,DepthLow,DepthLow--DepthLow,9,0.30222677984400925,5.808159582316499e-05,0.0030214343440540833
1627,10761,51,154,51,154,DepthLow,DepthMid,DepthLow--DepthMid,7,0.23312483664558695,5.807944840239973e-05,0.003021322634126707
1628,70,0,71,0,71,DepthLow,DepthMid,DepthLow--DepthMid,3,0.13665110754819287,5.805999793722678e-05,0.0030203108109726
1629,2210,9,150,9,150,DepthMid,DepthMid,DepthMid--DepthMid,3,0.136041922698152,5.8053416602488626e-05,0.0030199684465708346
1630,16098,83,163,83,163,DepthMid,DepthLow,DepthLow--DepthMid,10,0.4942377581474364,5.804887213087244e-05,0.003019732040831252
1631,26319,186,187,186,187,DepthMid,DepthMid,DepthMid--DepthMid,10,0.3145688317490053,5.8044913131158274e-05,0.0030195260916396887
1632,25044,164,199,164,199,DepthLow,DepthMid,DepthLow--DepthMid,10,0.3256891363705309,5.8040778507737876e-05,0.0030193110064130335
1633,5056,22,162,22,162,DepthHigh,DepthMid,DepthHigh--DepthMid,10,0.31450600308331106,5.803697659734291e-05,0.0030191132290882617
1634,25103,165,189,165,189,DepthMid,DepthMid,DepthMid--DepthMid,10,0.40330696282946543,5.802315239773902e-05,0.003018394087148887
1635,4996,22,102,22,102,DepthHigh,DepthLow,DepthHigh--DepthLow,9,0.2834667089550114,5.8014956327390586e-05,0.003017967723374165
1636,3412,15,23,15,23,DepthLow,DepthHigh,DepthHigh--DepthLow,3,0.13672600889310876,5.8014703560931794e-05,0.003017954574333599
1637,21913,128,218,128,218,DepthLow,DepthMid,DepthLow--DepthMid,5,0.18009948088919306,5.801284298980336e-05,0.003017857786471156
1638,1955,8,120,8,120,DepthMid,DepthMid,DepthMid--DepthMid,5,0.19196228761864023,5.801168035761786e-05,0.0030177973057497675
1639,6078,27,139,27,139,DepthLow,DepthHigh,DepthHigh--DepthLow,6,0.19910249998606303,5.80051105469347e-05,0.0030174555408352417
1640,15069,76,212,76,212,DepthHigh,DepthMid,DepthHigh--DepthMid,1,-0.0030061207612626225,5.799331370537089e-05,0.0030168418630988243
1641,21221,122,177,122,177,DepthLow,DepthLow,DepthLow--DepthLow,6,0.21886561905705898,5.7991298921221124e-05,0.003016737052996077
1642,2055,8,220,8,220,DepthMid,DepthMid,DepthMid--DepthMid,2,0.12640950457649822,5.798215866075822e-05,0.0030162615719683122
1643,24670,159,185,159,185,DepthMid,DepthMid,DepthMid--DepthMid,7,0.22469074571330608,5.798212208473631e-05,0.003016259669264931
1644,16628,87,99,87,99,DepthLow,DepthHigh,DepthHigh--DepthLow,10,0.32744354070363213,5.79803261900718e-05,0.003016166245905246
1645,4466,19,211,19,211,DepthLow,DepthMid,DepthLow--DepthMid,9,0.30563547505571037,5.7977313749725186e-05,0.0030160095372164836
1646,23571,145,227,145,227,DepthHigh,DepthHigh,DepthHigh--DepthHigh,6,0.20121961435081367,5.797210039832065e-05,0.003015738336007942
1647,14795,75,96,75,96,DepthHigh,DepthHigh,DepthHigh--DepthHigh,8,0.2454031670738578,5.796486716835576e-05,0.003015362059682806
1648,22043,130,139,130,139,DepthLow,DepthHigh,DepthHigh--DepthLow,2,0.11203354079673232,5.796299093300287e-05,0.003015264456959389
1649,21915,128,220,128,220,DepthLow,DepthMid,DepthLow--DepthMid,5,0.18883927838189085,5.796208144291693e-05,0.003015217144819592
1650,4920,22,26,22,26,DepthHigh,DepthLow,DepthHigh--DepthLow,6,0.20745397071343785,5.796075633600256e-05,0.0030151482120796443
1651,1335,5,181,5,181,DepthMid,DepthLow,DepthLow--DepthMid,5,0.19405498329352283,5.794727674712986e-05,0.0030144469969668962
1652,15046,76,189,76,189,DepthHigh,DepthMid,DepthHigh--DepthMid,9,0.27649156154983284,5.7946431332897795e-05,0.003014403018085815
1653,6085,27,146,27,146,DepthLow,DepthHigh,DepthHigh--DepthLow,7,0.22689515365653562,5.793425392531471e-05,0.003013769543110281
1654,12442,60,233,60,233,DepthMid,DepthMid,DepthMid--DepthMid,7,0.22551543007656843,5.7918707447372293e-05,0.0030129608073701797
1655,3723,16,116,16,116,DepthLow,DepthHigh,DepthHigh--DepthLow,6,0.19936445032154587,5.791685479080576e-05,0.003012864431227298
1656,15599,80,120,80,120,DepthMid,DepthMid,DepthMid--DepthMid,10,0.3141267839081995,5.791453282612367e-05,0.003012743641436027
1657,26481,189,211,189,211,DepthMid,DepthMid,DepthMid--DepthMid,7,0.23105235737420726,5.7911355586270886e-05,0.0030125783597926004
1658,11901,57,217,57,217,DepthHigh,DepthMid,DepthHigh--DepthMid,3,0.15040340202030303,5.791022937589362e-05,0.003012519773752319
1659,16073,83,138,83,138,DepthMid,DepthHigh,DepthHigh--DepthMid,3,0.1366059707202652,5.789390003380631e-05,0.003011670313018688
1660,419,1,187,1,187,DepthMid,DepthMid,DepthMid--DepthMid,3,0.14344567784615533,5.78933151409414e-05,0.0030116398865924756
1661,8433,39,88,39,88,DepthLow,DepthLow,DepthLow--DepthLow,10,0.3273278912806366,5.788138206916477e-05,0.0030110191220906572
1662,21522,125,148,125,148,DepthHigh,DepthMid,DepthHigh--DepthMid,10,0.3671141928481046,5.7878332203870116e-05,0.0030108604665369416
1663,24738,160,179,160,179,DepthMid,DepthLow,DepthLow--DepthMid,6,0.21405509206701923,5.787564875200523e-05,0.0030107208719973933
1664,18107,97,163,97,163,DepthHigh,DepthLow,DepthHigh--DepthLow,10,0.419132866925567,5.785576251012257e-05,0.003009686379515792
1665,12544,61,162,61,162,DepthHigh,DepthMid,DepthHigh--DepthMid,7,0.2312761159011266,5.784892926569163e-05,0.0030093309106428673
1666,21414,124,149,124,149,DepthLow,DepthMid,DepthLow--DepthMid,1,0.09681737337205946,5.784419464986195e-05,0.003009084613503972
1667,7460,34,100,34,100,DepthLow,DepthLow,DepthLow--DepthLow,8,0.2609831246566293,5.7840761714995944e-05,0.003008906030475079
1668,9451,44,146,44,146,DepthLow,DepthHigh,DepthHigh--DepthLow,10,0.3319787418961791,5.7833538482675686e-05,0.0030085302742325344
1669,6176,28,31,28,31,DepthLow,DepthLow,DepthLow--DepthLow,9,0.3078237872048723,5.7825699115913045e-05,0.003008122466360926
1670,21804,127,215,127,215,DepthHigh,DepthLow,DepthHigh--DepthLow,7,0.22373791948946117,5.78243463154059e-05,0.003008052092986107
1671,4465,19,210,19,210,DepthLow,DepthMid,DepthLow--DepthMid,9,0.3019145126789735,5.782213610234271e-05,0.003007937116571252
1672,7040,32,81,32,81,DepthLow,DepthHigh,DepthHigh--DepthLow,6,0.21834333656885754,5.782016134609185e-05,0.003007834388740294
1673,8400,39,55,39,55,DepthLow,DepthLow,DepthLow--DepthLow,10,0.3314680588231716,5.780885130129363e-05,0.003007246034420792
1674,2035,8,200,8,200,DepthMid,DepthMid,DepthMid--DepthMid,2,0.11359522614493746,5.780706418638295e-05,0.0030071530677883954
1675,7713,35,154,35,154,DepthLow,DepthMid,DepthLow--DepthMid,8,0.24937850817175147,5.779819859954311e-05,0.0030066918754230957
1676,19377,107,118,107,118,DepthHigh,DepthLow,DepthHigh--DepthLow,5,0.18229129080612483,5.779317878898491e-05,0.003006430742308445
1677,7441,34,81,34,81,DepthLow,DepthHigh,DepthHigh--DepthLow,8,0.25227346551438046,5.7787272489214014e-05,0.003006123493571196
1678,7453,34,93,34,93,DepthLow,DepthHigh,DepthHigh--DepthLow,4,0.16077888108156868,5.77847911117159e-05,0.0030059944110436393
1679,16138,83,203,83,203,DepthMid,DepthMid,DepthMid--DepthMid,10,0.3356454050885237,5.7778672359929825e-05,0.0030056761104438165
1680,23767,148,162,148,162,DepthMid,DepthMid,DepthMid--DepthMid,3,0.1545561169840957,5.777553023470976e-05,0.003005512655481557
1681,13794,68,229,68,229,DepthHigh,DepthHigh,DepthHigh--DepthHigh,4,0.1718703976354046,5.775998349876499e-05,0.003004703906320042
1682,8852,41,120,41,120,DepthHigh,DepthMid,DepthHigh--DepthMid,8,0.2464497493512997,5.775519734764335e-05,0.003004454928288881
1683,2360,10,76,10,76,DepthLow,DepthHigh,DepthHigh--DepthLow,5,0.1896468204036008,5.775466293400858e-05,0.003004427127818058
1684,6472,29,122,29,122,DepthHigh,DepthLow,DepthHigh--DepthLow,5,0.188597428814385,5.775430078472107e-05,0.0030044082886267537
1685,17243,91,136,91,136,DepthMid,DepthHigh,DepthHigh--DepthMid,8,0.2482742392854583,5.7750305110921026e-05,0.0030042004316304712
1686,20027,112,148,112,148,DepthLow,DepthMid,DepthLow--DepthMid,10,0.33000289382059445,5.774158258962007e-05,0.0030037466816077328
1687,9474,44,169,44,169,DepthLow,DepthLow,DepthLow--DepthLow,10,0.3433428772592561,5.7736217089472644e-05,0.0030034675655437075
1688,22968,139,173,139,173,DepthHigh,DepthLow,DepthHigh--DepthLow,7,0.23219153614470722,5.771447728739471e-05,0.0030023366499119953
1689,22900,138,200,138,200,DepthHigh,DepthMid,DepthHigh--DepthMid,1,0.07915932676247589,5.7709531600044054e-05,0.0030020793727245413
1690,19050,104,175,104,175,DepthHigh,DepthLow,DepthHigh--DepthLow,2,0.12003051839059316,5.770243217404326e-05,0.003001710056950106
1691,27357,217,233,217,233,DepthMid,DepthMid,DepthMid--DepthMid,8,0.2574446134404096,5.7701396076194204e-05,0.0030016561586096667
1692,17551,93,161,93,161,DepthHigh,DepthMid,DepthHigh--DepthMid,8,0.2523730004653299,5.769198803512182e-05,0.0030011667474975317
1693,3110,13,160,13,160,DepthHigh,DepthMid,DepthHigh--DepthMid,6,0.2087525883499461,5.768712610342479e-05,0.0030009138273220503
1694,21877,128,182,128,182,DepthLow,DepthMid,DepthLow--DepthMid,9,0.2864782345044071,5.768458814196858e-05,0.0030007818012680308
1695,9608,45,114,45,114,DepthHigh,DepthLow,DepthHigh--DepthLow,7,0.22820766507523937,5.767345474820131e-05,0.0030002026364255785
1696,7756,35,197,35,197,DepthLow,DepthMid,DepthLow--DepthMid,9,0.2843762855984692,5.766764249662666e-05,0.002999900280123637
1697,17487,93,97,93,97,DepthHigh,DepthHigh,DepthHigh--DepthHigh,9,0.285388225344575,5.7660514773511334e-05,0.00299952949231882
1698,15117,77,103,77,103,DepthMid,DepthHigh,DepthHigh--DepthMid,4,0.16611774166551824,5.765859148711125e-05,0.002999429441975845
1699,17724,94,194,94,194,DepthLow,DepthMid,DepthLow--DepthMid,6,0.20418892541481137,5.765776733233162e-05,0.002999386569022361
1700,3104,13,154,13,154,DepthHigh,DepthMid,DepthHigh--DepthMid,6,0.21491613588231684,5.7654749804841426e-05,0.0029992295956977858
1701,4669,20,200,20,200,DepthHigh,DepthMid,DepthHigh--DepthMid,6,0.2018765431524763,5.765194190811918e-05,0.0029990835274730596
1702,15170,77,156,77,156,DepthMid,DepthMid,DepthMid--DepthMid,4,0.17301997736465377,5.764364312396899e-05,0.0029986518204737954
1703,20008,112,129,112,129,DepthLow,DepthLow,DepthLow--DepthLow,10,0.3647671776434925,5.764304436415765e-05,0.002998620672681932
1704,11820,57,136,57,136,DepthHigh,DepthHigh,DepthHigh--DepthHigh,4,0.1633382552051568,5.7640652612048986e-05,0.00299849625251301
1705,13524,67,125,67,125,DepthHigh,DepthHigh,DepthHigh--DepthHigh,10,0.3217006020018371,5.762629850158783e-05,0.0029977495443396025
1706,6864,31,107,31,107,DepthLow,DepthHigh,DepthHigh--DepthLow,4,0.16357293224705513,5.7615663069716785e-05,0.002997196283729876
1707,12367,60,158,60,158,DepthMid,DepthMid,DepthMid--DepthMid,8,0.26933760666195555,5.76130758258571e-05,0.0029970616939800025
1708,1193,5,39,5,39,DepthMid,DepthLow,DepthLow--DepthMid,4,0.16219735045844216,5.7605607101984903e-05,0.00299667316714127
1709,18977,103,232,103,232,DepthHigh,DepthHigh,DepthHigh--DepthHigh,10,0.378304228920294,5.7604627901343285e-05,0.0029966222286226846
1710,23127,141,145,141,145,DepthLow,DepthHigh,DepthHigh--DepthLow,3,0.13665544015397818,5.760358183733279e-05,0.0029965678118374257
1711,4363,19,108,19,108,DepthLow,DepthHigh,DepthHigh--DepthLow,6,0.21886419286578238,5.7600731071972095e-05,0.0029964195135641853
1712,23815,148,210,148,210,DepthMid,DepthMid,DepthMid--DepthMid,3,0.13964920893543517,5.759626349310893e-05,0.002996187107824973
1713,12662,62,108,62,108,DepthMid,DepthHigh,DepthHigh--DepthMid,10,0.3283924879592018,5.7591751771758057e-05,0.0029959524057709547
1714,3923,17,99,17,99,DepthHigh,DepthHigh,DepthHigh--DepthHigh,10,0.4073567936896079,5.7582917318786623e-05,0.0029954928330054253
1715,1662,7,53,7,53,DepthHigh,DepthLow,DepthHigh--DepthLow,9,0.2729448307201737,5.75784640745725e-05,0.002995261172961993
1716,10228,48,173,48,173,DepthHigh,DepthLow,DepthHigh--DepthLow,5,0.19634117053042213,5.7562394275271545e-05,0.0029944252137769564
1717,7869,36,112,36,112,DepthLow,DepthLow,DepthLow--DepthLow,10,0.3332205403772558,5.755844290327817e-05,0.002994219661383333
1718,26479,189,209,189,209,DepthMid,DepthMid,DepthMid--DepthMid,7,0.2215829290868603,5.7554452696200694e-05,0.0029940120887687566
1719,8305,38,155,38,155,DepthLow,DepthMid,DepthLow--DepthMid,8,0.2577437727675734,5.754610894081808e-05,0.002993578042342963
1720,8414,39,69,39,69,DepthLow,DepthHigh,DepthHigh--DepthLow,5,0.19009506861642814,5.754148615798691e-05,0.002993337562813893
1721,3973,17,149,17,149,DepthHigh,DepthMid,DepthHigh--DepthMid,7,0.2417308883663738,5.753546673886572e-05,0.0029930244295501415
1722,9644,45,150,45,150,DepthHigh,DepthMid,DepthHigh--DepthMid,9,0.3029210450923447,5.7535034518925394e-05,0.002993001945247612
1723,10766,51,159,51,159,DepthLow,DepthMid,DepthLow--DepthMid,3,0.14809559794995458,5.753502627877902e-05,0.00299300151659098
1724,7775,35,216,35,216,DepthLow,DepthMid,DepthLow--DepthMid,9,0.2818672241009118,5.7533269485918464e-05,0.002992910127327151
1725,9799,46,117,46,117,DepthLow,DepthLow,DepthLow--DepthLow,4,0.1772062357759828,5.752548831861729e-05,0.0029925053470213174
1726,14565,73,185,73,185,DepthHigh,DepthMid,DepthHigh--DepthMid,6,0.2065037969981123,5.752180781915903e-05,0.0029923138855556183
1727,15284,78,114,78,114,DepthHigh,DepthLow,DepthHigh--DepthLow,9,0.31234415183348657,5.752106954570157e-05,0.0029922754801924726
1728,8537,39,192,39,192,DepthLow,DepthMid,DepthLow--DepthMid,9,0.28261741781430183,5.750798088157843e-05,0.0029915946011852936
1729,25616,173,186,173,186,DepthLow,DepthMid,DepthLow--DepthMid,8,0.26332684891355107,5.750533257620268e-05,0.0029914568349840996
1730,9002,42,78,42,78,DepthLow,DepthHigh,DepthHigh--DepthLow,3,0.15445909523647625,5.749326416357715e-05,0.0029908290299820468
1731,19699,109,189,109,189,DepthLow,DepthMid,DepthLow--DepthMid,8,0.26557438690182217,5.749255431773209e-05,0.002990792103437849
1732,26233,184,198,184,198,DepthMid,DepthMid,DepthMid--DepthMid,10,0.5008723367887347,5.7488383991338254e-05,0.002990575160924241
1733,2763,12,34,12,34,DepthLow,DepthLow,DepthLow--DepthLow,2,0.12267853401427192,5.7486537526504323e-05,0.0029904791068784582
1734,7111,32,152,32,152,DepthLow,DepthMid,DepthLow--DepthMid,3,0.15156452473816368,5.7485582233828956e-05,0.0029904294120645146
1735,10754,51,147,51,147,DepthLow,DepthMid,DepthLow--DepthMid,5,0.1882330667837678,5.7469661711677404e-05,0.002989601218353198
1736,15818,81,186,81,186,DepthHigh,DepthMid,DepthHigh--DepthMid,9,0.2721109831673368,5.746877670726332e-05,0.0029895551799705837
1737,6932,31,175,31,175,DepthLow,DepthLow,DepthLow--DepthLow,3,0.13769520191383966,5.7464363911224814e-05,0.0029893256240619507
1738,10613,50,189,50,189,DepthLow,DepthMid,DepthLow--DepthMid,7,0.22552810882052612,5.746034820305551e-05,0.002989116724867525
1739,11659,56,152,56,152,DepthHigh,DepthMid,DepthHigh--DepthMid,3,0.1431870759451879,5.7457737437939315e-05,0.002988980911529848
1740,9883,46,201,46,201,DepthLow,DepthMid,DepthLow--DepthMid,9,0.2744286112685926,5.7454139562944124e-05,0.0029887937482310093
1741,7951,36,194,36,194,DepthLow,DepthMid,DepthLow--DepthMid,6,0.19788289178650142,5.744753445693466e-05,0.0029884501472355433
1742,16323,85,89,85,89,DepthMid,DepthMid,DepthMid--DepthMid,6,0.21622204527664557,5.7445552336290735e-05,0.0029883470363050884
1743,17937,96,130,96,130,DepthHigh,DepthLow,DepthHigh--DepthLow,7,0.21982485596450171,5.744548172524792e-05,0.0029883433630824986
1744,15883,82,99,82,99,DepthHigh,DepthHigh,DepthHigh--DepthHigh,10,0.3902334650920554,5.7437537312069504e-05,0.002987930090642573
1745,8488,39,143,39,143,DepthLow,DepthMid,DepthLow--DepthMid,7,0.23204390410048373,5.7436004590257445e-05,0.0029878503576693787
1746,3600,15,211,15,211,DepthLow,DepthMid,DepthLow--DepthMid,9,0.27439696982780687,5.7429451964365193e-05,0.002987509486716472
1747,24255,154,155,154,155,DepthMid,DepthMid,DepthMid--DepthMid,9,0.287621323009874,5.742839898390868e-05,0.0029874547101341516
1748,16229,84,144,84,144,DepthHigh,DepthHigh,DepthHigh--DepthHigh,5,0.18732553088198697,5.741995718782527e-05,0.00298701556358092
1749,9418,44,113,44,113,DepthLow,DepthLow,DepthLow--DepthLow,10,0.33576828753071125,5.7418645319261134e-05,0.0029869473195067277
1750,7575,34,215,34,215,DepthLow,DepthLow,DepthLow--DepthLow,6,0.2049319576465852,5.7416056865729675e-05,0.0029868126668291094
1751,16197,84,112,84,112,DepthHigh,DepthLow,DepthHigh--DepthLow,9,0.3030681484795448,5.741401840456025e-05,0.00298670662503568
1752,3534,15,145,15,145,DepthLow,DepthHigh,DepthHigh--DepthLow,1,0.09596986216279808,5.741300204253765e-05,0.002986653753363035
1753,10136,48,81,48,81,DepthHigh,DepthHigh,DepthHigh--DepthHigh,7,0.23177612980502552,5.7398272553282334e-05,0.002985887517792616
1754,16673,87,144,87,144,DepthLow,DepthHigh,DepthHigh--DepthLow,8,0.25061687761176693,5.739112154878699e-05,0.0029855155188784938
1755,4529,20,60,20,60,DepthHigh,DepthMid,DepthHigh--DepthMid,6,0.2051874796992056,5.7384818651076567e-05,0.0029851876389134302
1756,9400,44,95,44,95,DepthLow,DepthHigh,DepthHigh--DepthLow,5,0.1913212518311172,5.7381629078288164e-05,0.00298502171570438
1757,20456,115,217,115,217,DepthHigh,DepthMid,DepthHigh--DepthMid,9,0.2799603991403774,5.737249040846484e-05,0.0029845463174225004
1758,4013,17,189,17,189,DepthHigh,DepthMid,DepthHigh--DepthMid,10,0.41444896793070946,5.737077206562485e-05,0.0029844569283484224
1759,18099,97,155,97,155,DepthHigh,DepthMid,DepthHigh--DepthMid,10,0.38936613659617864,5.736590828393323e-05,0.002984203911935275
1760,19262,106,130,106,130,DepthLow,DepthLow,DepthLow--DepthLow,10,0.3491811066694012,5.736565799893744e-05,0.0029841908919816845
1761,7462,34,102,34,102,DepthLow,DepthLow,DepthLow--DepthLow,10,0.32207097502043314,5.735663137765065e-05,0.002983721322522028
1762,10587,50,163,50,163,DepthLow,DepthLow,DepthLow--DepthLow,9,0.2740728307489167,5.735374867571795e-05,0.0029835713628919647
1763,10019,47,150,47,150,DepthMid,DepthMid,DepthMid--DepthMid,4,0.16443146091332628,5.7353645515843786e-05,0.0029835659964625076
1764,26672,193,232,193,232,DepthHigh,DepthHigh,DepthHigh--DepthHigh,5,0.19735006760847343,5.7341854838794456e-05,0.002982952639407289
1765,16260,84,175,84,175,DepthHigh,DepthLow,DepthHigh--DepthLow,3,0.14354464383176732,5.733715212514118e-05,0.00298270800183594
1766,1872,8,37,8,37,DepthMid,DepthHigh,DepthHigh--DepthMid,2,0.10956723888073831,5.7320991343142355e-05,0.00298186730968439
1767,22211,131,204,131,204,DepthLow,DepthLow,DepthLow--DepthLow,3,0.13830482488321535,5.73174761252936e-05,0.0029816844462526174
1768,8278,38,128,38,128,DepthLow,DepthLow,DepthLow--DepthLow,7,0.23815316354102095,5.731473249516434e-05,0.0029815417212089535
1769,6874,31,117,31,117,DepthLow,DepthLow,DepthLow--DepthLow,1,0.08694468837467917,5.7312209828918024e-05,0.002981410490819582
1770,2817,12,88,12,88,DepthLow,DepthLow,DepthLow--DepthLow,10,0.346077055288799,5.730871373095362e-05,0.0029812286220139796
1771,9489,44,184,44,184,DepthLow,DepthMid,DepthLow--DepthMid,9,0.29301750629378986,5.730721682157645e-05,0.0029811507520219795
1772,6084,27,145,27,145,DepthLow,DepthHigh,DepthHigh--DepthLow,6,0.2100786515283041,5.729358281749633e-05,0.0029804415041511036
1773,8473,39,128,39,128,DepthLow,DepthLow,DepthLow--DepthLow,6,0.21606515019574724,5.7289187299649037e-05,0.0029802128470628212
1774,11286,54,136,54,136,DepthLow,DepthHigh,DepthHigh--DepthLow,7,0.22133719390735965,5.728216604373793e-05,0.002979847597736463
1775,7975,36,218,36,218,DepthLow,DepthMid,DepthLow--DepthMid,9,0.29799298163063515,5.7275558465845356e-05,0.002979503868152372
1776,7096,32,137,32,137,DepthLow,DepthLow,DepthLow--DepthLow,5,0.18466277135855835,5.7268483360847456e-05,0.0029791358175689565
1777,23698,147,179,147,179,DepthMid,DepthLow,DepthLow--DepthMid,8,0.24381423285614906,5.726754892995176e-05,0.0029790872079954694
1778,24223,153,203,153,203,DepthMid,DepthMid,DepthMid--DepthMid,10,0.3283541820228231,5.726230356686425e-05,0.0029788143415227938
1779,14470,73,90,73,90,DepthHigh,DepthHigh,DepthHigh--DepthHigh,9,0.2729957669956811,5.7261741352634744e-05,0.002978785094850803
1780,14911,75,212,75,212,DepthHigh,DepthMid,DepthHigh--DepthMid,1,0.006765012722318282,5.725389250423377e-05,0.002978376793739515
1781,8915,41,183,41,183,DepthHigh,DepthMid,DepthHigh--DepthMid,4,0.1627735244447756,5.724665336882524e-05,0.0029780002102101784
1782,1609,6,227,6,227,DepthHigh,DepthHigh,DepthHigh--DepthHigh,9,0.2967483779861441,5.7241198278378555e-05,0.0029777164336129286
1783,1870,8,35,8,35,DepthMid,DepthLow,DepthLow--DepthMid,5,0.19108991015156263,5.723220513118512e-05,0.0029772486054927424
1784,24348,155,169,155,169,DepthMid,DepthLow,DepthLow--DepthMid,9,0.29439587051780436,5.723036772967787e-05,0.002977153022925853
1785,11272,54,122,54,122,DepthLow,DepthLow,DepthLow--DepthLow,10,0.34073863638705,5.7224593324508746e-05,0.0029768526354132987
1786,8367,38,217,38,217,DepthLow,DepthMid,DepthLow--DepthMid,7,0.2267722329825199,5.72214958154033e-05,0.002976691501404159
1787,15880,82,96,82,96,DepthHigh,DepthHigh,DepthHigh--DepthHigh,10,0.3257156435348236,5.7203695968720616e-05,0.0029757655442687924
1788,490,2,26,2,26,DepthMid,DepthLow,DepthLow--DepthMid,6,0.20822591707845794,5.720061682141741e-05,0.0029756053654500037
1789,5880,26,148,26,148,DepthLow,DepthMid,DepthLow--DepthMid,1,0.09456204144088927,5.7196877698124194e-05,0.002975410854342403
1790,12630,62,76,62,76,DepthMid,DepthHigh,DepthHigh--DepthMid,4,0.16909330877313666,5.7195950391350556e-05,0.0029753626153693922
1791,12934,63,209,63,209,DepthMid,DepthMid,DepthMid--DepthMid,5,0.19174656239622373,5.719556904848543e-05,0.0029753427777183565
1792,15950,82,166,82,166,DepthHigh,DepthMid,DepthHigh--DepthMid,10,0.3182519770984963,5.7189750964619615e-05,0.0029750401180176434
1793,14367,72,148,72,148,DepthMid,DepthMid,DepthMid--DepthMid,4,0.1626325216277604,5.718283773890422e-05,0.0029746804884773622
1794,17942,96,135,96,135,DepthHigh,DepthHigh,DepthHigh--DepthHigh,8,0.26426345245602784,5.717677154560645e-05,0.0029743649219970032
1795,7257,33,97,33,97,DepthMid,DepthHigh,DepthHigh--DepthMid,10,0.38013793662170253,5.7167962903168594e-05,0.0029739066919086416
1796,23917,149,227,149,227,DepthMid,DepthHigh,DepthHigh--DepthMid,3,0.15305794410202814,5.716754102699229e-05,0.002973884745694011
1797,7833,36,76,36,76,DepthLow,DepthHigh,DepthHigh--DepthLow,2,0.11360011065270297,5.716584495139655e-05,0.0029737965149733763
1798,20392,115,153,115,153,DepthHigh,DepthMid,DepthHigh--DepthMid,6,0.2121965687268491,5.71533849109598e-05,0.0029731483372921275
1799,3151,13,201,13,201,DepthHigh,DepthMid,DepthHigh--DepthMid,7,0.2281293395315314,5.715140708841999e-05,0.0029730454499512487
1800,11948,58,88,58,88,DepthHigh,DepthLow,DepthHigh--DepthLow,5,0.19248880504995527,5.714932624979587e-05,0.002972937203660935
1801,23121,140,232,140,232,DepthLow,DepthHigh,DepthHigh--DepthLow,8,0.25383698454213444,5.7140021258491934e-05,0.0029724531532505016
1802,25041,164,196,164,196,DepthLow,DepthMid,DepthLow--DepthMid,5,0.1954146449217361,5.7136779893079326e-05,0.00297228453576263
1803,18116,97,172,97,172,DepthHigh,DepthLow,DepthHigh--DepthLow,10,0.3759030801753954,5.713400300999771e-05,0.002972140080883364
1804,10873,52,84,52,84,DepthLow,DepthHigh,DepthHigh--DepthLow,5,0.17792345959219916,5.7129371727209894e-05,0.0029718991591821983
1805,20259,114,139,114,139,DepthLow,DepthHigh,DepthHigh--DepthLow,9,0.3103061963470858,5.710597739869336e-05,0.002970682174238273
1806,1159,4,234,4,234,DepthHigh,DepthLow,DepthHigh--DepthLow,7,0.23073520997801295,5.710112897896619e-05,0.0029704299569623797
1807,3064,13,114,13,114,DepthHigh,DepthLow,DepthHigh--DepthLow,7,0.22828118682616277,5.7097638427837715e-05,0.002970248376706022
1808,2862,12,133,12,133,DepthLow,DepthHigh,DepthHigh--DepthLow,1,0.08294759072172121,5.709383999724939e-05,0.0029700507804025725
1809,4948,22,54,22,54,DepthHigh,DepthLow,DepthHigh--DepthLow,9,0.28689868097034193,5.7087391350910714e-05,0.0029697153185192656
1810,12690,62,136,62,136,DepthMid,DepthHigh,DepthHigh--DepthMid,8,0.25208530936940604,5.708480640184705e-05,0.0029695808481458555
1811,17617,93,227,93,227,DepthHigh,DepthHigh,DepthHigh--DepthHigh,9,0.2885138473093535,5.7077783055652854e-05,0.002969215490081901
1812,9486,44,181,44,181,DepthLow,DepthLow,DepthLow--DepthLow,9,0.2931624121421584,5.7075087840601083e-05,0.00296907528361535
1813,7931,36,174,36,174,DepthLow,DepthLow,DepthLow--DepthLow,7,0.22859701793749673,5.706542890022276e-05,0.002968572820592896
1814,2992,13,42,13,42,DepthHigh,DepthLow,DepthHigh--DepthLow,6,0.19842541792714624,5.705668832024478e-05,0.0029681181311485357
1815,7844,36,87,36,87,DepthLow,DepthLow,DepthLow--DepthLow,6,0.2005869023623732,5.705649973324558e-05,0.002968108320756308
1816,20150,113,150,113,150,DepthLow,DepthMid,DepthLow--DepthMid,9,0.30408975407522965,5.705587004867581e-05,0.0029680755642426814
1817,15546,79,221,79,221,DepthHigh,DepthHigh,DepthHigh--DepthHigh,7,0.22258449967422492,5.704600241096971e-05,0.0029675622446784142
1818,8210,38,60,38,60,DepthLow,DepthMid,DepthLow--DepthMid,6,0.21588849630785126,5.7043324158332286e-05,0.0029674229206053397
1819,15092,77,78,77,78,DepthMid,DepthHigh,DepthHigh--DepthMid,4,0.17355828887952107,5.704043697709224e-05,0.0029672727279594154
1820,6690,30,136,30,136,DepthHigh,DepthHigh,DepthHigh--DepthHigh,8,0.2662583082473484,5.703757727767053e-05,0.0029671239649317477
1821,3628,16,21,16,21,DepthLow,DepthHigh,DepthHigh--DepthLow,5,0.1886077443488108,5.7033455865908716e-05,0.0029669095669823346
1822,9523,44,218,44,218,DepthLow,DepthMid,DepthLow--DepthMid,10,0.3240896253710401,5.70220935963155e-05,0.0029663184959022653
1823,3227,14,57,14,57,DepthLow,DepthHigh,DepthHigh--DepthLow,6,0.19786682138873216,5.701593978892433e-05,0.0029659983716919217
1824,14315,72,96,72,96,DepthMid,DepthHigh,DepthHigh--DepthMid,7,0.22369243235938316,5.7006278618927533e-05,0.002965495792683574
1825,19662,109,152,109,152,DepthLow,DepthMid,DepthLow--DepthMid,4,0.1707893210534588,5.7003666987541576e-05,0.0029653599342821008
1826,8901,41,169,41,169,DepthHigh,DepthLow,DepthHigh--DepthLow,1,0.0988349216738229,5.699834948397021e-05,0.0029650833150245298
1827,10678,51,71,51,71,DepthLow,DepthMid,DepthLow--DepthMid,5,0.1792686138043712,5.699669858203535e-05,0.0029649974342608565
1828,21884,128,189,128,189,DepthLow,DepthMid,DepthLow--DepthMid,10,0.37849145279956853,5.699357810753198e-05,0.0029648351055799617
1829,9817,46,135,46,135,DepthLow,DepthHigh,DepthHigh--DepthLow,9,0.2754242786526516,5.698939096842124e-05,0.0029646172884602146
1830,14954,76,97,76,97,DepthHigh,DepthHigh,DepthHigh--DepthHigh,9,0.27989514532510285,5.69877215844903e-05,0.0029645304462536455
1831,2185,9,125,9,125,DepthMid,DepthHigh,DepthHigh--DepthMid,4,0.17598797005534741,5.696959423806819e-05,0.0029635874524142013
1832,16549,86,167,86,167,DepthHigh,DepthLow,DepthHigh--DepthLow,3,0.1505190817875061,5.696923559896181e-05,0.0029635687958243164
1833,480,2,16,2,16,DepthMid,DepthLow,DepthLow--DepthMid,6,0.19854835489722972,5.6963427705990514e-05,0.0029632666662591524
1834,17347,92,98,92,98,DepthHigh,DepthLow,DepthHigh--DepthLow,7,0.23930627465902654,5.6954778785765515e-05,0.0029628167450020584
1835,3246,14,76,14,76,DepthLow,DepthHigh,DepthHigh--DepthLow,6,0.20615344678328212,5.693882711838406e-05,0.0029619869310999404
1836,16071,83,136,83,136,DepthMid,DepthHigh,DepthHigh--DepthMid,2,0.1242101314000139,5.6937414095939424e-05,0.0029619134249491085
1837,16414,85,180,85,180,DepthMid,DepthLow,DepthLow--DepthMid,5,0.19724189511699433,5.693328012249762e-05,0.0029616983735346724
1838,14855,75,156,75,156,DepthHigh,DepthMid,DepthHigh--DepthMid,6,0.19904395077490228,5.6931270055162254e-05,0.0029615938088030243
1839,14190,71,133,71,133,DepthMid,DepthHigh,DepthHigh--DepthMid,2,0.12063976803653699,5.6930163715830205e-05,0.002961536256464686
1840,2293,9,233,9,233,DepthMid,DepthMid,DepthMid--DepthMid,2,0.12558392990700507,5.6929616515808453e-05,0.002961507790839468
1841,8804,41,72,41,72,DepthHigh,DepthMid,DepthHigh--DepthMid,6,0.21136227289191098,5.691168711553673e-05,0.0029605750942600863
1842,10097,47,228,47,228,DepthMid,DepthHigh,DepthHigh--DepthMid,3,0.14369920960330995,5.689894243577014e-05,0.0029599121094952053
1843,24884,162,180,162,180,DepthMid,DepthLow,DepthLow--DepthMid,4,0.17587934750556822,5.689528620682711e-05,0.002959721910594131
1844,15206,77,192,77,192,DepthMid,DepthMid,DepthMid--DepthMid,4,0.17245859166440058,5.6893030857263975e-05,0.002959604586155446
1845,6077,27,138,27,138,DepthLow,DepthHigh,DepthHigh--DepthLow,4,0.17147827415134184,5.6891854416570164e-05,0.0029595433871083873
1846,24294,154,194,154,194,DepthMid,DepthMid,DepthMid--DepthMid,8,0.2570577258619551,5.688947235816736e-05,0.002959419471211006
1847,2359,10,75,10,75,DepthLow,DepthHigh,DepthHigh--DepthLow,5,0.18602729030038934,5.688888524859712e-05,0.002959388929470647
1848,23122,140,233,140,233,DepthLow,DepthMid,DepthLow--DepthMid,8,0.24398887959465534,5.688692027813161e-05,0.002959286710701252
1849,6083,27,144,27,144,DepthLow,DepthHigh,DepthHigh--DepthLow,6,0.2084620192394911,5.6886869041424784e-05,0.0029592840453415373
1850,7502,34,142,34,142,DepthLow,DepthMid,DepthLow--DepthMid,8,0.2506520180455738,5.687220188390842e-05,0.002958521052300084
1851,11384,54,234,54,234,DepthLow,DepthLow,DepthLow--DepthLow,10,0.34941940923897613,5.68707180122679e-05,0.002958443860537817
1852,3086,13,136,13,136,DepthHigh,DepthHigh,DepthHigh--DepthHigh,4,0.17547838603485494,5.686218410605274e-05,0.0029579999223683854
1853,21036,120,217,120,217,DepthMid,DepthMid,DepthMid--DepthMid,10,0.4083050329079103,5.684200021490682e-05,0.002956949946019757
1854,15139,77,125,77,125,DepthMid,DepthHigh,DepthHigh--DepthMid,5,0.1785520267241707,5.68393256867583e-05,0.002956810815696501
1855,15799,81,167,81,167,DepthHigh,DepthLow,DepthHigh--DepthLow,5,0.17915210837424825,5.683923789781766e-05,0.0029568062488708738
1856,16646,87,117,87,117,DepthLow,DepthLow,DepthLow--DepthLow,6,0.19932393870784998,5.683877675327882e-05,0.0029567822598959245
1857,26913,200,214,200,214,DepthMid,DepthLow,DepthLow--DepthMid,6,0.21371340395059604,5.682493756395691e-05,0.0029560623381837455
1858,16248,84,163,84,163,DepthHigh,DepthLow,DepthHigh--DepthLow,9,0.29937775741503275,5.6807125554363754e-05,0.0029551357483275503
1859,23126,141,144,141,144,DepthLow,DepthHigh,DepthHigh--DepthLow,3,0.14269829233898085,5.680554398260882e-05,0.002955053474155324
1860,990,4,65,4,65,DepthHigh,DepthMid,DepthHigh--DepthMid,7,0.2196798389111046,5.6765812320480286e-05,0.0029529866127545627
1861,6970,31,213,31,213,DepthLow,DepthMid,DepthLow--DepthMid,3,0.1507716966874904,5.6761606483486764e-05,0.002952767822961383
1862,2099,9,39,9,39,DepthMid,DepthLow,DepthLow--DepthMid,2,0.11599694647226878,5.6759201668463826e-05,0.0029526427232529737
1863,17291,91,184,91,184,DepthMid,DepthMid,DepthMid--DepthMid,9,0.2896145138768949,5.674325933238921e-05,0.002951813394770214
1864,14766,74,226,74,226,DepthMid,DepthHigh,DepthHigh--DepthMid,6,0.21287233491224217,5.674209209415674e-05,0.0029517526744399047
1865,22094,130,190,130,190,DepthLow,DepthMid,DepthLow--DepthMid,7,0.2402889007937978,5.6733420383131335e-05,0.0029513015675937076
1866,24867,162,163,162,163,DepthMid,DepthLow,DepthLow--DepthMid,10,0.3193545068651752,5.672063068674652e-05,0.0029506362410413045
1867,26282,185,198,185,198,DepthMid,DepthMid,DepthMid--DepthMid,10,0.5245930542434929,5.672057279268651e-05,0.0029506332293626693
1868,9680,45,186,45,186,DepthHigh,DepthMid,DepthHigh--DepthMid,5,0.17928810886549726,5.671696306854201e-05,0.0029504454496650187
1869,10862,52,73,52,73,DepthLow,DepthHigh,DepthHigh--DepthLow,10,0.3386378929423512,5.670720681736999e-05,0.002949937924485268
1870,24362,155,183,155,183,DepthMid,DepthMid,DepthMid--DepthMid,9,0.2769728361286945,5.670018089393307e-05,0.0029495724323518276
1871,9370,44,65,44,65,DepthLow,DepthMid,DepthLow--DepthMid,10,0.32242033247791535,5.669651158088462e-05,0.002949381552808893
1872,7808,36,51,36,51,DepthLow,DepthLow,DepthLow--DepthLow,2,0.13064798601290042,5.6690466881596204e-05,0.002949067104457902
1873,3148,13,198,13,198,DepthHigh,DepthMid,DepthHigh--DepthMid,9,0.2902311646024892,5.668762193300707e-05,0.0029489191087760953
1874,7102,32,143,32,143,DepthLow,DepthMid,DepthLow--DepthMid,6,0.1982271522411471,5.667121135453244e-05,0.0029480654220840146
1875,845,3,150,3,150,DepthMid,DepthMid,DepthMid--DepthMid,3,0.13409156265964506,5.666705955215674e-05,0.0029478494431993117
1876,24254,153,234,153,234,DepthMid,DepthLow,DepthLow--DepthMid,10,0.3556208642782556,5.6665813581678156e-05,0.00294778462717726
1877,9000,42,76,42,76,DepthLow,DepthHigh,DepthHigh--DepthLow,3,0.1483793255558281,5.666458709231982e-05,0.002947720824573055
1878,10748,51,141,51,141,DepthLow,DepthLow,DepthLow--DepthLow,3,0.15493836962483962,5.666120124899251e-05,0.0029475446912701087
1879,10574,50,150,50,150,DepthLow,DepthMid,DepthLow--DepthMid,7,0.23570991129164867,5.664932528963417e-05,0.0029469268977855233
1880,10623,50,199,50,199,DepthLow,DepthMid,DepthLow--DepthMid,4,0.1594358394467056,5.664821453496826e-05,0.0029468691157592576
1881,23929,150,155,150,155,DepthMid,DepthMid,DepthMid--DepthMid,6,0.21521290672380577,5.6644364492549446e-05,0.002946668834581969
1882,23163,141,181,141,181,DepthLow,DepthLow,DepthLow--DepthLow,5,0.1867484003087647,5.664277830587437e-05,0.0029465863203392345
1883,9976,47,107,47,107,DepthMid,DepthHigh,DepthHigh--DepthMid,3,0.13741677513294384,5.66400003529261e-05,0.0029464418098049576
1884,7515,34,155,34,155,DepthLow,DepthMid,DepthLow--DepthMid,9,0.29995158996708415,5.663753604801446e-05,0.002946313615402088
1885,26839,198,209,198,209,DepthMid,DepthMid,DepthMid--DepthMid,7,0.23087550012647662,5.6631298561546864e-05,0.0029459891381633575
1886,15103,77,89,77,89,DepthMid,DepthMid,DepthMid--DepthMid,1,0.03705313660426333,5.662730137819092e-05,0.0029457812026392046
1887,9949,47,80,47,80,DepthMid,DepthMid,DepthMid--DepthMid,4,0.17461318042992766,5.6625131663288224e-05,0.0029456683329593877
1888,11382,54,232,54,232,DepthLow,DepthHigh,DepthHigh--DepthLow,10,0.4192124883887157,5.6613257831731925e-05,0.0029450506501641537
1889,5672,25,148,25,148,DepthLow,DepthMid,DepthLow--DepthMid,4,0.16273703227043138,5.6608236061132946e-05,0.0029447894150871783
1890,9365,44,60,44,60,DepthLow,DepthMid,DepthLow--DepthMid,9,0.3059695183505906,5.66005469291092e-05,0.002944389422503585
1891,14214,71,157,71,157,DepthMid,DepthHigh,DepthHigh--DepthMid,3,0.1536610294828819,5.6589731367171926e-05,0.002943826791435613
1892,21499,124,234,124,234,DepthLow,DepthLow,DepthLow--DepthLow,4,0.16545071706953207,5.65831069865578e-05,0.002943482187765346
1893,13812,69,82,69,82,DepthHigh,DepthHigh,DepthHigh--DepthHigh,10,0.5726302599109981,5.657377821501862e-05,0.002942996900294903
1894,16674,87,145,87,145,DepthLow,DepthHigh,DepthHigh--DepthLow,8,0.25718280564208584,5.656957557420424e-05,0.002942778276768598
1895,23817,148,212,148,212,DepthMid,DepthMid,DepthMid--DepthMid,2,0.10977626230321655,5.65681053641539e-05,0.0029427017956892457
1896,19503,108,118,108,118,DepthHigh,DepthLow,DepthHigh--DepthLow,5,0.18779611371889313,5.6557320196728975e-05,0.0029421407457593633
1897,9484,44,179,44,179,DepthLow,DepthLow,DepthLow--DepthLow,3,0.13661674828269618,5.6554243274116707e-05,0.002941980682670136
1898,4449,19,194,19,194,DepthLow,DepthMid,DepthLow--DepthMid,9,0.31354929864021835,5.655368147595138e-05,0.0029419514576420167
1899,7095,32,136,32,136,DepthLow,DepthHigh,DepthHigh--DepthLow,5,0.18398913508753756,5.6551214574506676e-05,0.0029418231281661683
1900,6788,30,234,30,234,DepthHigh,DepthLow,DepthHigh--DepthLow,5,0.1898078626543449,5.654280749247773e-05,0.002941385787455819
1901,6804,31,47,31,47,DepthLow,DepthMid,DepthLow--DepthMid,4,0.15640891044260746,5.653868416453567e-05,0.0029411712898257288
1902,23930,150,156,150,156,DepthMid,DepthMid,DepthMid--DepthMid,9,0.3024613568303691,5.65341854168097e-05,0.0029409372626663186
1903,27439,223,234,223,234,DepthMid,DepthLow,DepthLow--DepthMid,7,0.23081045779619236,5.6524441042958444e-05,0.0029404303553508737
1904,6068,27,129,27,129,DepthLow,DepthLow,DepthLow--DepthLow,9,0.31315014442969225,5.651687673978492e-05,0.0029400368564279633
1905,12326,60,117,60,117,DepthMid,DepthLow,DepthLow--DepthMid,1,0.08905338017850382,5.651190884168573e-05,0.0029397784238260017
1906,7532,34,172,34,172,DepthLow,DepthLow,DepthLow--DepthLow,7,0.22671873978780444,5.650288404946364e-05,0.002939308949515227
1907,24529,157,195,157,195,DepthHigh,DepthMid,DepthHigh--DepthMid,4,0.1692735131557597,5.6498966143503335e-05,0.0029391051380417738
1908,26506,190,192,190,192,DepthMid,DepthMid,DepthMid--DepthMid,10,0.6476196107683555,5.6497189337119575e-05,0.002939012707664224
1909,13602,67,203,67,203,DepthHigh,DepthMid,DepthHigh--DepthMid,8,0.26259054591034686,5.6494142360199216e-05,0.0029388542023652178
1910,2955,12,226,12,226,DepthLow,DepthHigh,DepthHigh--DepthLow,2,0.10384652822890432,5.6493733694707354e-05,0.002938832943377154
1911,14612,73,232,73,232,DepthHigh,DepthHigh,DepthHigh--DepthHigh,10,0.777571507711191,5.648397889336994e-05,0.0029383254936185418
1912,16089,83,154,83,154,DepthMid,DepthMid,DepthMid--DepthMid,9,0.29367282592879873,5.647813948034516e-05,0.0029380217243640617
1913,2330,10,46,10,46,DepthLow,DepthLow,DepthLow--DepthLow,3,0.1495926994455751,5.647304522996971e-05,0.0029377567188520154
1914,12837,63,112,63,112,DepthMid,DepthLow,DepthLow--DepthMid,9,0.2920088270662947,5.6472262754678174e-05,0.0029377160140868362
1915,16213,84,128,84,128,DepthHigh,DepthLow,DepthHigh--DepthLow,7,0.2289719288416728,5.646234591568266e-05,0.0029372001350463097
1916,8228,38,78,38,78,DepthLow,DepthHigh,DepthHigh--DepthLow,3,0.14398263474359663,5.64584862662441e-05,0.0029369993541069365
1917,8850,41,118,41,118,DepthHigh,DepthLow,DepthHigh--DepthLow,3,0.1503885704461225,5.645469695467634e-05,0.002936802232179605
1918,6632,30,78,30,78,DepthHigh,DepthHigh,DepthHigh--DepthHigh,9,0.2916581577129887,5.645090988644708e-05,0.0029366052269518906
1919,8457,39,112,39,112,DepthLow,DepthLow,DepthLow--DepthLow,9,0.307733453375496,5.644057092239766e-05,0.002936067388749993
1920,20801,118,211,118,211,DepthLow,DepthMid,DepthLow--DepthMid,3,0.14284858981037107,5.643354890601544e-05,0.0029357020998635385
1921,6834,31,77,31,77,DepthLow,DepthMid,DepthLow--DepthMid,2,0.11801826662623652,5.643282365180319e-05,0.0029356643717681928
1922,1304,5,150,5,150,DepthMid,DepthMid,DepthMid--DepthMid,2,0.12531071499959787,5.6432650407498595e-05,0.0029356553595107915
1923,23136,141,154,141,154,DepthLow,DepthMid,DepthLow--DepthMid,4,0.1642088475858302,5.6431176066184834e-05,0.0029355786635210015
1924,26591,191,234,191,234,DepthMid,DepthLow,DepthLow--DepthMid,6,0.20640162456440353,5.642755332856935e-05,0.002935390206855929
1925,18075,97,131,97,131,DepthHigh,DepthLow,DepthHigh--DepthLow,6,0.20955201932180803,5.642708900018257e-05,0.00293536605225558
1926,2208,9,148,9,148,DepthMid,DepthMid,DepthMid--DepthMid,3,0.13855748597273398,5.642622468073421e-05,0.0029353210899154703
1927,22305,132,196,132,196,DepthLow,DepthMid,DepthLow--DepthMid,8,0.2488532211043688,5.6423747993595134e-05,0.002935192251382792
1928,16199,84,114,84,114,DepthHigh,DepthLow,DepthHigh--DepthLow,9,0.3067615729763124,5.641269458487239e-05,0.0029346172474032962
1929,24745,160,186,160,186,DepthMid,DepthMid,DepthMid--DepthMid,8,0.26180944108635634,5.640882405326818e-05,0.002934415900368096
1930,9292,43,177,43,177,DepthHigh,DepthLow,DepthHigh--DepthLow,6,0.20230972197927677,5.640004635129005e-05,0.0029339592798182865
1931,5917,26,185,26,185,DepthLow,DepthMid,DepthLow--DepthMid,5,0.19494098427809864,5.639389148465804e-05,0.0029336391005056923
1932,14030,70,136,70,136,DepthHigh,DepthHigh,DepthHigh--DepthHigh,4,0.16276455753070185,5.6392512950299334e-05,0.002933567388442743
1933,1898,8,63,8,63,DepthMid,DepthMid,DepthMid--DepthMid,4,0.1697460829279677,5.637752750830326e-05,0.00293278783807974
1934,15033,76,176,76,176,DepthHigh,DepthLow,DepthHigh--DepthLow,8,0.2458535450813298,5.637600144548197e-05,0.002932708451510654
1935,2654,11,147,11,147,DepthLow,DepthMid,DepthLow--DepthMid,8,0.26393036002757886,5.637577632423926e-05,0.002932696740588379
1936,8990,42,66,42,66,DepthLow,DepthHigh,DepthHigh--DepthLow,7,0.22272186968318786,5.6372398117863215e-05,0.0029325210045635466
1937,21503,125,129,125,129,DepthHigh,DepthLow,DepthHigh--DepthLow,7,0.23953421941538572,5.6372306787643766e-05,0.002932516253518783
1938,23535,145,191,145,191,DepthHigh,DepthMid,DepthHigh--DepthMid,5,0.1945678428405688,5.636702984073482e-05,0.00293224174403955
1939,14259,71,202,71,202,DepthMid,DepthMid,DepthMid--DepthMid,7,0.24142688448823488,5.635893167572887e-05,0.002931820473350857
1940,14154,71,97,71,97,DepthMid,DepthHigh,DepthHigh--DepthMid,8,0.2706183479367657,5.635758080026337e-05,0.00293175020011769
1941,23678,147,159,147,159,DepthMid,DepthMid,DepthMid--DepthMid,6,0.21383326107113698,5.6351976550133005e-05,0.0029314586641573472
1942,9452,44,147,44,147,DepthLow,DepthMid,DepthLow--DepthMid,9,0.2949405468532662,5.634753295894791e-05,0.002931227506269426
1943,9097,42,173,42,173,DepthLow,DepthLow,DepthLow--DepthLow,7,0.24001626231364617,5.6338941805118134e-05,0.002930780590049779
1944,9499,44,194,44,194,DepthLow,DepthMid,DepthLow--DepthMid,9,0.2895775613873584,5.633696767176331e-05,0.002930677894622192
1945,14888,75,189,75,189,DepthHigh,DepthMid,DepthHigh--DepthMid,8,0.26871686006708567,5.632969952983501e-05,0.0029302998021588497
1946,24742,160,183,160,183,DepthMid,DepthMid,DepthMid--DepthMid,8,0.24941052203819064,5.632723025181861e-05,0.0029301713490525252
1947,19421,107,162,107,162,DepthHigh,DepthMid,DepthHigh--DepthMid,6,0.2054391988088658,5.631823309209793e-05,0.0029297033121986177
1948,737,3,42,3,42,DepthMid,DepthLow,DepthLow--DepthMid,5,0.19710261390592224,5.631039169948955e-05,0.002929295398941477
1949,23792,148,187,148,187,DepthMid,DepthMid,DepthMid--DepthMid,9,0.2898418099418268,5.630530226418068e-05,0.0029290306439116584
1950,9607,45,113,45,113,DepthHigh,DepthLow,DepthHigh--DepthLow,7,0.22249923450193335,5.630302709738922e-05,0.002928912288570612
1951,6822,31,65,31,65,DepthLow,DepthMid,DepthLow--DepthMid,9,0.2827596418929516,5.6301970225639964e-05,0.002928857309561251
1952,8751,40,212,40,212,DepthHigh,DepthMid,DepthHigh--DepthMid,2,0.11719122241454344,5.630139192495284e-05,0.002928827226063501
1953,14206,71,149,71,149,DepthMid,DepthMid,DepthMid--DepthMid,4,0.16680218502768307,5.6297195383162984e-05,0.0029286089198115733
1954,3533,15,144,15,144,DepthLow,DepthHigh,DepthHigh--DepthLow,1,0.10025848095197556,5.62891207479421e-05,0.0029281888731543435
1955,1307,5,153,5,153,DepthMid,DepthMid,DepthMid--DepthMid,10,0.38171101890477255,5.62861866708922e-05,0.002928036240964387
1956,11666,56,159,56,159,DepthHigh,DepthMid,DepthHigh--DepthMid,3,0.13813147146511595,5.62742702972579e-05,0.00292741634510848
1957,23991,150,217,150,217,DepthMid,DepthMid,DepthMid--DepthMid,9,0.28290408420844937,5.6273905388297606e-05,0.002927397362357585
1958,8218,38,68,38,68,DepthLow,DepthHigh,DepthHigh--DepthLow,4,0.17694236759543577,5.6264607956580066e-05,0.0029269137052007053
1959,6900,31,143,31,143,DepthLow,DepthMid,DepthLow--DepthMid,6,0.2060025369658582,5.6264276506867474e-05,0.002926896463017002
1960,22042,130,138,130,138,DepthLow,DepthHigh,DepthHigh--DepthLow,1,0.09591853086956775,5.626298046684143e-05,0.002926829042351463
1961,10098,47,229,47,229,DepthMid,DepthHigh,DepthHigh--DepthMid,3,0.15523746769800842,5.625486501597577e-05,0.0029264068724435006
1962,1343,5,189,5,189,DepthMid,DepthMid,DepthMid--DepthMid,6,0.20147731464363428,5.625068549806804e-05,0.002926189451782635
1963,7216,33,56,33,56,DepthMid,DepthHigh,DepthHigh--DepthMid,3,0.1399216668952556,5.623970891037694e-05,0.002925618444072527
1964,21859,128,164,128,164,DepthLow,DepthLow,DepthLow--DepthLow,10,0.4163845395750353,5.6238190499492604e-05,0.002925539455561118
1965,6980,31,223,31,223,DepthLow,DepthMid,DepthLow--DepthMid,8,0.2513031167716372,5.623756596515107e-05,0.0029255069669650007
1966,16912,89,92,89,92,DepthMid,DepthHigh,DepthHigh--DepthMid,8,0.2552842809482868,5.623035794425839e-05,0.0029251320020287045
1967,4622,20,153,20,153,DepthHigh,DepthMid,DepthHigh--DepthMid,6,0.2188808358437046,5.62279604091579e-05,0.0029250072810255877
1968,26279,185,195,185,195,DepthMid,DepthMid,DepthMid--DepthMid,6,0.20394169123560996,5.622778210671699e-05,0.0029249980056413466
1969,15968,82,184,82,184,DepthHigh,DepthMid,DepthHigh--DepthMid,7,0.236312332488215,5.6217118046797015e-05,0.0029244432557858613
1970,16064,83,129,83,129,DepthMid,DepthLow,DepthLow--DepthMid,10,0.3617600046608721,5.619479335243232e-05,0.0029232819137580118
1971,23813,148,208,148,208,DepthMid,DepthMid,DepthMid--DepthMid,3,0.14080208217115642,5.619211078512096e-05,0.0029231423652333905
1972,18103,97,159,97,159,DepthHigh,DepthMid,DepthHigh--DepthMid,7,0.22190498134771058,5.618626292451028e-05,0.0029228381565311688
1973,13604,67,205,67,205,DepthHigh,DepthMid,DepthHigh--DepthMid,2,0.1132933117715648,5.618370309756546e-05,0.0029227049930232395
1974,10559,50,135,50,135,DepthLow,DepthHigh,DepthHigh--DepthLow,8,0.2529068843513082,5.6181526387569685e-05,0.0029225917594551004
1975,7097,32,138,32,138,DepthLow,DepthHigh,DepthHigh--DepthLow,4,0.1607988194297491,5.6178989306909746e-05,0.002922459779220554
1976,9706,45,212,45,212,DepthHigh,DepthMid,DepthHigh--DepthMid,1,0.08224078016913029,5.617804711600546e-05,0.002922410765967448
1977,25031,164,186,164,186,DepthLow,DepthMid,DepthLow--DepthMid,10,0.4170274788734129,5.617503256732503e-05,0.0029222539476020815
1978,16238,84,153,84,153,DepthHigh,DepthMid,DepthHigh--DepthMid,4,0.16145861155599334,5.617445701369992e-05,0.0029222240070079035
1979,1867,8,32,8,32,DepthMid,DepthLow,DepthLow--DepthMid,2,0.11261474047990681,5.617276387539576e-05,0.0029221359290866806
1980,2496,10,212,10,212,DepthLow,DepthMid,DepthLow--DepthMid,1,0.05075052868952018,5.61641663756057e-05,0.002921688682746932
1981,6630,30,76,30,76,DepthHigh,DepthHigh,DepthHigh--DepthHigh,9,0.28769729540476224,5.616311097306522e-05,0.002921633780166563
1982,6293,28,148,28,148,DepthLow,DepthMid,DepthLow--DepthMid,9,0.311612585981397,5.6160963318161715e-05,0.0029215220580591957
1983,2493,10,209,10,209,DepthLow,DepthMid,DepthLow--DepthMid,1,0.09304636856831718,5.616062520987054e-05,0.0029215044694928267
1984,8463,39,118,39,118,DepthLow,DepthLow,DepthLow--DepthLow,2,0.13014115769330667,5.6159875221364826e-05,0.0029214654547068744
1985,15958,82,174,82,174,DepthHigh,DepthLow,DepthHigh--DepthLow,9,0.28223224358805193,5.6150779409034914e-05,0.0029209922858937387
1986,8408,39,63,39,63,DepthLow,DepthMid,DepthLow--DepthMid,8,0.26280438918687116,5.614896233786937e-05,0.002920897760921631
1987,26389,187,210,187,210,DepthMid,DepthMid,DepthMid--DepthMid,3,0.13501651305908516,5.6131605715418444e-05,0.0029199948605376663
1988,22397,133,187,133,187,DepthHigh,DepthMid,DepthHigh--DepthMid,5,0.18610960573157442,5.6122468681129655e-05,0.0029195195473371302
1989,22680,136,173,136,173,DepthHigh,DepthLow,DepthHigh--DepthLow,4,0.17099663986963742,5.611779359293362e-05,0.002919276346856207
1990,14521,73,141,73,141,DepthHigh,DepthLow,DepthHigh--DepthLow,9,0.28604306302862714,5.6114607221652495e-05,0.002919110590191204
1991,2303,10,19,10,19,DepthLow,DepthLow,DepthLow--DepthLow,5,0.17948434624564535,5.609738260000815e-05,0.002918214556556763
1992,8432,39,87,39,87,DepthLow,DepthLow,DepthLow--DepthLow,7,0.22460271655806227,5.6092314487103145e-05,0.002917950910729308
1993,7562,34,202,34,202,DepthLow,DepthMid,DepthLow--DepthMid,4,0.16983634520284496,5.60841605014494e-05,0.0029175267362219447
1994,14497,73,117,73,117,DepthHigh,DepthLow,DepthHigh--DepthLow,3,0.15608772534776638,5.6077329498004766e-05,0.002917171383926274
1995,16224,84,139,84,139,DepthHigh,DepthHigh,DepthHigh--DepthHigh,4,0.17750873735840467,5.6076521992747254e-05,0.002917129377089453
1996,10494,50,70,50,70,DepthLow,DepthHigh,DepthHigh--DepthLow,5,0.1968213437166737,5.6073068266889344e-05,0.002916949712502519
1997,15280,78,110,78,110,DepthHigh,DepthHigh,DepthHigh--DepthHigh,3,0.13518880005033446,5.6069372049008275e-05,0.0029167574333564196
1998,25612,173,182,173,182,DepthLow,DepthMid,DepthLow--DepthMid,7,0.2341848150415601,5.6038620311675826e-05,0.002915157712239967
1999,8413,39,68,39,68,DepthLow,DepthHigh,DepthHigh--DepthLow,4,0.15985295082086376,5.6024679430160487e-05,0.0029144325004478344
2000,9067,42,143,42,143,DepthLow,DepthMid,DepthLow--DepthMid,7,0.23920054018998083,5.602464141027151e-05,0.002914430522633749
2001,20688,117,214,117,214,DepthLow,DepthLow,DepthLow--DepthLow,2,0.12349770174568518,5.60242551492532e-05,0.0029144104291378673
2002,17660,94,130,94,130,DepthLow,DepthLow,DepthLow--DepthLow,4,0.15956316259080586,5.602242624041886e-05,0.0029143152883641696
2003,20881,119,176,119,176,DepthHigh,DepthLow,DepthHigh--DepthLow,7,0.2302047504601225,5.601656675641144e-05,0.0029140104750068996
2004,27252,212,223,212,223,DepthMid,DepthMid,DepthMid--DepthMid,2,0.11686363301847788,5.601648861213333e-05,0.002914006409901554
2005,11721,56,214,56,214,DepthHigh,DepthLow,DepthHigh--DepthLow,1,0.10314432743708209,5.601489868257912e-05,0.002913923700952331
2006,22367,133,157,133,157,DepthHigh,DepthHigh,DepthHigh--DepthHigh,5,0.17871021059445025,5.6014380012959396e-05,0.0029138967194932293
2007,12492,61,110,61,110,DepthHigh,DepthHigh,DepthHigh--DepthHigh,6,0.20147307611115978,5.60137163378649e-05,0.0029138621947751085
2008,14033,70,139,70,139,DepthHigh,DepthHigh,DepthHigh--DepthHigh,7,0.23525056659068022,5.601353667086515e-05,0.0029138528484058185
2009,16514,86,132,86,132,DepthHigh,DepthLow,DepthHigh--DepthLow,3,0.15347740089141268,5.6009214117485344e-05,0.002913627986966482
2010,14182,71,125,71,125,DepthMid,DepthHigh,DepthHigh--DepthMid,9,0.28645051685276945,5.599190152546097e-05,0.002912727377067844
2011,24814,161,182,161,182,DepthMid,DepthMid,DepthMid--DepthMid,9,0.2933130768526306,5.598643780108689e-05,0.0029124431513292714
2012,10507,50,83,50,83,DepthLow,DepthMid,DepthLow--DepthMid,9,0.28223640945539585,5.596603403218114e-05,0.002911381736827031
2013,17605,93,215,93,215,DepthHigh,DepthLow,DepthHigh--DepthLow,4,0.17552492275577147,5.596585864384389e-05,0.0029113726130359538
2014,19673,109,163,109,163,DepthLow,DepthLow,DepthLow--DepthLow,9,0.29052410966900666,5.5961450898468744e-05,0.0029111433198654143
2015,10405,49,165,49,165,DepthMid,DepthMid,DepthMid--DepthMid,5,0.1883144191012313,5.595313299225973e-05,0.0029107106181268626
2016,15967,82,183,82,183,DepthHigh,DepthMid,DepthHigh--DepthMid,7,0.23729908938048128,5.594998949343157e-05,0.002910547091708807
2017,12800,63,75,63,75,DepthMid,DepthHigh,DepthHigh--DepthMid,2,0.11678883126782812,5.5944775916206806e-05,0.0029102758787529813
2018,5514,24,199,24,199,DepthHigh,DepthMid,DepthHigh--DepthMid,8,0.25358251693387684,5.5937277851605374e-05,0.002909885825594496
2019,15804,81,172,81,172,DepthHigh,DepthLow,DepthHigh--DepthLow,7,0.2297407377139617,5.593598833825495e-05,0.0029098187444499637
2020,19695,109,185,109,185,DepthLow,DepthMid,DepthLow--DepthMid,7,0.22394296660301416,5.5935985542329e-05,0.0029098185990044643
2021,7505,34,145,34,145,DepthLow,DepthHigh,DepthHigh--DepthLow,7,0.22798718299746407,5.5917855325111505e-05,0.002908875455824775
2022,25672,174,182,174,182,DepthLow,DepthMid,DepthLow--DepthMid,8,0.2646905649150463,5.591067500559508e-05,0.0029085019319282507
2023,4788,21,106,21,106,DepthHigh,DepthLow,DepthHigh--DepthLow,9,0.304099084111473,5.5908892506827904e-05,0.0029084092054300023
2024,14828,75,129,75,129,DepthHigh,DepthLow,DepthHigh--DepthLow,6,0.20017782737093243,5.589643623761324e-05,0.0029077612239296565
2025,20887,119,182,119,182,DepthHigh,DepthMid,DepthHigh--DepthMid,9,0.2948188591808669,5.589482641048854e-05,0.002907677479898632
2026,23437,144,182,144,182,DepthHigh,DepthMid,DepthHigh--DepthMid,7,0.2403340622923291,5.5884566006327266e-05,0.0029071437284223273
2027,1897,8,62,8,62,DepthMid,DepthMid,DepthMid--DepthMid,6,0.21460079853450242,5.587917423012509e-05,0.0029068632454644847
2028,8932,41,200,41,200,DepthHigh,DepthMid,DepthHigh--DepthMid,4,0.16998654015047385,5.5879139247049714e-05,0.0029068614256269974
2029,20025,112,146,112,146,DepthLow,DepthHigh,DepthHigh--DepthLow,9,0.29543716815252374,5.587473162731669e-05,0.0029066321389924245
2030,7289,33,129,33,129,DepthMid,DepthLow,DepthLow--DepthMid,6,0.21424804149694984,5.587155102703141e-05,0.0029064666825375798
2031,5915,26,183,26,183,DepthLow,DepthMid,DepthLow--DepthMid,4,0.167862763907678,5.5870977462950375e-05,0.002906436845440503
2032,11595,56,88,56,88,DepthHigh,DepthLow,DepthHigh--DepthLow,3,0.1487615306089743,5.586453491973232e-05,0.002906101701044654
2033,23818,148,213,148,213,DepthMid,DepthMid,DepthMid--DepthMid,3,0.14233144343444804,5.586385419922864e-05,0.002906066289615623
2034,10881,52,92,52,92,DepthLow,DepthHigh,DepthHigh--DepthLow,8,0.25463527988315715,5.5861153043576224e-05,0.002905925774115985
2035,18597,101,115,101,115,DepthHigh,DepthHigh,DepthHigh--DepthHigh,9,0.3014503549555978,5.5845568990291405e-05,0.002905115083687339
2036,13147,65,83,65,83,DepthMid,DepthMid,DepthMid--DepthMid,10,0.4980554194933727,5.584343122378912e-05,0.0029050038759796644
2037,11702,56,195,56,195,DepthHigh,DepthMid,DepthHigh--DepthMid,2,0.1129756235986721,5.584200776998032e-05,0.0029049298271839295
2038,23315,143,150,143,150,DepthMid,DepthMid,DepthMid--DepthMid,9,0.3098731417995084,5.5841773439240404e-05,0.0029049176371788955
2039,2047,8,212,8,212,DepthMid,DepthMid,DepthMid--DepthMid,5,0.18385127901972775,5.584089567843098e-05,0.0029048719756123035
2040,5648,25,124,25,124,DepthLow,DepthLow,DepthLow--DepthLow,2,0.12640211492966555,5.583661783121878e-05,0.002904649439810689
2041,5996,27,57,27,57,DepthLow,DepthHigh,DepthHigh--DepthLow,3,0.13795853969510252,5.583390502627676e-05,0.0029045083183090433
2042,1688,7,79,7,79,DepthHigh,DepthHigh,DepthHigh--DepthHigh,9,0.27894549796826845,5.582972853676281e-05,0.002904291055186772
2043,17545,93,155,93,155,DepthHigh,DepthMid,DepthHigh--DepthMid,6,0.21533245048743255,5.5817809066910254e-05,0.0029036709982640067
2044,18400,99,185,99,185,DepthHigh,DepthMid,DepthHigh--DepthMid,10,0.373905579942794,5.581462695097554e-05,0.002903505462964302
2045,20268,114,148,114,148,DepthLow,DepthMid,DepthLow--DepthMid,10,0.33496918349073096,5.58143840741943e-05,0.0029034928283898243
2046,8952,41,220,41,220,DepthHigh,DepthMid,DepthHigh--DepthMid,10,0.3186180006085312,5.581361340778482e-05,0.002903452737928734
2047,18283,98,203,98,203,DepthLow,DepthMid,DepthLow--DepthMid,9,0.27645826543205215,5.581352480010927e-05,0.0029034481285120975
2048,13944,69,214,69,214,DepthHigh,DepthLow,DepthHigh--DepthLow,7,0.237562471702953,5.580892154583679e-05,0.0029032086648686463
2049,23403,144,148,144,148,DepthHigh,DepthMid,DepthHigh--DepthMid,10,0.3576209159834876,5.580299035871383e-05,0.0029029001214786044
2050,533,2,69,2,69,DepthMid,DepthHigh,DepthHigh--DepthMid,6,0.20725944598491777,5.580010163073327e-05,0.002902749848370447
2051,24885,162,181,162,181,DepthMid,DepthLow,DepthLow--DepthMid,5,0.18615035195595184,5.579453244021501e-05,0.0029024601362290714
2052,9829,46,147,46,147,DepthLow,DepthMid,DepthLow--DepthMid,6,0.21601973656663423,5.579291464282486e-05,0.0029023759775807585
2053,14032,70,138,70,138,DepthHigh,DepthHigh,DepthHigh--DepthHigh,6,0.20155446275555505,5.578958302100634e-05,0.002902202664908453
2054,7877,36,120,36,120,DepthLow,DepthMid,DepthLow--DepthMid,8,0.25317567750334913,5.5784025068844366e-05,0.0029019135373921237
2055,20972,120,153,120,153,DepthMid,DepthMid,DepthMid--DepthMid,9,0.3039793415368938,5.576715591881524e-05,0.0029010359955730564
2056,11852,57,168,57,168,DepthHigh,DepthLow,DepthHigh--DepthLow,3,0.15452116490102139,5.576612411865773e-05,0.002900982320800731
2057,19179,105,175,105,175,DepthHigh,DepthLow,DepthHigh--DepthLow,2,0.10463002614240789,5.576385638828693e-05,0.0029008643523060935
2058,14344,72,125,72,125,DepthMid,DepthHigh,DepthHigh--DepthMid,8,0.25462061897711147,5.575710857801254e-05,0.0029005133277617222
2059,17506,93,116,93,116,DepthHigh,DepthHigh,DepthHigh--DepthHigh,6,0.20849660514602997,5.575363794543571e-05,0.0029003327836786157
2060,22228,131,221,131,221,DepthLow,DepthHigh,DepthHigh--DepthLow,4,0.1768860324096953,5.5750273031797244e-05,0.0029001577391487964
2061,12631,62,77,62,77,DepthMid,DepthMid,DepthMid--DepthMid,6,0.2111556187735376,5.5749758102248963e-05,0.002900130952250126
2062,9788,46,106,46,106,DepthLow,DepthLow,DepthLow--DepthLow,10,0.35323402842649837,5.573628572222893e-05,0.0028994301121455833
2063,26057,180,228,180,228,DepthLow,DepthHigh,DepthHigh--DepthLow,7,0.22575071685705583,5.573181031467544e-05,0.002899197299153893
2064,7098,32,139,32,139,DepthLow,DepthHigh,DepthHigh--DepthLow,4,0.16829813634383728,5.5731224175284075e-05,0.0028991668078827363
2065,20161,113,161,113,161,DepthLow,DepthMid,DepthLow--DepthMid,10,0.3169992888864513,5.572156560753766e-05,0.002898664364244785
2066,7610,35,51,35,51,DepthLow,DepthLow,DepthLow--DepthLow,4,0.1626381043622992,5.571887761924334e-05,0.0028985245337178555
2067,9809,46,127,46,127,DepthLow,DepthHigh,DepthHigh--DepthLow,10,0.4119177060759075,5.571664873866419e-05,0.002898408586209265
2068,11144,53,174,53,174,DepthLow,DepthLow,DepthLow--DepthLow,10,0.3839310725242536,5.571654676504322e-05,0.0028984032814893066
2069,24071,151,214,151,214,DepthMid,DepthLow,DepthLow--DepthMid,4,0.15984614395016666,5.57076643597402e-05,0.0028979412142189436
2070,20753,118,163,118,163,DepthLow,DepthLow,DepthLow--DepthLow,7,0.22948140033128878,5.570418347341542e-05,0.002897760136730621
2071,7500,34,140,34,140,DepthLow,DepthLow,DepthLow--DepthLow,7,0.2323053725308438,5.570364092628161e-05,0.0028977319131510146
2072,17006,89,186,89,186,DepthMid,DepthMid,DepthMid--DepthMid,10,0.31907894851410556,5.570129420355923e-05,0.0028976098354338152
2073,9479,44,174,44,174,DepthLow,DepthLow,DepthLow--DepthLow,10,0.33287973717278435,5.569231617579555e-05,0.0028971427938341036
2074,23931,150,157,150,157,DepthMid,DepthHigh,DepthHigh--DepthMid,7,0.23259589843806938,5.5691363999812624e-05,0.0028970932611520964
2075,10739,51,132,51,132,DepthLow,DepthLow,DepthLow--DepthLow,3,0.15287060115301498,5.5690846958718386e-05,0.0028970663644097244
2076,19057,104,182,104,182,DepthHigh,DepthMid,DepthHigh--DepthMid,3,0.15521496636984322,5.5683023671466475e-05,0.002896659393002494
2077,9427,44,122,44,122,DepthLow,DepthLow,DepthLow--DepthLow,6,0.21272074428013535,5.568074599596557e-05,0.0028965409071570985
2078,23710,147,191,147,191,DepthMid,DepthMid,DepthMid--DepthMid,2,0.12720051818468453,5.56769996929822e-05,0.0028963460225583408
2079,13137,65,73,65,73,DepthMid,DepthHigh,DepthHigh--DepthMid,10,0.34010276743372003,5.567525399349902e-05,0.0028962552103776818
2080,19098,104,223,104,223,DepthHigh,DepthMid,DepthHigh--DepthMid,6,0.19843922508512601,5.567291601737251e-05,0.0028961335876628766
2081,21028,120,209,120,209,DepthMid,DepthMid,DepthMid--DepthMid,9,0.3137169779337037,5.567015119879604e-05,0.0028959897603853435
2082,22202,131,195,131,195,DepthLow,DepthMid,DepthLow--DepthMid,7,0.22163344020568013,5.5660512318917215e-05,0.0028954883409203418
2083,22707,136,200,136,200,DepthHigh,DepthMid,DepthHigh--DepthMid,1,0.06565187255654241,5.566041097973608e-05,0.0028954830692042685
2084,3630,16,23,16,23,DepthLow,DepthHigh,DepthHigh--DepthLow,2,0.12243958144943012,5.565766221351005e-05,0.0028953400769782213
2085,10622,50,198,50,198,DepthLow,DepthMid,DepthLow--DepthMid,6,0.2076714502965881,5.5654332138640694e-05,0.0028951668447790035
2086,13600,67,201,67,201,DepthHigh,DepthMid,DepthHigh--DepthMid,8,0.2516699238084465,5.564928277883503e-05,0.0028949041744973747
2087,20412,115,173,115,173,DepthHigh,DepthLow,DepthHigh--DepthLow,8,0.26926550707551117,5.564870849475467e-05,0.0028948742999455645
2088,17591,93,201,93,201,DepthHigh,DepthMid,DepthHigh--DepthMid,6,0.20591047024938988,5.563823516551251e-05,0.0028943294719975653
2089,26099,181,217,181,217,DepthLow,DepthMid,DepthLow--DepthMid,8,0.2621987379475944,5.5637690275073865e-05,0.0028943011265180423
2090,4882,21,200,21,200,DepthHigh,DepthMid,DepthHigh--DepthMid,6,0.20187704288160538,5.563524528248054e-05,0.002894173936751857
2091,23856,149,166,149,166,DepthMid,DepthMid,DepthMid--DepthMid,10,0.3661771119429978,5.562910132453255e-05,0.002893854324914589
2092,19708,109,198,109,198,DepthLow,DepthMid,DepthLow--DepthMid,9,0.2759610855455505,5.562172792145263e-05,0.002893470756712261
2093,16172,84,87,84,87,DepthHigh,DepthLow,DepthHigh--DepthLow,5,0.18483513686875241,5.56164064681753e-05,0.002893193931988964
2094,6850,31,93,31,93,DepthLow,DepthHigh,DepthHigh--DepthLow,4,0.16027852989066124,5.5615872640011834e-05,0.002893166161974658
2095,10849,52,60,52,60,DepthLow,DepthMid,DepthLow--DepthMid,10,0.42930461019713556,5.561249161585312e-05,0.002892990279367329
2096,18810,102,196,102,196,DepthLow,DepthMid,DepthLow--DepthMid,8,0.2690206069199045,5.5611765504485606e-05,0.0028929525066823275
2097,11514,55,185,55,185,DepthLow,DepthMid,DepthLow--DepthMid,9,0.2881614765928156,5.561109271432428e-05,0.0028929175077937646
2098,17295,91,188,91,188,DepthMid,DepthMid,DepthMid--DepthMid,8,0.24651136854728145,5.561046658719586e-05,0.002892884936340058
2099,9906,46,224,46,224,DepthLow,DepthLow,DepthLow--DepthLow,6,0.2176617128868201,5.560731143798161e-05,0.002892720803862955
2100,10496,50,72,50,72,DepthLow,DepthMid,DepthLow--DepthMid,3,0.15295430514156474,5.559923174438648e-05,0.0028923004940665078
2101,17709,94,179,94,179,DepthLow,DepthLow,DepthLow--DepthLow,2,0.10421680412672399,5.559863911181743e-05,0.002892269665016924
2102,5060,22,166,22,166,DepthHigh,DepthMid,DepthHigh--DepthMid,8,0.2513534204962217,5.559507505812706e-05,0.0028920842611196737
2103,1876,8,41,8,41,DepthMid,DepthHigh,DepthHigh--DepthMid,1,0.08743185655350791,5.559354693060377e-05,0.002892004767143733
2104,14038,70,144,70,144,DepthHigh,DepthHigh,DepthHigh--DepthHigh,8,0.2517693159990499,5.559197611797093e-05,0.002891923052666545
2105,5707,25,183,25,183,DepthLow,DepthMid,DepthLow--DepthMid,4,0.17473689874247683,5.558541261632403e-05,0.002891581615951315
2106,79,0,80,0,80,DepthLow,DepthMid,DepthLow--DepthMid,3,0.15384550763741914,5.556956207761167e-05,0.0028907570628143265
2107,16144,83,209,83,209,DepthMid,DepthMid,DepthMid--DepthMid,10,0.37767090349400523,5.5569272577958756e-05,0.0028907420028942
2108,16200,84,115,84,115,DepthHigh,DepthHigh,DepthHigh--DepthHigh,6,0.20997297046809396,5.556896272792125e-05,0.0028907258843366506
2109,27278,213,228,213,228,DepthMid,DepthHigh,DepthHigh--DepthMid,8,0.2666222831150619,5.5561575660078286e-05,0.002890341605286355
2110,10475,50,51,50,51,DepthLow,DepthLow,DepthLow--DepthLow,10,0.7582028739169329,5.555602494058944e-05,0.002890052854017384
2111,26341,186,209,186,209,DepthMid,DepthMid,DepthMid--DepthMid,6,0.2138433920319316,5.554950830297421e-05,0.0028897138551930686
2112,8955,41,223,41,223,DepthHigh,DepthMid,DepthHigh--DepthMid,9,0.29966116421812433,5.554074532770199e-05,0.0028892580007340383
2113,18307,98,227,98,227,DepthLow,DepthHigh,DepthHigh--DepthLow,9,0.27568630219105056,5.5540429705928446e-05,0.002889241581927826
2114,23718,147,199,147,199,DepthMid,DepthMid,DepthMid--DepthMid,7,0.22122045410164212,5.551511249276804e-05,0.002887924567540489
2115,8226,38,76,38,76,DepthLow,DepthHigh,DepthHigh--DepthLow,2,0.13233026604810613,5.551483093965926e-05,0.0028879099210036563
2116,20454,115,215,115,215,DepthHigh,DepthLow,DepthHigh--DepthLow,4,0.15797940991559523,5.551052750095956e-05,0.002887686053919763
2117,26504,189,234,189,234,DepthMid,DepthLow,DepthLow--DepthMid,8,0.2498801457077899,5.5501514546262256e-05,0.0028872171954030866
2118,8656,40,117,40,117,DepthHigh,DepthLow,DepthHigh--DepthLow,3,0.15095747154729708,5.549876902854658e-05,0.0028870743721662114
2119,12337,60,128,60,128,DepthMid,DepthLow,DepthLow--DepthMid,8,0.2518231873901318,5.549404850287835e-05,0.002886828808004727
2120,6726,30,172,30,172,DepthHigh,DepthLow,DepthHigh--DepthLow,9,0.2813621425019623,5.549002617181738e-05,0.0028866195642840865
2121,491,2,27,2,27,DepthMid,DepthLow,DepthLow--DepthMid,5,0.1852586103054883,5.5483808491857844e-05,0.0028862961173900434
2122,20024,112,145,112,145,DepthLow,DepthHigh,DepthHigh--DepthLow,9,0.28080982125034587,5.548357412811919e-05,0.0028862839256683986
2123,347,1,115,1,115,DepthMid,DepthHigh,DepthHigh--DepthMid,4,0.16948869552087034,5.5481543550499735e-05,0.002886178293981274
2124,24328,154,228,154,228,DepthMid,DepthHigh,DepthHigh--DepthMid,8,0.25211136178395066,5.547970616110501e-05,0.002886082712044484
2125,16074,83,139,83,139,DepthMid,DepthHigh,DepthHigh--DepthMid,3,0.14844524882972118,5.547770383791844e-05,0.0028859785501674203
2126,19552,108,167,108,167,DepthHigh,DepthLow,DepthHigh--DepthLow,1,0.09382296176726104,5.5471319160985575e-05,0.0028856464160053464
2127,17412,92,163,92,163,DepthHigh,DepthLow,DepthHigh--DepthLow,10,0.3227529866982793,5.545901187634383e-05,0.002885006184758742
2128,22244,132,135,132,135,DepthLow,DepthHigh,DepthHigh--DepthLow,1,0.056432177040529045,5.5453965872461214e-05,0.0028847436890539484
2129,6055,27,116,27,116,DepthLow,DepthHigh,DepthHigh--DepthLow,5,0.1782352584728423,5.5452592783409175e-05,0.0028846722602586393
2130,8687,40,148,40,148,DepthHigh,DepthMid,DepthHigh--DepthMid,9,0.2878886570412478,5.545255825329302e-05,0.0028846704639843225
2131,20233,113,233,113,233,DepthLow,DepthMid,DepthLow--DepthMid,10,0.31432402058396053,5.544312601612531e-05,0.0028841797941789237
2132,23881,149,191,149,191,DepthMid,DepthMid,DepthMid--DepthMid,2,0.11175019698863266,5.54403206511566e-05,0.0028840338576573126
2133,8420,39,75,39,75,DepthLow,DepthHigh,DepthHigh--DepthLow,4,0.16226963409174516,5.543882508384679e-05,0.0028839560574803434
2134,16271,84,186,84,186,DepthHigh,DepthMid,DepthHigh--DepthMid,7,0.23275828428784107,5.54288385406037e-05,0.0028834365523891796
2135,10551,50,127,50,127,DepthLow,DepthHigh,DepthHigh--DepthLow,10,0.3747828400853814,5.542835969087778e-05,0.002883411642381336
2136,5125,22,231,22,231,DepthHigh,DepthHigh,DepthHigh--DepthHigh,8,0.26042027376966764,5.542078945174138e-05,0.0028830178346665983
2137,23986,150,212,150,212,DepthMid,DepthMid,DepthMid--DepthMid,2,0.10551773584086306,5.5418861283830684e-05,0.002882917530384942
2138,22357,133,147,133,147,DepthHigh,DepthMid,DepthHigh--DepthMid,7,0.2420012636145165,5.541880872991273e-05,0.0028829147965032304
2139,3938,17,114,17,114,DepthHigh,DepthLow,DepthHigh--DepthLow,9,0.2853919362983411,5.541270802301158e-05,0.0028825974346075576
2140,1738,7,129,7,129,DepthHigh,DepthLow,DepthHigh--DepthLow,4,0.15740780600874282,5.540462514608104e-05,0.002882176959212373
2141,4277,19,22,19,22,DepthLow,DepthHigh,DepthHigh--DepthLow,5,0.19423998824700114,5.5403317525762e-05,0.002882108936134065
2142,13575,67,176,67,176,DepthHigh,DepthLow,DepthHigh--DepthLow,8,0.2639050865127777,5.538966445993756e-05,0.0028813986966614927
2143,5848,26,116,26,116,DepthLow,DepthHigh,DepthHigh--DepthLow,6,0.2108562303308297,5.5387013257659744e-05,0.0028812607797619708
2144,18047,97,103,97,103,DepthHigh,DepthHigh,DepthHigh--DepthHigh,10,0.42541980646463695,5.538678756298051e-05,0.002881249039009234
2145,22034,129,234,129,234,DepthLow,DepthLow,DepthLow--DepthLow,10,0.31573802738006745,5.5386545655487395e-05,0.002881236454857621
2146,12327,60,118,60,118,DepthMid,DepthLow,DepthLow--DepthMid,1,0.08870258748918662,5.538093904094047e-05,0.002880944795899118
2147,8851,41,119,41,119,DepthHigh,DepthHigh,DepthHigh--DepthHigh,8,0.24374028286703195,5.537551831253057e-05,0.0028806628068326103
2148,18013,96,206,96,206,DepthHigh,DepthLow,DepthHigh--DepthLow,4,0.1601438324862175,5.537525535831117e-05,0.0028806491278195226
2149,7411,34,51,34,51,DepthLow,DepthLow,DepthLow--DepthLow,2,0.12118499535089367,5.537257968410948e-05,0.0028805099378779947
2150,17779,95,110,95,110,DepthHigh,DepthHigh,DepthHigh--DepthHigh,4,0.1752884933460062,5.536881762775297e-05,0.002880314233780703
2151,16908,88,233,88,233,DepthLow,DepthMid,DepthLow--DepthMid,10,0.32903668760794497,5.536779501990811e-05,0.002880261037197187
2152,5131,23,26,23,26,DepthHigh,DepthLow,DepthHigh--DepthLow,3,0.14589762985379248,5.5363953592142226e-05,0.002880061204158553
2153,9125,42,201,42,201,DepthLow,DepthMid,DepthLow--DepthMid,6,0.21879892818621305,5.5357155751480634e-05,0.002879707577007831
2154,20684,117,210,117,210,DepthLow,DepthMid,DepthLow--DepthMid,2,0.12203126616371028,5.5353675258395623e-05,0.002879526519976042
2155,26342,186,210,186,210,DepthMid,DepthMid,DepthMid--DepthMid,7,0.22034135524296672,5.535128740796939e-05,0.0028794023027746375
2156,19692,109,182,109,182,DepthLow,DepthMid,DepthLow--DepthMid,5,0.19471911396939987,5.5351209136310394e-05,0.002879398231042873
2157,3539,15,150,15,150,DepthLow,DepthMid,DepthLow--DepthMid,1,0.09442591803423972,5.534026859952103e-05,0.0028788290987191256
2158,25674,174,184,174,184,DepthLow,DepthMid,DepthLow--DepthMid,9,0.28142776421471355,5.533327693330242e-05,0.002878465388663717
2159,8272,38,122,38,122,DepthLow,DepthLow,DepthLow--DepthLow,5,0.1916593193242828,5.533196728072107e-05,0.0028783972598660835
2160,20018,112,139,112,139,DepthLow,DepthHigh,DepthHigh--DepthLow,9,0.27222736144584303,5.5327125516355055e-05,0.002878145388805484
2161,21029,120,210,120,210,DepthMid,DepthMid,DepthMid--DepthMid,9,0.3092339945624193,5.5326855514098974e-05,0.0028781313431499207
2162,1664,7,55,7,55,DepthHigh,DepthLow,DepthHigh--DepthLow,10,0.34207829391945516,5.532415451643952e-05,0.0028779908358691577
2163,17690,94,160,94,160,DepthLow,DepthMid,DepthLow--DepthMid,2,0.11807169850130658,5.531183611052448e-05,0.0028773500260882243
2164,22186,131,179,131,179,DepthLow,DepthLow,DepthLow--DepthLow,3,0.13418246045862517,5.530364899764432e-05,0.002876924128285587
2165,14694,74,154,74,154,DepthMid,DepthMid,DepthMid--DepthMid,8,0.25152722650323317,5.5300818751277716e-05,0.0028767768974209216
2166,22570,135,161,135,161,DepthHigh,DepthMid,DepthHigh--DepthMid,4,0.17444108377670695,5.5298835668234594e-05,0.002876673736425968
2167,17646,94,116,94,116,DepthLow,DepthHigh,DepthHigh--DepthLow,5,0.1944003562746602,5.529803629148599e-05,0.002876632152438341
2168,14868,75,169,75,169,DepthHigh,DepthLow,DepthHigh--DepthLow,7,0.23530375176723975,5.528846157927343e-05,0.002876134071008183
2169,19145,105,141,105,141,DepthHigh,DepthLow,DepthHigh--DepthLow,6,0.2058348575325128,5.526921789619991e-05,0.0028751330047647305
2170,24494,157,160,157,160,DepthHigh,DepthMid,DepthHigh--DepthMid,7,0.24121136463419013,5.526596884030677e-05,0.002874963987214125
2171,20495,116,138,116,138,DepthHigh,DepthHigh,DepthHigh--DepthHigh,7,0.22022687963841914,5.525475843090176e-05,0.0028743808159787765
2172,23907,149,217,149,217,DepthMid,DepthMid,DepthMid--DepthMid,8,0.25957672214001215,5.5248605921563876e-05,0.0028740607592938295
2173,23504,145,160,145,160,DepthHigh,DepthMid,DepthHigh--DepthMid,4,0.17086362891016946,5.5246932013424444e-05,0.0028739736817356186
2174,14946,76,89,76,89,DepthHigh,DepthMid,DepthHigh--DepthMid,2,0.1255775976125936,5.524656558427902e-05,0.0028739546199039153
2175,617,2,153,2,153,DepthMid,DepthMid,DepthMid--DepthMid,10,0.3310598086104031,5.524141223953928e-05,0.0028736865402727908
2176,8811,41,79,41,79,DepthHigh,DepthHigh,DepthHigh--DepthHigh,4,0.1629187495058252,5.524038097138929e-05,0.0028736328931757687
2177,4453,19,198,19,198,DepthLow,DepthMid,DepthLow--DepthMid,6,0.20587073536960493,5.52352067047341e-05,0.0028733637251758936
2178,23758,148,153,148,153,DepthMid,DepthMid,DepthMid--DepthMid,4,0.164307913306006,5.522884062735786e-05,0.0028730325585722754
2179,3153,13,203,13,203,DepthHigh,DepthMid,DepthHigh--DepthMid,6,0.21045921364192716,5.5226271199346925e-05,0.002872898895611973
2180,3210,14,40,14,40,DepthLow,DepthHigh,DepthHigh--DepthLow,6,0.20877868096337598,5.522617402125214e-05,0.002872893840357741
2181,16191,84,106,84,106,DepthHigh,DepthLow,DepthHigh--DepthLow,9,0.30400078488731286,5.521565337746028e-05,0.0028723465510826487
2182,1806,7,197,7,197,DepthHigh,DepthMid,DepthHigh--DepthMid,6,0.20506261005391216,5.5212714502294616e-05,0.002872193669292254
2183,27296,214,226,214,226,DepthLow,DepthHigh,DepthHigh--DepthLow,7,0.21954819908264717,5.521202565001132e-05,0.0028721578348438847
2184,5049,22,155,22,155,DepthHigh,DepthMid,DepthHigh--DepthMid,7,0.23560443189508468,5.5211724261399014e-05,0.0028721421564540054
2185,2083,9,23,9,23,DepthMid,DepthHigh,DepthHigh--DepthMid,1,0.09957069508910407,5.5204187173829796e-05,0.0028717500733007615
2186,22039,130,135,130,135,DepthLow,DepthHigh,DepthHigh--DepthLow,2,0.10572713380916114,5.520363542250622e-05,0.0028717213709144925
2187,22855,138,155,138,155,DepthHigh,DepthMid,DepthHigh--DepthMid,3,0.13613237598394848,5.5203622101409666e-05,0.0028717206779442315
2188,10054,47,185,47,185,DepthMid,DepthMid,DepthMid--DepthMid,2,0.1127011410886741,5.520242475100211e-05,0.002871658391163161
2189,2495,10,211,10,211,DepthLow,DepthMid,DepthLow--DepthMid,1,0.09589829855050834,5.5197720826811685e-05,0.00287141369061905
2190,12390,60,181,60,181,DepthMid,DepthLow,DepthLow--DepthMid,8,0.2495734900741641,5.518871344950434e-05,0.002870945122241054
2191,14376,72,157,72,157,DepthMid,DepthHigh,DepthHigh--DepthMid,3,0.14610086406009587,5.518848095308555e-05,0.0028709330276583444
2192,23131,141,149,141,149,DepthLow,DepthMid,DepthLow--DepthMid,3,0.13546890489435723,5.5187263390103095e-05,0.0028708696894087816
2193,23884,149,194,149,194,DepthMid,DepthMid,DepthMid--DepthMid,2,0.13072942420457834,5.518404041135969e-05,0.0028707020284048533
2194,8283,38,133,38,133,DepthLow,DepthHigh,DepthHigh--DepthLow,6,0.20998604513070135,5.5177943720493804e-05,0.0028703848754253903
2195,22849,138,149,138,149,DepthHigh,DepthMid,DepthHigh--DepthMid,10,0.3289113997455024,5.517688536570568e-05,0.0028703298192675883
2196,8497,39,152,39,152,DepthLow,DepthMid,DepthLow--DepthMid,5,0.1857743215216544,5.517310483822205e-05,0.0028701331542928094
2197,18323,99,108,99,108,DepthHigh,DepthHigh,DepthHigh--DepthHigh,9,0.2853123159584326,5.517206854300677e-05,0.002870079245685278
2198,16617,87,88,87,88,DepthLow,DepthLow,DepthLow--DepthLow,9,0.29503726895222276,5.516498141847302e-05,0.0028697105698394553
2199,7259,33,99,33,99,DepthMid,DepthHigh,DepthHigh--DepthMid,10,0.43532909230715444,5.5164954137932294e-05,0.0028697091506917627
2200,6846,31,89,31,89,DepthLow,DepthMid,DepthLow--DepthMid,7,0.23447666901444475,5.5161290912223194e-05,0.0028695185878153365
2201,16240,84,155,84,155,DepthHigh,DepthMid,DepthHigh--DepthMid,4,0.17077625154303508,5.515949319810055e-05,0.0028694250698065083
2202,20256,114,136,114,136,DepthLow,DepthHigh,DepthHigh--DepthLow,9,0.28416473340594206,5.5158890549645653e-05,0.002869393719725416
2203,20130,113,130,113,130,DepthLow,DepthLow,DepthLow--DepthLow,7,0.22789700009685962,5.5152229024503704e-05,0.0028690471837777994
2204,3792,16,185,16,185,DepthLow,DepthMid,DepthLow--DepthMid,4,0.17665754106118253,5.51494142432175e-05,0.0028689007574145323
2205,20305,114,185,114,185,DepthLow,DepthMid,DepthLow--DepthMid,10,0.359902257016467,5.514891528119949e-05,0.0028688748011549596
2206,6401,29,51,29,51,DepthHigh,DepthLow,DepthHigh--DepthLow,8,0.26181772237592144,5.5143904570052404e-05,0.0028686141413963324
2207,503,2,39,2,39,DepthMid,DepthLow,DepthLow--DepthMid,2,0.11390391388615838,5.512968370201782e-05,0.0028678743645621564
2208,3928,17,104,17,104,DepthHigh,DepthHigh,DepthHigh--DepthHigh,7,0.2287607619672723,5.511894149780266e-05,0.0028673155496004373
2209,3070,13,120,13,120,DepthHigh,DepthMid,DepthHigh--DepthMid,9,0.28953906704616017,5.511536322003612e-05,0.0028671294057594633
2210,15742,81,110,81,110,DepthHigh,DepthHigh,DepthHigh--DepthHigh,7,0.23988258035795654,5.511178598507319e-05,0.0028669433161656677
2211,14830,75,131,75,131,DepthHigh,DepthLow,DepthHigh--DepthLow,5,0.18774749749449013,5.510749603299633e-05,0.0028667201506627975
2212,25578,172,209,172,209,DepthLow,DepthMid,DepthLow--DepthMid,4,0.16518498671518855,5.510338118160256e-05,0.002866506093987088
2213,1815,7,206,7,206,DepthHigh,DepthLow,DepthHigh--DepthLow,3,0.13675684361923432,5.5102606628063654e-05,0.0028664658013155355
2214,19574,108,189,108,189,DepthHigh,DepthMid,DepthHigh--DepthMid,9,0.2735965936746691,5.510109834644413e-05,0.0028663873397336667
2215,19335,106,203,106,203,DepthLow,DepthMid,DepthLow--DepthMid,10,0.3298537774151728,5.5098767383178886e-05,0.0028662660818314944
2216,21802,127,213,127,213,DepthHigh,DepthMid,DepthHigh--DepthMid,5,0.18530277612144025,5.509684519076146e-05,0.002866166088398057
2217,15563,80,84,80,84,DepthMid,DepthHigh,DepthHigh--DepthMid,3,0.1561959467131411,5.509480514843399e-05,0.002866059964351977
2218,10083,47,214,47,214,DepthMid,DepthLow,DepthLow--DepthMid,5,0.19061576073469907,5.509237434209762e-05,0.002865933512562139
2219,17373,92,124,92,124,DepthHigh,DepthLow,DepthHigh--DepthLow,5,0.1862950526463216,5.5079300080267966e-05,0.0028652533827696397
2220,9629,45,135,45,135,DepthHigh,DepthHigh,DepthHigh--DepthHigh,7,0.23769998041957913,5.50789095959808e-05,0.00286523306957715
2221,20844,119,139,119,139,DepthHigh,DepthHigh,DepthHigh--DepthHigh,9,0.29700010610131566,5.507396417220444e-05,0.0028649758061009656
2222,19598,108,213,108,213,DepthHigh,DepthMid,DepthHigh--DepthMid,4,0.16909063993694273,5.5072771570457553e-05,0.002864913766347654
2223,6825,31,68,31,68,DepthLow,DepthHigh,DepthHigh--DepthLow,4,0.16141229606531687,5.5068124171852774e-05,0.002864672006293441
2224,26388,187,209,187,209,DepthMid,DepthMid,DepthMid--DepthMid,3,0.13576248764042398,5.506769266348635e-05,0.00286464955900735
2225,18974,103,229,103,229,DepthHigh,DepthHigh,DepthHigh--DepthHigh,9,0.2973575357342893,5.5064221557538734e-05,0.0028644689902992534
2226,11898,57,214,57,214,DepthHigh,DepthLow,DepthHigh--DepthLow,3,0.1363449250136089,5.505907374724008e-05,0.002864201198572587
2227,17483,92,234,92,234,DepthHigh,DepthLow,DepthHigh--DepthLow,8,0.25010694775990483,5.505787346926825e-05,0.0028641387594981246
2228,11043,53,73,53,73,DepthLow,DepthHigh,DepthHigh--DepthLow,10,0.32819790017809064,5.5057253642960366e-05,0.0028641065158163275
2229,9797,46,115,46,115,DepthLow,DepthHigh,DepthHigh--DepthLow,10,0.318493515278881,5.5054750141933316e-05,0.0028639762824114717
2230,16171,84,86,84,86,DepthHigh,DepthHigh,DepthHigh--DepthHigh,5,0.19595770159910236,5.505179601084113e-05,0.0028638226069999705
2231,1923,8,88,8,88,DepthMid,DepthLow,DepthLow--DepthMid,3,0.13688782720911144,5.505073779819561e-05,0.0028637675582364997
2232,10238,48,183,48,183,DepthHigh,DepthMid,DepthHigh--DepthMid,5,0.19660333507096778,5.504872888230591e-05,0.0028636630534036446
2233,8771,40,232,40,232,DepthHigh,DepthHigh,DepthHigh--DepthHigh,10,0.3270625526426572,5.5041055973273803e-05,0.0028632639047483804
2234,14499,73,119,73,119,DepthHigh,DepthHigh,DepthHigh--DepthHigh,9,0.27369431205531985,5.502583735920562e-05,0.0028624722246548356
2235,7835,36,78,36,78,DepthLow,DepthHigh,DepthHigh--DepthLow,2,0.12723418266003172,5.5013740493059336e-05,0.002861842939486069
2236,17515,93,125,93,125,DepthHigh,DepthHigh,DepthHigh--DepthHigh,8,0.2564969332169014,5.501254519025114e-05,0.0028617807592221656
2237,5662,25,138,25,138,DepthLow,DepthHigh,DepthHigh--DepthLow,3,0.1382736887365065,5.498407052922304e-05,0.002860299492780597
2238,7273,33,113,33,113,DepthMid,DepthLow,DepthLow--DepthMid,9,0.2905765758913451,5.4983888424819706e-05,0.0028602900196163248
2239,26046,180,217,180,217,DepthLow,DepthMid,DepthLow--DepthMid,8,0.27171652015021663,5.497766095874305e-05,0.0028599660636434597
2240,10839,51,232,51,232,DepthLow,DepthHigh,DepthHigh--DepthLow,8,0.25890164040152935,5.497252072957742e-05,0.0028596986662912135
2241,23713,147,194,147,194,DepthMid,DepthMid,DepthMid--DepthMid,3,0.13788084269372972,5.49711979108722e-05,0.002859629852585077
2242,23035,140,146,140,146,DepthLow,DepthHigh,DepthHigh--DepthLow,3,0.1368707746092091,5.496850727871446e-05,0.0028594898845230193
2243,1173,5,19,5,19,DepthMid,DepthLow,DepthLow--DepthMid,10,0.3206752477906998,5.496194069449217e-05,0.002859148287450639
2244,8803,41,71,41,71,DepthHigh,DepthMid,DepthHigh--DepthMid,6,0.21418772939930195,5.495924558813055e-05,0.002859008086638205
2245,22255,132,146,132,146,DepthLow,DepthHigh,DepthHigh--DepthLow,1,0.09756277505861936,5.4957913447951104e-05,0.002858938788024208
2246,26435,188,210,188,210,DepthMid,DepthMid,DepthMid--DepthMid,2,0.1158851533253831,5.495778306913218e-05,0.0028589320056513125
2247,3631,16,24,16,24,DepthLow,DepthHigh,DepthHigh--DepthLow,6,0.21075969958396493,5.495719755955534e-05,0.0028589015471434296
2248,10679,51,72,51,72,DepthLow,DepthMid,DepthLow--DepthMid,4,0.1742251598061359,5.495458905352151e-05,0.002858765851324374
2249,11668,56,161,56,161,DepthHigh,DepthMid,DepthHigh--DepthMid,3,0.14782824854604606,5.495299430501455e-05,0.0028586828916907624
2250,17361,92,112,92,112,DepthHigh,DepthLow,DepthHigh--DepthLow,6,0.20802261255207735,5.4950633454833246e-05,0.002858560079055919
2251,9057,42,133,42,133,DepthLow,DepthHigh,DepthHigh--DepthLow,8,0.24586891904823252,5.493828037262853e-05,0.0028579174653966476
2252,12964,64,69,64,69,DepthMid,DepthHigh,DepthHigh--DepthMid,10,0.32296334664363485,5.4935889278108916e-05,0.0028577930794358446
2253,292,1,60,1,60,DepthMid,DepthMid,DepthMid--DepthMid,4,0.17606463185603738,5.493328509715103e-05,0.002857657608609453
2254,22853,138,153,138,153,DepthHigh,DepthMid,DepthHigh--DepthMid,2,0.1040090876533442,5.49312961022833e-05,0.0028575541400783573
2255,8689,40,150,40,150,DepthHigh,DepthMid,DepthHigh--DepthMid,9,0.278251833163932,5.492243500947262e-05,0.0028570931814947548
2256,6977,31,220,31,220,DepthLow,DepthMid,DepthLow--DepthMid,7,0.24132649282055793,5.491493586784774e-05,0.0028567030723089582
2257,14788,75,89,75,89,DepthHigh,DepthMid,DepthHigh--DepthMid,2,0.12907652158745275,5.491077292930358e-05,0.002856486514115072
2258,14039,70,145,70,145,DepthHigh,DepthHigh,DepthHigh--DepthHigh,8,0.25629053207201735,5.49100567289469e-05,0.0028564492570059266
2259,1428,6,46,6,46,DepthHigh,DepthLow,DepthHigh--DepthLow,6,0.21522219244293708,5.490747766920958e-05,0.002856315092998288
2260,17935,96,128,96,128,DepthHigh,DepthLow,DepthHigh--DepthLow,8,0.25371662288534175,5.489907751874399e-05,0.002855878112871412
2261,4977,22,83,22,83,DepthHigh,DepthMid,DepthHigh--DepthMid,8,0.26329784897203623,5.488960690172815e-05,0.0028553854465266687
2262,25603,172,234,172,234,DepthLow,DepthLow,DepthLow--DepthLow,10,0.34055046770680003,5.488858337571909e-05,0.002855332202179781
2263,10323,49,83,49,83,DepthMid,DepthMid,DepthMid--DepthMid,6,0.20713960035380766,5.488291282478434e-05,0.002855037217217658
2264,21006,120,187,120,187,DepthMid,DepthMid,DepthMid--DepthMid,8,0.24318416872544887,5.488107686620855e-05,0.0028549417097128013
2265,13611,67,212,67,212,DepthHigh,DepthMid,DepthHigh--DepthMid,6,0.20076514014545657,5.486869959016714e-05,0.002854297837477761
2266,9203,43,88,43,88,DepthHigh,DepthLow,DepthHigh--DepthLow,7,0.21943652176006978,5.4867437745412606e-05,0.0028542321956677493
2267,7149,32,190,32,190,DepthLow,DepthMid,DepthLow--DepthMid,7,0.23782386228908473,5.486404827819992e-05,0.002854055873848431
2268,21230,122,186,122,186,DepthLow,DepthMid,DepthLow--DepthMid,6,0.20230735539310865,5.486001598630319e-05,0.0028538461119600156
2269,12395,60,186,60,186,DepthMid,DepthMid,DepthMid--DepthMid,9,0.3069082096589689,5.485943051848549e-05,0.0028538156556244644
2270,11444,55,115,55,115,DepthLow,DepthHigh,DepthHigh--DepthLow,8,0.24384615953297686,5.484696247024918e-05,0.0028531670613733836
2271,18171,97,227,97,227,DepthHigh,DepthHigh,DepthHigh--DepthHigh,10,0.3207789463124373,5.484537450931265e-05,0.0028530844548326603
2272,23626,146,194,146,194,DepthHigh,DepthMid,DepthHigh--DepthMid,8,0.24333389679567635,5.4844227433144995e-05,0.0028530247833432826
2273,24992,163,217,163,217,DepthLow,DepthMid,DepthLow--DepthMid,10,0.4072023318916743,5.4840712235744114e-05,0.002852841920975219
2274,3769,16,162,16,162,DepthLow,DepthMid,DepthLow--DepthMid,8,0.2438187279760903,5.4833487354168525e-05,0.0028524660789375675
2275,4743,21,61,21,61,DepthHigh,DepthHigh,DepthHigh--DepthHigh,5,0.18677995535247735,5.483174702564992e-05,0.0028523755461572348
2276,5987,27,48,27,48,DepthLow,DepthHigh,DepthHigh--DepthLow,3,0.155454345182576,5.483082654196905e-05,0.002852327662125002
2277,11613,56,106,56,106,DepthHigh,DepthLow,DepthHigh--DepthLow,4,0.1761897211898404,5.483080224708137e-05,0.0028523263982925093
2278,2260,9,200,9,200,DepthMid,DepthMid,DepthMid--DepthMid,1,0.09660958468500373,5.4827610541012416e-05,0.002852160364109113
2279,9116,42,192,42,192,DepthLow,DepthMid,DepthLow--DepthMid,9,0.2853787854026947,5.482395342833435e-05,0.00285197011923569
2280,10113,48,58,48,58,DepthHigh,DepthHigh,DepthHigh--DepthHigh,4,0.1674887627482696,5.4802149032621145e-05,0.0028508358434100084
2281,22333,132,224,132,224,DepthLow,DepthLow,DepthLow--DepthLow,1,0.06607508916978778,5.4801564547137655e-05,0.0028508054381759856
2282,17433,92,184,92,184,DepthHigh,DepthMid,DepthHigh--DepthMid,4,0.1587319270228836,5.4798803861805543e-05,0.0028506618259119395
2283,22847,138,147,138,147,DepthHigh,DepthMid,DepthHigh--DepthMid,9,0.30857983560005137,5.4790028087209515e-05,0.0028502053056255333
2284,11703,56,196,56,196,DepthHigh,DepthMid,DepthHigh--DepthMid,1,0.06316296326569426,5.4789833059663244e-05,0.002850195160192751
2285,12789,63,64,63,64,DepthMid,DepthMid,DepthMid--DepthMid,10,0.44523737401290414,5.478621848333927e-05,0.00285000712808224
2286,12312,60,103,60,103,DepthMid,DepthHigh,DepthHigh--DepthMid,9,0.2963368765841328,5.478432990379369e-05,0.0028499088832076008
2287,26017,180,188,180,188,DepthLow,DepthMid,DepthLow--DepthMid,5,0.1928298906365336,5.477735651559006e-05,0.002849546123983887
2288,16973,89,153,89,153,DepthMid,DepthMid,DepthMid--DepthMid,10,0.44304384201297753,5.4777341513012694e-05,0.0028495453435421333
2289,22688,136,181,136,181,DepthHigh,DepthLow,DepthHigh--DepthLow,7,0.2370416163691456,5.47756379497254e-05,0.0028494567233079515
2290,8583,40,44,40,44,DepthHigh,DepthLow,DepthHigh--DepthLow,7,0.237466556642159,5.4768609754204195e-05,0.002849091112979524
2291,26322,186,190,186,190,DepthMid,DepthMid,DepthMid--DepthMid,9,0.30582767778482733,5.476385008611955e-05,0.002848843512609503
2292,4328,19,73,19,73,DepthLow,DepthHigh,DepthHigh--DepthLow,6,0.20619775002146312,5.475807416483703e-05,0.002848543046227954
2293,8356,38,206,38,206,DepthLow,DepthLow,DepthLow--DepthLow,4,0.17546131737986412,5.475409270722713e-05,0.00284833592876516
2294,27009,203,214,203,214,DepthMid,DepthLow,DepthLow--DepthMid,4,0.17273909630877884,5.4752442734944755e-05,0.0028482500963624845
2295,10435,49,195,49,195,DepthMid,DepthMid,DepthMid--DepthMid,5,0.18316521385488463,5.475045370679916e-05,0.0028481466261002573
2296,15132,77,118,77,118,DepthMid,DepthLow,DepthLow--DepthMid,2,0.11891894124560186,5.47482887130727e-05,0.002848034002018445
2297,14192,71,135,71,135,DepthMid,DepthHigh,DepthHigh--DepthMid,2,0.12379577695802102,5.47471137055378e-05,0.0028479728775250464
2298,9080,42,156,42,156,DepthLow,DepthMid,DepthLow--DepthMid,9,0.30260326078294797,5.473473653431191e-05,0.002847329010742563
2299,2362,10,78,10,78,DepthLow,DepthHigh,DepthHigh--DepthLow,5,0.1962296964891305,5.4730210330531664e-05,0.0028470935553051567
2300,1340,5,186,5,186,DepthMid,DepthMid,DepthMid--DepthMid,5,0.180085055636463,5.472759210141079e-05,0.002846957353686136
2301,24231,153,211,153,211,DepthMid,DepthMid,DepthMid--DepthMid,10,0.39285057001642326,5.4726254622514226e-05,0.002846887777349342
2302,12836,63,111,63,111,DepthMid,DepthLow,DepthLow--DepthMid,7,0.23867660084558037,5.471714660796583e-05,0.0028464139737705554
2303,13910,69,180,69,180,DepthHigh,DepthLow,DepthHigh--DepthLow,8,0.26348129863288317,5.471414639721846e-05,0.0028462579012718055
2304,10568,50,144,50,144,DepthLow,DepthHigh,DepthHigh--DepthLow,9,0.27563961550396876,5.4710826420757094e-05,0.00284608519439694
2305,2511,10,227,10,227,DepthLow,DepthHigh,DepthHigh--DepthLow,4,0.1623873785206725,5.4709924477171005e-05,0.0028460382748299274
2306,8916,41,184,41,184,DepthHigh,DepthMid,DepthHigh--DepthMid,4,0.16224421162100433,5.470717940457731e-05,0.0028458954747485254
2307,21953,129,153,129,153,DepthLow,DepthMid,DepthLow--DepthMid,10,0.34728693920103837,5.4705980267220056e-05,0.002845833095009417
2308,9352,44,47,44,47,DepthLow,DepthMid,DepthLow--DepthMid,3,0.14357048209177867,5.4702722987461415e-05,0.002845663649649119
2309,10823,51,216,51,216,DepthLow,DepthMid,DepthLow--DepthMid,8,0.27136956277054225,5.469847066069132e-05,0.0028454424414339654
2310,20668,117,194,117,194,DepthLow,DepthMid,DepthLow--DepthMid,6,0.19939633469498272,5.469290240665294e-05,0.002845152778008752
2311,11029,53,59,53,59,DepthLow,DepthHigh,DepthHigh--DepthLow,8,0.25895271192464653,5.4692738355723964e-05,0.0028451442439954566
2312,8627,40,88,40,88,DepthHigh,DepthLow,DepthHigh--DepthLow,9,0.3114019137716285,5.469253987205473e-05,0.0028451339187733887
2313,4437,19,182,19,182,DepthLow,DepthMid,DepthLow--DepthMid,4,0.16227971557902757,5.469248448048667e-05,0.0028451310372756655
2314,12010,58,150,58,150,DepthHigh,DepthMid,DepthHigh--DepthMid,6,0.20435393903289079,5.4690529278357565e-05,0.00284502932666013
2315,10779,51,172,51,172,DepthLow,DepthLow,DepthLow--DepthLow,5,0.1822869089502801,5.4690388693248926e-05,0.0028450220133508196
2316,20148,113,148,113,148,DepthLow,DepthMid,DepthLow--DepthMid,9,0.30151828310421763,5.4686728884700905e-05,0.0028448316282368618
2317,24530,157,196,157,196,DepthHigh,DepthMid,DepthHigh--DepthMid,5,0.18228198499518367,5.467964005486788e-05,0.0028444628636804976
2318,14544,73,164,73,164,DepthHigh,DepthLow,DepthHigh--DepthLow,8,0.2460936264744692,5.467555349797428e-05,0.0028442502788991694
2319,5339,23,234,23,234,DepthHigh,DepthLow,DepthHigh--DepthLow,4,0.1703332599030088,5.467473893148721e-05,0.0028442079047335724
2320,22210,131,203,131,203,DepthLow,DepthMid,DepthLow--DepthMid,8,0.25680521952503543,5.467427218394473e-05,0.0028441836242875055
2321,9642,45,148,45,148,DepthHigh,DepthMid,DepthHigh--DepthMid,10,0.3270967937454212,5.4671750548721805e-05,0.0028440524475324986
2322,15326,78,156,78,156,DepthHigh,DepthMid,DepthHigh--DepthMid,6,0.21017139437429233,5.467087409910297e-05,0.002844006854174712
2323,6086,27,147,27,147,DepthLow,DepthMid,DepthLow--DepthMid,2,0.1291676458787243,5.4668774529843804e-05,0.0028438976335071757
2324,14490,73,110,73,110,DepthHigh,DepthHigh,DepthHigh--DepthHigh,6,0.21563173448629902,5.466714138687908e-05,0.002843812676574219
2325,20258,114,138,114,138,DepthLow,DepthHigh,DepthHigh--DepthLow,9,0.2870530707669889,5.466016073334702e-05,0.0028434495394044014
2326,13362,66,130,66,130,DepthHigh,DepthLow,DepthHigh--DepthLow,4,0.1675988572812349,5.4654534923306526e-05,0.002843156881886498
2327,1431,6,49,6,49,DepthHigh,DepthMid,DepthHigh--DepthMid,4,0.1714548129372993,5.463878831507824e-05,0.0028423377352664887
2328,14134,71,77,71,77,DepthMid,DepthMid,DepthMid--DepthMid,5,0.1929543178710599,5.4630470935958657e-05,0.002841905060947399
2329,6789,31,32,31,32,DepthLow,DepthLow,DepthLow--DepthLow,10,0.5254340707542566,5.4629245208463026e-05,0.0028418412979756822
2330,22003,129,203,129,203,DepthLow,DepthMid,DepthLow--DepthMid,8,0.2681120927886927,5.462917470985575e-05,0.0028418376306020465
2331,8290,38,140,38,140,DepthLow,DepthLow,DepthLow--DepthLow,6,0.19957127201308583,5.4626150371380734e-05,0.0028416803029665547
2332,14776,75,77,75,77,DepthHigh,DepthMid,DepthHigh--DepthMid,4,0.16036393078342642,5.4621723903279454e-05,0.002841450035830218
2333,7685,35,126,35,126,DepthLow,DepthLow,DepthLow--DepthLow,10,0.33173322793826004,5.4619113866987894e-05,0.002841314260406372
2334,6949,31,192,31,192,DepthLow,DepthMid,DepthLow--DepthMid,5,0.1790999560285032,5.461805314890546e-05,0.00284125908130879
2335,26640,193,200,193,200,DepthHigh,DepthMid,DepthHigh--DepthMid,2,0.11333941002809587,5.461409143911809e-05,0.0028410529911378317
2336,9362,44,57,44,57,DepthLow,DepthHigh,DepthHigh--DepthLow,7,0.22066755546997735,5.4602984286635775e-05,0.0028404751913804543
2337,15011,76,154,76,154,DepthHigh,DepthMid,DepthHigh--DepthMid,9,0.3009282951991992,5.4600575358305953e-05,0.002840349877695716
2338,4803,21,121,21,121,DepthHigh,DepthHigh,DepthHigh--DepthHigh,7,0.23092536936657282,5.459586391347503e-05,0.0028401047859240363
2339,7042,32,83,32,83,DepthLow,DepthMid,DepthLow--DepthMid,8,0.25244240586483246,5.459311564334022e-05,0.002839961819504909
2340,21821,127,232,127,232,DepthHigh,DepthHigh,DepthHigh--DepthHigh,10,0.37986462830066875,5.459157541406005e-05,0.002839881695989381
2341,18814,102,200,102,200,DepthLow,DepthMid,DepthLow--DepthMid,9,0.307939536109049,5.45905486963247e-05,0.002839828285607258
2342,23869,149,179,149,179,DepthMid,DepthLow,DepthLow--DepthMid,7,0.22037718071410436,5.45902733789679e-05,0.0028398139634574346
2343,16814,88,139,88,139,DepthLow,DepthHigh,DepthHigh--DepthLow,9,0.2825619746031966,5.4587446280401066e-05,0.0028396668963429246
2344,14,0,15,0,15,DepthLow,DepthLow,DepthLow--DepthLow,2,0.12690476589001,5.458520185425442e-05,0.002839550140145956
2345,26390,187,211,187,211,DepthMid,DepthMid,DepthMid--DepthMid,3,0.14832269130468823,5.458081200644319e-05,0.002839321778015852
2346,12875,63,150,63,150,DepthMid,DepthMid,DepthMid--DepthMid,9,0.29526556113215713,5.457022610971085e-05,0.0028387710942493955
2347,16648,87,119,87,119,DepthLow,DepthHigh,DepthHigh--DepthLow,9,0.3092976257530173,5.456907591984912e-05,0.0028387112607840587
2348,7272,33,112,33,112,DepthMid,DepthLow,DepthLow--DepthMid,9,0.2808490053994309,5.4565103342977564e-05,0.002838504605301818
2349,26180,183,195,183,195,DepthMid,DepthMid,DepthMid--DepthMid,5,0.18220741149873207,5.456489434187561e-05,0.0028384937329575164
2350,10224,48,169,48,169,DepthHigh,DepthLow,DepthHigh--DepthLow,8,0.2531591054200288,5.456425267070488e-05,0.002838460352894773
2351,24526,157,192,157,192,DepthHigh,DepthMid,DepthHigh--DepthMid,2,0.12826884679482825,5.455253651596713e-05,0.002837850872528347
2352,13648,68,83,68,83,DepthHigh,DepthMid,DepthHigh--DepthMid,8,0.24757555931606823,5.455234414281333e-05,0.0028378408651784193
2353,14996,76,139,76,139,DepthHigh,DepthHigh,DepthHigh--DepthHigh,5,0.19499845210363378,5.454973854453362e-05,0.0028377053206222213
2354,18960,103,215,103,215,DepthHigh,DepthLow,DepthHigh--DepthLow,7,0.22154213913469203,5.454871625299369e-05,0.0028376521404930495
2355,14796,75,97,75,97,DepthHigh,DepthHigh,DepthHigh--DepthHigh,9,0.2860119919233966,5.453565022429776e-05,0.00283697243899238
2356,21892,128,197,128,197,DepthLow,DepthMid,DepthLow--DepthMid,7,0.23162955076996716,5.453340683461224e-05,0.0028368557367126498
2357,14899,75,200,75,200,DepthHigh,DepthMid,DepthHigh--DepthMid,3,0.13743160344758074,5.453201175157779e-05,0.002836783163779118
2358,18767,102,153,102,153,DepthLow,DepthMid,DepthLow--DepthMid,10,0.3543818057148455,5.45216854126349e-05,0.0028362459823417247
2359,23051,140,162,140,162,DepthLow,DepthMid,DepthLow--DepthMid,3,0.1519338053678765,5.451828210038711e-05,0.002836068940296594
2360,13720,68,155,68,155,DepthHigh,DepthMid,DepthHigh--DepthMid,8,0.24323870246618232,5.4518168136306244e-05,0.002836063011826774
2361,11421,55,92,55,92,DepthLow,DepthHigh,DepthHigh--DepthLow,9,0.2862146692275499,5.451014012831568e-05,0.002835645390741932
2362,11052,53,82,53,82,DepthLow,DepthHigh,DepthHigh--DepthLow,9,0.2784892193624269,5.451010578214059e-05,0.0028356436040363237
2363,4837,21,155,21,155,DepthHigh,DepthMid,DepthHigh--DepthMid,7,0.22185050476196222,5.450858120776325e-05,0.002835564294896854
2364,18314,98,234,98,234,DepthLow,DepthLow,DepthLow--DepthLow,10,0.3389213728884836,5.449897381430295e-05,0.0028350645133714603
2365,21580,125,206,125,206,DepthHigh,DepthLow,DepthHigh--DepthLow,3,0.13990313967502194,5.449527312897882e-05,0.002834872001826686
2366,18876,103,131,103,131,DepthHigh,DepthLow,DepthHigh--DepthLow,3,0.14739119376366464,5.449462961610884e-05,0.0028348385259578048
2367,20249,114,129,114,129,DepthLow,DepthLow,DepthLow--DepthLow,10,0.3744009050144144,5.44892734046067e-05,0.002834559893093862
2368,21893,128,198,128,198,DepthLow,DepthMid,DepthLow--DepthMid,10,0.3180554516027763,5.447415603926728e-05,0.002833773480011012
2369,1554,6,172,6,172,DepthHigh,DepthLow,DepthHigh--DepthLow,6,0.1983658152766187,5.44728278743319e-05,0.0028337043881912463
2370,8344,38,194,38,194,DepthLow,DepthMid,DepthLow--DepthMid,7,0.22558428677262785,5.4471922899903446e-05,0.0028336573109582625
2371,10426,49,186,49,186,DepthMid,DepthMid,DepthMid--DepthMid,2,0.13044560568223487,5.447138122530292e-05,0.0028336291327682845
2372,3572,15,183,15,183,DepthLow,DepthMid,DepthLow--DepthMid,5,0.17962560132735064,5.446974705164684e-05,0.002833544122218236
2373,18140,97,196,97,196,DepthHigh,DepthMid,DepthHigh--DepthMid,3,0.14908757425333286,5.446808963984179e-05,0.002833457902807783
2374,15500,79,175,79,175,DepthHigh,DepthLow,DepthHigh--DepthLow,3,0.15506076253052167,5.4461353641473004e-05,0.0028331074927247873
2375,10625,50,201,50,201,DepthLow,DepthMid,DepthLow--DepthMid,5,0.17794974026607654,5.445093563121834e-05,0.0028325655424988327
2376,706,3,11,3,11,DepthMid,DepthLow,DepthLow--DepthMid,1,0.04251221125946096,5.444624415675651e-05,0.002832321489595976
2377,3411,15,22,15,22,DepthLow,DepthHigh,DepthHigh--DepthLow,4,0.15818045062871922,5.4444524748271144e-05,0.0028322320450864798
2378,10716,51,109,51,109,DepthLow,DepthLow,DepthLow--DepthLow,4,0.16170352736477783,5.4441033403501525e-05,0.0028320504235445033
2379,26086,181,204,181,204,DepthLow,DepthLow,DepthLow--DepthLow,5,0.1785328898109839,5.4436498999426074e-05,0.002831814541523543
2380,14961,76,104,76,104,DepthHigh,DepthHigh,DepthHigh--DepthHigh,9,0.2933306367051793,5.442967214662668e-05,0.002831459405146562
2381,9133,42,209,42,209,DepthLow,DepthMid,DepthLow--DepthMid,4,0.17154302393097706,5.4429123532934204e-05,0.002831430865981469
2382,25094,165,180,165,180,DepthMid,DepthLow,DepthLow--DepthMid,9,0.29126518292944936,5.4426271652832706e-05,0.002831282509718841
2383,21995,129,195,129,195,DepthLow,DepthMid,DepthLow--DepthMid,9,0.27957264133693444,5.441711643670689e-05,0.0028308062506898365
2384,1339,5,185,5,185,DepthMid,DepthMid,DepthMid--DepthMid,3,0.144553348294411,5.441611304576745e-05,0.0028307540537795767
2385,1644,7,35,7,35,DepthHigh,DepthLow,DepthHigh--DepthLow,7,0.23734247918098972,5.441419442670517e-05,0.0028306542462339028
2386,9613,45,119,45,119,DepthHigh,DepthHigh,DepthHigh--DepthHigh,6,0.2151285154523686,5.441355272122486e-05,0.002830620864386357
2387,11030,53,60,53,60,DepthLow,DepthMid,DepthLow--DepthMid,10,0.4300803748704038,5.4412806125125786e-05,0.0028305820260751346
2388,9077,42,153,42,153,DepthLow,DepthMid,DepthLow--DepthMid,8,0.2692538984050098,5.440845158929933e-05,0.0028303555008925532
2389,25724,174,234,174,234,DepthLow,DepthLow,DepthLow--DepthLow,10,0.3274526511314184,5.440691479920234e-05,0.0028302755562850945
2390,13394,66,162,66,162,DepthHigh,DepthMid,DepthHigh--DepthMid,2,0.11622673106979642,5.439883967577737e-05,0.0028298554842312385
2391,23624,146,192,146,192,DepthHigh,DepthMid,DepthHigh--DepthMid,9,0.283110963732369,5.4390010341576715e-05,0.002829396177746785
2392,16223,84,138,84,138,DepthHigh,DepthHigh,DepthHigh--DepthHigh,4,0.17650261370555537,5.4384577996963286e-05,0.0028291135843994237
2393,4780,21,98,21,98,DepthHigh,DepthLow,DepthHigh--DepthLow,7,0.24139874520265997,5.4376997771536016e-05,0.0028287192571927237
2394,12987,64,92,64,92,DepthMid,DepthHigh,DepthHigh--DepthMid,9,0.2861607485031648,5.4375621136301444e-05,0.002828647643923184
2395,22427,133,217,133,217,DepthHigh,DepthMid,DepthHigh--DepthMid,8,0.25423748789216305,5.437377714722808e-05,0.0028285517186677333
2396,16299,84,214,84,214,DepthHigh,DepthLow,DepthHigh--DepthLow,7,0.22589160155975602,5.4373315913701316e-05,0.0028285277250635864
2397,23717,147,198,147,198,DepthMid,DepthMid,DepthMid--DepthMid,10,0.38691884772487245,5.437286329855653e-05,0.0028285041797920817
2398,27310,215,221,215,221,DepthLow,DepthHigh,DepthHigh--DepthLow,5,0.17894367490323662,5.436820921673007e-05,0.002828262072073256
2399,20406,115,167,115,167,DepthHigh,DepthLow,DepthHigh--DepthLow,7,0.2412688844680231,5.436790292573383e-05,0.002828246138658855
2400,23416,144,161,144,161,DepthHigh,DepthMid,DepthHigh--DepthMid,6,0.21117559933178975,5.436091337181433e-05,0.002827882538486327
2401,25002,163,227,163,227,DepthLow,DepthHigh,DepthHigh--DepthLow,10,0.33585877235821976,5.435518726456821e-05,0.0028275846634564497
2402,4967,22,73,22,73,DepthHigh,DepthHigh,DepthHigh--DepthHigh,5,0.1880958096716422,5.435163672913764e-05,0.0028273999627859933
2403,6689,30,135,30,135,DepthHigh,DepthHigh,DepthHigh--DepthHigh,8,0.2675528087778234,5.432792588063703e-05,0.002826166512310484
2404,8659,40,120,40,120,DepthHigh,DepthMid,DepthHigh--DepthMid,7,0.23455214830951923,5.431826573654362e-05,0.0028256639866701557
2405,5047,22,153,22,153,DepthHigh,DepthMid,DepthHigh--DepthMid,8,0.2585249317852882,5.431520410973368e-05,0.002825504719276395
2406,4708,21,26,21,26,DepthHigh,DepthLow,DepthHigh--DepthLow,7,0.22427952087595107,5.4311818305869066e-05,0.0028253285880263184
2407,1472,6,90,6,90,DepthHigh,DepthHigh,DepthHigh--DepthHigh,6,0.21457876646385224,5.4304832321248693e-05,0.002824965173530558
2408,17822,95,153,95,153,DepthHigh,DepthMid,DepthHigh--DepthMid,3,0.1524890223236693,5.429540475146122e-05,0.002824474746524669
2409,3200,14,30,14,30,DepthLow,DepthHigh,DepthHigh--DepthLow,3,0.14441748845663704,5.4291292330547457e-05,0.002824260816283773
2410,1951,8,116,8,116,DepthMid,DepthHigh,DepthHigh--DepthMid,2,0.1119904485078645,5.42896516762033e-05,0.0028241754686050132
2411,13199,65,135,65,135,DepthMid,DepthHigh,DepthHigh--DepthMid,4,0.17274109429980639,5.428479604598216e-05,0.002823922876235533
2412,10826,51,219,51,219,DepthLow,DepthHigh,DepthHigh--DepthLow,4,0.17419194849698671,5.4278991836891065e-05,0.002823620938307703
2413,6183,28,38,28,38,DepthLow,DepthLow,DepthLow--DepthLow,10,0.3709508590836654,5.427347295137153e-05,0.00282333384305811
2414,19738,109,228,109,228,DepthLow,DepthHigh,DepthHigh--DepthLow,5,0.19045369675399218,5.4265755545300026e-05,0.0028229323796440803
2415,20486,116,129,116,129,DepthHigh,DepthLow,DepthHigh--DepthLow,3,0.1504534239147541,5.425917611714996e-05,0.002822590114424003
2416,7857,36,100,36,100,DepthLow,DepthLow,DepthLow--DepthLow,7,0.23361201471764464,5.425912806185842e-05,0.00282258761456314
2417,11114,53,144,53,144,DepthLow,DepthHigh,DepthHigh--DepthLow,9,0.28323938320509656,5.425814713940233e-05,0.0028225365864748843
2418,9351,44,46,44,46,DepthLow,DepthLow,DepthLow--DepthLow,9,0.2818269803521064,5.4255890628699766e-05,0.0028224192016331317
2419,21570,125,196,125,196,DepthHigh,DepthMid,DepthHigh--DepthMid,4,0.1674661592015373,5.425060509407481e-05,0.002822144245416516
2420,10703,51,96,51,96,DepthLow,DepthHigh,DepthHigh--DepthLow,9,0.2797465187428686,5.424621586022016e-05,0.0028219159152247475
2421,7309,33,149,33,149,DepthMid,DepthMid,DepthMid--DepthMid,9,0.29859132595667803,5.424581016039176e-05,0.002821894810512015
2422,26070,181,188,181,188,DepthLow,DepthMid,DepthLow--DepthMid,5,0.1956364858055159,5.424507848135056e-05,0.0028218567481937784
2423,4370,19,115,19,115,DepthLow,DepthHigh,DepthHigh--DepthLow,6,0.2108578045888439,5.423825368129341e-05,0.0028215017186015
2424,17431,92,182,92,182,DepthHigh,DepthMid,DepthHigh--DepthMid,5,0.1820946214755974,5.423149434715068e-05,0.0028211500945795986
2425,17371,92,122,92,122,DepthHigh,DepthLow,DepthHigh--DepthLow,6,0.21438515376358816,5.422875641840174e-05,0.0028210076661246575
2426,24762,160,203,160,203,DepthMid,DepthMid,DepthMid--DepthMid,9,0.29847544392306485,5.422300914878263e-05,0.0028207086902173046
2427,26840,198,210,198,210,DepthMid,DepthMid,DepthMid--DepthMid,7,0.22569041019065958,5.4221751648151586e-05,0.0028206432743908202
2428,3215,14,45,14,45,DepthLow,DepthHigh,DepthHigh--DepthLow,4,0.1600373130750684,5.422042186500141e-05,0.0028205740983906925
2429,5943,26,211,26,211,DepthLow,DepthMid,DepthLow--DepthMid,8,0.261842483952806,5.420959486518827e-05,0.0028200108723185633
2430,19751,110,117,110,117,DepthHigh,DepthLow,DepthHigh--DepthLow,4,0.17560004974174676,5.420370331760395e-05,0.0028197043909976107
2431,10229,48,174,48,174,DepthHigh,DepthLow,DepthHigh--DepthLow,9,0.2939457798322346,5.418531542407386e-05,0.0028187478433642477
2432,6602,30,48,30,48,DepthHigh,DepthHigh,DepthHigh--DepthHigh,9,0.2818753017921917,5.417449346257847e-05,0.0028181848793879865
2433,11468,55,139,55,139,DepthLow,DepthHigh,DepthHigh--DepthLow,7,0.22207316456746018,5.415966241193209e-05,0.00281741336054202
2434,10629,50,205,50,205,DepthLow,DepthMid,DepthLow--DepthMid,3,0.14999439987553534,5.415259221821358e-05,0.0028170455654458718
2435,10368,49,128,49,128,DepthMid,DepthLow,DepthLow--DepthMid,3,0.14090956961974854,5.4139142774469694e-05,0.0028163459184981548
2436,18034,96,227,96,227,DepthHigh,DepthHigh,DepthHigh--DepthHigh,10,0.32342191851637975,5.413845922650393e-05,0.0028163103599830987
2437,1801,7,192,7,192,DepthHigh,DepthMid,DepthHigh--DepthMid,7,0.23548971530988316,5.413194730304076e-05,0.0028159716063913863
2438,3598,15,209,15,209,DepthLow,DepthMid,DepthLow--DepthMid,7,0.2401771685355936,5.412647987925706e-05,0.0028156871882076325
2439,11885,57,201,57,201,DepthHigh,DepthMid,DepthHigh--DepthMid,7,0.23163592354058282,5.411991151622197e-05,0.0028153454986005
2440,11316,54,166,54,166,DepthLow,DepthMid,DepthLow--DepthMid,10,0.3412268165018943,5.411471477260994e-05,0.002815075161337825
2441,23918,149,228,149,228,DepthMid,DepthHigh,DepthHigh--DepthMid,2,0.1329707015634469,5.4098257390899795e-05,0.002814219039917476
2442,10764,51,157,51,157,DepthLow,DepthHigh,DepthHigh--DepthLow,3,0.1345631760067132,5.409788142113367e-05,0.0028141994817778007
2443,10786,51,179,51,179,DepthLow,DepthLow,DepthLow--DepthLow,1,0.09775919641243168,5.409691608444268e-05,0.0028141492644690232
2444,2911,12,182,12,182,DepthLow,DepthMid,DepthLow--DepthMid,2,0.12465459725313839,5.408636513574045e-05,0.002813600398716981
2445,9565,45,71,45,71,DepthHigh,DepthMid,DepthHigh--DepthMid,6,0.21113357044449363,5.408447526861783e-05,0.0028135020868619255
2446,12359,60,150,60,150,DepthMid,DepthMid,DepthMid--DepthMid,7,0.2216343533857836,5.40844012588122e-05,0.0028134982368339546
2447,18809,102,195,102,195,DepthLow,DepthMid,DepthLow--DepthMid,9,0.2971256615405408,5.4080298235238945e-05,0.002813284795447522
2448,6123,27,184,27,184,DepthLow,DepthMid,DepthLow--DepthMid,5,0.1909225429367324,5.4077843895237955e-05,0.0028131571194244054
2449,1170,5,16,5,16,DepthMid,DepthLow,DepthLow--DepthMid,8,0.2568627644583003,5.4071417553612554e-05,0.0028128228178436994
2450,2392,10,108,10,108,DepthLow,DepthHigh,DepthHigh--DepthLow,6,0.19936460816141255,5.406961314019262e-05,0.002812728951333997
2451,2292,9,232,9,232,DepthMid,DepthHigh,DepthHigh--DepthMid,5,0.1800698434187756,5.406640625739111e-05,0.002812562127649205
2452,20730,118,140,118,140,DepthLow,DepthLow,DepthLow--DepthLow,2,0.13087304860753954,5.405926583127382e-05,0.0028121906790277234
2453,5470,24,155,24,155,DepthHigh,DepthMid,DepthHigh--DepthMid,9,0.27245512080788997,5.405846462614173e-05,0.0028121489999266515
2454,3248,14,78,14,78,DepthLow,DepthHigh,DepthHigh--DepthLow,6,0.21603473992191885,5.4049968762303156e-05,0.0028117070407411215
2455,19089,104,214,104,214,DepthHigh,DepthLow,DepthHigh--DepthLow,6,0.20252301577784665,5.404324180363572e-05,0.0028113571009080168
2456,8327,38,177,38,177,DepthLow,DepthLow,DepthLow--DepthLow,9,0.278025589635844,5.4032298468323773e-05,0.0028107878230036925
2457,24252,153,232,153,232,DepthMid,DepthHigh,DepthHigh--DepthMid,10,0.3833475183139332,5.403207824859452e-05,0.0028107763670606562
2458,25414,169,234,169,234,DepthLow,DepthLow,DepthLow--DepthLow,9,0.3055265497363506,5.403083651213775e-05,0.002810711771294587
2459,24776,160,217,160,217,DepthMid,DepthMid,DepthMid--DepthMid,9,0.30172940943342724,5.402762909621401e-05,0.002810544919876503
2460,26427,188,202,188,202,DepthMid,DepthMid,DepthMid--DepthMid,2,0.12518139236378312,5.4025095771744293e-05,0.0028104131350408946
2461,3206,14,36,14,36,DepthLow,DepthLow,DepthLow--DepthLow,4,0.17415083988371047,5.402223248236114e-05,0.002810264185261595
2462,1122,4,197,4,197,DepthHigh,DepthMid,DepthHigh--DepthMid,6,0.21473708286893484,5.402152854255061e-05,0.0028102275659523364
2463,23162,141,180,141,180,DepthLow,DepthLow,DepthLow--DepthLow,5,0.1834161472416129,5.401688222187215e-05,0.002809985861972402
2464,26090,181,208,181,208,DepthLow,DepthMid,DepthLow--DepthMid,3,0.1531676994323427,5.39967536876052e-05,0.002808938765316952
2465,16268,84,183,84,183,DepthHigh,DepthMid,DepthHigh--DepthMid,8,0.25800384815341615,5.399388164369912e-05,0.002808789360122889
2466,14366,72,147,72,147,DepthMid,DepthMid,DepthMid--DepthMid,4,0.16449851837579646,5.399329909802485e-05,0.0028087590557987346
2467,24964,163,189,163,189,DepthLow,DepthMid,DepthLow--DepthMid,10,0.5194733402693108,5.399163147277537e-05,0.002808672305079675
2468,1009,4,84,4,84,DepthHigh,DepthHigh,DepthHigh--DepthHigh,2,0.10666460228248564,5.3985592370071315e-05,0.0028083581478658675
2469,16276,84,191,84,191,DepthHigh,DepthMid,DepthHigh--DepthMid,3,0.1397408133318899,5.398481715900889e-05,0.002808317820989605
2470,10130,48,75,48,75,DepthHigh,DepthHigh,DepthHigh--DepthHigh,7,0.22457931800604847,5.398349807987009e-05,0.002808249201817628
2471,18444,99,229,99,229,DepthHigh,DepthHigh,DepthHigh--DepthHigh,7,0.23364856863255523,5.3979028486370095e-05,0.002808016691275976
2472,5646,25,122,25,122,DepthLow,DepthLow,DepthLow--DepthLow,3,0.14748836771518256,5.397093786764961e-05,0.002807595813148916
2473,10201,48,146,48,146,DepthHigh,DepthHigh,DepthHigh--DepthHigh,9,0.3037593798026924,5.3959432869913595e-05,0.002806997317277802
2474,11561,55,232,55,232,DepthLow,DepthHigh,DepthHigh--DepthLow,10,0.43787111483001034,5.395643105166482e-05,0.002806841161156006
2475,16623,87,94,87,94,DepthLow,DepthLow,DepthLow--DepthLow,5,0.1878673810124995,5.3950538691650766e-05,0.0028065346375720436
2476,13382,66,150,66,150,DepthHigh,DepthMid,DepthHigh--DepthMid,9,0.31021563434497307,5.394756811010471e-05,0.002806380106399512
2477,3599,15,210,15,210,DepthLow,DepthMid,DepthLow--DepthMid,8,0.2588167164452911,5.394372847082247e-05,0.0028061803663987127
2478,4061,18,21,18,21,DepthHigh,DepthHigh,DepthHigh--DepthHigh,10,0.5091513239679893,5.3940577147420264e-05,0.00280601643294231
2479,6307,28,162,28,162,DepthLow,DepthMid,DepthLow--DepthMid,7,0.2271860813144903,5.393617730378406e-05,0.0028057875508242748
2480,15157,77,143,77,143,DepthMid,DepthMid,DepthMid--DepthMid,4,0.16578890864383747,5.393323357005603e-05,0.002805634416288979
2481,1863,8,28,8,28,DepthMid,DepthLow,DepthLow--DepthMid,4,0.17152967766177027,5.39236707311561e-05,0.002805136952514621
2482,23889,149,199,149,199,DepthMid,DepthMid,DepthMid--DepthMid,7,0.22852404076704189,5.391740440339468e-05,0.0028048109749370235
2483,10851,52,62,52,62,DepthLow,DepthMid,DepthLow--DepthMid,10,0.35860736419899886,5.3916492538451346e-05,0.002804763539255929
2484,23446,144,191,144,191,DepthHigh,DepthMid,DepthHigh--DepthMid,5,0.18800731589299052,5.390863731808721e-05,0.002804354906671856
2485,19047,104,172,104,172,DepthHigh,DepthLow,DepthHigh--DepthLow,8,0.2635063362081614,5.390432134295914e-05,0.0028041303874365418
2486,11097,53,127,53,127,DepthLow,DepthHigh,DepthHigh--DepthLow,10,0.336604491556247,5.390228988946478e-05,0.0028040247101859565
2487,17292,91,185,91,185,DepthMid,DepthMid,DepthMid--DepthMid,10,0.31513339654201156,5.3895924831619535e-05,0.0028036935966188623
2488,13642,68,77,68,77,DepthHigh,DepthMid,DepthHigh--DepthMid,2,0.12928049309246503,5.389447229617892e-05,0.002803618034981755
2489,11289,54,139,54,139,DepthLow,DepthHigh,DepthHigh--DepthLow,9,0.2837718757956988,5.389369980134369e-05,0.002803577849405021
2490,23959,150,185,150,185,DepthMid,DepthMid,DepthMid--DepthMid,9,0.2763978180838219,5.3884701266707634e-05,0.002803109741027312
2491,15320,78,150,78,150,DepthHigh,DepthMid,DepthHigh--DepthMid,4,0.16839605660875465,5.388148662242095e-05,0.002802942513586088
2492,11242,54,92,54,92,DepthLow,DepthHigh,DepthHigh--DepthLow,9,0.2755500648225926,5.3881298256010765e-05,0.002802932714669014
2493,9356,44,51,44,51,DepthLow,DepthLow,DepthLow--DepthLow,3,0.14672934721051803,5.387911017626416e-05,0.0028028188896406167
2494,12629,62,75,62,75,DepthMid,DepthHigh,DepthHigh--DepthMid,5,0.18169326766329041,5.38776164656999e-05,0.002802741186052501
2495,20691,117,217,117,217,DepthLow,DepthMid,DepthLow--DepthMid,5,0.19500721368929755,5.38681690748488e-05,0.0028022497279447363
2496,23440,144,185,144,185,DepthHigh,DepthMid,DepthHigh--DepthMid,6,0.21867679147959346,5.386538791461146e-05,0.0028021050505656403
2497,4306,19,51,19,51,DepthLow,DepthLow,DepthLow--DepthLow,6,0.21032577551193535,5.3859815390409584e-05,0.0028018151650043366
2498,12303,60,94,60,94,DepthMid,DepthLow,DepthLow--DepthMid,2,0.11546695964282085,5.385742264102161e-05,0.0028016906929564343
2499,11487,55,158,55,158,DepthLow,DepthMid,DepthLow--DepthMid,9,0.27484601892996496,5.3851242863048245e-05,0.002801369217743112
2500,25614,173,184,173,184,DepthLow,DepthMid,DepthLow--DepthMid,6,0.21560983447132206,5.3840346025722696e-05,0.0028008023586878405
2501,20106,112,227,112,227,DepthLow,DepthHigh,DepthHigh--DepthLow,8,0.26856197155434985,5.383805537624599e-05,0.0028006831979295824
2502,7974,36,217,36,217,DepthLow,DepthMid,DepthLow--DepthMid,4,0.1740306398880966,5.3837910958445585e-05,0.0028006756852416844
2503,27023,203,228,203,228,DepthMid,DepthHigh,DepthHigh--DepthMid,9,0.3134045680145939,5.3833959283582024e-05,0.0028004701170925993
2504,20364,115,125,115,125,DepthHigh,DepthHigh,DepthHigh--DepthHigh,10,0.3247143131895867,5.383325343160082e-05,0.002800433398311243
2505,9433,44,128,44,128,DepthLow,DepthLow,DepthLow--DepthLow,7,0.22856497273984847,5.383189336360505e-05,0.0028003626468779464
2506,10242,48,187,48,187,DepthHigh,DepthMid,DepthHigh--DepthMid,4,0.16221015373280842,5.383083587900917e-05,0.0028003076359879903
2507,14995,76,138,76,138,DepthHigh,DepthHigh,DepthHigh--DepthHigh,5,0.1857285582677494,5.383002811711026e-05,0.002800265615800552
2508,23975,150,201,150,201,DepthMid,DepthMid,DepthMid--DepthMid,5,0.18038454603708856,5.3826824187137825e-05,0.0028000989457234397
2509,25673,174,183,174,183,DepthLow,DepthMid,DepthLow--DepthMid,9,0.2759674337338433,5.380156772971578e-05,0.0027987850918807108
2510,16535,86,153,86,153,DepthHigh,DepthMid,DepthHigh--DepthMid,8,0.243272300052328,5.3801177035784824e-05,0.002798764767782444
2511,25897,177,233,177,233,DepthLow,DepthMid,DepthLow--DepthMid,8,0.24412606261923026,5.38009803358274e-05,0.002798754535349977
2512,71,0,72,0,72,DepthLow,DepthMid,DepthLow--DepthMid,3,0.1561215399495014,5.379255802102307e-05,0.0027983164022228548
2513,4787,21,105,21,105,DepthHigh,DepthHigh,DepthHigh--DepthHigh,5,0.1799004816458782,5.378938291449727e-05,0.00279815123155619
2514,2414,10,130,10,130,DepthLow,DepthLow,DepthLow--DepthLow,2,0.10569864443634383,5.378349340649873e-05,0.002797844856335534
2515,9766,46,84,46,84,DepthLow,DepthHigh,DepthHigh--DepthLow,5,0.18591611621754958,5.377730556912635e-05,0.0027975229618681496
2516,15283,78,113,78,113,DepthHigh,DepthLow,DepthHigh--DepthLow,9,0.30404371450216716,5.3764003528531744e-05,0.002796830982907707
2517,24600,158,190,158,190,DepthMid,DepthMid,DepthMid--DepthMid,10,0.36374584254230885,5.3763340893358606e-05,0.002796796512286828
2518,8739,40,200,40,200,DepthHigh,DepthMid,DepthHigh--DepthMid,6,0.2069108122435629,5.376077482739176e-05,0.00279666302422178
2519,25185,166,203,166,203,DepthMid,DepthMid,DepthMid--DepthMid,10,0.3371783558835575,5.376067757859459e-05,0.0027966579652895737
2520,11288,54,138,54,138,DepthLow,DepthHigh,DepthHigh--DepthLow,8,0.2611538412573546,5.375877820886656e-05,0.00279655915910412
2521,11227,54,77,54,77,DepthLow,DepthMid,DepthLow--DepthMid,6,0.21075762337460185,5.375817734163658e-05,0.00279652790168326
2522,8451,39,106,39,106,DepthLow,DepthLow,DepthLow--DepthLow,10,0.3336220159009186,5.3756467913403795e-05,0.002796438976351612
2523,2848,12,119,12,119,DepthLow,DepthHigh,DepthHigh--DepthLow,2,0.11908029657093645,5.374698410461552e-05,0.0027959456237641148
2524,24604,158,194,158,194,DepthMid,DepthMid,DepthMid--DepthMid,10,0.40206772820639836,5.3735540257030085e-05,0.002795350308955134
2525,12798,63,73,63,73,DepthMid,DepthHigh,DepthHigh--DepthMid,10,0.3231815374547925,5.373317056276763e-05,0.002795227036246662
2526,10092,47,223,47,223,DepthMid,DepthMid,DepthMid--DepthMid,6,0.21265736559601034,5.372274599109912e-05,0.002794684744692601
2527,16272,84,187,84,187,DepthHigh,DepthMid,DepthHigh--DepthMid,5,0.19600131384458305,5.371450874308351e-05,0.0027942562388345556
2528,24116,152,177,152,177,DepthMid,DepthLow,DepthLow--DepthMid,3,0.15228910362585268,5.371113400452076e-05,0.002794080683207146
2529,15249,78,79,78,79,DepthHigh,DepthHigh,DepthHigh--DepthHigh,5,0.19572265154830476,5.3708272102060496e-05,0.002793931805576285
2530,23882,149,192,149,192,DepthMid,DepthMid,DepthMid--DepthMid,4,0.1666287178904068,5.370380087926094e-05,0.0027936992102776358
2531,20823,118,233,118,233,DepthLow,DepthMid,DepthLow--DepthMid,5,0.18201742386941422,5.370277809012964e-05,0.0027936460042635065
2532,14108,70,214,70,214,DepthHigh,DepthLow,DepthHigh--DepthLow,6,0.20561227434749962,5.3697575994530295e-05,0.0027933753885877118
2533,17363,92,114,92,114,DepthHigh,DepthLow,DepthHigh--DepthLow,7,0.2338952303118573,5.369559867052986e-05,0.002793272527181107
2534,20467,115,228,115,228,DepthHigh,DepthHigh,DepthHigh--DepthHigh,6,0.20183859642813412,5.368559623939161e-05,0.0027927521955935044
2535,10737,51,130,51,130,DepthLow,DepthLow,DepthLow--DepthLow,3,0.15251145675377217,5.3680201464358956e-05,0.0027924715566349655
2536,2603,11,96,11,96,DepthLow,DepthHigh,DepthHigh--DepthLow,2,0.10673977990975003,5.3675279473173604e-05,0.0027922155121341595
2537,16234,84,149,84,149,DepthHigh,DepthMid,DepthHigh--DepthMid,9,0.2949668218325784,5.3673745121232286e-05,0.002792135694360807
2538,26022,180,193,180,193,DepthLow,DepthHigh,DepthHigh--DepthLow,4,0.16937089874021707,5.3666375993732145e-05,0.0027917523485763277
2539,23746,147,227,147,227,DepthMid,DepthHigh,DepthHigh--DepthMid,3,0.147687114626959,5.366517086250028e-05,0.002791689657032794
2540,9717,45,223,45,223,DepthHigh,DepthMid,DepthHigh--DepthMid,9,0.28417651577739245,5.366182885318596e-05,0.0027915158039976402
2541,5706,25,182,25,182,DepthLow,DepthMid,DepthLow--DepthMid,3,0.14429799681547353,5.3656677431627486e-05,0.0027912478244113896
2542,7361,33,201,33,201,DepthMid,DepthMid,DepthMid--DepthMid,10,0.31747418352547696,5.3653381862985354e-05,0.002791076387243774
2543,8323,38,173,38,173,DepthLow,DepthLow,DepthLow--DepthLow,6,0.20272024028979804,5.3646435342250185e-05,0.0027907150256795215
2544,9038,42,114,42,114,DepthLow,DepthLow,DepthLow--DepthLow,10,0.3490355748620081,5.364520863092366e-05,0.002790651211528418
2545,8849,41,117,41,117,DepthHigh,DepthLow,DepthHigh--DepthLow,4,0.16271846135760146,5.363964232741347e-05,0.0027903616495706797
2546,10965,52,176,52,176,DepthLow,DepthLow,DepthLow--DepthLow,10,0.3905326689216154,5.363792804081375e-05,0.0027902724715042964
2547,16205,84,120,84,120,DepthHigh,DepthMid,DepthHigh--DepthMid,3,0.15443105764775444,5.363111035944943e-05,0.002789917812230063
2548,9714,45,220,45,220,DepthHigh,DepthMid,DepthHigh--DepthMid,9,0.2962201379585764,5.362939032339353e-05,0.002789828335074027
2549,26040,180,211,180,211,DepthLow,DepthMid,DepthLow--DepthMid,4,0.17428969546395762,5.3628381925218504e-05,0.0027897758776848085
2550,4471,19,216,19,216,DepthLow,DepthMid,DepthLow--DepthMid,7,0.24201301863870137,5.362588674520727e-05,0.0027896460771434546
2551,19400,107,141,107,141,DepthHigh,DepthLow,DepthHigh--DepthLow,4,0.16122878122025625,5.362504527455289e-05,0.0027896023034093033
2552,8268,38,118,38,118,DepthLow,DepthLow,DepthLow--DepthLow,3,0.14207189906728385,5.36243961905089e-05,0.0027895685377250985
2553,25032,164,187,164,187,DepthLow,DepthMid,DepthLow--DepthMid,9,0.28867960591313446,5.362239985607655e-05,0.0027894646873860944
2554,13516,67,117,67,117,DepthHigh,DepthLow,DepthHigh--DepthLow,5,0.18594917419783608,5.3608123498501755e-05,0.002788722023957634
2555,24309,154,209,154,209,DepthMid,DepthMid,DepthMid--DepthMid,3,0.14979696168282203,5.360604895341973e-05,0.0027886141050606017
2556,8348,38,198,38,198,DepthLow,DepthMid,DepthLow--DepthMid,10,0.3574194490162412,5.3604335560665474e-05,0.002788524973492517
2557,14819,75,120,75,120,DepthHigh,DepthMid,DepthHigh--DepthMid,3,0.14808363743820063,5.3604205000364466e-05,0.002788518181678831
2558,14363,72,144,72,144,DepthMid,DepthHigh,DepthHigh--DepthMid,5,0.1812362510444182,5.359817189142065e-05,0.002788204336263499
2559,10812,51,205,51,205,DepthLow,DepthMid,DepthLow--DepthMid,3,0.13671426775140705,5.3597813936168846e-05,0.002788185715248079
2560,14803,75,104,75,104,DepthHigh,DepthHigh,DepthHigh--DepthHigh,9,0.2977982145390403,5.3592509960280456e-05,0.0027879097997075006
2561,14688,74,148,74,148,DepthMid,DepthMid,DepthMid--DepthMid,3,0.14564017444245383,5.359162647423535e-05,0.0027878638403112175
2562,10577,50,153,50,153,DepthLow,DepthMid,DepthLow--DepthMid,7,0.22783340886521425,5.359138643786118e-05,0.0027878513534961694
2563,17438,92,189,92,189,DepthHigh,DepthMid,DepthHigh--DepthMid,6,0.21697751655195371,5.358345863785925e-05,0.002787438945282188
2564,9813,46,131,46,131,DepthLow,DepthLow,DepthLow--DepthLow,5,0.1878695236614353,5.3578028312166584e-05,0.0027871564569601185
2565,19871,111,114,111,114,DepthLow,DepthLow,DepthLow--DepthLow,10,0.7396810921184038,5.357757517214965e-05,0.0027871328843844956
2566,7472,34,112,34,112,DepthLow,DepthLow,DepthLow--DepthLow,10,0.3690718441055449,5.3575519421378936e-05,0.0027870259431771577
2567,7675,35,116,35,116,DepthLow,DepthHigh,DepthHigh--DepthLow,8,0.24780482523485686,5.3565694548373424e-05,0.0027865148482545043
2568,19885,111,128,111,128,DepthLow,DepthLow,DepthLow--DepthLow,10,0.3795494078949588,5.3561580934875926e-05,0.002786300855974792
2569,11023,52,234,52,234,DepthLow,DepthLow,DepthLow--DepthLow,10,0.36092847650660387,5.356086092764366e-05,0.002786263400830031
2570,16630,87,101,87,101,DepthLow,DepthHigh,DepthHigh--DepthLow,10,0.4052670940696728,5.35606993218369e-05,0.0027862549940132443
2571,20128,113,128,113,128,DepthLow,DepthLow,DepthLow--DepthLow,10,0.3660272780826005,5.35535746389574e-05,0.0027858843643630508
2572,20265,114,145,114,145,DepthLow,DepthHigh,DepthHigh--DepthLow,9,0.3115601630353745,5.355249906322504e-05,0.0027858284123629153
2573,4107,18,67,18,67,DepthHigh,DepthHigh,DepthHigh--DepthHigh,10,0.3925448425997046,5.355060014667435e-05,0.002785729629751979
2574,4552,20,83,20,83,DepthHigh,DepthMid,DepthHigh--DepthMid,8,0.24373189338367893,5.354972668444874e-05,0.002785684191799917
2575,3538,15,149,15,149,DepthLow,DepthMid,DepthLow--DepthMid,1,0.07551480327915625,5.35447756302625e-05,0.002785426635426929
2576,9031,42,107,42,107,DepthLow,DepthHigh,DepthHigh--DepthLow,7,0.2418260972556356,5.354117967944796e-05,0.0027852395722249524
2577,8987,42,63,42,63,DepthLow,DepthMid,DepthLow--DepthMid,9,0.27820797980748485,5.35378531517701e-05,0.002785066524552452
2578,22248,132,139,132,139,DepthLow,DepthHigh,DepthHigh--DepthLow,1,0.06906589525316945,5.353674658850564e-05,0.0027850089605650353
2579,8275,38,125,38,125,DepthLow,DepthHigh,DepthHigh--DepthLow,10,0.3257895985473881,5.353556187178397e-05,0.0027849473309947714
2580,10649,50,225,50,225,DepthLow,DepthMid,DepthLow--DepthMid,3,0.15415173025029663,5.353327574879319e-05,0.002784828405706628
2581,18040,96,233,96,233,DepthHigh,DepthMid,DepthHigh--DepthMid,10,0.316243013969183,5.3529062876730984e-05,0.002784609249945574
2582,22948,139,153,139,153,DepthHigh,DepthMid,DepthHigh--DepthMid,2,0.11155411318067325,5.352293907450817e-05,0.002784290686619447
2583,13212,65,148,65,148,DepthMid,DepthMid,DepthMid--DepthMid,9,0.28191566303270993,5.351684231646226e-05,0.002783973530145245
2584,17798,95,129,95,129,DepthHigh,DepthLow,DepthHigh--DepthLow,6,0.21440651579610215,5.351250269785921e-05,0.0027837477809642603
2585,15272,78,102,78,102,DepthHigh,DepthLow,DepthHigh--DepthLow,9,0.29582026646735027,5.3509705581570396e-05,0.0027836022735431994
2586,17671,94,141,94,141,DepthLow,DepthLow,DepthLow--DepthLow,4,0.16226913307385674,5.350436369989776e-05,0.0027833243861243224
2587,10055,47,186,47,186,DepthMid,DepthMid,DepthMid--DepthMid,4,0.17066633981841503,5.3504239603282745e-05,0.0027833179305548897
2588,9920,47,51,47,51,DepthMid,DepthLow,DepthLow--DepthMid,4,0.1618302804435712,5.3500203491300056e-05,0.0027831079699436475
2589,18318,99,103,99,103,DepthHigh,DepthHigh,DepthHigh--DepthHigh,10,0.3973091635505724,5.349940613244008e-05,0.00278306649092762
2590,23766,148,161,148,161,DepthMid,DepthMid,DepthMid--DepthMid,6,0.19792219366480393,5.3495501517597276e-05,0.002782863370864902
2591,2989,13,39,13,39,DepthHigh,DepthLow,DepthHigh--DepthLow,4,0.17338017789949972,5.349165314733309e-05,0.002782663176673953
2592,23128,141,146,141,146,DepthLow,DepthHigh,DepthHigh--DepthLow,3,0.14284245068590748,5.348851327891619e-05,0.0027824998391117496
2593,9668,45,174,45,174,DepthHigh,DepthLow,DepthHigh--DepthLow,2,0.13095832301113428,5.348244792815111e-05,0.0027821843164603723
2594,9701,45,207,45,207,DepthHigh,DepthLow,DepthHigh--DepthLow,6,0.20580999281230608,5.3480006057607415e-05,0.0027820572891048066
2595,19296,106,164,106,164,DepthLow,DepthLow,DepthLow--DepthLow,10,0.44475180073404624,5.347499141898223e-05,0.002781796425036759
2596,21745,127,156,127,156,DepthHigh,DepthMid,DepthHigh--DepthMid,10,0.3914380119300403,5.3472464307626254e-05,0.0027816649634105073
2597,10656,50,232,50,232,DepthLow,DepthHigh,DepthHigh--DepthLow,9,0.31107833667762746,5.347143301121624e-05,0.0027816113148433847
2598,1537,6,155,6,155,DepthHigh,DepthMid,DepthHigh--DepthMid,9,0.3113110915039682,5.346779522057109e-05,0.002781422075112004
2599,17791,95,122,95,122,DepthHigh,DepthLow,DepthHigh--DepthLow,5,0.1955295844650356,5.346635453496155e-05,0.0027813471299091737
2600,2770,12,41,12,41,DepthLow,DepthHigh,DepthHigh--DepthLow,2,0.124188998426896,5.34660959023675e-05,0.0027813336757092494
2601,22734,136,227,136,227,DepthHigh,DepthHigh,DepthHigh--DepthHigh,1,0.08828733005216283,5.3461203417696995e-05,0.0027810791661524487
2602,658,2,194,2,194,DepthMid,DepthMid,DepthMid--DepthMid,8,0.2698710469953254,5.345804287324321e-05,0.0027809147530122235
2603,16841,88,166,88,166,DepthLow,DepthMid,DepthLow--DepthMid,8,0.26646029568862567,5.345528740937391e-05,0.0027807714123713454
2604,11736,56,229,56,229,DepthHigh,DepthHigh,DepthHigh--DepthHigh,1,0.08445633184206154,5.3455129514213836e-05,0.002780763198584299
2605,18364,99,149,99,149,DepthHigh,DepthMid,DepthHigh--DepthMid,10,0.467818286742498,5.3453619177334064e-05,0.0027806846300867404
2606,9791,46,109,46,109,DepthLow,DepthLow,DepthLow--DepthLow,8,0.26085232998740865,5.3453574659133834e-05,0.0027806823142271777
2607,13309,66,77,66,77,DepthHigh,DepthMid,DepthHigh--DepthMid,4,0.17506132605386762,5.3453219569330164e-05,0.0027806638422738362
2608,772,3,77,3,77,DepthMid,DepthMid,DepthMid--DepthMid,3,0.1476578401316366,5.3452259765486074e-05,0.0027806139127865867
2609,22474,134,164,134,164,DepthLow,DepthLow,DepthLow--DepthLow,8,0.2522171813139631,5.344993712422116e-05,0.0027804930877991314
2610,9707,45,213,45,213,DepthHigh,DepthMid,DepthHigh--DepthMid,1,0.09687630449356338,5.344496570728573e-05,0.0027802344721455075
2611,9071,42,147,42,147,DepthLow,DepthMid,DepthLow--DepthMid,10,0.32452152013109664,5.344239492470159e-05,0.002780100738719614
2612,21991,129,191,129,191,DepthLow,DepthMid,DepthLow--DepthMid,9,0.30863638290885226,5.3441357566043715e-05,0.002780046774791254
2613,10710,51,103,51,103,DepthLow,DepthHigh,DepthHigh--DepthLow,10,0.37284606982339263,5.343906626139285e-05,0.0027799275799505014
2614,9076,42,152,42,152,DepthLow,DepthMid,DepthLow--DepthMid,6,0.2019097369704495,5.34358136608025e-05,0.0027797583780029326
2615,16909,88,234,88,234,DepthLow,DepthLow,DepthLow--DepthLow,7,0.23715281420101156,5.3432679858337805e-05,0.002779595355994668
2616,19260,106,128,106,128,DepthLow,DepthLow,DepthLow--DepthLow,10,0.33550330887182894,5.343230312184682e-05,0.002779575757969573
2617,7046,32,87,32,87,DepthLow,DepthLow,DepthLow--DepthLow,4,0.1604808031875436,5.342789248132616e-05,0.0027793463141920815
2618,15830,81,198,81,198,DepthHigh,DepthMid,DepthHigh--DepthMid,10,0.3239120356174132,5.342737118259652e-05,0.002779319195965336
2619,24412,155,233,155,233,DepthMid,DepthMid,DepthMid--DepthMid,8,0.24998014634312749,5.3425937794859574e-05,0.002779244630401574
2620,25513,171,206,171,206,DepthLow,DepthLow,DepthLow--DepthLow,2,0.1152627811988613,5.342534950017533e-05,0.0027792140270109784
2621,7253,33,93,33,93,DepthMid,DepthHigh,DepthHigh--DepthMid,7,0.24016463516022127,5.3420942892501686e-05,0.002778984793024253
2622,18901,103,156,103,156,DepthHigh,DepthMid,DepthHigh--DepthMid,10,0.402746836841973,5.341927421837471e-05,0.002778897987742049
2623,6616,30,62,30,62,DepthHigh,DepthMid,DepthHigh--DepthMid,9,0.290916933407022,5.3414991690752324e-05,0.002778675208463101
2624,734,3,39,3,39,DepthMid,DepthLow,DepthLow--DepthMid,5,0.18241192131556402,5.341269225070835e-05,0.0027785555904150344
2625,14381,72,162,72,162,DepthMid,DepthMid,DepthMid--DepthMid,8,0.24663667938358158,5.339476611716255e-05,0.002777623063772408
2626,2909,12,180,12,180,DepthLow,DepthLow,DepthLow--DepthLow,2,0.10816524110014338,5.3390314165935754e-05,0.002777391470990838
2627,23816,148,211,148,211,DepthMid,DepthMid,DepthMid--DepthMid,4,0.16351428900225665,5.338539758313711e-05,0.002777135707837077
2628,22085,130,181,130,181,DepthLow,DepthLow,DepthLow--DepthLow,3,0.14280109983384276,5.338531130644041e-05,0.0027771312196791533
2629,4371,19,116,19,116,DepthLow,DepthHigh,DepthHigh--DepthLow,5,0.18447882918443934,5.3382920272105914e-05,0.002777006836849211
2630,20254,114,134,114,134,DepthLow,DepthLow,DepthLow--DepthLow,4,0.17233424891558075,5.338012883622554e-05,0.0027768616249259047
2631,23799,148,194,148,194,DepthMid,DepthMid,DepthMid--DepthMid,8,0.2667996606668704,5.3379649767782167e-05,0.002776836703540267
2632,21505,125,131,125,131,DepthHigh,DepthLow,DepthHigh--DepthLow,6,0.20588842656869388,5.337556383740456e-05,0.0027766241513506214
2633,20724,118,134,118,134,DepthLow,DepthLow,DepthLow--DepthLow,2,0.1273451000794168,5.337237101992445e-05,0.002776458059351048
2634,8657,40,118,40,118,DepthHigh,DepthLow,DepthHigh--DepthLow,3,0.14426945436853264,5.335998782753555e-05,0.002775813879344583
2635,26916,200,217,200,217,DepthMid,DepthMid,DepthMid--DepthMid,9,0.29402610009348745,5.335841322990435e-05,0.0027757319679698428
2636,23415,144,160,144,160,DepthHigh,DepthMid,DepthHigh--DepthMid,4,0.16623578373551146,5.3357307042890574e-05,0.0027756744235551793
2637,23482,144,227,144,227,DepthHigh,DepthHigh,DepthHigh--DepthHigh,5,0.19477457329330247,5.335631785148739e-05,0.0027756229653120635
2638,11880,57,196,57,196,DepthHigh,DepthMid,DepthHigh--DepthMid,2,0.1053156865425328,5.335224859005739e-05,0.002775411280249605
2639,15227,77,213,77,213,DepthMid,DepthMid,DepthMid--DepthMid,2,0.11668257710546515,5.335003773338844e-05,0.0027752962703540486
2640,1989,8,154,8,154,DepthMid,DepthMid,DepthMid--DepthMid,1,0.10163882612154256,5.3346798804163116e-05,0.0027751277795978863
2641,13963,69,233,69,233,DepthHigh,DepthMid,DepthHigh--DepthMid,7,0.2373313262473831,5.3346634784029954e-05,0.002775119247186605
2642,5375,24,60,24,60,DepthHigh,DepthMid,DepthHigh--DepthMid,5,0.19366047489768007,5.33461182660856e-05,0.0027750923776587574
2643,18251,98,171,98,171,DepthLow,DepthLow,DepthLow--DepthLow,5,0.1788311148622158,5.334049745567249e-05,0.0027747999802240297
2644,18003,96,196,96,196,DepthHigh,DepthMid,DepthHigh--DepthMid,4,0.1751830709422702,5.333728828798329e-05,0.0027746330376782103
2645,4005,17,181,17,181,DepthHigh,DepthLow,DepthHigh--DepthLow,8,0.2564334818504826,5.333602824924105e-05,0.0027745674898178824
2646,10804,51,197,51,197,DepthLow,DepthMid,DepthLow--DepthMid,5,0.18063266632948358,5.333290419731748e-05,0.002774404975037758
2647,19583,108,198,108,198,DepthHigh,DepthMid,DepthHigh--DepthMid,8,0.2642783533356279,5.332521650798963e-05,0.002774005057503944
2648,1326,5,172,5,172,DepthMid,DepthLow,DepthLow--DepthMid,6,0.20516416101695795,5.3324256053107285e-05,0.002773955094149351
2649,10624,50,200,50,200,DepthLow,DepthMid,DepthLow--DepthMid,4,0.1710811488792808,5.33199668214024e-05,0.0027737319661205995
2650,14967,76,110,76,110,DepthHigh,DepthHigh,DepthHigh--DepthHigh,2,0.12612911170560273,5.331840268630874e-05,0.0027736505990124177
2651,23080,140,191,140,191,DepthLow,DepthMid,DepthLow--DepthMid,9,0.30795786397678687,5.331704103016881e-05,0.0027735797649630486
2652,18209,98,129,98,129,DepthLow,DepthLow,DepthLow--DepthLow,10,0.3877254584133199,5.331131864257862e-05,0.0027732820834315765
2653,25610,173,180,173,180,DepthLow,DepthLow,DepthLow--DepthLow,5,0.19257134870244805,5.330931861345071e-05,0.002773178040892618
2654,5630,25,106,25,106,DepthLow,DepthLow,DepthLow--DepthLow,5,0.18693795673888866,5.330426840034754e-05,0.0027729153262220163
2655,23760,148,155,148,155,DepthMid,DepthMid,DepthMid--DepthMid,6,0.20329709718283798,5.330255544666351e-05,0.00277282621749459
2656,25040,164,195,164,195,DepthLow,DepthMid,DepthLow--DepthMid,7,0.24093303575531627,5.329690300073861e-05,0.002772532174364346
2657,8913,41,181,41,181,DepthHigh,DepthLow,DepthHigh--DepthLow,9,0.2911258667075611,5.328894111845665e-05,0.0027721179931727126
2658,18110,97,166,97,166,DepthHigh,DepthMid,DepthHigh--DepthMid,10,0.38715211288145684,5.3288885876559326e-05,0.002772115119460938
2659,9206,43,91,43,91,DepthHigh,DepthMid,DepthHigh--DepthMid,7,0.22062999782042095,5.328702267829201e-05,0.0027720181949333856
2660,8042,37,88,37,88,DepthHigh,DepthLow,DepthHigh--DepthLow,9,0.30408305423238924,5.328397409596129e-05,0.0027718596061201105
2661,22052,130,148,130,148,DepthLow,DepthMid,DepthLow--DepthMid,5,0.18789853586483546,5.3277122974364475e-05,0.002771503207267866
2662,17362,92,113,92,113,DepthHigh,DepthLow,DepthHigh--DepthLow,5,0.1893620625226667,5.327424028010606e-05,0.0027713532480370226
2663,21952,129,152,129,152,DepthLow,DepthMid,DepthLow--DepthMid,7,0.23597919189326447,5.326810600802324e-05,0.002771034140063419
2664,25391,169,211,169,211,DepthLow,DepthMid,DepthLow--DepthMid,5,0.18642431238100074,5.32674275346832e-05,0.00277099884553299
2665,20138,113,138,113,138,DepthLow,DepthHigh,DepthHigh--DepthLow,9,0.29174843363196606,5.326566583084392e-05,0.002770907200797535
2666,4544,20,75,20,75,DepthHigh,DepthHigh,DepthHigh--DepthHigh,5,0.18744971104862684,5.326166203863039e-05,0.0027706989214772272
2667,22269,132,160,132,160,DepthLow,DepthMid,DepthLow--DepthMid,6,0.20812659644334955,5.326054860434469e-05,0.002770641000055769
2668,12398,60,189,60,189,DepthMid,DepthMid,DepthMid--DepthMid,10,0.3250817529679194,5.3258151309898974e-05,0.0027705162915716364
2669,14507,73,127,73,127,DepthHigh,DepthHigh,DepthHigh--DepthHigh,9,0.2787901533290645,5.325537173352262e-05,0.0027703716965857992
2670,3936,17,112,17,112,DepthHigh,DepthLow,DepthHigh--DepthLow,8,0.2626800668134486,5.325167496097749e-05,0.002770179388585792
2671,26074,181,192,181,192,DepthLow,DepthMid,DepthLow--DepthMid,8,0.25115581897613976,5.3249775478984045e-05,0.0027700805765602343
2672,759,3,64,3,64,DepthMid,DepthMid,DepthMid--DepthMid,9,0.3077076382066676,5.324826544887459e-05,0.0027700020240210245
2673,24125,152,186,152,186,DepthMid,DepthMid,DepthMid--DepthMid,7,0.2307795689092227,5.324788636040564e-05,0.0027699823036448313
2674,8999,42,75,42,75,DepthLow,DepthHigh,DepthHigh--DepthLow,3,0.15186551489957,5.3246956530517416e-05,0.0027699339334181085
2675,10687,51,80,51,80,DepthLow,DepthMid,DepthLow--DepthMid,4,0.17216118709681424,5.324272350759474e-05,0.0027697137293989783
2676,16762,87,233,87,233,DepthLow,DepthMid,DepthLow--DepthMid,7,0.24129402797413205,5.324201211153674e-05,0.0027696767222119096
2677,16316,84,231,84,231,DepthHigh,DepthHigh,DepthHigh--DepthHigh,4,0.17063588475241964,5.324057442915088e-05,0.002769601933238313
2678,12969,64,74,64,74,DepthMid,DepthMid,DepthMid--DepthMid,10,0.32726480793500634,5.323123734321272e-05,0.0027691162132485797
2679,13778,68,213,68,213,DepthHigh,DepthMid,DepthHigh--DepthMid,2,0.10409511875190808,5.322966221255894e-05,0.002769034274145732
2680,12215,59,180,59,180,DepthHigh,DepthLow,DepthHigh--DepthLow,6,0.20118459701275837,5.32166309987587e-05,0.0027683563837337566
2681,449,1,217,1,217,DepthMid,DepthMid,DepthMid--DepthMid,9,0.2935872576992151,5.321203276142956e-05,0.0027681171810742655
2682,27040,204,215,204,215,DepthLow,DepthLow,DepthLow--DepthLow,5,0.18571704261614363,5.3212018813027055e-05,0.0027681164554712277
2683,19517,108,132,108,132,DepthHigh,DepthLow,DepthHigh--DepthLow,3,0.1534557343113686,5.321078667451078e-05,0.0027680523589949354
2684,3841,16,234,16,234,DepthLow,DepthLow,DepthLow--DepthLow,9,0.2861844229457407,5.321076559940477e-05,0.002768051262657133
2685,3574,15,185,15,185,DepthLow,DepthMid,DepthLow--DepthMid,4,0.16231255849238854,5.320558559709139e-05,0.002767781796285383
2686,19186,105,182,105,182,DepthHigh,DepthMid,DepthHigh--DepthMid,3,0.1516724622895678,5.320549863683862e-05,0.0027677772725685232
2687,7557,34,197,34,197,DepthLow,DepthMid,DepthLow--DepthMid,6,0.19962744254802628,5.3202081227793795e-05,0.002767599497200795
2688,5477,24,162,24,162,DepthHigh,DepthMid,DepthHigh--DepthMid,10,0.3164834500343081,5.319764676011198e-05,0.0027673688139221836
2689,18,0,19,0,19,DepthLow,DepthLow,DepthLow--DepthLow,4,0.15875621505819365,5.319682679761188e-05,0.002767326159053227
2690,6045,27,106,27,106,DepthLow,DepthLow,DepthLow--DepthLow,10,0.391455161756718,5.319096860801703e-05,0.0027670214130319616
2691,14019,70,125,70,125,DepthHigh,DepthHigh,DepthHigh--DepthHigh,10,0.3328255263827766,5.3190457692463306e-05,0.0027669948349433424
2692,9509,44,204,44,204,DepthLow,DepthLow,DepthLow--DepthLow,5,0.1880424580654618,5.3188530144343606e-05,0.0027668945629035313
2693,20009,112,130,112,130,DepthLow,DepthLow,DepthLow--DepthLow,7,0.23797451001172823,5.3186974388082564e-05,0.0027668136316665107
2694,3382,14,212,14,212,DepthLow,DepthMid,DepthLow--DepthMid,1,0.028037349430375526,5.318160576343018e-05,0.0027665343530641384
2695,2115,9,55,9,55,DepthMid,DepthLow,DepthLow--DepthMid,4,0.16533795652243533,5.3179509997468356e-05,0.002766425330246077
2696,1461,6,79,6,79,DepthHigh,DepthHigh,DepthHigh--DepthHigh,8,0.2482907499901621,5.3172972844209255e-05,0.0027660852641874663
2697,7692,35,133,35,133,DepthLow,DepthHigh,DepthHigh--DepthLow,6,0.2103279410489337,5.316718570580246e-05,0.0027657842142853714
2698,25095,165,181,165,181,DepthMid,DepthLow,DepthLow--DepthMid,9,0.2792423405311517,5.315846879609815e-05,0.0027653307561807624
2699,13096,64,201,64,201,DepthMid,DepthMid,DepthMid--DepthMid,10,0.3754477935855799,5.315377840383103e-05,0.002765086759574228
2700,10024,47,155,47,155,DepthMid,DepthMid,DepthMid--DepthMid,9,0.2778556286775744,5.315056690106783e-05,0.0027649196955566637
2701,3204,14,34,14,34,DepthLow,DepthLow,DepthLow--DepthLow,5,0.18204584637924634,5.314439784210857e-05,0.002764598777951942
2702,21678,126,196,126,196,DepthLow,DepthMid,DepthLow--DepthMid,4,0.1730570488774603,5.313797609974179e-05,0.0027642647156270236
2703,5966,26,234,26,234,DepthLow,DepthLow,DepthLow--DepthLow,9,0.27537989119097683,5.3136942181220406e-05,0.002764210930656325
2704,5095,22,201,22,201,DepthHigh,DepthMid,DepthHigh--DepthMid,7,0.24056857234451592,5.3135501854091736e-05,0.0027641360041018538
2705,4985,22,91,22,91,DepthHigh,DepthMid,DepthHigh--DepthMid,9,0.2940019980541898,5.313283354244168e-05,0.00276399719716403
2706,1435,6,53,6,53,DepthHigh,DepthLow,DepthHigh--DepthLow,9,0.2758281725987356,5.3131863937847873e-05,0.0027639467578367636
2707,22345,133,135,133,135,DepthHigh,DepthHigh,DepthHigh--DepthHigh,8,0.25240700719087067,5.3129840934232506e-05,0.0027638415201532087
2708,6211,28,66,28,66,DepthLow,DepthHigh,DepthHigh--DepthLow,8,0.2679760645505799,5.312542430769853e-05,0.0027636117649802406
2709,7485,34,125,34,125,DepthLow,DepthHigh,DepthHigh--DepthLow,9,0.2833996959662472,5.3109815185592934e-05,0.002762799770458706
2710,17133,90,169,90,169,DepthHigh,DepthLow,DepthHigh--DepthLow,6,0.2185364590778387,5.310786382869959e-05,0.002762698259874303
2711,20475,116,118,116,118,DepthHigh,DepthLow,DepthHigh--DepthLow,1,0.09902913462093631,5.3102028550674636e-05,0.002762394705724631
2712,3150,13,200,13,200,DepthHigh,DepthMid,DepthHigh--DepthMid,4,0.15675333179844378,5.310017164016289e-05,0.0027622981082893417
2713,20599,117,125,117,125,DepthLow,DepthHigh,DepthHigh--DepthLow,5,0.1926762453720039,5.3096676359825834e-05,0.002762116282017133
2714,22872,138,172,138,172,DepthHigh,DepthLow,DepthHigh--DepthLow,4,0.16334660476811994,5.30945815739163e-05,0.002762007310181893
2715,16277,84,192,84,192,DepthHigh,DepthMid,DepthHigh--DepthMid,5,0.19220877289373164,5.309066677475258e-05,0.0027618036603255882
2716,9353,44,48,44,48,DepthLow,DepthHigh,DepthHigh--DepthLow,8,0.2604085814107929,5.309034636718065e-05,0.0027617869925596946
2717,26436,188,211,188,211,DepthMid,DepthMid,DepthMid--DepthMid,2,0.119532144674391,5.3089766879888015e-05,0.0027617568473341184
2718,10692,51,85,51,85,DepthLow,DepthMid,DepthLow--DepthMid,2,0.10884788721975733,5.308599010537207e-05,0.0027615603775906395
2719,875,3,180,3,180,DepthMid,DepthLow,DepthLow--DepthMid,5,0.1836830729761162,5.308390678382795e-05,0.0027614520021375564
2720,3055,13,105,13,105,DepthHigh,DepthHigh,DepthHigh--DepthHigh,4,0.1662675175729012,5.3083186647535785e-05,0.002761414540279033
2721,2494,10,210,10,210,DepthLow,DepthMid,DepthLow--DepthMid,1,0.08894996455704918,5.308277435350724e-05,0.0027613930925326335
2722,10982,52,193,52,193,DepthLow,DepthHigh,DepthHigh--DepthLow,5,0.187283089798213,5.307809566363774e-05,0.002761149704690813
2723,12682,62,128,62,128,DepthMid,DepthLow,DepthLow--DepthMid,8,0.26468168546878346,5.307575869170141e-05,0.0027610281342144954
2724,19969,111,212,111,212,DepthLow,DepthMid,DepthLow--DepthMid,2,0.11691631235243904,5.307396360171465e-05,0.0027609347527145587
2725,27068,205,214,205,214,DepthMid,DepthLow,DepthLow--DepthMid,2,0.11434488186089903,5.306763975692543e-05,0.002760605783071735
2726,23538,145,194,145,194,DepthHigh,DepthMid,DepthHigh--DepthMid,7,0.2299939634137198,5.306498014656701e-05,0.0027604674287795557
2727,1875,8,40,8,40,DepthMid,DepthHigh,DepthHigh--DepthMid,1,0.07683155249868844,5.3064114374796884e-05,0.0027604223908889243
2728,26698,194,218,194,218,DepthMid,DepthMid,DepthMid--DepthMid,6,0.20896456616064063,5.306225628930465e-05,0.0027603257323305487
2729,16787,88,112,88,112,DepthLow,DepthLow,DepthLow--DepthLow,9,0.3126346190801963,5.306218561219776e-05,0.002760322055671272
2730,16183,84,98,84,98,DepthHigh,DepthLow,DepthHigh--DepthLow,9,0.278545900345183,5.3054957057158815e-05,0.0027599460225381767
2731,26267,184,232,184,232,DepthMid,DepthHigh,DepthHigh--DepthMid,6,0.198486628731073,5.305079399642422e-05,0.0027597294579878814
2732,3105,13,155,13,155,DepthHigh,DepthMid,DepthHigh--DepthMid,7,0.23619005748790425,5.304773125133293e-05,0.002759570132420552
2733,26124,182,190,182,190,DepthMid,DepthMid,DepthMid--DepthMid,8,0.26335890449424126,5.304660375199945e-05,0.002759511479328109
2734,2128,9,68,9,68,DepthMid,DepthHigh,DepthHigh--DepthMid,2,0.1168242572530149,5.304024522846478e-05,0.0027591807056791956
2735,6617,30,63,30,63,DepthHigh,DepthMid,DepthHigh--DepthMid,7,0.23859181754098377,5.303517021592585e-05,0.002758916700929252
2736,16308,84,223,84,223,DepthHigh,DepthMid,DepthHigh--DepthMid,5,0.17979363637389106,5.303442543717278e-05,0.002758877957157299
2737,2523,11,16,11,16,DepthLow,DepthLow,DepthLow--DepthLow,1,0.055678395100034986,5.3034369530324194e-05,0.0027588750488544193
2738,9862,46,180,46,180,DepthLow,DepthLow,DepthLow--DepthLow,8,0.2563176746564313,5.303436183048011e-05,0.0027588746483045885
2739,2492,10,208,10,208,DepthLow,DepthMid,DepthLow--DepthMid,2,0.1320226702793765,5.303307051690689e-05,0.002758807473511545
2740,1165,5,11,5,11,DepthMid,DepthLow,DepthLow--DepthMid,1,0.026414891860981234,5.302467440028266e-05,0.0027583707032271614
2741,10244,48,189,48,189,DepthHigh,DepthMid,DepthHigh--DepthMid,9,0.27686922592316915,5.3018313507832114e-05,0.002758039806346032
2742,22064,130,160,130,160,DepthLow,DepthMid,DepthLow--DepthMid,5,0.19656110727974893,5.301419533559348e-05,0.002757825576918273
2743,3197,14,27,14,27,DepthLow,DepthLow,DepthLow--DepthLow,1,0.095716924960585,5.3014093330214804e-05,0.002757820270546262
2744,16037,83,102,83,102,DepthMid,DepthLow,DepthLow--DepthMid,10,0.41188869793671934,5.301320505174862e-05,0.0027577740618457817
2745,9630,45,136,45,136,DepthHigh,DepthHigh,DepthHigh--DepthHigh,7,0.23632428630369665,5.3007175872288876e-05,0.0027574604208442225
2746,2300,10,16,10,16,DepthLow,DepthLow,DepthLow--DepthLow,2,0.11131339340289145,5.300521156602351e-05,0.002757358236626859
2747,21845,128,150,128,150,DepthLow,DepthMid,DepthLow--DepthMid,7,0.2426081434412131,5.300484298084881e-05,0.002757339062637409
2748,4322,19,67,19,67,DepthLow,DepthHigh,DepthHigh--DepthLow,10,0.3244371966817364,5.300237653590232e-05,0.0027572107569088316
2749,15045,76,188,76,188,DepthHigh,DepthMid,DepthHigh--DepthMid,6,0.2020337768639424,5.299491771489461e-05,0.002756822745222178
2750,6635,30,81,30,81,DepthHigh,DepthHigh,DepthHigh--DepthHigh,5,0.19118843384368242,5.299446066940452e-05,0.002756798969481843
