rank,edge_idx,neuron_i_local,neuron_j_local,neuron_i_global,neuron_j_global,layer_i,layer_j,layer_pair,strength_decile,corr_mean,edge_importance,edge_importance_raw
1,16975,50,51,50,51,DepthHigh,DepthHigh,DepthHigh--DepthHigh,10,0.8414604682281035,9.151135971622753e-05,0.0018026577141624443
2,47321,169,171,169,171,DepthLow,DepthLow,DepthLow--DepthLow,10,0.8202185995044688,9.10168214567618e-05,0.0017929159377191826
3,16976,50,52,50,52,DepthHigh,DepthHigh,DepthHigh--DepthHigh,10,0.7868915098901144,8.243529853065711e-05,0.0016238708208071966
4,17289,51,52,51,52,DepthHigh,DepthHigh,DepthHigh--DepthHigh,10,0.7369607648496779,7.574972365451765e-05,0.0014921734756747945
5,47767,171,230,171,230,DepthLow,DepthMid,DepthLow--DepthMid,5,0.14602723294795583,7.37877894188986e-05,0.001453525859734159
6,7332,20,263,20,263,DepthMid,DepthMid,DepthMid--DepthMid,6,0.1672206974182165,7.331811663291042e-05,0.001444273901579246
7,47380,169,230,169,230,DepthLow,DepthMid,DepthLow--DepthMid,4,0.1379271812679338,7.134628209324625e-05,0.0014054312622063852
8,21407,64,192,64,192,DepthMid,DepthMid,DepthMid--DepthMid,8,0.21461082265461753,7.079125491960411e-05,0.0013944979308774838
9,33296,107,127,107,127,DepthLow,DepthLow,DepthLow--DepthLow,10,0.28751132943176544,6.873522101482863e-05,0.0013539966708097043
10,51379,191,192,191,192,DepthMid,DepthMid,DepthMid--DepthMid,10,0.9215342209594842,6.495837261354253e-05,0.0012795975478274548
11,42941,147,312,147,312,DepthLow,DepthMid,DepthLow--DepthMid,10,0.32163282426032563,6.412081769771107e-05,0.0012630987783332614
12,13455,39,40,39,40,DepthMid,DepthMid,DepthMid--DepthMid,10,0.9103883910756415,6.342892366443301e-05,0.0012494693434703186
13,64464,301,352,301,352,DepthHigh,DepthMid,DepthHigh--DepthMid,8,0.20214981440180027,6.28963526175306e-05,0.0012389783693550255
14,25102,77,78,77,78,DepthMid,DepthMid,DepthMid--DepthMid,10,0.8555438526236216,6.272568642648253e-05,0.0012356164618629554
15,9478,27,29,27,29,DepthMid,DepthMid,DepthMid--DepthMid,10,0.8328873534928463,6.202593734298977e-05,0.0012218322924740632
16,21406,64,191,64,191,DepthMid,DepthMid,DepthMid--DepthMid,8,0.206724108862967,6.137532695281507e-05,0.001209016093016427
17,38464,128,129,128,129,DepthLow,DepthLow,DepthLow--DepthLow,10,0.7987140250574901,6.0372785522903916e-05,0.0011892672984623854
18,36102,118,172,118,172,DepthLow,DepthLow,DepthLow--DepthLow,10,0.3502344255986124,6.0011882653614733e-05,0.0011821579697035849
19,32772,105,118,105,118,DepthLow,DepthLow,DepthLow--DepthLow,10,0.307586926497681,5.9506333702359354e-05,0.0011721992965979373
20,48922,177,248,177,248,DepthMid,DepthHigh,DepthHigh--DepthMid,10,0.2825593294158369,5.905346712512493e-05,0.0011632783994386176
21,7730,21,318,21,318,DepthMid,DepthHigh,DepthHigh--DepthMid,9,0.250630805504202,5.87124712229261e-05,0.0011565612126816656
22,40095,135,136,135,136,DepthLow,DepthLow,DepthLow--DepthLow,10,0.9352033802394357,5.8161603065493676e-05,0.0011457098086968343
23,51554,192,195,192,195,DepthMid,DepthMid,DepthMid--DepthMid,10,0.5531609255116772,5.794157576184528e-05,0.001141375549895762
24,17154,50,230,50,230,DepthHigh,DepthMid,DepthHigh--DepthMid,5,0.1555902962382002,5.7786956397548226e-05,0.0011383297445370253
25,38229,127,130,127,130,DepthLow,DepthLow,DepthLow--DepthLow,10,0.6884115789317207,5.720644103462125e-05,0.00112689432820822
26,18847,56,60,56,60,DepthHigh,DepthHigh,DepthHigh--DepthHigh,10,0.7678011719358161,5.6546518636878585e-05,0.0011138946940127679
27,10213,29,93,29,93,DepthMid,DepthLow,DepthLow--DepthMid,7,0.1870736848342247,5.617025049892287e-05,0.0011064826889504156
28,56040,220,271,220,271,DepthHigh,DepthHigh,DepthHigh--DepthHigh,6,0.17038886943241457,5.564841515272631e-05,0.0010962031945219546
29,24253,74,93,74,93,DepthMid,DepthLow,DepthLow--DepthMid,7,0.19407941342019241,5.547444852830618e-05,0.001092776272678697
30,27207,84,202,84,202,DepthHigh,DepthHigh,DepthHigh--DepthHigh,5,0.14165858883508006,5.512051941744484e-05,0.0010858043181154679
31,63874,293,294,293,294,DepthLow,DepthLow,DepthLow--DepthLow,10,0.6577493109899198,5.3897488476363114e-05,0.0010617121598584273
32,42560,146,148,146,148,DepthLow,DepthMid,DepthLow--DepthMid,10,0.2715012142857024,5.36989809302241e-05,0.0010578018129848085
33,23697,72,118,72,118,DepthMid,DepthLow,DepthLow--DepthMid,9,0.23897105503921878,5.3446345873566966e-05,0.0010528252228088667
34,11212,32,93,32,93,DepthMid,DepthLow,DepthLow--DepthMid,7,0.18860220869376582,5.329943419505209e-05,0.0010499312490836743
35,23684,72,105,72,105,DepthMid,DepthLow,DepthLow--DepthMid,10,0.2818085944935609,5.315070402178455e-05,0.001047001453318418
36,64256,298,336,298,336,DepthHigh,DepthHigh,DepthHigh--DepthHigh,6,0.16470633282374875,5.297217984353562e-05,0.0010434847534454964
37,44594,155,265,155,265,DepthMid,DepthMid,DepthMid--DepthMid,8,0.21932520837784955,5.29397809448608e-05,0.001042846536236096
38,32826,105,172,105,172,DepthLow,DepthLow,DepthLow--DepthLow,10,0.6194358542164997,5.254579284463475e-05,0.001035085470392871
39,48285,174,175,174,175,DepthMid,DepthMid,DepthMid--DepthMid,10,0.7288181021863386,5.253941628424075e-05,0.0010349598602410852
40,61177,262,263,262,263,DepthMid,DepthMid,DepthMid--DepthMid,10,0.875866677792481,5.228743095165665e-05,0.0010299960688052777
41,58737,240,298,240,298,DepthHigh,DepthHigh,DepthHigh--DepthHigh,10,0.3339374162621651,5.227701172290477e-05,0.0010297908232145287
42,24025,73,155,73,155,DepthMid,DepthMid,DepthMid--DepthMid,9,0.255291205614449,5.192721616091736e-05,0.001022900294321157
43,51206,190,192,190,192,DepthMid,DepthMid,DepthMid--DepthMid,10,0.6577253370944671,5.184384628601346e-05,0.0010212580135312058
44,23706,72,127,72,127,DepthMid,DepthLow,DepthLow--DepthMid,7,0.18007455971145428,5.182267548868281e-05,0.0010208409756766552
45,13813,40,74,40,74,DepthMid,DepthMid,DepthMid--DepthMid,10,0.6261405172020043,5.160836945922259e-05,0.0010166194187202736
46,45780,161,218,161,218,DepthHigh,DepthHigh,DepthHigh--DepthHigh,10,0.845528239829759,5.1434222035667104e-05,0.0010131889353633735
47,37531,124,146,124,146,DepthLow,DepthLow,DepthLow--DepthLow,10,0.2749823220324097,5.135631652679624e-05,0.0010116542956533168
48,36057,118,127,118,127,DepthLow,DepthLow,DepthLow--DepthLow,8,0.2123853426909903,5.135442584047863e-05,0.0010116170515309907
49,9542,27,93,27,93,DepthMid,DepthLow,DepthLow--DepthMid,7,0.20027187718579587,5.077562870818191e-05,0.001000215482166212
50,45724,161,162,161,162,DepthHigh,DepthHigh,DepthHigh--DepthHigh,10,0.9286646949870345,5.066156703863063e-05,0.0009979686119509243
51,51382,191,195,191,195,DepthMid,DepthMid,DepthMid--DepthMid,10,0.5383815251316357,5.055721747568019e-05,0.000995913057916918
52,45109,158,159,158,159,DepthHigh,DepthHigh,DepthHigh--DepthHigh,10,0.7229306870602733,5.0132691390985717e-05,0.0009875504325137904
53,33859,109,179,109,179,DepthLow,DepthLow,DepthLow--DepthLow,10,0.7521873384563132,4.992532977107861e-05,0.0009834656716173737
54,13130,38,40,38,40,DepthMid,DepthMid,DepthMid--DepthMid,10,0.7601214328510352,4.983052823668363e-05,0.00098159820163527
55,21410,64,195,64,195,DepthMid,DepthMid,DepthMid--DepthMid,7,0.17994907430438323,4.9742457576590055e-05,0.000979863321339519
56,38465,128,130,128,130,DepthLow,DepthLow,DepthLow--DepthLow,10,0.7091710854351486,4.970387584196094e-05,0.0009791033101040768
57,7901,22,147,22,147,DepthMid,DepthLow,DepthLow--DepthMid,8,0.22320592263528874,4.9634590658615164e-05,0.000977738479872915
58,23751,72,172,72,172,DepthMid,DepthLow,DepthLow--DepthMid,10,0.307777912721576,4.949163827671373e-05,0.0009749224992690684
59,24525,75,76,75,76,DepthMid,DepthMid,DepthMid--DepthMid,10,0.8328898898668298,4.917743161249107e-05,0.0009687330265210005
60,66416,359,361,359,361,DepthHigh,DepthHigh,DepthHigh--DepthHigh,10,0.7781118438283245,4.85702838414368e-05,0.0009567729855324125
61,10194,29,74,29,74,DepthMid,DepthMid,DepthMid--DepthMid,10,0.3839279923058628,4.846888974096558e-05,0.0009547756503605628
62,65395,319,320,319,320,DepthHigh,DepthHigh,DepthHigh--DepthHigh,10,0.7251434897917343,4.8412083869260024e-05,0.0009536566467400584
63,17193,50,269,50,269,DepthHigh,DepthHigh,DepthHigh--DepthHigh,9,0.26093703132473733,4.836668224524752e-05,0.0009527622923340541
64,13489,39,74,39,74,DepthMid,DepthMid,DepthMid--DepthMid,10,0.672676426454661,4.83603234477966e-05,0.0009526370320897168
65,31504,100,155,100,155,DepthLow,DepthMid,DepthLow--DepthMid,6,0.16130262850549376,4.8358030003090704e-05,0.0009525918541379969
66,38271,127,172,127,172,DepthLow,DepthLow,DepthLow--DepthLow,10,0.2817989904881879,4.8287573727810195e-05,0.0009512039548811241
67,33281,107,112,107,112,DepthLow,DepthLow,DepthLow--DepthLow,10,0.5558262915433375,4.815331705018547e-05,0.0009485592686219698
68,65603,323,358,323,358,DepthLow,DepthMid,DepthLow--DepthMid,3,0.1185358384598723,4.8020999612588204e-05,0.0009459527829316406
69,33288,107,119,107,119,DepthLow,DepthLow,DepthLow--DepthLow,10,0.5314952874298774,4.785278005388897e-05,0.0009426390709935543
70,26686,82,242,82,242,DepthHigh,DepthHigh,DepthHigh--DepthHigh,10,0.28291633874734595,4.780638192617901e-05,0.0009417250867286672
71,28755,90,91,90,91,DepthLow,DepthLow,DepthLow--DepthLow,10,0.8430695283403417,4.77053913025968e-05,0.0009397356995397644
72,31240,99,155,99,155,DepthLow,DepthMid,DepthLow--DepthMid,7,0.18106951841113322,4.76719497248895e-05,0.0009390769428759495
73,45982,162,218,162,218,DepthHigh,DepthHigh,DepthHigh--DepthHigh,10,0.8435554120290062,4.7543172554314935e-05,0.0009365401959555221
74,66084,338,344,338,344,DepthHigh,DepthHigh,DepthHigh--DepthHigh,8,0.2078678267021817,4.7523193549159575e-05,0.0009361466348951655
75,33642,108,217,108,217,DepthLow,DepthLow,DepthLow--DepthLow,7,0.18894139675485455,4.728432376301916e-05,0.0009314412030886484
76,57351,229,331,229,331,DepthMid,DepthMid,DepthMid--DepthMid,10,0.5815366265222068,4.724588062790955e-05,0.0009306839220879419
77,65382,318,352,318,352,DepthHigh,DepthMid,DepthHigh--DepthMid,8,0.20761960618009373,4.706246901926692e-05,0.0009270709460354403
78,65527,322,323,322,323,DepthLow,DepthLow,DepthLow--DepthLow,10,0.767274090684247,4.666044642400827e-05,0.0009191516108309598
79,66058,337,344,337,344,DepthHigh,DepthHigh,DepthHigh--DepthHigh,7,0.17895323145330155,4.661434712381124e-05,0.0009182435130890471
80,12590,36,153,36,153,DepthMid,DepthHigh,DepthHigh--DepthMid,9,0.25613185972465613,4.658430089264845e-05,0.0009176516404455297
81,33341,107,172,107,172,DepthLow,DepthLow,DepthLow--DepthLow,10,0.5663756363366669,4.616532625758112e-05,0.0009093983715586444
82,62862,280,283,280,283,DepthLow,DepthLow,DepthLow--DepthLow,10,0.7454260592621466,4.6149985663113074e-05,0.0009090961813055062
83,36523,119,348,119,348,DepthLow,DepthMid,DepthLow--DepthMid,9,0.2603409990899918,4.608564619365242e-05,0.000907828775364779
84,65155,314,315,314,315,DepthMid,DepthMid,DepthMid--DepthMid,10,0.6303936490056583,4.6050950464614146e-05,0.0009071453135104991
85,25663,78,353,78,353,DepthMid,DepthHigh,DepthHigh--DepthMid,10,0.28357644601566195,4.588896142915342e-05,0.0009039543349774674
86,66031,336,344,336,344,DepthHigh,DepthHigh,DepthHigh--DepthHigh,5,0.1406559952375523,4.5836916166333715e-05,0.0009029291093136976
87,42782,147,153,147,153,DepthLow,DepthHigh,DepthHigh--DepthLow,8,0.2231976880949902,4.576445246995427e-05,0.0009015016664073722
88,53343,202,319,202,319,DepthHigh,DepthHigh,DepthHigh--DepthHigh,3,0.11228298061826837,4.561874253164962e-05,0.0008986313654400439
89,42742,146,330,146,330,DepthLow,DepthMid,DepthLow--DepthMid,6,0.16251267965946245,4.559585254316494e-05,0.0008981804617003667
90,33332,107,163,107,163,DepthLow,DepthLow,DepthLow--DepthLow,10,0.5290774713948287,4.5232249732829085e-05,0.0008910179475275296
91,18846,56,59,56,59,DepthHigh,DepthHigh,DepthHigh--DepthHigh,10,0.7804474274401387,4.5208134421297706e-05,0.0008905429064780218
92,62863,280,284,280,284,DepthLow,DepthLow,DepthLow--DepthLow,10,0.7677341401433574,4.49036543958909e-05,0.0008845450361774387
93,46137,163,172,163,172,DepthLow,DepthLow,DepthLow--DepthLow,10,0.5380362623264889,4.486776412397988e-05,0.0008838380433437137
94,33287,107,118,107,118,DepthLow,DepthLow,DepthLow--DepthLow,10,0.34587140932806554,4.417602505351601e-05,0.0008702116610516568
95,34611,112,172,112,172,DepthLow,DepthLow,DepthLow--DepthLow,10,0.6260267132377516,4.4065139323704624e-05,0.0008680273528209096
96,51205,190,191,190,191,DepthMid,DepthMid,DepthMid--DepthMid,10,0.6613209386377522,4.3850062376301276e-05,0.0008637906097588742
97,28205,88,90,88,90,DepthLow,DepthLow,DepthLow--DepthLow,10,0.7024729866220544,4.382012935517102e-05,0.000863200967209403
98,28480,89,90,89,90,DepthLow,DepthLow,DepthLow--DepthLow,10,0.6709933276683233,4.349058032195687e-05,0.0008567092692523359
99,30318,95,299,95,299,DepthLow,DepthHigh,DepthHigh--DepthLow,3,0.11805860539459237,4.3306150713957036e-05,0.0008530762399037194
100,13077,37,313,37,313,DepthMid,DepthHigh,DepthHigh--DepthMid,10,0.282356247760914,4.329765093244224e-05,0.0008529088049889301
101,32781,105,127,105,127,DepthLow,DepthLow,DepthLow--DepthLow,10,0.2819501187438048,4.323846246585506e-05,0.0008517428672713212
102,23686,72,107,72,107,DepthMid,DepthLow,DepthLow--DepthMid,8,0.2270684209264857,4.314766303766886e-05,0.0008499542337052923
103,50856,188,191,188,191,DepthMid,DepthMid,DepthMid--DepthMid,10,0.7367727440960765,4.310463803790678e-05,0.0008491066957825311
104,29851,94,101,94,101,DepthLow,DepthLow,DepthLow--DepthLow,7,0.18639241108749918,4.2959234971312054e-05,0.0008462424397986548
105,17587,51,350,51,350,DepthHigh,DepthMid,DepthHigh--DepthMid,7,0.19944292755565765,4.291810703378179e-05,0.0008454322715956424
106,59592,247,313,247,313,DepthLow,DepthHigh,DepthHigh--DepthLow,10,0.2717545640490321,4.284799924422263e-05,0.0008440512370654638
107,15857,46,195,46,195,DepthHigh,DepthMid,DepthHigh--DepthMid,7,0.1867182390869404,4.27620193747748e-05,0.0008423575426934926
108,55728,218,248,218,248,DepthHigh,DepthHigh,DepthHigh--DepthHigh,10,0.30513907575975185,4.2681299443828e-05,0.0008407674624383295
109,18535,55,56,55,56,DepthHigh,DepthHigh,DepthHigh--DepthHigh,10,0.6139147252824003,4.2677389564982335e-05,0.0008406904427843276
110,7907,22,153,22,153,DepthMid,DepthHigh,DepthHigh--DepthMid,10,0.3396423536603637,4.263979864393684e-05,0.0008399499493197428
111,38740,129,170,129,170,DepthLow,DepthLow,DepthLow--DepthLow,4,0.12648030930164128,4.257953030193497e-05,0.0008387627394261694
112,25754,79,159,79,159,DepthMid,DepthHigh,DepthHigh--DepthMid,6,0.16900440362520483,4.254795494846353e-05,0.0008381407450126977
113,17274,50,350,50,350,DepthHigh,DepthMid,DepthHigh--DepthMid,7,0.19533388498534995,4.2474588447532204e-05,0.00083669551800181
114,33597,108,172,108,172,DepthLow,DepthLow,DepthLow--DepthLow,10,0.673768441071224,4.244031294885888e-05,0.0008360203341527027
115,36762,120,343,120,343,DepthLow,DepthHigh,DepthHigh--DepthLow,4,0.13431581299561443,4.2335997405178665e-05,0.0008339654502551703
116,57948,234,268,234,268,DepthLow,DepthLow,DepthLow--DepthLow,8,0.22526459904326124,4.23004042496908e-05,0.0008332643102381216
117,13129,38,39,38,39,DepthMid,DepthMid,DepthMid--DepthMid,10,0.8462290384690424,4.227654656745571e-05,0.0008327943441589758
118,34558,112,119,112,119,DepthLow,DepthLow,DepthLow--DepthLow,10,0.6851820082682654,4.2187402803844276e-05,0.0008310383250850386
119,40427,136,240,136,240,DepthLow,DepthHigh,DepthHigh--DepthLow,9,0.2691874229105494,4.216627808893366e-05,0.0008306221949957121
120,34787,112,348,112,348,DepthLow,DepthMid,DepthLow--DepthMid,10,0.3072871808491545,4.192366292090066e-05,0.0008258429839165225
121,36338,119,163,119,163,DepthLow,DepthLow,DepthLow--DepthLow,10,0.5807207648711902,4.1909510936487876e-05,0.00082556420777385
122,10152,29,32,29,32,DepthMid,DepthMid,DepthMid--DepthMid,10,0.2896925680655268,4.1773591220254206e-05,0.0008228867617634838
123,56736,225,262,225,262,DepthHigh,DepthMid,DepthHigh--DepthMid,6,0.1703467254134619,4.163521899936449e-05,0.0008201610045221301
124,65082,312,343,312,343,DepthMid,DepthHigh,DepthHigh--DepthMid,6,0.16350564017539823,4.1580453858346825e-05,0.0008190822007077312
125,33588,108,163,108,163,DepthLow,DepthLow,DepthLow--DepthLow,10,0.6006308072269717,4.1553461770748084e-05,0.0008185504908185753
126,16908,49,298,49,298,DepthHigh,DepthHigh,DepthHigh--DepthHigh,10,0.31110981504882157,4.1363734304486686e-05,0.0008148131003819654
127,13215,38,125,38,125,DepthMid,DepthLow,DepthLow--DepthMid,7,0.18892538159898115,4.135440135584533e-05,0.0008146292531315651
128,7748,21,336,21,336,DepthMid,DepthHigh,DepthHigh--DepthMid,9,0.24377218235727735,4.135103161396959e-05,0.0008145628734907655
129,49039,178,179,178,179,DepthLow,DepthLow,DepthLow--DepthLow,10,0.8446234900913285,4.121866984980487e-05,0.0008119555146232808
130,17695,52,146,52,146,DepthHigh,DepthLow,DepthHigh--DepthLow,8,0.22470832877691188,4.101683753213677e-05,0.0008079796739676518
131,58680,240,241,240,241,DepthHigh,DepthHigh,DepthHigh--DepthHigh,10,0.7808950145785838,4.1002716062799175e-05,0.0008077014989332552
132,8090,22,336,22,336,DepthMid,DepthHigh,DepthHigh--DepthMid,9,0.23204865951914272,4.097609064737683e-05,0.0008071770120208904
133,42740,146,328,146,328,DepthLow,DepthLow,DepthLow--DepthLow,6,0.17640108594221549,4.097159332076601e-05,0.0008070884203910289
134,48475,175,176,175,176,DepthMid,DepthMid,DepthMid--DepthMid,10,0.8552167413704501,4.091134463798919e-05,0.0008059015977592535
135,58767,240,328,240,328,DepthHigh,DepthLow,DepthHigh--DepthLow,10,0.3052313351683282,4.0902863240897576e-05,0.0008057345249942822
136,52234,196,197,196,197,DepthMid,DepthMid,DepthMid--DepthMid,10,0.785226202397027,4.085968064967087e-05,0.0008048838827195556
137,38998,130,194,130,194,DepthLow,DepthMid,DepthLow--DepthMid,8,0.20360270203936048,4.0830991673001834e-05,0.0008043187462680348
138,66052,337,338,337,338,DepthHigh,DepthHigh,DepthHigh--DepthHigh,10,0.9508058738921298,4.07912701903597e-05,0.0008035362834423828
139,32761,105,107,105,107,DepthLow,DepthLow,DepthLow--DepthLow,10,0.39408719979587337,4.0686512322014534e-05,0.0008014726863099917
140,33544,108,119,108,119,DepthLow,DepthLow,DepthLow--DepthLow,10,0.6264475886347951,4.068402191458813e-05,0.0008014236284425035
141,42559,146,147,146,147,DepthLow,DepthLow,DepthLow--DepthLow,10,0.8598881728248519,4.0646922554472665e-05,0.0008006928181047486
142,28481,89,91,89,91,DepthLow,DepthLow,DepthLow--DepthLow,10,0.7808096737972765,4.0582804668817335e-05,0.0007994297770839312
143,48389,174,279,174,279,DepthMid,DepthHigh,DepthHigh--DepthMid,7,0.1883715615736692,4.031179484559984e-05,0.0007940912273131515
144,17818,52,269,52,269,DepthHigh,DepthHigh,DepthHigh--DepthHigh,10,0.2918734239460063,4.018196540546402e-05,0.0007915337520170574
145,7763,21,351,21,351,DepthMid,DepthMid,DepthMid--DepthMid,9,0.23286960234984033,4.0167577483827654e-05,0.000791250328210341
146,41504,141,192,141,192,DepthLow,DepthMid,DepthLow--DepthMid,2,0.0837782678811226,4.010095604395958e-05,0.0007899379703470201
147,19766,59,61,59,61,DepthHigh,DepthHigh,DepthHigh--DepthHigh,10,0.6992549268779898,4.00249543807517e-05,0.000788440833981702
148,42957,147,328,147,328,DepthLow,DepthLow,DepthLow--DepthLow,8,0.20717386380308234,3.99565553064837e-05,0.000787093458975439
149,9264,26,152,26,152,DepthHigh,DepthLow,DepthHigh--DepthLow,8,0.21746747416070306,3.992941808574239e-05,0.0007865588901474602
150,41507,141,195,141,195,DepthLow,DepthMid,DepthLow--DepthMid,4,0.12284088821581395,3.992330825437144e-05,0.0007864385342191119
151,60566,256,279,256,279,DepthLow,DepthHigh,DepthHigh--DepthLow,5,0.15847904728479284,3.991391511982194e-05,0.0007862535013826604
152,11816,34,36,34,36,DepthMid,DepthMid,DepthMid--DepthMid,10,0.6510583879254344,3.985746884303799e-05,0.0007851415813260043
153,56732,225,258,225,258,DepthHigh,DepthMid,DepthHigh--DepthMid,7,0.19355468008047041,3.977543419557601e-05,0.0007835256028230676
154,24040,73,170,73,170,DepthMid,DepthLow,DepthLow--DepthMid,7,0.19210188535208986,3.9756731154715104e-05,0.0007831571766408892
155,51209,190,195,190,195,DepthMid,DepthMid,DepthMid--DepthMid,10,0.5981929333851568,3.966815779691688e-05,0.0007814123938379742
156,40546,136,359,136,359,DepthLow,DepthHigh,DepthHigh--DepthLow,3,0.11698415280973404,3.966604191778897e-05,0.0007813707137029179
157,24815,76,78,76,78,DepthMid,DepthMid,DepthMid--DepthMid,10,0.7333006828049504,3.96603754386237e-05,0.0007812590912506771
158,55961,219,336,219,336,DepthMid,DepthHigh,DepthHigh--DepthMid,8,0.22075462804918816,3.9625940108205625e-05,0.0007805807589189276
159,31767,101,155,101,155,DepthLow,DepthMid,DepthLow--DepthMid,5,0.1423360354047047,3.957366246296121e-05,0.0007795509556161429
160,12591,36,154,36,154,DepthMid,DepthHigh,DepthHigh--DepthMid,9,0.25846145321001274,3.957187155132118e-05,0.0007795156769284117
161,33571,108,146,108,146,DepthLow,DepthLow,DepthLow--DepthLow,3,0.10070209190637076,3.94995574850813e-05,0.0007780911815460461
162,59644,248,249,248,249,DepthHigh,DepthHigh,DepthHigh--DepthHigh,10,0.8221250212664412,3.945690334110937e-05,0.0007772509490119603
163,20552,61,240,61,240,DepthHigh,DepthHigh,DepthHigh--DepthHigh,10,0.32092326295333196,3.9437808710198595e-05,0.000776874809002489
164,60673,257,279,257,279,DepthLow,DepthHigh,DepthHigh--DepthLow,5,0.15836799512294195,3.9400453403695863e-05,0.0007761389568455452
165,38700,129,130,129,130,DepthLow,DepthLow,DepthLow--DepthLow,10,0.7845031673968798,3.9312249325371586e-05,0.000774401448379876
166,45642,160,283,160,283,DepthLow,DepthLow,DepthLow--DepthLow,10,0.7019591735938648,3.925158956990473e-05,0.0007732065281375079
167,58884,241,322,241,322,DepthHigh,DepthLow,DepthHigh--DepthLow,9,0.25104596915607036,3.922048034422493e-05,0.0007725937158502988
168,49058,178,198,178,198,DepthLow,DepthLow,DepthLow--DepthLow,5,0.15118674538302712,3.91893606903196e-05,0.0007719806981402739
169,45746,161,184,161,184,DepthHigh,DepthLow,DepthHigh--DepthLow,5,0.15388532915822312,3.910172811840437e-05,0.0007702544476259691
170,63729,291,292,291,292,DepthHigh,DepthHigh,DepthHigh--DepthHigh,10,0.5996774440815528,3.90243839858023e-05,0.0007687308663163624
171,25625,78,315,78,315,DepthMid,DepthMid,DepthMid--DepthMid,5,0.1413898154372037,3.900769590952944e-05,0.0007684021323808042
172,12422,35,313,35,313,DepthMid,DepthHigh,DepthHigh--DepthMid,10,0.2974181043930771,3.8954430665681516e-05,0.0007673528746381922
173,42652,146,240,146,240,DepthLow,DepthHigh,DepthHigh--DepthLow,9,0.2595855783213196,3.890758207466207e-05,0.0007664300168174721
174,40333,136,146,136,146,DepthLow,DepthLow,DepthLow--DepthLow,9,0.2442426870886504,3.888969686490357e-05,0.0007660777008706809
175,27531,85,247,85,247,DepthHigh,DepthLow,DepthHigh--DepthLow,10,0.32810872638154653,3.884178304650078e-05,0.0007651338594216345
176,24802,75,353,75,353,DepthMid,DepthHigh,DepthHigh--DepthMid,8,0.20778635310462798,3.8783488051558576e-05,0.0007639855219621597
177,61075,261,263,261,263,DepthMid,DepthMid,DepthMid--DepthMid,10,0.7327026808655711,3.875737486061521e-05,0.0007634711252223295
178,61951,269,351,269,351,DepthHigh,DepthMid,DepthHigh--DepthMid,9,0.23768697664695218,3.870722103332206e-05,0.0007624831584393517
179,19129,56,342,56,342,DepthHigh,DepthMid,DepthHigh--DepthMid,8,0.20367070259207126,3.870108704134882e-05,0.0007623623265777832
180,33537,108,112,108,112,DepthLow,DepthLow,DepthLow--DepthLow,10,0.6569128527453564,3.855604418785964e-05,0.0007595051663351949
181,42730,146,318,146,318,DepthLow,DepthHigh,DepthHigh--DepthLow,8,0.22172317523529708,3.849942276077361e-05,0.0007583897960397472
182,42783,147,154,147,154,DepthLow,DepthHigh,DepthHigh--DepthLow,6,0.16391706810993162,3.8462627095993e-05,0.0007576649681148842
183,26246,81,84,81,84,DepthHigh,DepthHigh,DepthHigh--DepthHigh,10,0.6081884912888791,3.8424471377398937e-05,0.0007569133488549771
184,39140,130,336,130,336,DepthLow,DepthHigh,DepthHigh--DepthLow,5,0.143124696376018,3.835561541429501e-05,0.0007555569737181605
185,38228,127,129,127,129,DepthLow,DepthLow,DepthLow--DepthLow,10,0.7206683966582175,3.826590086483568e-05,0.0007537897108869996
186,29845,94,95,94,95,DepthLow,DepthLow,DepthLow--DepthLow,5,0.1428748193364286,3.8252538617618306e-05,0.0007535264915653807
187,6963,19,238,19,238,DepthMid,DepthMid,DepthMid--DepthMid,4,0.12904105177904918,3.8229651280904366e-05,0.0007530756400622235
188,7434,21,22,21,22,DepthMid,DepthMid,DepthMid--DepthMid,10,0.7306490396565897,3.8143638105084346e-05,0.0007513812895969656
189,45643,160,284,160,284,DepthLow,DepthLow,DepthLow--DepthLow,10,0.7107146926866638,3.814336294313611e-05,0.0007513758692555984
190,33589,108,164,108,164,DepthLow,DepthLow,DepthLow--DepthLow,10,0.535111090176902,3.8124963913521405e-05,0.0007510134317093649
191,24527,75,78,75,78,DepthMid,DepthMid,DepthMid--DepthMid,10,0.743203640781401,3.8062975360948985e-05,0.0007497923358494524
192,33386,107,217,107,217,DepthLow,DepthLow,DepthLow--DepthLow,4,0.13712366333833256,3.805571894452148e-05,0.0007496493936498087
193,17686,52,137,52,137,DepthHigh,DepthLow,DepthHigh--DepthLow,7,0.1970808108336655,3.803506707085011e-05,0.0007492425779331476
194,19133,56,346,56,346,DepthHigh,DepthMid,DepthHigh--DepthMid,7,0.19062352889739673,3.801426066358987e-05,0.0007488327181007946
195,65001,311,314,311,314,DepthMid,DepthMid,DepthMid--DepthMid,10,0.6035809923332007,3.798747970119557e-05,0.0007483051671103769
196,7761,21,349,21,349,DepthMid,DepthMid,DepthMid--DepthMid,9,0.2434670379353366,3.7897073175648734e-05,0.000746524273227989
197,19436,57,342,57,342,DepthHigh,DepthMid,DepthHigh--DepthMid,8,0.21337424317884093,3.7867695114659844e-05,0.000745945562689396
198,11193,32,74,32,74,DepthMid,DepthMid,DepthMid--DepthMid,10,0.3896145589097503,3.7818356876293406e-05,0.0007449736619737881
199,6622,18,242,18,242,DepthHigh,DepthHigh,DepthHigh--DepthHigh,9,0.2546734268622307,3.779170491815012e-05,0.0007444486522034874
200,25877,79,282,79,282,DepthMid,DepthHigh,DepthHigh--DepthMid,8,0.22042100992893207,3.7728587532883593e-05,0.0007432053197713031
201,52036,194,336,194,336,DepthMid,DepthHigh,DepthHigh--DepthMid,4,0.12418588829617892,3.771737049349058e-05,0.0007429843583228601
202,63669,290,305,290,305,DepthHigh,DepthMid,DepthHigh--DepthMid,4,0.13147533306444037,3.7704111892774726e-05,0.0007427231807058567
203,56978,227,229,227,229,DepthMid,DepthMid,DepthMid--DepthMid,10,0.7010484452581395,3.7683842910889245e-05,0.0007423239074717206
204,56442,223,247,223,247,DepthLow,DepthLow,DepthLow--DepthLow,9,0.26899390868035394,3.7613658154836566e-05,0.0007409413567992435
205,40257,135,298,135,298,DepthLow,DepthHigh,DepthHigh--DepthLow,8,0.20629301474326953,3.760280454928888e-05,0.0007407275545365771
206,46129,163,164,163,164,DepthLow,DepthLow,DepthLow--DepthLow,10,0.7805425361852485,3.756148449098824e-05,0.0007399136017980726
207,17685,52,136,52,136,DepthHigh,DepthLow,DepthHigh--DepthLow,6,0.1691283051764929,3.754867183777966e-05,0.0007396612087813262
208,20088,60,79,60,79,DepthHigh,DepthMid,DepthHigh--DepthMid,5,0.15658237428484362,3.7517710500805264e-05,0.0007390513097140329
209,23611,71,324,71,324,DepthMid,DepthMid,DepthMid--DepthMid,10,0.6835032679605852,3.7470769741471e-05,0.0007381266362944164
210,18100,53,240,53,240,DepthHigh,DepthHigh,DepthHigh--DepthHigh,10,0.3443782584730406,3.740855608814298e-05,0.0007369011062351347
211,24045,73,175,73,175,DepthMid,DepthMid,DepthMid--DepthMid,8,0.21772334382466033,3.736857145723874e-05,0.0007361134597224943
212,40199,135,240,135,240,DepthLow,DepthHigh,DepthHigh--DepthLow,8,0.22061888203539168,3.736346824695762e-05,0.0007360129329528258
213,21964,66,152,66,152,DepthMid,DepthLow,DepthLow--DepthMid,9,0.2519451929301193,3.7322765746619894e-05,0.0007352111453228852
214,34281,110,347,110,347,DepthLow,DepthMid,DepthLow--DepthMid,6,0.1689969804448168,3.72434714367439e-05,0.000733649147994571
215,26189,80,310,80,310,DepthHigh,DepthHigh,DepthHigh--DepthHigh,9,0.2358568459204875,3.7207097340447766e-05,0.0007329326244341382
216,40742,137,328,137,328,DepthLow,DepthLow,DepthLow--DepthLow,9,0.2360658021437008,3.716195663006106e-05,0.0007320434096956217
217,10106,28,321,28,321,DepthHigh,DepthHigh,DepthHigh--DepthHigh,9,0.23219024956696505,3.7154170031180376e-05,0.0007318900235741294
218,65308,317,324,317,324,DepthMid,DepthMid,DepthMid--DepthMid,8,0.2210776857093137,3.694606248238011e-05,0.0007277905688246475
219,60458,255,279,255,279,DepthLow,DepthHigh,DepthHigh--DepthLow,4,0.1367263293575545,3.691638638433296e-05,0.0007272059873340345
220,42944,147,315,147,315,DepthLow,DepthMid,DepthLow--DepthMid,10,0.309652968535398,3.687162412393715e-05,0.0007263242275803157
221,41947,143,192,143,192,DepthLow,DepthMid,DepthLow--DepthMid,2,0.07847035236575445,3.686215989124569e-05,0.0007261377942006479
222,7559,21,147,21,147,DepthMid,DepthLow,DepthLow--DepthMid,8,0.21108744242435026,3.6826097126506364e-05,0.0007254274034769938
223,46337,164,172,164,172,DepthLow,DepthLow,DepthLow--DepthLow,10,0.5331198770531145,3.6759667894505515e-05,0.0007241188318648623
224,27230,84,225,84,225,DepthHigh,DepthHigh,DepthHigh--DepthHigh,7,0.18683514399995613,3.671263190847107e-05,0.000723192282600037
225,66181,342,347,342,347,DepthMid,DepthMid,DepthMid--DepthMid,10,0.6495116408918608,3.669663230761813e-05,0.0007228771107569947
226,17383,51,146,51,146,DepthHigh,DepthLow,DepthHigh--DepthLow,9,0.24024395853911878,3.65711974482126e-05,0.0007204062031272377
227,60569,256,282,256,282,DepthLow,DepthHigh,DepthHigh--DepthLow,4,0.13741697283042864,3.656512348504832e-05,0.0007202865537570657
228,61236,262,322,262,322,DepthMid,DepthLow,DepthLow--DepthMid,2,0.0880104840169415,3.652983941286155e-05,0.00071959150228901
229,40485,136,298,136,298,DepthLow,DepthHigh,DepthHigh--DepthLow,8,0.2039051550864539,3.650715223791027e-05,0.0007191445937186937
230,6745,19,20,19,20,DepthMid,DepthMid,DepthMid--DepthMid,10,0.7271505673433728,3.649781077697753e-05,0.00071896057878695
231,37746,124,361,124,361,DepthLow,DepthHigh,DepthHigh--DepthLow,6,0.17449914454221582,3.6447631836801424e-05,0.000717972117312031
232,63109,283,284,283,284,DepthLow,DepthLow,DepthLow--DepthLow,10,0.950294453384312,3.643806594432091e-05,0.0007177836813634633
233,48727,176,240,176,240,DepthMid,DepthHigh,DepthHigh--DepthMid,8,0.21238078427839482,3.642192136794876e-05,0.0007174656536865783
234,24595,75,146,75,146,DepthMid,DepthLow,DepthLow--DepthMid,8,0.21616891169307267,3.641788188624418e-05,0.0007173860810206431
235,36686,120,267,120,267,DepthLow,DepthHigh,DepthHigh--DepthLow,9,0.24274042892977607,3.640900089858714e-05,0.0007172111368283703
236,48077,172,348,172,348,DepthLow,DepthMid,DepthLow--DepthMid,9,0.24093812759776292,3.6408971635683926e-05,0.0007172105603862937
237,66311,349,351,349,351,DepthMid,DepthMid,DepthMid--DepthMid,10,0.9163807553792054,3.6357076161881514e-05,0.0007161882853761734
238,24526,75,77,75,77,DepthMid,DepthMid,DepthMid--DepthMid,10,0.7461297630388329,3.6346866164524376e-05,0.0007159871613785135
239,26390,81,228,81,228,DepthHigh,DepthMid,DepthHigh--DepthMid,9,0.22982930121955805,3.62348079283337e-05,0.0007137797562592914
240,33773,108,348,108,348,DepthLow,DepthMid,DepthLow--DepthMid,9,0.25346032070336477,3.621665984013106e-05,0.0007134222619405836
241,15496,45,152,45,152,DepthMid,DepthLow,DepthLow--DepthMid,9,0.263795814859657,3.614912243716073e-05,0.000712091860765948
242,33858,109,178,109,178,DepthLow,DepthLow,DepthLow--DepthLow,10,0.7227786596583387,3.6077883722470826e-05,0.0007106885484451499
243,11432,32,313,32,313,DepthMid,DepthHigh,DepthHigh--DepthMid,10,0.37860126246050513,3.6058209983540145e-05,0.0007103010007422222
244,12343,35,234,35,234,DepthMid,DepthLow,DepthLow--DepthMid,10,0.31997091037098285,3.6047807762993445e-05,0.0007100960901915423
245,23382,71,95,71,95,DepthMid,DepthLow,DepthLow--DepthMid,1,0.06779747648579501,3.604697900559958e-05,0.0007100797647220721
246,47320,169,170,169,170,DepthLow,DepthLow,DepthLow--DepthLow,10,0.8892112867583177,3.60433003544519e-05,0.0007100072999604334
247,33333,107,164,107,164,DepthLow,DepthLow,DepthLow--DepthLow,10,0.47023883452424275,3.601235030243625e-05,0.0007093976231925134
248,19440,57,346,57,346,DepthHigh,DepthMid,DepthHigh--DepthMid,7,0.19411800288276704,3.596554749403776e-05,0.000708475667231356
249,16730,49,120,49,120,DepthHigh,DepthLow,DepthHigh--DepthLow,10,0.3884221783998063,3.596497245036312e-05,0.0007084643396003461
250,43062,148,217,148,217,DepthMid,DepthLow,DepthLow--DepthMid,9,0.24628622890994084,3.594286737409556e-05,0.00070802889763577
251,66319,349,359,349,359,DepthMid,DepthHigh,DepthHigh--DepthMid,5,0.14596398658788856,3.589401490881851e-05,0.0007070665660338727
252,44636,155,307,155,307,DepthMid,DepthHigh,DepthHigh--DepthMid,9,0.2508483037465244,3.583370585777801e-05,0.0007058785542238733
253,42518,145,324,145,324,DepthLow,DepthMid,DepthLow--DepthMid,10,0.31510295126890203,3.580119452058971e-05,0.0007052381221183734
254,65835,330,331,330,331,DepthMid,DepthMid,DepthMid--DepthMid,10,0.6854305442977093,3.57916038050585e-05,0.0007050491971871923
255,29306,92,97,92,97,DepthLow,DepthLow,DepthLow--DepthLow,10,0.30486981420890374,3.576248418734415e-05,0.0007044755776533005
256,7565,21,153,21,153,DepthMid,DepthHigh,DepthHigh--DepthMid,10,0.3479366580684513,3.574690270394795e-05,0.0007041686421938192
257,53711,205,207,205,207,DepthLow,DepthLow,DepthLow--DepthLow,10,0.5854363204762839,3.57180974986884e-05,0.0007036012161864887
258,21385,64,170,64,170,DepthMid,DepthLow,DepthLow--DepthMid,6,0.17218958284055333,3.569928426935566e-05,0.0007032306194311773
259,28204,88,89,88,89,DepthLow,DepthLow,DepthLow--DepthLow,10,0.8570176275899816,3.5682919588499215e-05,0.0007029082559751303
260,36347,119,172,119,172,DepthLow,DepthLow,DepthLow--DepthLow,10,0.5823245206843338,3.564471437298444e-05,0.0007021556616886667
261,55113,214,223,214,223,DepthHigh,DepthLow,DepthHigh--DepthLow,5,0.1575774598324451,3.564460289505905e-05,0.0007021534657149343
262,66227,344,352,344,352,DepthHigh,DepthMid,DepthHigh--DepthMid,3,0.11297881016932106,3.560257174786014e-05,0.0007013255054270731
263,66321,349,361,349,361,DepthMid,DepthHigh,DepthHigh--DepthMid,5,0.1475804009193613,3.5585351773103884e-05,0.0007009862937660475
264,11763,33,313,33,313,DepthMid,DepthHigh,DepthHigh--DepthMid,10,0.30207810223084586,3.5537911760544874e-05,0.0007000517856911523
265,31672,100,323,100,323,DepthLow,DepthLow,DepthLow--DepthLow,8,0.21746364425360995,3.553747549152281e-05,0.0007000431917447776
266,54185,208,210,208,210,DepthMid,DepthMid,DepthMid--DepthMid,10,0.6799787306584001,3.5528029378962034e-05,0.0006998571153087009
267,25676,79,81,79,81,DepthMid,DepthHigh,DepthHigh--DepthMid,10,0.296958554503644,3.548901888879953e-05,0.0006990886581330807
268,60394,254,324,254,324,DepthLow,DepthMid,DepthLow--DepthMid,10,0.27880146083046115,3.5446275306518026e-05,0.0006982466637777392
269,24953,76,216,76,216,DepthMid,DepthMid,DepthMid--DepthMid,7,0.18356339531326102,3.5404098664446135e-05,0.0006974158374254249
270,26527,82,83,82,83,DepthHigh,DepthHigh,DepthHigh--DepthHigh,10,0.7557008617938948,3.535180209760308e-05,0.0006963856613911468
271,17643,52,94,52,94,DepthHigh,DepthLow,DepthHigh--DepthLow,5,0.1465257002427146,3.5296467503165455e-05,0.0006952956400666649
272,11684,33,234,33,234,DepthMid,DepthLow,DepthLow--DepthMid,10,0.29962821649094384,3.5293200597125576e-05,0.0006952312861613956
273,40515,136,328,136,328,DepthLow,DepthLow,DepthLow--DepthLow,8,0.20622689369925276,3.5228937135052294e-05,0.0006939653774697926
274,10471,29,351,29,351,DepthMid,DepthMid,DepthMid--DepthMid,7,0.18427768465486505,3.5199398748069956e-05,0.0006933835087124848
275,9389,26,277,26,277,DepthHigh,DepthHigh,DepthHigh--DepthHigh,9,0.26181650348472385,3.5190749273673454e-05,0.000693213125037795
276,9481,27,32,27,32,DepthMid,DepthMid,DepthMid--DepthMid,10,0.32295115418248405,3.5177694766205645e-05,0.0006929559677989079
277,50860,188,195,188,195,DepthMid,DepthMid,DepthMid--DepthMid,10,0.5591029457832628,3.514304900965185e-05,0.0006922734903391875
278,17899,52,350,52,350,DepthHigh,DepthMid,DepthHigh--DepthMid,8,0.20763760949329949,3.5097077512459e-05,0.000691367910154353
279,26119,80,240,80,240,DepthHigh,DepthHigh,DepthHigh--DepthHigh,10,0.3068558591084357,3.5095762002826366e-05,0.0006913419962831715
280,66259,346,347,346,347,DepthMid,DepthMid,DepthMid--DepthMid,10,0.7171764573361784,3.50604938306976e-05,0.0006906472580260908
281,44577,155,248,155,248,DepthMid,DepthHigh,DepthHigh--DepthMid,10,0.30420107343946445,3.5059621944348796e-05,0.0006906300829709127
282,50855,188,190,188,190,DepthMid,DepthMid,DepthMid--DepthMid,10,0.6446722839004946,3.502012755125034e-05,0.0006898520935212328
283,37426,123,281,123,281,DepthLow,DepthLow,DepthLow--DepthLow,10,0.3247968404070078,3.5014854619188325e-05,0.0006897482234477542
284,49912,182,318,182,318,DepthLow,DepthHigh,DepthHigh--DepthLow,9,0.25685773630586184,3.4992100760560336e-05,0.0006893000012935879
285,11313,32,194,32,194,DepthMid,DepthMid,DepthMid--DepthMid,9,0.25683747888154923,3.4974716812510716e-05,0.0006889575595666654
286,50055,183,280,183,280,DepthMid,DepthLow,DepthLow--DepthMid,10,0.31060108377265594,3.49688594098601e-05,0.000688842176163929
287,57937,234,257,234,257,DepthLow,DepthLow,DepthLow--DepthLow,10,0.3511406818998581,3.496795683974409e-05,0.000688824396677456
288,8098,22,344,22,344,DepthMid,DepthHigh,DepthHigh--DepthMid,8,0.21317419027243067,3.495912297686543e-05,0.0006886503807835445
289,66409,358,359,358,359,DepthMid,DepthHigh,DepthHigh--DepthMid,6,0.16534753073135905,3.4955962886687376e-05,0.000688588131015269
290,11844,34,64,34,64,DepthMid,DepthMid,DepthMid--DepthMid,10,0.3525853647217505,3.494726740707114e-05,0.0006884168410961031
291,59596,247,317,247,317,DepthLow,DepthMid,DepthLow--DepthMid,4,0.12882304099733807,3.493549610838294e-05,0.000688184961442563
292,8284,23,189,23,189,DepthHigh,DepthLow,DepthHigh--DepthLow,6,0.17266784517826278,3.491970244011093e-05,0.0006878738462101617
293,43955,152,256,152,256,DepthLow,DepthLow,DepthLow--DepthLow,10,0.27409915648182814,3.489685320108307e-05,0.0006874237451830977
294,56256,221,344,221,344,DepthMid,DepthHigh,DepthHigh--DepthMid,2,0.09174944123651019,3.4860735303522885e-05,0.0006867122684128026
295,38992,130,188,130,188,DepthLow,DepthMid,DepthLow--DepthMid,3,0.1109540426450244,3.4851620579093005e-05,0.0006865327199025747
296,60738,257,344,257,344,DepthLow,DepthHigh,DepthHigh--DepthLow,5,0.14062904797637626,3.479379991909816e-05,0.0006853937262399203
297,48392,174,282,174,282,DepthMid,DepthHigh,DepthHigh--DepthMid,7,0.1809401820912199,3.4756751777561424e-05,0.000684663924843201
298,65727,327,328,327,328,DepthLow,DepthLow,DepthLow--DepthLow,10,0.6850924574711943,3.475132323890472e-05,0.0006845569895171772
299,18229,54,59,54,59,DepthHigh,DepthHigh,DepthHigh--DepthHigh,10,0.30085460485682874,3.474285752741924e-05,0.0006843902257387513
300,9523,27,74,27,74,DepthMid,DepthMid,DepthMid--DepthMid,10,0.47325134418448683,3.473730530243661e-05,0.0006842808539489894
301,7558,21,146,21,146,DepthMid,DepthLow,DepthLow--DepthMid,8,0.2038254101886724,3.471485569533608e-05,0.0006838386251640039
302,60676,257,282,257,282,DepthLow,DepthHigh,DepthHigh--DepthLow,4,0.13055572261609116,3.46879135671042e-05,0.000683307899411007
303,38227,127,128,127,128,DepthLow,DepthLow,DepthLow--DepthLow,10,0.7574255137414453,3.468658080352483e-05,0.0006832816456589597
304,17696,52,147,52,147,DepthHigh,DepthLow,DepthHigh--DepthLow,9,0.23750470089075287,3.467836398209194e-05,0.0006831197846988798
305,63466,287,327,287,327,DepthHigh,DepthLow,DepthHigh--DepthLow,4,0.12235129649936845,3.465378948440078e-05,0.0006826356982644523
306,7777,22,23,22,23,DepthMid,DepthHigh,DepthHigh--DepthMid,7,0.19784869369142183,3.461231251643453e-05,0.0006818186546045583
307,31206,99,121,99,121,DepthLow,DepthLow,DepthLow--DepthLow,9,0.256753657734952,3.460289960246161e-05,0.0006816332321385535
308,31780,101,168,101,168,DepthLow,DepthLow,DepthLow--DepthLow,7,0.18561247401207298,3.4601581718637375e-05,0.0006816072714988089
309,40635,137,221,137,221,DepthLow,DepthMid,DepthLow--DepthMid,7,0.19023384541888716,3.45614283292519e-05,0.00068081630065814
310,31856,101,244,101,244,DepthLow,DepthLow,DepthLow--DepthLow,5,0.15475317823844284,3.454728886036034e-05,0.000680537771055361
311,51724,193,194,193,194,DepthMid,DepthMid,DepthMid--DepthMid,10,0.5460099827642967,3.4537602238787016e-05,0.0006803469568967968
312,44548,155,219,155,219,DepthMid,DepthMid,DepthMid--DepthMid,8,0.2275446852495105,3.45070018383143e-05,0.0006797441678207776
313,43396,149,336,149,336,DepthMid,DepthHigh,DepthHigh--DepthMid,3,0.1162472345388712,3.4499953890981865e-05,0.0006796053321978864
314,50857,188,192,188,192,DepthMid,DepthMid,DepthMid--DepthMid,10,0.7304143015897347,3.449351884905292e-05,0.0006794785700340398
315,9528,27,79,27,79,DepthMid,DepthMid,DepthMid--DepthMid,9,0.2314524404318361,3.447864751010174e-05,0.0006791856235193841
316,19425,57,331,57,331,DepthHigh,DepthMid,DepthHigh--DepthMid,8,0.22077289572991157,3.4441721218741715e-05,0.0006784582224165924
317,28274,88,159,88,159,DepthLow,DepthHigh,DepthHigh--DepthLow,2,0.0895600268782112,3.4394855158114924e-05,0.0006775350204667659
318,41950,143,195,143,195,DepthLow,DepthMid,DepthLow--DepthMid,3,0.12023005975773725,3.438821587572109e-05,0.0006774042350248179
319,24307,74,147,74,147,DepthMid,DepthLow,DepthLow--DepthMid,7,0.19641438284860852,3.437547870234914e-05,0.0006771533288651153
320,38356,127,257,127,257,DepthLow,DepthLow,DepthLow--DepthLow,9,0.23147590946710928,3.4369096655219136e-05,0.0006770276106315896
321,61912,269,312,269,312,DepthHigh,DepthMid,DepthHigh--DepthMid,9,0.24160991483628622,3.4338066923056454e-05,0.000676416364265839
322,7534,21,122,21,122,DepthMid,DepthLow,DepthLow--DepthMid,8,0.21932526032794242,3.4327790583836486e-05,0.0006762139334176287
323,31408,99,323,99,323,DepthLow,DepthLow,DepthLow--DepthLow,8,0.2080886910847139,3.432608919791713e-05,0.0006761804182730411
324,41905,143,150,143,150,DepthLow,DepthMid,DepthLow--DepthMid,10,0.2826493664097414,3.430613615094924e-05,0.0006757873685560524
325,42629,146,217,146,217,DepthLow,DepthLow,DepthLow--DepthLow,9,0.2615244348336693,3.430549863646547e-05,0.0006757748103293402
326,17506,51,269,51,269,DepthHigh,DepthHigh,DepthHigh--DepthHigh,10,0.2837172729546798,3.427185751981032e-05,0.0006751121230013462
327,37750,125,126,125,126,DepthLow,DepthLow,DepthLow--DepthLow,3,0.12025154333791108,3.4241048254212515e-05,0.0006745052195472857
328,11934,34,154,34,154,DepthMid,DepthHigh,DepthHigh--DepthMid,8,0.20714435010590698,3.420930725217859e-05,0.0006738799620672402
329,23390,71,103,71,103,DepthMid,DepthLow,DepthLow--DepthMid,4,0.12266863768451954,3.419110285206148e-05,0.0006735213584752428
330,4421,12,132,12,132,DepthHigh,DepthLow,DepthHigh--DepthLow,5,0.157099998280794,3.418357960622424e-05,0.0006733731600746715
331,50226,184,271,184,271,DepthLow,DepthHigh,DepthHigh--DepthLow,7,0.18819465843778824,3.4152457329763395e-05,0.0006727600907036294
332,24355,74,195,74,195,DepthMid,DepthMid,DepthMid--DepthMid,7,0.20069971888773291,3.41521243283026e-05,0.000672753530997228
333,49342,179,297,179,297,DepthLow,DepthHigh,DepthHigh--DepthLow,2,0.09884944003755719,3.4151136508123794e-05,0.0006727340721926485
334,19118,56,331,56,331,DepthHigh,DepthMid,DepthHigh--DepthMid,9,0.23505276223887933,3.415032138732655e-05,0.0006727180153468352
335,40775,137,361,137,361,DepthLow,DepthHigh,DepthHigh--DepthLow,4,0.12640545842226203,3.4149624006759385e-05,0.0006727042778342137
336,17118,50,194,50,194,DepthHigh,DepthMid,DepthHigh--DepthMid,2,0.08240847804284206,3.410510787210273e-05,0.0006718273664453724
337,41503,141,191,141,191,DepthLow,DepthMid,DepthLow--DepthMid,2,0.0803916774468198,3.4095795456350275e-05,0.0006716439236668397
338,23747,72,168,72,168,DepthMid,DepthLow,DepthLow--DepthMid,6,0.17364767216082894,3.407929345765098e-05,0.0006713188552234615
339,36214,118,284,118,284,DepthLow,DepthLow,DepthLow--DepthLow,9,0.23342135727380792,3.407409435233524e-05,0.0006712164394432434
340,18230,54,60,54,60,DepthHigh,DepthHigh,DepthHigh--DepthHigh,10,0.33497438811458724,3.406402346827259e-05,0.0006710180558010347
341,53444,203,259,203,259,DepthLow,DepthMid,DepthLow--DepthMid,8,0.2137614173334579,3.4056791618212896e-05,0.0006708755975276771
342,33711,108,286,108,286,DepthLow,DepthLow,DepthLow--DepthLow,10,0.34465316307338323,3.405360603833029e-05,0.0006708128456445529
343,26192,80,313,80,313,DepthHigh,DepthHigh,DepthHigh--DepthHigh,9,0.23801042823114443,3.4019255896447784e-05,0.0006701361914189016
344,61559,265,345,265,345,DepthMid,DepthMid,DepthMid--DepthMid,10,0.324944189577495,3.401873431351171e-05,0.0006701259168966323
345,46513,164,348,164,348,DepthLow,DepthMid,DepthLow--DepthMid,10,0.30797801267304176,3.4013876334295e-05,0.0006700302208678836
346,52361,196,324,196,324,DepthMid,DepthMid,DepthMid--DepthMid,8,0.2267975311165536,3.401195540057617e-05,0.0006699923809101189
347,41136,139,271,139,271,DepthLow,DepthHigh,DepthHigh--DepthLow,4,0.12240870440033058,3.40058498297881e-05,0.0006698721089098492
348,24218,73,348,73,348,DepthMid,DepthMid,DepthMid--DepthMid,9,0.26462806283986307,3.397866279946639e-05,0.0006693365588963146
349,17070,50,146,50,146,DepthHigh,DepthLow,DepthHigh--DepthLow,8,0.2201153811865183,3.3969730287040977e-05,0.0006691605997314584
350,40560,137,146,137,146,DepthLow,DepthLow,DepthLow--DepthLow,9,0.24393165480762935,3.395058114095634e-05,0.0006687833858422086
351,58313,237,249,237,249,DepthHigh,DepthHigh,DepthHigh--DepthHigh,10,0.32042919300199146,3.394342061441349e-05,0.0006686423325516667
352,62948,281,286,281,286,DepthLow,DepthLow,DepthLow--DepthLow,10,0.33895535028065105,3.39131613753706e-05,0.0006680462639230887
353,34532,111,345,111,345,DepthLow,DepthMid,DepthLow--DepthMid,4,0.13599810511129004,3.389925884387999e-05,0.000667772401686579
354,60461,255,282,255,282,DepthLow,DepthHigh,DepthHigh--DepthLow,4,0.12385616784072749,3.385785277204412e-05,0.0006669567545905294
355,33791,109,111,109,111,DepthLow,DepthLow,DepthLow--DepthLow,10,0.520667529458175,3.384621965821692e-05,0.0006667275970034784
356,40324,136,137,136,137,DepthLow,DepthLow,DepthLow--DepthLow,10,0.9058671445733351,3.383318042995228e-05,0.0006664707407455137
357,43945,152,246,152,246,DepthLow,DepthLow,DepthLow--DepthLow,8,0.20130580413075738,3.38266232567988e-05,0.0006663415727514539
358,41255,140,166,140,166,DepthLow,DepthMid,DepthLow--DepthMid,10,0.40480886545296957,3.3813331171006054e-05,0.0006660797355209078
359,32916,105,262,105,262,DepthLow,DepthMid,DepthLow--DepthMid,6,0.1766294305771856,3.380862693191683e-05,0.0006659870679776678
360,36213,118,283,118,283,DepthLow,DepthLow,DepthLow--DepthLow,9,0.2348079196565031,3.379152575363773e-05,0.0006656501964565618
361,31444,99,359,99,359,DepthLow,DepthHigh,DepthHigh--DepthLow,2,0.09464723018708178,3.378320624171489e-05,0.0006654863126240815
362,65944,333,344,333,344,DepthMid,DepthHigh,DepthHigh--DepthMid,6,0.1588420851912468,3.377950247863043e-05,0.0006654133531891399
363,52569,198,199,198,199,DepthLow,DepthLow,DepthLow--DepthLow,10,0.8031063987620316,3.377579848161637e-05,0.000665340389146082
364,30290,95,271,95,271,DepthLow,DepthHigh,DepthHigh--DepthLow,4,0.12188569030308041,3.3762505438537466e-05,0.0006650785330582127
365,37510,124,125,124,125,DepthLow,DepthLow,DepthLow--DepthLow,10,0.7117724337843111,3.375537755472677e-05,0.0006649381227880907
366,43022,148,177,148,177,DepthMid,DepthMid,DepthMid--DepthMid,5,0.15753902884873286,3.37436067079756e-05,0.0006647062520371366
367,61237,262,323,262,323,DepthMid,DepthLow,DepthLow--DepthMid,2,0.0809352322258949,3.3736343676528076e-05,0.0006645631795299891
368,55748,218,268,218,268,DepthHigh,DepthLow,DepthHigh--DepthLow,6,0.16927069876333803,3.372486510940884e-05,0.0006643370663170591
369,51691,192,332,192,332,DepthMid,DepthMid,DepthMid--DepthMid,1,0.06884705834318128,3.372472215238269e-05,0.0006643342502449695
370,40246,135,287,135,287,DepthLow,DepthHigh,DepthHigh--DepthLow,3,0.1154697769063333,3.372375491940203e-05,0.0006643151969820808
371,1195,3,110,3,110,DepthHigh,DepthLow,DepthHigh--DepthLow,6,0.16251302424562317,3.3696848276411744e-05,0.0006637851702433343
372,35798,116,361,116,361,DepthLow,DepthHigh,DepthHigh--DepthLow,5,0.1521454779291168,3.368504180169764e-05,0.0006635525976667007
373,28812,90,148,90,148,DepthLow,DepthMid,DepthLow--DepthMid,2,0.08223100227028604,3.368458375179604e-05,0.0006635435746646258
374,39215,131,178,131,178,DepthLow,DepthLow,DepthLow--DepthLow,4,0.12156550296317974,3.3650086654040556e-05,0.0006628640255946746
375,57999,234,319,234,319,DepthLow,DepthHigh,DepthHigh--DepthLow,4,0.12225894485317247,3.3636975603075486e-05,0.0006626057545206106
376,48728,176,241,176,241,DepthMid,DepthHigh,DepthHigh--DepthMid,10,0.27481636570463275,3.363408071232032e-05,0.0006625487288445893
377,49486,180,257,180,257,DepthMid,DepthLow,DepthLow--DepthMid,9,0.260072818134894,3.36170241163541e-05,0.0006622127355384992
378,13442,38,352,38,352,DepthMid,DepthMid,DepthMid--DepthMid,7,0.18545395043926208,3.360612557880887e-05,0.0006619980481724723
379,22133,66,321,66,321,DepthMid,DepthHigh,DepthHigh--DepthMid,10,0.35547079435892914,3.360576064573217e-05,0.0006619908594537395
380,48012,172,283,172,283,DepthLow,DepthLow,DepthLow--DepthLow,10,0.5263585750882288,3.360564700034477e-05,0.0006619886207837546
381,66141,340,352,340,352,DepthMid,DepthMid,DepthMid--DepthMid,8,0.21391451330522265,3.3603261337879393e-05,0.000661941626259141
382,58176,236,239,236,239,DepthMid,DepthHigh,DepthHigh--DepthMid,10,0.8806037757485822,3.3601601501216943e-05,0.0006619089295822138
383,23542,71,255,71,255,DepthMid,DepthLow,DepthLow--DepthMid,10,0.28998222169961063,3.358993792157183e-05,0.0006616791718571924
384,40981,138,341,138,341,DepthLow,DepthHigh,DepthHigh--DepthLow,4,0.13586141736554339,3.358073379030199e-05,0.0006614978621456202
385,1236,3,151,3,151,DepthHigh,DepthMid,DepthHigh--DepthMid,3,0.10259496100233334,3.356678738006339e-05,0.0006612231355534303
386,45918,161,356,161,356,DepthHigh,DepthMid,DepthHigh--DepthMid,2,0.09530006692663273,3.3548505396005575e-05,0.0006608630036562079
387,41432,140,343,140,343,DepthLow,DepthHigh,DepthHigh--DepthLow,2,0.09045864037836802,3.354425759407084e-05,0.0006607793273459702
388,1235,3,150,3,150,DepthHigh,DepthMid,DepthHigh--DepthMid,2,0.09298421950307881,3.3503705499776554e-05,0.0006599805025243118
389,7262,20,193,20,193,DepthMid,DepthMid,DepthMid--DepthMid,6,0.1778104333089691,3.349131510651439e-05,0.000659736427492919
390,48953,177,279,177,279,DepthMid,DepthHigh,DepthHigh--DepthMid,9,0.23279669570003989,3.3462339862550306e-05,0.0006591656519387848
391,63656,290,292,290,292,DepthHigh,DepthHigh,DepthHigh--DepthHigh,10,0.6493491174802118,3.346230689342173e-05,0.0006591650024887697
392,48286,174,176,174,176,DepthMid,DepthMid,DepthMid--DepthMid,10,0.6602374305567456,3.343575405955216e-05,0.0006586419453409326
393,43744,151,257,151,257,DepthMid,DepthLow,DepthLow--DepthMid,8,0.2058889626174767,3.341821464208785e-05,0.0006582964410637368
394,29255,91,318,91,318,DepthLow,DepthHigh,DepthHigh--DepthLow,3,0.11173045902575042,3.340914248032385e-05,0.0006581177309840406
395,61105,261,293,261,293,DepthMid,DepthLow,DepthLow--DepthMid,5,0.14671166381261563,3.340077133904383e-05,0.0006579528301187102
396,42869,147,240,147,240,DepthLow,DepthHigh,DepthHigh--DepthLow,9,0.2469452427509976,3.339958360747146e-05,0.0006579294333132433
397,38815,129,245,129,245,DepthLow,DepthLow,DepthLow--DepthLow,6,0.1663156542580964,3.339818238168301e-05,0.000657901830942514
398,25935,79,340,79,340,DepthMid,DepthMid,DepthMid--DepthMid,10,0.280356990515399,3.339086227620636e-05,0.0006577576341493848
399,62045,270,351,270,351,DepthHigh,DepthMid,DepthHigh--DepthMid,6,0.1784823013116963,3.338915232470234e-05,0.0006577239502736439
400,50225,184,270,184,270,DepthLow,DepthHigh,DepthHigh--DepthLow,7,0.18761400670474054,3.337716826473739e-05,0.0006574878794928164
401,25937,79,342,79,342,DepthMid,DepthMid,DepthMid--DepthMid,10,0.2853932099317136,3.337145942270463e-05,0.0006573754225458186
402,42513,145,319,145,319,DepthLow,DepthHigh,DepthHigh--DepthLow,8,0.20966515308001338,3.335677182300492e-05,0.0006570860954613636
403,23754,72,175,72,175,DepthMid,DepthMid,DepthMid--DepthMid,10,0.28769824868360533,3.3356391735153156e-05,0.0006570786082127841
404,26391,81,229,81,229,DepthHigh,DepthMid,DepthHigh--DepthMid,9,0.22948026709906205,3.3353887437766546e-05,0.000657029276730698
405,58761,240,322,240,322,DepthHigh,DepthLow,DepthHigh--DepthLow,10,0.2740253673612961,3.335173351640103e-05,0.0006569868472118132
406,43982,152,283,152,283,DepthLow,DepthLow,DepthLow--DepthLow,7,0.18164232110175937,3.335152646510061e-05,0.0006569827685638172
407,62947,281,285,281,285,DepthLow,DepthLow,DepthLow--DepthLow,10,0.30949693786638627,3.3339721423133275e-05,0.0006567502242104775
408,27988,87,149,87,149,DepthMid,DepthMid,DepthMid--DepthMid,10,0.3679415611591516,3.332622691766676e-05,0.0006564843995691057
409,29533,92,324,92,324,DepthLow,DepthMid,DepthLow--DepthMid,2,0.08560394495879714,3.3324289731153865e-05,0.0006564462394519129
410,26692,82,248,82,248,DepthHigh,DepthHigh,DepthHigh--DepthHigh,10,0.32099667453480546,3.3308184282337024e-05,0.0006561289825382384
411,21344,64,129,64,129,DepthMid,DepthLow,DepthLow--DepthMid,6,0.1609078486872113,3.32980325199456e-05,0.0006559290056955382
412,7790,22,36,22,36,DepthMid,DepthMid,DepthMid--DepthMid,10,0.3386625763122948,3.328787019774222e-05,0.0006557288208379366
413,33315,107,146,107,146,DepthLow,DepthLow,DepthLow--DepthLow,2,0.07754687104731936,3.328270563352443e-05,0.0006556270854735364
414,66138,340,349,340,349,DepthMid,DepthMid,DepthMid--DepthMid,8,0.2222762025827336,3.3249522124894955e-05,0.000654973412443222
415,31674,100,325,100,325,DepthLow,DepthLow,DepthLow--DepthLow,4,0.13377789964066583,3.3247310980745694e-05,0.0006549298557080785
416,23755,72,176,72,176,DepthMid,DepthMid,DepthMid--DepthMid,9,0.2637534201174045,3.3203519104151205e-05,0.0006540672112844189
417,27319,84,314,84,314,DepthHigh,DepthMid,DepthHigh--DepthMid,6,0.1611704574074449,3.3197806800362156e-05,0.0006539546861452132
418,21865,65,351,65,351,DepthMid,DepthMid,DepthMid--DepthMid,10,0.3035580841436673,3.319135120053599e-05,0.0006538275190168669
419,15268,44,243,44,243,DepthMid,DepthLow,DepthLow--DepthMid,7,0.1931979570539646,3.317605975401567e-05,0.0006535262969159601
420,48855,177,181,177,181,DepthMid,DepthMid,DepthMid--DepthMid,7,0.18280440666893005,3.3138836943891775e-05,0.000652793054769622
421,42167,144,192,144,192,DepthLow,DepthMid,DepthLow--DepthMid,2,0.08008936322496446,3.31195847241945e-05,0.000652413810460941
422,40773,137,359,137,359,DepthLow,DepthHigh,DepthHigh--DepthLow,3,0.10944854374973484,3.311609591907644e-05,0.0006523450854252866
423,34141,110,207,110,207,DepthLow,DepthLow,DepthLow--DepthLow,8,0.22014110194757536,3.3106573746382975e-05,0.00065215751070107
424,60737,257,343,257,343,DepthLow,DepthHigh,DepthHigh--DepthLow,3,0.10589924305951835,3.3082350990661665e-05,0.0006516803531373019
425,26247,81,85,81,85,DepthHigh,DepthHigh,DepthHigh--DepthHigh,10,0.6251680670565491,3.307799565024939e-05,0.0006515945584554577
426,25778,79,183,79,183,DepthMid,DepthMid,DepthMid--DepthMid,10,0.2787642467749351,3.306461939911992e-05,0.0006513310632745328
427,11470,32,351,32,351,DepthMid,DepthMid,DepthMid--DepthMid,10,0.33502511983789796,3.306028091806796e-05,0.0006512456007007025
428,25432,78,122,78,122,DepthMid,DepthLow,DepthLow--DepthMid,9,0.22939608768856404,3.3058962058698786e-05,0.00065121962084396
429,42316,144,341,144,341,DepthLow,DepthHigh,DepthHigh--DepthLow,4,0.12208669173258441,3.3042514010571736e-05,0.0006508956151584245
430,58414,237,350,237,350,DepthHigh,DepthMid,DepthHigh--DepthMid,4,0.12514927095394218,3.301483928006459e-05,0.0006503504580698315
431,47894,171,357,171,357,DepthLow,DepthMid,DepthLow--DepthMid,9,0.22963549603577976,3.299718067812864e-05,0.0006500026060097172
432,55814,218,334,218,334,DepthHigh,DepthHigh,DepthHigh--DepthHigh,9,0.23106184854445613,3.299563928008257e-05,0.000649972242423306
433,4789,13,149,13,149,DepthMid,DepthMid,DepthMid--DepthMid,7,0.19151748183981726,3.297414295608008e-05,0.0006495487921062154
434,15177,44,152,44,152,DepthMid,DepthLow,DepthLow--DepthMid,9,0.25653378248285363,3.295409994336258e-05,0.0006491539701780713
435,9169,26,57,26,57,DepthHigh,DepthHigh,DepthHigh--DepthHigh,10,0.3033043327343225,3.294911664737928e-05,0.0006490558055679714
436,33541,108,116,108,116,DepthLow,DepthLow,DepthLow--DepthLow,10,0.48149822721571,3.294475901191349e-05,0.0006489699656764839
437,9818,28,33,28,33,DepthHigh,DepthMid,DepthHigh--DepthMid,10,0.2889090023703262,3.2934717049851624e-05,0.0006487721517610063
438,10195,29,75,29,75,DepthMid,DepthMid,DepthMid--DepthMid,9,0.2619288156960673,3.2911812267825514e-05,0.0006483209566073269
439,32904,105,250,105,250,DepthLow,DepthLow,DepthLow--DepthLow,4,0.1395833947494913,3.28753529064012e-05,0.0006476027534320184
440,20676,61,364,61,364,DepthHigh,DepthHigh,DepthHigh--DepthHigh,5,0.15579190789017594,3.287410029945832e-05,0.00064757807866404
441,45920,161,358,161,358,DepthHigh,DepthMid,DepthHigh--DepthMid,2,0.09620625941424357,3.2872365394755434e-05,0.0006475439032419319
442,52381,196,344,196,344,DepthMid,DepthHigh,DepthHigh--DepthMid,4,0.13919586626254263,3.282638832932193e-05,0.0006466382133698192
443,45673,160,314,160,314,DepthLow,DepthMid,DepthLow--DepthMid,8,0.22626014542606107,3.280516110404555e-05,0.0006462200639563103
444,7377,20,308,20,308,DepthMid,DepthHigh,DepthHigh--DepthMid,5,0.14309652697869785,3.2804893889838254e-05,0.0006462148001753588
445,47893,171,356,171,356,DepthLow,DepthMid,DepthLow--DepthMid,6,0.17078227451128983,3.280367343655038e-05,0.0006461907587936005
446,13108,37,344,37,344,DepthMid,DepthHigh,DepthHigh--DepthMid,3,0.10601237227298269,3.279883164784814e-05,0.000646095381697451
447,32723,104,328,104,328,DepthLow,DepthLow,DepthLow--DepthLow,8,0.21710750675822585,3.2785668005170146e-05,0.0006458360746333493
448,63655,290,291,290,291,DepthHigh,DepthHigh,DepthHigh--DepthHigh,10,0.5147980894236133,3.277066846332342e-05,0.0006455406026842627
449,44628,155,299,155,299,DepthMid,DepthHigh,DepthHigh--DepthMid,9,0.24750789704804033,3.2755276608322877e-05,0.000645237402663653
450,31786,101,174,101,174,DepthLow,DepthMid,DepthLow--DepthMid,5,0.15032314663698235,3.274184487438419e-05,0.0006449728145417604
451,9820,28,35,28,35,DepthHigh,DepthMid,DepthHigh--DepthMid,9,0.2628967303656358,3.2720935437590654e-05,0.0006445609251582834
452,63507,288,292,288,292,DepthHigh,DepthHigh,DepthHigh--DepthHigh,10,0.518338510828467,3.2718582079896016e-05,0.0006445145669966783
453,19765,59,60,59,60,DepthHigh,DepthHigh,DepthHigh--DepthHigh,10,0.919865034566634,3.271486535644578e-05,0.0006444413522589698
454,17565,51,328,51,328,DepthHigh,DepthLow,DepthHigh--DepthLow,10,0.3040579773370683,3.2698375152703754e-05,0.0006441165161612891
455,48774,176,287,176,287,DepthMid,DepthHigh,DepthHigh--DepthMid,9,0.2543285707659397,3.267974897368073e-05,0.0006437496040598259
456,62387,274,327,274,327,DepthHigh,DepthLow,DepthHigh--DepthLow,4,0.13434654439989974,3.264541087929283e-05,0.0006430731871545376
457,65516,321,354,321,354,DepthHigh,DepthMid,DepthHigh--DepthMid,10,0.2925325137205094,3.264165594117824e-05,0.0006429992196364124
458,20173,60,164,60,164,DepthHigh,DepthLow,DepthHigh--DepthLow,7,0.19391457766271766,3.263851260548064e-05,0.0006429372999101505
459,39289,131,252,131,252,DepthLow,DepthLow,DepthLow--DepthLow,5,0.15769361076385144,3.2620290828197926e-05,0.0006425783540100318
460,55551,216,364,216,364,DepthMid,DepthHigh,DepthHigh--DepthMid,5,0.14380438979639062,3.261738334879478e-05,0.0006425210803536125
461,18558,55,79,55,79,DepthHigh,DepthMid,DepthHigh--DepthMid,10,0.29297187261466373,3.261177020611275e-05,0.0006424105085624399
462,18226,54,56,54,56,DepthHigh,DepthHigh,DepthHigh--DepthHigh,8,0.21616076618035537,3.259702375789884e-05,0.0006421200222368981
463,24883,76,146,76,146,DepthMid,DepthLow,DepthLow--DepthMid,7,0.18535014628292257,3.258930951261999e-05,0.0006419680613895893
464,25589,78,279,78,279,DepthMid,DepthHigh,DepthHigh--DepthMid,6,0.16929588086115646,3.25872275060411e-05,0.0006419270485007849
465,46927,167,168,167,168,DepthLow,DepthLow,DepthLow--DepthLow,10,0.5972622385315182,3.257000202312313e-05,0.0006415877283359602
466,48872,177,198,177,198,DepthMid,DepthLow,DepthLow--DepthMid,4,0.12778329725453036,3.255505680690979e-05,0.0006412933265329454
467,65038,311,351,311,351,DepthMid,DepthMid,DepthMid--DepthMid,8,0.2066491625343928,3.253407574860738e-05,0.0006408800262965877
468,19978,59,273,59,273,DepthHigh,DepthHigh,DepthHigh--DepthHigh,7,0.1792897186016558,3.2529604436064445e-05,0.0006407919471108674
469,31470,100,121,100,121,DepthLow,DepthLow,DepthLow--DepthLow,9,0.2490981724225635,3.2517195883507915e-05,0.0006405475143644086
470,41946,143,191,143,191,DepthLow,DepthMid,DepthLow--DepthMid,2,0.08458200030538107,3.2516511805754006e-05,0.0006405340389003351
471,44637,155,308,155,308,DepthMid,DepthHigh,DepthHigh--DepthMid,9,0.26729804119279743,3.249987825255164e-05,0.000640206379000109
472,34158,110,224,110,224,DepthLow,DepthLow,DepthLow--DepthLow,2,0.08635987192362415,3.248579778472695e-05,0.0006399290116435108
473,42428,145,234,145,234,DepthLow,DepthLow,DepthLow--DepthLow,10,0.33948550657981236,3.24852053762922e-05,0.0006399173419487521
474,18522,54,352,54,352,DepthHigh,DepthMid,DepthHigh--DepthMid,10,0.2901280348648332,3.247828737925946e-05,0.000639781066181937
475,24202,73,332,73,332,DepthMid,DepthMid,DepthMid--DepthMid,10,0.2810110036823201,3.246285138565624e-05,0.0006394769966868394
476,1092,3,7,3,7,DepthHigh,DepthHigh,DepthHigh--DepthHigh,5,0.14950598635087461,3.245209600952575e-05,0.0006392651294190983
477,59625,247,346,247,346,DepthLow,DepthMid,DepthLow--DepthMid,8,0.22254920627396846,3.244774427525886e-05,0.0006391794057737442
478,7550,21,138,21,138,DepthMid,DepthLow,DepthLow--DepthMid,7,0.1981728298551672,3.2421501920684716e-05,0.0006386624646742177
479,45889,161,327,161,327,DepthHigh,DepthLow,DepthHigh--DepthLow,8,0.20754941877306737,3.2420756773335334e-05,0.0006386477862165736
480,26743,82,299,82,299,DepthHigh,DepthHigh,DepthHigh--DepthHigh,10,0.27446383205792263,3.2414967871896377e-05,0.0006385337522008207
481,52610,198,240,198,240,DepthLow,DepthHigh,DepthHigh--DepthLow,5,0.15194730571445458,3.2406160377222964e-05,0.0006383602557271074
482,44614,155,285,155,285,DepthMid,DepthLow,DepthLow--DepthMid,9,0.24957479084302175,3.239389891596056e-05,0.0006381187204925735
483,27147,84,142,84,142,DepthHigh,DepthLow,DepthHigh--DepthLow,8,0.2059535713844204,3.2377115018780536e-05,0.0006377880990066824
484,65920,332,351,332,351,DepthMid,DepthMid,DepthMid--DepthMid,10,0.3181462339445616,3.2374536637005055e-05,0.0006377373081561035
485,31788,101,176,101,176,DepthLow,DepthMid,DepthLow--DepthMid,4,0.1396105073666935,3.2374050546075726e-05,0.0006377277327813494
486,65939,333,339,333,339,DepthMid,DepthHigh,DepthHigh--DepthMid,5,0.1529041249724991,3.236939092418503e-05,0.0006376359441403284
487,48766,176,279,176,279,DepthMid,DepthHigh,DepthHigh--DepthMid,9,0.24627952412655374,3.2364194306021926e-05,0.0006375335773538624
488,47892,171,355,171,355,DepthLow,DepthMid,DepthLow--DepthMid,6,0.16659452403994932,3.2363715163616405e-05,0.000637524138856214
489,26721,82,277,82,277,DepthHigh,DepthHigh,DepthHigh--DepthHigh,9,0.243263741244586,3.236236191730699e-05,0.0006374974816203648
490,34414,111,227,111,227,DepthLow,DepthMid,DepthLow--DepthMid,8,0.20217043268693283,3.235982485337084e-05,0.0006374475046788135
491,47784,171,247,171,247,DepthLow,DepthLow,DepthLow--DepthLow,8,0.2096821179835286,3.235815893233744e-05,0.0006374146881474958
492,18559,55,80,55,80,DepthHigh,DepthHigh,DepthHigh--DepthHigh,10,0.36970506164185435,3.235648358949541e-05,0.0006373816860184988
493,40983,138,343,138,343,DepthLow,DepthHigh,DepthHigh--DepthLow,2,0.09647824901721405,3.2335293113710734e-05,0.0006369642605233638
494,20624,61,312,61,312,DepthHigh,DepthMid,DepthHigh--DepthMid,8,0.21744775060889315,3.2321788623920884e-05,0.0006366982392034862
495,25090,76,353,76,353,DepthMid,DepthHigh,DepthHigh--DepthMid,7,0.19828844756120032,3.23183284717709e-05,0.0006366300785949598
496,40206,135,247,135,247,DepthLow,DepthLow,DepthLow--DepthLow,9,0.2290105885241713,3.231479959539138e-05,0.0006365605642062806
497,6213,17,179,17,179,DepthHigh,DepthLow,DepthHigh--DepthLow,2,0.09145894948986442,3.2308659608153575e-05,0.0006364396142456046
498,24280,74,120,74,120,DepthMid,DepthLow,DepthLow--DepthMid,7,0.19300625820140788,3.2308182914117985e-05,0.0006364302239777382
499,15587,45,243,45,243,DepthMid,DepthLow,DepthLow--DepthMid,6,0.17047076266658803,3.22890425906306e-05,0.0006360531838824639
500,64513,302,339,302,339,DepthHigh,DepthHigh,DepthHigh--DepthHigh,8,0.21880922645288667,3.228510643539206e-05,0.0006359756466168512
501,18810,55,331,55,331,DepthHigh,DepthMid,DepthHigh--DepthMid,10,0.3216458381959557,3.224643039809647e-05,0.0006352137777384919
502,48613,175,314,175,314,DepthMid,DepthMid,DepthMid--DepthMid,7,0.19055342124950853,3.224468090369907e-05,0.0006351793149179072
503,20553,61,241,61,241,DepthHigh,DepthHigh,DepthHigh--DepthHigh,10,0.3648563915551238,3.223469142183158e-05,0.0006349825347956935
504,32681,104,286,104,286,DepthLow,DepthLow,DepthLow--DepthLow,10,0.28951974535578245,3.22214098278626e-05,0.0006347209042407677
505,20351,60,342,60,342,DepthHigh,DepthMid,DepthHigh--DepthMid,10,0.3101922611702524,3.219665068459836e-05,0.0006342331805227535
506,62138,271,351,271,351,DepthHigh,DepthMid,DepthHigh--DepthMid,6,0.16057437138837222,3.2172610615353835e-05,0.0006337596216508601
507,37779,125,155,125,155,DepthLow,DepthMid,DepthLow--DepthMid,10,0.3000941731198609,3.216855128592193e-05,0.0006336796580098714
508,33517,107,348,107,348,DepthLow,DepthMid,DepthLow--DepthMid,7,0.1817083554012506,3.2165708825156056e-05,0.0006336236651381372
509,62688,277,364,277,364,DepthHigh,DepthHigh,DepthHigh--DepthHigh,6,0.1593911159875202,3.216210394716077e-05,0.0006335526536140273
510,62297,273,327,273,327,DepthHigh,DepthLow,DepthHigh--DepthLow,10,0.2953427398051237,3.215809421781081e-05,0.0006334736670317405
511,24814,76,77,76,77,DepthMid,DepthMid,DepthMid--DepthMid,10,0.7737808103870012,3.214993720372326e-05,0.0006333129842005044
512,50838,187,349,187,349,DepthLow,DepthMid,DepthLow--DepthMid,8,0.2155686429685068,3.214977854394307e-05,0.0006333098588040776
513,48540,175,241,175,241,DepthMid,DepthHigh,DepthHigh--DepthMid,9,0.257851131003042,3.214888720196261e-05,0.0006332923004976332
514,10198,29,78,29,78,DepthMid,DepthMid,DepthMid--DepthMid,10,0.3115654910575342,3.214703115377571e-05,0.0006332557387025474
515,43412,149,352,149,352,DepthMid,DepthMid,DepthMid--DepthMid,7,0.17902683895593788,3.214537916717177e-05,0.0006332231966618159
516,38017,126,155,126,155,DepthLow,DepthMid,DepthLow--DepthMid,6,0.1596525123999119,3.214372789067595e-05,0.0006331906686093135
517,25675,79,80,79,80,DepthMid,DepthHigh,DepthHigh--DepthMid,6,0.1706895690843395,3.2142403121865755e-05,0.0006331645723440784
518,56125,220,356,220,356,DepthHigh,DepthMid,DepthHigh--DepthMid,3,0.10530654951285996,3.2134308365489475e-05,0.0006330051159107873
519,12683,36,246,36,246,DepthMid,DepthLow,DepthLow--DepthMid,9,0.2513415633327521,3.213107274953572e-05,0.0006329413783805267
520,42452,145,258,145,258,DepthLow,DepthMid,DepthLow--DepthMid,6,0.1726068790372857,3.212886787758278e-05,0.0006328979451996951
521,37744,124,359,124,359,DepthLow,DepthHigh,DepthHigh--DepthLow,5,0.15252012828277106,3.212217133481853e-05,0.0006327660318010784
522,27198,84,193,84,193,DepthHigh,DepthMid,DepthHigh--DepthMid,7,0.19063325662739328,3.212180899100456e-05,0.0006327588940875371
523,20249,60,240,60,240,DepthHigh,DepthHigh,DepthHigh--DepthHigh,10,0.36294376496854497,3.212017832586035e-05,0.0006327267720525182
524,65073,312,334,312,334,DepthMid,DepthHigh,DepthHigh--DepthMid,10,0.27130172659476304,3.2117527146346286e-05,0.0006326745471788252
525,59729,248,334,248,334,DepthHigh,DepthHigh,DepthHigh--DepthHigh,10,0.7227934587168543,3.210005826381796e-05,0.0006323304323504024
526,22426,67,317,67,317,DepthMid,DepthMid,DepthMid--DepthMid,7,0.18974807721213388,3.209397388967369e-05,0.0006322105778971299
527,66417,359,362,359,362,DepthHigh,DepthHigh,DepthHigh--DepthHigh,10,0.583222772341231,3.208005527820954e-05,0.0006319363989055371
528,1093,3,8,3,8,DepthHigh,DepthHigh,DepthHigh--DepthHigh,5,0.1501635147446946,3.2078068856035904e-05,0.0006318972689082779
529,26245,81,83,81,83,DepthHigh,DepthHigh,DepthHigh--DepthHigh,5,0.15543555281320873,3.207201428983589e-05,0.000631778001633699
530,61965,270,271,270,271,DepthHigh,DepthHigh,DepthHigh--DepthHigh,10,0.9167070333953865,3.206926808038639e-05,0.000631723904790813
531,17252,50,328,50,328,DepthHigh,DepthLow,DepthHigh--DepthLow,10,0.3035253209241556,3.206584706165568e-05,0.0006316565150610097
532,19945,59,240,59,240,DepthHigh,DepthHigh,DepthHigh--DepthHigh,10,0.34013827468785846,3.206123664805429e-05,0.0006315656957608726
533,36429,119,254,119,254,DepthLow,DepthLow,DepthLow--DepthLow,7,0.18661696234852893,3.20602557416912e-05,0.0006315463731496932
534,61874,269,274,269,274,DepthHigh,DepthHigh,DepthHigh--DepthHigh,10,0.3801211852146665,3.2056337218129024e-05,0.000631469183205741
535,36572,120,153,120,153,DepthLow,DepthHigh,DepthHigh--DepthLow,8,0.2173740434971238,3.2055640625163225e-05,0.0006314554612078675
536,16831,49,221,49,221,DepthHigh,DepthMid,DepthHigh--DepthMid,8,0.2222535645143236,3.204297912745494e-05,0.0006312060457627526
537,7919,22,165,22,165,DepthMid,DepthLow,DepthLow--DepthMid,9,0.23017909082172794,3.204177718659284e-05,0.000631182369052301
538,33878,109,198,109,198,DepthLow,DepthLow,DepthLow--DepthLow,4,0.12989748693255918,3.203937461515393e-05,0.0006311350414423562
539,24219,73,349,73,349,DepthMid,DepthMid,DepthMid--DepthMid,8,0.2130311296284453,3.203804681716714e-05,0.0006311088855061843
540,30289,95,270,95,270,DepthLow,DepthHigh,DepthHigh--DepthLow,3,0.10884924110993137,3.20364090773065e-05,0.0006310766241082253
541,37059,122,155,122,155,DepthLow,DepthMid,DepthLow--DepthMid,9,0.24761885465426098,3.2036100206240396e-05,0.0006310705397399926
542,23425,71,138,71,138,DepthMid,DepthLow,DepthLow--DepthMid,7,0.19092622567903703,3.202237406292114e-05,0.0006308001521267291
543,6337,17,303,17,303,DepthHigh,DepthHigh,DepthHigh--DepthHigh,10,0.576103835969239,3.2002439936705476e-05,0.0006304074751245604
544,27509,85,225,85,225,DepthHigh,DepthHigh,DepthHigh--DepthHigh,8,0.22779044067343418,3.1978013793193615e-05,0.0006299263110792939
545,40474,136,287,136,287,DepthLow,DepthHigh,DepthHigh--DepthLow,3,0.10884919744176202,3.197696771033881e-05,0.0006299057045738971
546,56510,223,315,223,315,DepthLow,DepthMid,DepthLow--DepthMid,6,0.16912323008461252,3.19718238095365e-05,0.0006298043762525726
547,65728,327,329,327,329,DepthLow,DepthLow,DepthLow--DepthLow,10,0.6557181031717857,3.196706392100195e-05,0.0006297106124858449
548,40334,136,147,136,147,DepthLow,DepthLow,DepthLow--DepthLow,9,0.24026298485117065,3.196658896423155e-05,0.0006297012564398992
549,9624,27,175,27,175,DepthMid,DepthMid,DepthMid--DepthMid,9,0.24112093165151707,3.196526878170085e-05,0.0006296752505185531
550,24400,74,240,74,240,DepthMid,DepthHigh,DepthHigh--DepthMid,6,0.15898535151126403,3.195826972670899e-05,0.0006295373780127564
551,30405,96,118,96,118,DepthLow,DepthLow,DepthLow--DepthLow,5,0.14891286036767726,3.195646882218552e-05,0.0006295019024778963
552,58829,241,267,241,267,DepthHigh,DepthHigh,DepthHigh--DepthHigh,8,0.2067612339502645,3.1949198760692247e-05,0.0006293586914877644
553,57114,228,229,228,229,DepthMid,DepthMid,DepthMid--DepthMid,10,0.7784209196874817,3.194811835420375e-05,0.0006293374088503196
554,60611,256,324,256,324,DepthLow,DepthMid,DepthLow--DepthMid,10,0.29276268720858895,3.1944319291149975e-05,0.0006292625721268602
555,47130,168,175,168,175,DepthLow,DepthMid,DepthLow--DepthMid,10,0.3075723327790769,3.193792378603908e-05,0.0006291365887881811
556,60500,255,321,255,321,DepthLow,DepthHigh,DepthHigh--DepthLow,9,0.2541624320450719,3.193139298066652e-05,0.0006290079402059608
557,59744,248,349,248,349,DepthHigh,DepthMid,DepthHigh--DepthMid,10,0.3391485568501754,3.19103315149316e-05,0.0006285930560451708
558,61711,267,302,267,302,DepthHigh,DepthHigh,DepthHigh--DepthHigh,10,0.3902096415896434,3.190624270267004e-05,0.0006285125116298337
559,22648,68,243,68,243,DepthMid,DepthLow,DepthLow--DepthMid,5,0.15061854548653175,3.190587398218871e-05,0.0006285052483040334
560,9723,27,274,27,274,DepthMid,DepthHigh,DepthHigh--DepthMid,7,0.1932114051042912,3.190268684720945e-05,0.0006284424657874775
561,62228,272,349,272,349,DepthHigh,DepthMid,DepthHigh--DepthMid,5,0.1507492918544988,3.1899784687312896e-05,0.0006283852969185908
562,6212,17,178,17,178,DepthHigh,DepthLow,DepthHigh--DepthLow,3,0.10086947687590253,3.18801538174754e-05,0.000627998593682424
563,48011,172,282,172,282,DepthLow,DepthHigh,DepthHigh--DepthLow,5,0.14827398489868035,3.186487516741575e-05,0.0006276976236555615
564,26606,82,162,82,162,DepthHigh,DepthHigh,DepthHigh--DepthHigh,5,0.15068688857731738,3.185667505697964e-05,0.0006275360918809221
565,30333,95,314,95,314,DepthLow,DepthMid,DepthLow--DepthMid,5,0.15190963377010716,3.185414321232861e-05,0.0006274862177526674
566,42743,146,331,146,331,DepthLow,DepthMid,DepthLow--DepthMid,4,0.1372429692504874,3.185032074817708e-05,0.000627410920057264
567,29324,92,115,92,115,DepthLow,DepthLow,DepthLow--DepthLow,8,0.20524709582702608,3.184928956645375e-05,0.0006273906070852567
568,19784,59,79,59,79,DepthHigh,DepthMid,DepthHigh--DepthMid,4,0.13425477379557735,3.183168780250159e-05,0.0006270438746613302
569,49485,180,256,180,256,DepthMid,DepthLow,DepthLow--DepthMid,9,0.2542034460462404,3.183120385331406e-05,0.0006270343414761729
570,10702,30,248,30,248,DepthHigh,DepthHigh,DepthHigh--DepthHigh,7,0.19720580179237926,3.18230708560577e-05,0.0006268741317460487
571,37992,126,130,126,130,DepthLow,DepthLow,DepthLow--DepthLow,10,0.4742937161413521,3.182208323611331e-05,0.000626854676885833
572,19177,57,83,57,83,DepthHigh,DepthHigh,DepthHigh--DepthHigh,9,0.26749948509316773,3.1787194504467836e-05,0.0006261674131249941
573,32463,103,328,103,328,DepthLow,DepthLow,DepthLow--DepthLow,9,0.23324399930262266,3.1783518597777233e-05,0.0006260950024256787
574,7387,20,318,20,318,DepthMid,DepthHigh,DepthHigh--DepthMid,2,0.07895132942897212,3.1781618318680226e-05,0.0006260575693377659
575,61286,263,271,263,271,DepthMid,DepthHigh,DepthHigh--DepthMid,2,0.09008722083241302,3.1778608582034234e-05,0.0006259982813433647
576,47866,171,329,171,329,DepthLow,DepthLow,DepthLow--DepthLow,4,0.13479660474168964,3.17485330797084e-05,0.0006254058320950629
577,36432,119,257,119,257,DepthLow,DepthLow,DepthLow--DepthLow,8,0.22099719778661134,3.1746482858097396e-05,0.00062536544532981
578,42814,147,185,147,185,DepthLow,DepthLow,DepthLow--DepthLow,6,0.17737688736781604,3.174080800384867e-05,0.0006252536578990479
579,52484,197,280,197,280,DepthMid,DepthLow,DepthLow--DepthMid,9,0.23029935196284215,3.17318478307929e-05,0.0006250771538548584
580,20091,60,82,60,82,DepthHigh,DepthHigh,DepthHigh--DepthHigh,10,0.32892298591942426,3.172814318190617e-05,0.0006250041769707356
581,39634,133,134,133,134,DepthLow,DepthLow,DepthLow--DepthLow,10,0.7458641280856482,3.172012678731447e-05,0.0006248462641652072
582,43239,149,179,149,179,DepthMid,DepthLow,DepthLow--DepthMid,3,0.12095154703850686,3.169777935610624e-05,0.000624406048115701
583,25874,79,279,79,279,DepthMid,DepthHigh,DepthHigh--DepthMid,9,0.24215466241413627,3.1686847933355937e-05,0.0006241907129528456
584,41679,142,145,142,145,DepthLow,DepthLow,DepthLow--DepthLow,10,0.47313946953851704,3.167720630370538e-05,0.0006240007850780926
585,4790,13,150,13,150,DepthMid,DepthMid,DepthMid--DepthMid,6,0.17607727222317623,3.1674680671218434e-05,0.0006239510333215909
586,59173,244,248,244,248,DepthLow,DepthHigh,DepthHigh--DepthLow,10,0.3469265590019522,3.166678979037924e-05,0.0006237955929777864
587,16033,47,54,47,54,DepthHigh,DepthHigh,DepthHigh--DepthHigh,10,0.3655170165829153,3.165879419917932e-05,0.0006236380899726894
588,33371,107,202,107,202,DepthLow,DepthHigh,DepthHigh--DepthLow,2,0.08179763257264167,3.16584866191584e-05,0.0006236320310364092
589,17642,52,93,52,93,DepthHigh,DepthLow,DepthHigh--DepthLow,6,0.16728755780101884,3.165771239344098e-05,0.0006236167797717975
590,6796,19,71,19,71,DepthMid,DepthMid,DepthMid--DepthMid,8,0.20659261587624503,3.1652479579572446e-05,0.0006235136999758449
591,43769,151,282,151,282,DepthMid,DepthHigh,DepthHigh--DepthMid,7,0.2010253310790443,3.1650989913205976e-05,0.0006234843554379058
592,40207,135,248,135,248,DepthLow,DepthHigh,DepthHigh--DepthLow,7,0.1878407821895325,3.1643623886188515e-05,0.0006233392540486691
593,26793,82,349,82,349,DepthHigh,DepthMid,DepthHigh--DepthMid,8,0.21111568431710398,3.1642645262210884e-05,0.0006233199763975884
594,33084,106,172,106,172,DepthLow,DepthLow,DepthLow--DepthLow,10,0.5563735087589654,3.163255293951675e-05,0.000623121170441532
595,33317,107,148,107,148,DepthLow,DepthMid,DepthLow--DepthMid,5,0.1577378312816995,3.162152768324486e-05,0.0006229039868773191
596,58396,237,332,237,332,DepthHigh,DepthMid,DepthHigh--DepthMid,10,0.335089348843701,3.161981697033951e-05,0.0006228702880029378
597,42528,145,334,145,334,DepthLow,DepthHigh,DepthHigh--DepthLow,7,0.19221487426837433,3.161437360099832e-05,0.0006227630605312407
598,21519,64,304,64,304,DepthMid,DepthHigh,DepthHigh--DepthMid,9,0.23290972738903304,3.161388848994493e-05,0.0006227535044587998
599,31989,102,115,102,115,DepthLow,DepthLow,DepthLow--DepthLow,10,0.6434192720709603,3.1607855370171426e-05,0.0006226346596516206
600,62136,271,349,271,349,DepthHigh,DepthMid,DepthHigh--DepthMid,6,0.16176991015264747,3.1601622980226174e-05,0.0006225118894748107
601,19946,59,241,59,241,DepthHigh,DepthHigh,DepthHigh--DepthHigh,10,0.31002683155170874,3.160047511970827e-05,0.0006224892780785447
602,50636,186,324,186,324,DepthMid,DepthMid,DepthMid--DepthMid,10,0.3349299358312006,3.158432794469301e-05,0.0006221711992116866
603,55510,216,323,216,323,DepthMid,DepthLow,DepthLow--DepthMid,5,0.1519305174351898,3.1571650140201406e-05,0.0006219214625436237
604,31329,99,244,99,244,DepthLow,DepthLow,DepthLow--DepthLow,5,0.15321435065290898,3.157030123514675e-05,0.0006218948908249869
605,43743,151,256,151,256,DepthMid,DepthLow,DepthLow--DepthMid,8,0.20932604098657293,3.155338320942035e-05,0.00062156162717686
606,58787,240,348,240,348,DepthHigh,DepthMid,DepthHigh--DepthMid,4,0.1333224893485491,3.152820942934668e-05,0.0006210657356396219
607,51824,193,294,193,294,DepthMid,DepthLow,DepthLow--DepthMid,3,0.1076268383548158,3.152107236145531e-05,0.0006209251444547593
608,27201,84,196,84,196,DepthHigh,DepthMid,DepthHigh--DepthMid,7,0.19876206332371957,3.151899450406216e-05,0.0006208842132996513
609,10547,30,93,30,93,DepthHigh,DepthLow,DepthHigh--DepthLow,8,0.21072622652011405,3.151779712739846e-05,0.000620860626498119
610,31531,100,182,100,182,DepthLow,DepthLow,DepthLow--DepthLow,8,0.21407849602628892,3.1509830532901004e-05,0.0006207036946912813
611,23456,71,169,71,169,DepthMid,DepthLow,DepthLow--DepthMid,5,0.14101079217807552,3.150011703823652e-05,0.0006205123511669068
612,30120,95,101,95,101,DepthLow,DepthLow,DepthLow--DepthLow,2,0.07531000472591962,3.148436359689033e-05,0.0006202020283539207
613,20250,60,241,60,241,DepthHigh,DepthHigh,DepthHigh--DepthHigh,10,0.3522375548261225,3.1482452848850725e-05,0.0006201643890411174
614,37074,122,170,122,170,DepthLow,DepthLow,DepthLow--DepthLow,9,0.23192770202062485,3.148079799812045e-05,0.0006201317905807299
615,23359,71,72,71,72,DepthMid,DepthMid,DepthMid--DepthMid,8,0.20585010467694245,3.147951121077773e-05,0.0006201064425022287
616,32140,102,266,102,266,DepthLow,DepthMid,DepthLow--DepthMid,8,0.2026171168702062,3.145783819718133e-05,0.0006196795116242497
617,48857,177,183,177,183,DepthMid,DepthMid,DepthMid--DepthMid,6,0.16921240996660644,3.1452818291252984e-05,0.0006195806258446683
618,56127,220,358,220,358,DepthHigh,DepthMid,DepthHigh--DepthMid,2,0.09577603558985617,3.1452808992340955e-05,0.0006195804426678959
619,37076,122,172,122,172,DepthLow,DepthLow,DepthLow--DepthLow,10,0.5259050961876138,3.143825135980809e-05,0.0006192936757717784
620,18586,55,107,55,107,DepthHigh,DepthLow,DepthHigh--DepthLow,1,0.07161675413108887,3.142622008879672e-05,0.0006190566749932185
621,43741,151,254,151,254,DepthMid,DepthLow,DepthLow--DepthMid,4,0.1274580985007644,3.142314285354711e-05,0.0006189960573619407
622,16494,48,199,48,199,DepthHigh,DepthLow,DepthHigh--DepthLow,3,0.11731744057719169,3.140817005022618e-05,0.0006187011121278976
623,60062,251,325,251,325,DepthLow,DepthLow,DepthLow--DepthLow,9,0.24618153983188562,3.13995170158353e-05,0.0006185306583258341
624,55678,217,344,217,344,DepthLow,DepthHigh,DepthHigh--DepthLow,8,0.20377960124010494,3.1399212859866115e-05,0.00061852466683903
625,41281,140,192,140,192,DepthLow,DepthMid,DepthLow--DepthMid,1,0.07071990451558513,3.1392034915400405e-05,0.0006183832704375006
626,56101,220,332,220,332,DepthHigh,DepthMid,DepthHigh--DepthMid,7,0.19718147097358193,3.13812673410112e-05,0.0006181711628795351
627,58058,235,249,235,249,DepthHigh,DepthHigh,DepthHigh--DepthHigh,10,0.30760004424258297,3.1355871923506703e-05,0.0006176709053660328
628,29569,92,360,92,360,DepthLow,DepthMid,DepthLow--DepthMid,4,0.12348274219778337,3.1340986796201245e-05,0.0006173776872382868
629,34815,113,125,113,125,DepthLow,DepthLow,DepthLow--DepthLow,8,0.20829554465656086,3.133403843545885e-05,0.0006172408133449046
630,59861,249,351,249,351,DepthHigh,DepthMid,DepthHigh--DepthMid,10,0.33115915930464995,3.132339416727094e-05,0.0006170311347627039
631,27901,86,339,86,339,DepthHigh,DepthHigh,DepthHigh--DepthHigh,6,0.17671868419264444,3.131567926770708e-05,0.0006168791610268102
632,52024,194,324,194,324,DepthMid,DepthMid,DepthMid--DepthMid,9,0.24918703331955475,3.1307389652826535e-05,0.0006167158661281422
633,49243,179,198,179,198,DepthLow,DepthLow,DepthLow--DepthLow,5,0.14064168757272094,3.1301026071806725e-05,0.0006165905116535651
634,34719,112,280,112,280,DepthLow,DepthLow,DepthLow--DepthLow,10,0.5844192680209046,3.1300418352536405e-05,0.0006165785403547658
635,56515,223,320,223,320,DepthLow,DepthHigh,DepthHigh--DepthLow,2,0.0752763238002498,3.1300221789309556e-05,0.0006165746683085161
636,43956,152,257,152,257,DepthLow,DepthLow,DepthLow--DepthLow,10,0.2786052639914379,3.128364520554487e-05,0.0006162481306339527
637,45782,161,220,161,220,DepthHigh,DepthHigh,DepthHigh--DepthHigh,10,0.7470484016046083,3.127764297018494e-05,0.0006161298942105474
638,20047,59,342,59,342,DepthHigh,DepthMid,DepthHigh--DepthMid,10,0.2854319890431357,3.127124854872947e-05,0.0006160039322185057
639,6620,18,240,18,240,DepthHigh,DepthHigh,DepthHigh--DepthHigh,9,0.23198431536391723,3.12696824707671e-05,0.0006159730824690472
640,60465,255,286,255,286,DepthLow,DepthLow,DepthLow--DepthLow,10,0.3167575219493936,3.126754622755163e-05,0.0006159310011872956
641,43742,151,255,151,255,DepthMid,DepthLow,DepthLow--DepthMid,6,0.17429434894326956,3.126749632379325e-05,0.000615930018146553
642,33547,108,122,108,122,DepthLow,DepthLow,DepthLow--DepthLow,10,0.5147880100271413,3.126356740981498e-05,0.0006158526235245828
643,61287,263,272,263,272,DepthMid,DepthHigh,DepthHigh--DepthMid,1,0.0684244961173674,3.1262588871829866e-05,0.0006158333475674456
644,17560,51,323,51,323,DepthHigh,DepthLow,DepthHigh--DepthLow,9,0.2632205223997904,3.1225469283356424e-05,0.000615102138756696
645,38713,129,143,129,143,DepthLow,DepthLow,DepthLow--DepthLow,8,0.2134232501092435,3.121417065858865e-05,0.0006148795701798525
646,55700,218,220,218,220,DepthHigh,DepthHigh,DepthHigh--DepthHigh,10,0.7411760698854873,3.121198511263919e-05,0.0006148365176967764
647,23473,71,186,71,186,DepthMid,DepthMid,DepthMid--DepthMid,10,0.30799631818387174,3.120631905799999e-05,0.0006147249036071608
648,17373,51,136,51,136,DepthHigh,DepthLow,DepthHigh--DepthLow,7,0.1929845924960258,3.120459026038772e-05,0.0006146908484869916
649,26685,82,241,82,241,DepthHigh,DepthHigh,DepthHigh--DepthHigh,10,0.3135753635219622,3.120297326687393e-05,0.0006146589957657509
650,9756,27,307,27,307,DepthMid,DepthHigh,DepthHigh--DepthMid,10,0.29355228990814675,3.1196258433703505e-05,0.0006145267220693321
651,49355,179,310,179,310,DepthLow,DepthHigh,DepthHigh--DepthLow,2,0.0904421369625598,3.1190542567687865e-05,0.0006144141267587809
652,23825,72,246,72,246,DepthMid,DepthLow,DepthLow--DepthMid,10,0.2900129426088802,3.1187966083933864e-05,0.0006143633732968177
653,41983,143,228,143,228,DepthLow,DepthMid,DepthLow--DepthMid,9,0.2508047354519335,3.1175136711606654e-05,0.0006141106509346407
654,20092,60,83,60,83,DepthHigh,DepthHigh,DepthHigh--DepthHigh,10,0.3396966933468102,3.1172793452222706e-05,0.0006140644916969476
655,48008,172,279,172,279,DepthLow,DepthHigh,DepthHigh--DepthLow,6,0.15955501999122423,3.116476753777489e-05,0.0006139063913623287
656,57271,229,251,229,251,DepthMid,DepthLow,DepthLow--DepthMid,10,0.36357473663286927,3.114988621455642e-05,0.0006136132481702714
657,59802,249,292,249,292,DepthHigh,DepthHigh,DepthHigh--DepthHigh,7,0.19458167485589153,3.1149089446431066e-05,0.000613597552848816
658,48956,177,282,177,282,DepthMid,DepthHigh,DepthHigh--DepthMid,8,0.22649856189059225,3.113775574286608e-05,0.0006133742932641611
659,61185,262,271,262,271,DepthMid,DepthHigh,DepthHigh--DepthMid,2,0.07492436313680245,3.113273243759367e-05,0.0006132753405218132
660,48519,175,220,175,220,DepthMid,DepthHigh,DepthHigh--DepthMid,3,0.1003997523056311,3.112620943697321e-05,0.0006131468456833099
661,27585,85,301,85,301,DepthHigh,DepthHigh,DepthHigh--DepthHigh,6,0.16400681910810697,3.112479537793547e-05,0.0006131189905138472
662,10271,29,151,29,151,DepthMid,DepthMid,DepthMid--DepthMid,8,0.21578606024057786,3.1122742765701976e-05,0.0006130785566563636
663,49484,180,255,180,255,DepthMid,DepthLow,DepthLow--DepthMid,9,0.23771955373137194,3.111656847101836e-05,0.0006129569308825203
664,19923,59,218,59,218,DepthHigh,DepthHigh,DepthHigh--DepthHigh,2,0.08829162468361058,3.111511242856823e-05,0.0006129282486930849
665,52735,199,200,199,200,DepthLow,DepthLow,DepthLow--DepthLow,10,0.714112941038061,3.111322967091135e-05,0.0006128911607553185
666,55673,217,339,217,339,DepthLow,DepthHigh,DepthHigh--DepthLow,6,0.17613942655451,3.1105639911819905e-05,0.0006127416521280044
667,43715,151,228,151,228,DepthMid,DepthMid,DepthMid--DepthMid,10,0.28647253521620075,3.110048040188674e-05,0.0006126400163266005
668,24370,74,210,74,210,DepthMid,DepthMid,DepthMid--DepthMid,9,0.23493515641732537,3.110048037970743e-05,0.0006126400158896962
669,43528,150,254,150,254,DepthMid,DepthLow,DepthLow--DepthMid,4,0.12149910590588965,3.109533173440725e-05,0.0006125385941077816
670,27090,84,85,84,85,DepthHigh,DepthHigh,DepthHigh--DepthHigh,10,0.752794029364988,3.109344397497533e-05,0.000612501407641391
671,62580,276,343,276,343,DepthHigh,DepthHigh,DepthHigh--DepthHigh,2,0.08927406053826101,3.109334652616554e-05,0.0006124994880234414
672,9985,28,200,28,200,DepthHigh,DepthLow,DepthHigh--DepthLow,4,0.13936511184726275,3.10920641692378e-05,0.0006124742272184959
673,7292,20,223,20,223,DepthMid,DepthLow,DepthLow--DepthMid,1,0.04771706854974503,3.1089156007811894e-05,0.0006124169401270932
674,61128,261,316,261,316,DepthMid,DepthHigh,DepthHigh--DepthMid,6,0.17295207551823477,3.108602146877789e-05,0.0006123551936839465
675,55855,219,230,219,230,DepthMid,DepthMid,DepthMid--DepthMid,4,0.1359810111024432,3.1080214443187377e-05,0.0006122408026453963
676,52198,195,329,195,329,DepthMid,DepthLow,DepthLow--DepthMid,1,0.06542233487064318,3.10769669375973e-05,0.0006121768309043809
677,31353,99,268,99,268,DepthLow,DepthLow,DepthLow--DepthLow,9,0.25370576743391215,3.107391060648058e-05,0.0006121166250580064
678,45873,161,311,161,311,DepthHigh,DepthMid,DepthHigh--DepthMid,4,0.12491434922428427,3.107337575298569e-05,0.000612106089122561
679,43922,152,223,152,223,DepthLow,DepthLow,DepthLow--DepthLow,2,0.09748457103415456,3.1038088992143756e-05,0.0006114109846914087
680,7656,21,244,21,244,DepthMid,DepthLow,DepthLow--DepthMid,10,0.2841464147414655,3.1033527206825436e-05,0.0006113211233067683
681,43821,151,334,151,334,DepthMid,DepthHigh,DepthHigh--DepthMid,10,0.2972446029990993,3.1029341530469965e-05,0.0006112386707916426
682,6144,17,110,17,110,DepthHigh,DepthLow,DepthHigh--DepthLow,3,0.11595040277383097,3.102476750090449e-05,0.0006111485682108638
683,44011,152,312,152,312,DepthLow,DepthMid,DepthLow--DepthMid,1,0.062352614157892096,3.1014268078030476e-05,0.0006109417428976263
684,39216,131,179,131,179,DepthLow,DepthLow,DepthLow--DepthLow,3,0.10859732111578074,3.101418994433e-05,0.0006109402037628311
685,9466,26,354,26,354,DepthHigh,DepthMid,DepthHigh--DepthMid,10,0.32479823644076955,3.100421338787361e-05,0.0006107436782548214
686,45129,158,179,158,179,DepthHigh,DepthLow,DepthHigh--DepthLow,2,0.08740775364770997,3.1001901417493495e-05,0.0006106981353708171
687,17067,50,143,50,143,DepthHigh,DepthLow,DepthHigh--DepthLow,6,0.16099805668582473,3.100070816142489e-05,0.0006106746297397815
688,5333,14,343,14,343,DepthHigh,DepthHigh,DepthHigh--DepthHigh,10,0.49243841718110637,3.0999125069707404e-05,0.0006106434448409276
689,18212,53,352,53,352,DepthHigh,DepthMid,DepthHigh--DepthMid,8,0.2130855983224782,3.0993656177565794e-05,0.0006105357146024351
690,33879,109,199,109,199,DepthLow,DepthLow,DepthLow--DepthLow,4,0.12918836785796342,3.099108495507298e-05,0.0006104850647806439
691,24368,74,208,74,208,DepthMid,DepthMid,DepthMid--DepthMid,9,0.2551504583675196,3.0988094635300405e-05,0.0006104261592740209
692,18521,54,351,54,351,DepthHigh,DepthMid,DepthHigh--DepthMid,8,0.20935993308868295,3.098651138397095e-05,0.0006103949712310134
693,51792,193,262,193,262,DepthMid,DepthMid,DepthMid--DepthMid,5,0.15546152534904623,3.098492488020997e-05,0.0006103637191192303
694,34720,112,281,112,281,DepthLow,DepthLow,DepthLow--DepthLow,10,0.40056695978726403,3.098154887342385e-05,0.0006102972160676427
695,61558,265,344,265,344,DepthMid,DepthHigh,DepthHigh--DepthMid,4,0.12991957965211143,3.0978645310501385e-05,0.0006102400195609251
696,50304,184,349,184,349,DepthLow,DepthMid,DepthLow--DepthMid,2,0.09480694346532195,3.097657614612261e-05,0.0006101992596471741
697,45674,160,315,160,315,DepthLow,DepthMid,DepthLow--DepthMid,9,0.23482199899884004,3.096405942959823e-05,0.0006099526962077429
698,26127,80,248,80,248,DepthHigh,DepthHigh,DepthHigh--DepthHigh,10,0.31266179743545175,3.095369496046432e-05,0.0006097485293120113
699,59859,249,349,249,349,DepthHigh,DepthMid,DepthHigh--DepthMid,10,0.3481557048892895,3.0950273908467644e-05,0.0006096811389269107
700,46313,163,348,163,348,DepthLow,DepthMid,DepthLow--DepthMid,10,0.3085599073999228,3.0948687892209146e-05,0.0006096498964183082
701,16926,49,316,49,316,DepthHigh,DepthHigh,DepthHigh--DepthHigh,9,0.23267079267569,3.09465676614861e-05,0.0006096081305623472
702,57672,232,253,232,253,DepthMid,DepthLow,DepthLow--DepthMid,4,0.12299922977284737,3.091979912083869e-05,0.0006090808242645874
703,59969,250,345,250,345,DepthLow,DepthMid,DepthLow--DepthMid,6,0.16846805712546278,3.091769559260683e-05,0.0006090393874265175
704,42599,146,187,146,187,DepthLow,DepthLow,DepthLow--DepthLow,7,0.1935706789754803,3.09145504398272e-05,0.0006089774319060444
705,14383,41,321,41,321,DepthMid,DepthHigh,DepthHigh--DepthMid,10,0.2912901790762712,3.090913626145767e-05,0.0006088707794594634
706,32997,105,343,105,343,DepthLow,DepthHigh,DepthHigh--DepthLow,4,0.12130543255451172,3.0905901436610466e-05,0.0006088070575129984
707,56715,225,241,225,241,DepthHigh,DepthHigh,DepthHigh--DepthHigh,5,0.14716358804041382,3.089801340265216e-05,0.0006086516732491363
708,2527,7,8,7,8,DepthHigh,DepthHigh,DepthHigh--DepthHigh,10,0.8918037659919671,3.0889424048721954e-05,0.0006084824738713764
709,31722,101,110,101,110,DepthLow,DepthLow,DepthLow--DepthLow,5,0.15092629691065815,3.088703630644626e-05,0.0006084354383771376
710,61973,270,279,270,279,DepthHigh,DepthHigh,DepthHigh--DepthHigh,10,0.2917228009820966,3.086866308946436e-05,0.0006080735093070298
711,59715,248,320,248,320,DepthHigh,DepthHigh,DepthHigh--DepthHigh,1,0.02141943466008995,3.086656102757791e-05,0.0006080321013541045
712,59160,243,355,243,355,DepthLow,DepthMid,DepthLow--DepthMid,9,0.2362551826429297,3.086587921652759e-05,0.0006080186705412166
713,31350,99,265,99,265,DepthLow,DepthMid,DepthLow--DepthMid,5,0.14088804438391556,3.086193188121241e-05,0.0006079409130422749
714,13451,38,361,38,361,DepthMid,DepthHigh,DepthHigh--DepthMid,4,0.13416273441689747,3.085950951029102e-05,0.0006078931954076386
715,26808,82,364,82,364,DepthHigh,DepthHigh,DepthHigh--DepthHigh,6,0.1776262507745518,3.085503069017502e-05,0.0006078049683322516
716,6430,18,50,18,50,DepthHigh,DepthHigh,DepthHigh--DepthHigh,9,0.26352261528839266,3.0852177126677646e-05,0.0006077487567507896
717,4861,13,221,13,221,DepthMid,DepthMid,DepthMid--DepthMid,3,0.1205762523723639,3.085183544475972e-05,0.0006077420260503929
718,8649,24,214,24,214,DepthMid,DepthHigh,DepthHigh--DepthMid,7,0.1873911023960977,3.0850217245642975e-05,0.0006077101495803034
719,52728,198,358,198,358,DepthLow,DepthMid,DepthLow--DepthMid,3,0.12045411408014235,3.083608043883469e-05,0.0006074316724171883
720,49861,182,267,182,267,DepthLow,DepthHigh,DepthHigh--DepthLow,9,0.26936787428181536,3.082809917687912e-05,0.0006072744516800298
721,43020,148,175,148,175,DepthMid,DepthMid,DepthMid--DepthMid,6,0.16863396878646086,3.081670964332978e-05,0.0006070500923154974
722,66026,336,339,336,339,DepthHigh,DepthHigh,DepthHigh--DepthHigh,3,0.1190381324458577,3.081386150066362e-05,0.0006069939875175344
723,49792,182,198,182,198,DepthLow,DepthLow,DepthLow--DepthLow,6,0.17063847184996594,3.080867828954643e-05,0.0006068918848328677
724,23484,71,197,71,197,DepthMid,DepthMid,DepthMid--DepthMid,7,0.19505101759679183,3.0804047033375945e-05,0.000606800654960556
725,65230,315,341,315,341,DepthMid,DepthHigh,DepthHigh--DepthMid,2,0.09131531810212518,3.0802052080367526e-05,0.0006067613569166718
726,17374,51,137,51,137,DepthHigh,DepthLow,DepthHigh--DepthLow,8,0.20192991841444677,3.080133394130196e-05,0.0006067472104879618
727,47179,168,224,168,224,DepthLow,DepthLow,DepthLow--DepthLow,3,0.11276624800222511,3.080026512460378e-05,0.0006067261561546859
728,26887,83,162,83,162,DepthHigh,DepthHigh,DepthHigh--DepthHigh,7,0.18794123230561505,3.078726319369755e-05,0.0006064700346073742
729,20355,60,346,60,346,DepthHigh,DepthMid,DepthHigh--DepthMid,9,0.24946485891009143,3.0782473426402306e-05,0.0006063756822669588
730,31671,100,322,100,322,DepthLow,DepthLow,DepthLow--DepthLow,8,0.20723121722406823,3.078132243373752e-05,0.0006063530091713721
731,29554,92,345,92,345,DepthLow,DepthMid,DepthLow--DepthMid,3,0.10312130009261211,3.077375013679487e-05,0.0006062038445262402
732,60170,252,321,252,321,DepthLow,DepthHigh,DepthHigh--DepthLow,9,0.22970163774792707,3.0767638060804305e-05,0.0006060834443817325
733,16877,49,267,49,267,DepthHigh,DepthHigh,DepthHigh--DepthHigh,8,0.2156855632570944,3.07574376949584e-05,0.0006058825101126273
734,49341,179,296,179,296,DepthLow,DepthHigh,DepthHigh--DepthLow,3,0.11845476884639701,3.075620195589739e-05,0.0006058581676205265
735,21601,65,87,65,87,DepthMid,DepthMid,DepthMid--DepthMid,10,0.422745918871804,3.07420901020303e-05,0.0006055801819987029
736,45639,160,280,160,280,DepthLow,DepthLow,DepthLow--DepthLow,10,0.7089733453866122,3.074121681121907e-05,0.0006055629792773965
737,15688,45,344,45,344,DepthMid,DepthHigh,DepthHigh--DepthMid,7,0.19131039561978547,3.0737474018976496e-05,0.0006054892510175443
738,19869,59,164,59,164,DepthHigh,DepthLow,DepthHigh--DepthLow,7,0.185455563039235,3.073311007524733e-05,0.0006054032868612697
739,49103,178,243,178,243,DepthLow,DepthLow,DepthLow--DepthLow,1,0.05163600085421203,3.072910112618623e-05,0.0006053243156496837
740,17609,52,60,52,60,DepthHigh,DepthHigh,DepthHigh--DepthHigh,10,0.3113436086622438,3.0728603412561164e-05,0.0006053145113225657
741,34253,110,319,110,319,DepthLow,DepthHigh,DepthHigh--DepthLow,5,0.14385190773112866,3.072116670244758e-05,0.0006051680175659894
742,31877,101,265,101,265,DepthLow,DepthMid,DepthLow--DepthMid,3,0.10519362357905157,3.070989013702867e-05,0.0006049458835303385
743,44647,155,318,155,318,DepthMid,DepthHigh,DepthHigh--DepthMid,8,0.2139472416135577,3.070457544932661e-05,0.0006048411909237135
744,3595,10,11,10,11,DepthHigh,DepthHigh,DepthHigh--DepthHigh,10,0.8945741881858149,3.0700889022856126e-05,0.0006047685729980777
745,61480,265,266,265,266,DepthMid,DepthMid,DepthMid--DepthMid,10,0.6033265240253307,3.0689288595915785e-05,0.000604540059301238
746,34133,110,199,110,199,DepthLow,DepthLow,DepthLow--DepthLow,4,0.13587313641703122,3.06878349766815e-05,0.000604511424846081
747,19792,59,87,59,87,DepthHigh,DepthMid,DepthHigh--DepthMid,8,0.22209690737032164,3.0685294591773334e-05,0.0006044613824855933
748,9221,26,109,26,109,DepthHigh,DepthLow,DepthHigh--DepthLow,3,0.10702416067560383,3.067663119657808e-05,0.0006042907245888252
749,53445,203,260,203,260,DepthLow,DepthMid,DepthLow--DepthMid,4,0.13960037192191888,3.0674726020806176e-05,0.0006042531950426278
750,57935,234,255,234,255,DepthLow,DepthLow,DepthLow--DepthLow,10,0.31280759783705114,3.065956165314189e-05,0.0006039544762339991
751,56080,220,311,220,311,DepthHigh,DepthMid,DepthHigh--DepthMid,5,0.1437221265667199,3.064559155499394e-05,0.0006036792830200409
752,21261,63,346,63,346,DepthMid,DepthMid,DepthMid--DepthMid,9,0.25734435020470897,3.064341439914272e-05,0.0006036363958112581
753,59747,248,352,248,352,DepthHigh,DepthMid,DepthHigh--DepthMid,10,0.29378788347582985,3.0642752573080875e-05,0.0006036233586772944
754,10431,29,311,29,311,DepthMid,DepthMid,DepthMid--DepthMid,10,0.2870686154776003,3.064202353991872e-05,0.0006036089976486996
755,47895,171,358,171,358,DepthLow,DepthMid,DepthLow--DepthMid,8,0.203269300744887,3.0635981238380256e-05,0.0006034899719723968
756,7749,21,337,21,337,DepthMid,DepthHigh,DepthHigh--DepthMid,8,0.22202111758324183,3.061843896130866e-05,0.0006031444113645646
757,33590,108,165,108,165,DepthLow,DepthLow,DepthLow--DepthLow,10,0.5208547241330231,3.061379983646644e-05,0.0006030530264894003
758,54954,213,214,213,214,DepthHigh,DepthHigh,DepthHigh--DepthHigh,10,0.7897960700237838,3.061140591166539e-05,0.0006030058692072539
759,31935,101,323,101,323,DepthLow,DepthLow,DepthLow--DepthLow,7,0.19981092605260262,3.061014995417311e-05,0.0006029811284377019
760,12284,35,175,35,175,DepthMid,DepthMid,DepthMid--DepthMid,9,0.2351470487069912,3.0602145370598496e-05,0.0006028234482942293
761,44613,155,284,155,284,DepthMid,DepthLow,DepthLow--DepthMid,8,0.21249045088543886,3.060188938224713e-05,0.0006028184056484009
762,11481,32,362,32,362,DepthMid,DepthHigh,DepthHigh--DepthMid,9,0.23101040477823254,3.059200781006054e-05,0.000602623751210029
763,59831,249,321,249,321,DepthHigh,DepthHigh,DepthHigh--DepthHigh,8,0.2157453331061024,3.0587839668567285e-05,0.0006025416441094479
764,38999,130,195,130,195,DepthLow,DepthMid,DepthLow--DepthMid,4,0.12463911694667386,3.058063403927295e-05,0.0006023997023519097
765,30291,95,272,95,272,DepthLow,DepthHigh,DepthHigh--DepthLow,3,0.12063744081727988,3.057764092481108e-05,0.0006023407417934524
766,9428,26,316,26,316,DepthHigh,DepthHigh,DepthHigh--DepthHigh,10,0.2835133564804762,3.057317735809947e-05,0.0006022528151907846
767,40097,135,138,135,138,DepthLow,DepthLow,DepthLow--DepthLow,10,0.5086977882191268,3.057282370560716e-05,0.0006022458486852558
768,18874,56,87,56,87,DepthHigh,DepthMid,DepthHigh--DepthMid,6,0.1658120355977879,3.055320013324939e-05,0.0006018592892001838
769,43167,148,322,148,322,DepthMid,DepthLow,DepthLow--DepthMid,3,0.11918672393965,3.054689265386199e-05,0.0006017350398566063
770,45891,161,329,161,329,DepthHigh,DepthLow,DepthHigh--DepthLow,7,0.18016652680249934,3.054073964195266e-05,0.0006016138333264216
771,35687,116,250,116,250,DepthLow,DepthLow,DepthLow--DepthLow,7,0.1852764492497835,3.0531686989344206e-05,0.0006014355075523443
772,46012,162,248,162,248,DepthHigh,DepthHigh,DepthHigh--DepthHigh,9,0.2563654758517372,3.0531405236025416e-05,0.0006014299573693378
773,38419,127,320,127,320,DepthLow,DepthHigh,DepthHigh--DepthLow,4,0.12525097997375337,3.052974653298327e-05,0.0006013972830232926
774,36929,121,267,121,267,DepthLow,DepthHigh,DepthHigh--DepthLow,5,0.1521174635316428,3.052449036368147e-05,0.0006012937431549286
775,41135,139,270,139,270,DepthLow,DepthHigh,DepthHigh--DepthLow,4,0.12686456099599902,3.0521428719346416e-05,0.0006012334326448922
776,18538,55,59,55,59,DepthHigh,DepthHigh,DepthHigh--DepthHigh,10,0.7707939733501123,3.0517208638995694e-05,0.0006011503024146977
777,20078,60,69,60,69,DepthHigh,DepthMid,DepthHigh--DepthMid,10,0.34336667355168504,3.051380744106273e-05,0.0006010833031294695
778,39305,131,268,131,268,DepthLow,DepthLow,DepthLow--DepthLow,8,0.20173203987761343,3.0513352641735255e-05,0.000601074344159582
779,22261,67,152,67,152,DepthMid,DepthLow,DepthLow--DepthMid,9,0.26852359565786194,3.0511887402587543e-05,0.0006010454808068692
780,8266,23,171,23,171,DepthHigh,DepthLow,DepthHigh--DepthLow,5,0.14620045215706715,3.050806424114317e-05,0.0006009701693756812
781,48874,177,200,177,200,DepthMid,DepthLow,DepthLow--DepthMid,3,0.10545095565429849,3.0503621250266094e-05,0.0006008826480908555
782,44001,152,302,152,302,DepthLow,DepthHigh,DepthHigh--DepthLow,8,0.21758214947279075,3.049785134758689e-05,0.0006007689883265716
783,55838,218,358,218,358,DepthHigh,DepthMid,DepthHigh--DepthMid,2,0.07552765887328629,3.0494985386340304e-05,0.0006007125325251753
784,49967,183,192,183,192,DepthMid,DepthMid,DepthMid--DepthMid,9,0.2414322591683141,3.0491309369911887e-05,0.0006006401196641642
785,31791,101,179,101,179,DepthLow,DepthLow,DepthLow--DepthLow,5,0.14284407489722464,3.048602505540133e-05,0.0006005360253708867
786,66297,348,352,348,352,DepthMid,DepthMid,DepthMid--DepthMid,10,0.6711505627102818,3.0483593629386146e-05,0.0006004881293623881
787,59862,249,352,249,352,DepthHigh,DepthMid,DepthHigh--DepthMid,10,0.34081544125681357,3.048268113237469e-05,0.000600470154328666
788,62457,275,308,275,308,DepthHigh,DepthHigh,DepthHigh--DepthHigh,8,0.22214959247670527,3.046884789472187e-05,0.0006001976570928691
789,43818,151,331,151,331,DepthMid,DepthMid,DepthMid--DepthMid,7,0.185518503194041,3.046412407165813e-05,0.0006001046037701713
790,57936,234,256,234,256,DepthLow,DepthLow,DepthLow--DepthLow,10,0.3306620892525469,3.0462708694946366e-05,0.0006000767226442016
791,54515,210,231,210,231,DepthMid,DepthMid,DepthMid--DepthMid,10,0.4984605720387335,3.0450255138747062e-05,0.0005998314033830623
792,23481,71,194,71,194,DepthMid,DepthMid,DepthMid--DepthMid,8,0.21834042685253033,3.0443648111087692e-05,0.0005997012533184717
793,7767,21,355,21,355,DepthMid,DepthMid,DepthMid--DepthMid,9,0.2517743280814494,3.0434291653890546e-05,0.0005995169429793404
794,25449,78,139,78,139,DepthMid,DepthLow,DepthLow--DepthMid,10,0.3209069312408065,3.0431789894520303e-05,0.0005994676614929573
795,8881,25,107,25,107,DepthHigh,DepthLow,DepthHigh--DepthLow,6,0.16205279079976762,3.0426384080083337e-05,0.0005993611738052392
796,53249,202,225,202,225,DepthHigh,DepthHigh,DepthHigh--DepthHigh,6,0.1754089947683239,3.0424268893820532e-05,0.0005993195073187465
797,60762,258,262,258,262,DepthMid,DepthMid,DepthMid--DepthMid,8,0.20292283510997838,3.041019783631585e-05,0.0005990423253335166
798,42318,144,343,144,343,DepthLow,DepthHigh,DepthHigh--DepthLow,3,0.10321669233582473,3.0401176775738595e-05,0.0005988646218823828
799,36431,119,256,119,256,DepthLow,DepthLow,DepthLow--DepthLow,8,0.20888300819825265,3.0400925406024807e-05,0.0005988596702178565
800,1230,3,145,3,145,DepthHigh,DepthLow,DepthHigh--DepthLow,4,0.12163095367162609,3.0395577386383845e-05,0.0005987543210143131
801,5247,14,257,14,257,DepthHigh,DepthLow,DepthHigh--DepthLow,3,0.10309196803619958,3.0387730728078855e-05,0.0005985997517983409
802,25943,79,348,79,348,DepthMid,DepthMid,DepthMid--DepthMid,10,0.27692566746625824,3.0382866793526154e-05,0.0005985039384570268
803,60560,256,273,256,273,DepthLow,DepthHigh,DepthHigh--DepthLow,8,0.20413603900104085,3.0382548420393223e-05,0.0005984976669101299
804,59336,245,292,245,292,DepthLow,DepthHigh,DepthHigh--DepthLow,1,0.056744235115918445,3.036369043807679e-05,0.000598126188577804
805,57132,228,247,228,247,DepthMid,DepthLow,DepthLow--DepthMid,8,0.2255347024076885,3.03596806037317e-05,0.0005980471999272463
806,59337,245,293,245,293,DepthLow,DepthLow,DepthLow--DepthLow,4,0.13919775609644217,3.035883017773714e-05,0.0005980304476138267
807,41643,141,331,141,331,DepthLow,DepthMid,DepthLow--DepthMid,7,0.17982711333075485,3.0354574015339263e-05,0.0005979466066130695
808,35688,116,251,116,251,DepthLow,DepthLow,DepthLow--DepthLow,10,0.32366978369284466,3.032617883358265e-05,0.0005973872575486765
809,42098,143,343,143,343,DepthLow,DepthHigh,DepthHigh--DepthLow,2,0.08788302556598575,3.0325484590369414e-05,0.000597373581837948
810,17860,52,311,52,311,DepthHigh,DepthMid,DepthHigh--DepthMid,10,0.29695302652020744,3.0322806385615602e-05,0.0005973208246013106
811,65036,311,349,311,349,DepthMid,DepthMid,DepthMid--DepthMid,8,0.2165140847462766,3.031095306898244e-05,0.0005970873292982855
812,64332,299,347,299,347,DepthHigh,DepthMid,DepthHigh--DepthMid,9,0.2665983726892156,3.0310489836615134e-05,0.0005970782042082096
813,65232,315,343,315,343,DepthMid,DepthHigh,DepthHigh--DepthMid,2,0.0896301572529257,3.0310150973118226e-05,0.0005970715290271322
814,24212,73,342,73,342,DepthMid,DepthMid,DepthMid--DepthMid,9,0.24742341187420475,3.030743196771389e-05,0.0005970179680694306
815,18519,54,349,54,349,DepthHigh,DepthMid,DepthHigh--DepthMid,9,0.23032632948295292,3.029563335254314e-05,0.0005967855503158321
816,30458,96,171,96,171,DepthLow,DepthLow,DepthLow--DepthLow,5,0.15328779877682777,3.0293322479110157e-05,0.000596740029040295
817,5192,14,202,14,202,DepthHigh,DepthHigh,DepthHigh--DepthHigh,2,0.09700039989567283,3.0276161359323892e-05,0.0005964019767475271
818,9757,27,308,27,308,DepthMid,DepthHigh,DepthHigh--DepthMid,10,0.3110413634410086,3.0264563299755447e-05,0.000596173509684911
819,43531,150,257,150,257,DepthMid,DepthLow,DepthLow--DepthMid,8,0.22598633775659283,3.026414552251284e-05,0.0005961652800031368
820,56126,220,357,220,357,DepthHigh,DepthMid,DepthHigh--DepthMid,3,0.11530225853585473,3.0257417296379697e-05,0.00059603274248234
821,38485,128,150,128,150,DepthLow,DepthMid,DepthLow--DepthMid,9,0.2648373810455505,3.0255616195304265e-05,0.0005959972630756556
822,34092,110,158,110,158,DepthLow,DepthHigh,DepthHigh--DepthLow,2,0.08787193715743294,3.0254664548658804e-05,0.0005959785168438007
823,7631,21,219,21,219,DepthMid,DepthMid,DepthMid--DepthMid,10,0.27681266217340844,3.0252071579172705e-05,0.0005959274386338254
824,12234,35,125,35,125,DepthMid,DepthLow,DepthLow--DepthMid,10,0.2882165194839412,3.02503311215352e-05,0.0005958931538259486
825,60452,255,273,255,273,DepthLow,DepthHigh,DepthHigh--DepthLow,6,0.16330441555087452,3.024913089388704e-05,0.0005958695108636386
826,34113,110,179,110,179,DepthLow,DepthLow,DepthLow--DepthLow,10,0.8339638690798961,3.0247702874838285e-05,0.0005958413806996656
827,54342,209,212,209,212,DepthLow,DepthLow,DepthLow--DepthLow,10,0.8231973573095068,3.0245936352330442e-05,0.0005958065824469036
828,31614,100,265,100,265,DepthLow,DepthMid,DepthLow--DepthMid,4,0.13854479626445082,3.0245406122518508e-05,0.0005957961375921475
829,48539,175,240,175,240,DepthMid,DepthHigh,DepthHigh--DepthMid,7,0.19507320924652066,3.023319414520635e-05,0.0005955555771286684
830,3325,9,95,9,95,DepthHigh,DepthLow,DepthHigh--DepthLow,5,0.14370664600000105,3.0232086814454135e-05,0.0005955337641173789
831,43529,150,255,150,255,DepthMid,DepthLow,DepthLow--DepthMid,6,0.1730774583842391,3.0227522167462613e-05,0.0005954438463614062
832,4791,13,151,13,151,DepthMid,DepthMid,DepthMid--DepthMid,6,0.17750798095723405,3.0227121857214237e-05,0.0005954359607572634
833,36883,121,221,121,221,DepthLow,DepthMid,DepthLow--DepthMid,6,0.16350854787901625,3.021751800176299e-05,0.0005952467769863241
834,42442,145,248,145,248,DepthLow,DepthHigh,DepthHigh--DepthLow,7,0.1942889646389426,3.0204134443644735e-05,0.0005949831378669883
835,9016,25,242,25,242,DepthHigh,DepthHigh,DepthHigh--DepthHigh,7,0.1915937809021913,3.0202018468286707e-05,0.0005949414558363207
836,23753,72,174,72,174,DepthMid,DepthMid,DepthMid--DepthMid,9,0.2295004397927232,3.0197408555780128e-05,0.0005948506464071157
837,49760,181,348,181,348,DepthMid,DepthMid,DepthMid--DepthMid,8,0.21385056637240088,3.0193213755514462e-05,0.0005947680141625319
838,61736,267,327,267,327,DepthHigh,DepthLow,DepthHigh--DepthLow,8,0.209667707799322,3.0187974267796316e-05,0.000594664802900207
839,37462,123,317,123,317,DepthLow,DepthMid,DepthLow--DepthMid,8,0.2112365513889452,3.0181167590068584e-05,0.0005945307199825041
840,11854,34,74,34,74,DepthMid,DepthMid,DepthMid--DepthMid,10,0.5024195091633616,3.0177232117220118e-05,0.0005944531961591103
841,213,0,214,0,214,DepthHigh,DepthHigh,DepthHigh--DepthHigh,4,0.12988507821769554,3.017500920815439e-05,0.0005944094076700348
842,42166,144,191,144,191,DepthLow,DepthMid,DepthLow--DepthMid,2,0.09019091203423095,3.0174992598249155e-05,0.0005944090804759696
843,9856,28,71,28,71,DepthHigh,DepthMid,DepthHigh--DepthMid,4,0.1300935490733975,3.0172371234554817e-05,0.0005943574429361071
844,63298,285,314,285,314,DepthLow,DepthMid,DepthLow--DepthMid,8,0.22398298164440109,3.016914246976656e-05,0.0005942938403651168
845,62127,271,340,271,340,DepthHigh,DepthMid,DepthHigh--DepthMid,10,0.27191716145035966,3.016835643120512e-05,0.0005942783564024612
846,18227,54,57,54,57,DepthHigh,DepthHigh,DepthHigh--DepthHigh,9,0.24204815972429577,3.0163167030653854e-05,0.0005941761317937937
847,9172,26,60,26,60,DepthHigh,DepthHigh,DepthHigh--DepthHigh,10,0.37785651040312496,3.0156272448975056e-05,0.0005940403172797514
848,27301,84,296,84,296,DepthHigh,DepthHigh,DepthHigh--DepthHigh,7,0.19834131997861318,3.0150652985994978e-05,0.0005939296209867239
849,64518,302,344,302,344,DepthHigh,DepthHigh,DepthHigh--DepthHigh,8,0.20732415663696882,3.0145296820474002e-05,0.0005938241113196765
850,23994,73,124,73,124,DepthMid,DepthLow,DepthLow--DepthMid,9,0.26305873501820815,3.0143289493474785e-05,0.0005937845695238688
851,11575,33,125,33,125,DepthMid,DepthLow,DepthLow--DepthMid,10,0.27828341327295225,3.0136412674789507e-05,0.0005936491049182684
852,21129,63,214,63,214,DepthMid,DepthHigh,DepthHigh--DepthMid,7,0.19528646790817467,3.012883661873691e-05,0.0005934998662234387
853,8351,23,256,23,256,DepthHigh,DepthLow,DepthHigh--DepthLow,10,0.27959945159479227,3.012777617805172e-05,0.0005934789768869946
854,59844,249,334,249,334,DepthHigh,DepthHigh,DepthHigh--DepthHigh,10,0.8047546629989535,3.012110980296773e-05,0.0005933476577534147
855,65525,321,363,321,363,DepthHigh,DepthMid,DepthHigh--DepthMid,7,0.18068969112922964,3.0116208368271694e-05,0.0005932511057068418
856,44627,155,298,155,298,DepthMid,DepthHigh,DepthHigh--DepthMid,8,0.22070532768431858,3.0115147818879274e-05,0.0005932302142290032
857,30189,95,170,95,170,DepthLow,DepthLow,DepthLow--DepthLow,3,0.10737327570547585,3.011487032534241e-05,0.0005932247479582975
858,41970,143,215,143,215,DepthLow,DepthMid,DepthLow--DepthMid,3,0.12088024554239037,3.0113695648319688e-05,0.0005932016083109004
859,45810,161,248,161,248,DepthHigh,DepthHigh,DepthHigh--DepthHigh,9,0.24873794469424937,3.0112403170019328e-05,0.000593176148127752
860,36149,118,219,118,219,DepthLow,DepthMid,DepthLow--DepthMid,7,0.18294480939434252,3.011078843626412e-05,0.0005931443399208893
861,18228,54,58,54,58,DepthHigh,DepthHigh,DepthHigh--DepthHigh,10,0.2745983887504555,3.0110466583624535e-05,0.0005931379998321246
862,48915,177,241,177,241,DepthMid,DepthHigh,DepthHigh--DepthMid,8,0.2233987022262949,3.0107230524083778e-05,0.0005930742535637627
863,37961,125,337,125,337,DepthLow,DepthHigh,DepthHigh--DepthLow,8,0.20503618735984833,3.0105803888015654e-05,0.000593046150642754
864,25835,79,240,79,240,DepthMid,DepthHigh,DepthHigh--DepthMid,4,0.1291370081429608,3.0102796188316883e-05,0.0005929869027736295
865,7775,21,363,21,363,DepthMid,DepthMid,DepthMid--DepthMid,8,0.20612940564196924,3.0099127568611752e-05,0.0005929146356186851
866,8070,22,316,22,316,DepthMid,DepthHigh,DepthHigh--DepthMid,10,0.2825071855490402,3.009861390318013e-05,0.0005929045170612111
867,13116,37,352,37,352,DepthMid,DepthMid,DepthMid--DepthMid,10,0.3046369650634467,3.009477527332277e-05,0.0005928289009219073
868,46122,162,358,162,358,DepthHigh,DepthMid,DepthHigh--DepthMid,2,0.07977090481896196,3.009430834579818e-05,0.0005928197030419199
869,65053,312,314,312,314,DepthMid,DepthMid,DepthMid--DepthMid,10,0.7670319809585027,3.0094282943532306e-05,0.0005928192026495022
870,12453,35,344,35,344,DepthMid,DepthHigh,DepthHigh--DepthMid,4,0.1367583608732206,3.0091944826271468e-05,0.0005927731447051121
871,63087,282,343,282,343,DepthHigh,DepthHigh,DepthHigh--DepthHigh,2,0.09747896341340229,3.0084653631431534e-05,0.0005926295174148563
872,25873,79,278,79,278,DepthMid,DepthMid,DepthMid--DepthMid,10,0.3543130191672135,3.0082781889944782e-05,0.0005925926464816686
873,37755,125,131,125,131,DepthLow,DepthLow,DepthLow--DepthLow,8,0.20217138698763507,3.008220068569266e-05,0.0005925811974950965
874,66113,339,348,339,348,DepthHigh,DepthMid,DepthHigh--DepthMid,3,0.10180642364987187,3.0080262876317892e-05,0.0005925430251083148
875,27538,85,254,85,254,DepthHigh,DepthLow,DepthHigh--DepthLow,7,0.19974816627632908,3.0074101497221286e-05,0.0005924216537551536
876,7943,22,189,22,189,DepthMid,DepthLow,DepthLow--DepthMid,9,0.23169057328480738,3.007253051173654e-05,0.0005923907073337291
877,64947,310,313,310,313,DepthHigh,DepthHigh,DepthHigh--DepthHigh,10,0.4494089844224413,3.0069315466826655e-05,0.0005923273750269405
878,65223,315,334,315,334,DepthMid,DepthHigh,DepthHigh--DepthMid,9,0.2656608114583081,3.0063577391904816e-05,0.0005922143422291068
879,38355,127,256,127,256,DepthLow,DepthLow,DepthLow--DepthLow,8,0.22579176769470433,3.0062773725200047e-05,0.000592198511014387
880,30379,95,360,95,360,DepthLow,DepthMid,DepthLow--DepthMid,2,0.07457105868866053,3.0059581289335397e-05,0.0005921356240771125
881,48601,175,302,175,302,DepthMid,DepthHigh,DepthHigh--DepthMid,9,0.25218973778849485,3.0049839713855138e-05,0.0005919437273962846
882,24132,73,262,73,262,DepthMid,DepthMid,DepthMid--DepthMid,1,0.0601157474388635,3.0042434357428783e-05,0.0005917978512675779
883,49261,179,216,179,216,DepthLow,DepthMid,DepthLow--DepthMid,5,0.14109103734790768,3.0041099958886477e-05,0.0005917715653088345
884,32938,105,284,105,284,DepthLow,DepthLow,DepthLow--DepthLow,10,0.514910917942518,3.0040409782084205e-05,0.0005917579697012443
885,53856,205,352,205,352,DepthLow,DepthMid,DepthLow--DepthMid,5,0.14100472618576004,3.003737486612384e-05,0.0005916981857062872
886,34075,110,141,110,141,DepthLow,DepthLow,DepthLow--DepthLow,3,0.11539196441306054,3.0036722940538534e-05,0.0005916853435991537
887,17635,52,86,52,86,DepthHigh,DepthHigh,DepthHigh--DepthHigh,10,0.3364161664244078,3.0036161746420018e-05,0.0005916742887868329
888,31967,101,355,101,355,DepthLow,DepthMid,DepthLow--DepthMid,2,0.09706171651814756,3.003203423935742e-05,0.0005915929821329953
889,56103,220,334,220,334,DepthHigh,DepthHigh,DepthHigh--DepthHigh,6,0.17547943717439235,3.0030094329323102e-05,0.000591554768365885
890,47796,171,259,171,259,DepthLow,DepthMid,DepthLow--DepthMid,3,0.11520189643118538,3.002890105255509e-05,0.0005915312623270975
891,27926,86,364,86,364,DepthHigh,DepthHigh,DepthHigh--DepthHigh,5,0.151237726096892,3.002370789589507e-05,0.0005914289637278518
892,59589,247,310,247,310,DepthLow,DepthHigh,DepthHigh--DepthLow,8,0.2147364638558146,3.0023561640302706e-05,0.0005914260826781916
893,31913,101,301,101,301,DepthLow,DepthHigh,DepthHigh--DepthLow,3,0.09992411760153251,3.002185883742989e-05,0.0005913925396214181
894,6145,17,111,17,111,DepthHigh,DepthLow,DepthHigh--DepthLow,3,0.11349908338615874,3.0016813423249874e-05,0.0005912931513616332
895,37291,123,146,123,146,DepthLow,DepthLow,DepthLow--DepthLow,2,0.07841250883943135,3.0012132405711422e-05,0.0005912009412534894
896,38762,129,192,129,192,DepthLow,DepthMid,DepthLow--DepthMid,2,0.08991558391047794,3.00079171324679e-05,0.0005911179057172095
897,31790,101,178,101,178,DepthLow,DepthLow,DepthLow--DepthLow,5,0.14496965476638454,3.0007101349340696e-05,0.0005911018358243361
898,1982,5,178,5,178,DepthHigh,DepthLow,DepthHigh--DepthLow,2,0.08776367753480915,2.999937009470001e-05,0.0005909495399141736
899,17951,53,91,53,91,DepthHigh,DepthLow,DepthHigh--DepthLow,2,0.07536234250529235,2.9999029449079987e-05,0.0005909428296275313
900,31440,99,355,99,355,DepthLow,DepthMid,DepthLow--DepthMid,3,0.11115680631798418,2.9994162623404426e-05,0.0005908469593347639
901,7791,22,37,22,37,DepthMid,DepthMid,DepthMid--DepthMid,10,0.34816123989360115,2.998040861063871e-05,0.0005905760227287546
902,30991,98,171,98,171,DepthLow,DepthLow,DepthLow--DepthLow,7,0.18106895843362142,2.9977911058199522e-05,0.0005905268241135774
903,53710,205,206,205,206,DepthLow,DepthLow,DepthLow--DepthLow,10,0.5946778425862325,2.997724299952919e-05,0.000590513664205132
904,18562,55,83,55,83,DepthHigh,DepthHigh,DepthHigh--DepthHigh,10,0.38893944313700846,2.997623646974836e-05,0.0005904938368451236
905,59274,244,349,244,349,DepthLow,DepthMid,DepthLow--DepthMid,10,0.3001820155076069,2.9969973583138256e-05,0.0005903704659226978
906,12521,36,84,36,84,DepthMid,DepthHigh,DepthHigh--DepthMid,7,0.18881445864992227,2.9967811305010335e-05,0.0005903278717861933
907,16453,48,158,48,158,DepthHigh,DepthHigh,DepthHigh--DepthHigh,6,0.16993645005820557,2.996754763180506e-05,0.0005903226777584903
908,8352,23,257,23,257,DepthHigh,DepthLow,DepthHigh--DepthLow,10,0.29021050797354003,2.9960996717126203e-05,0.0005901936330484425
909,10196,29,76,29,76,DepthMid,DepthMid,DepthMid--DepthMid,10,0.28946412799808513,2.9954356231581595e-05,0.0005900628239059503
910,60735,257,341,257,341,DepthLow,DepthHigh,DepthHigh--DepthLow,4,0.12749633518847098,2.99514869131265e-05,0.0005900063019718046
911,62481,275,332,275,332,DepthHigh,DepthMid,DepthHigh--DepthMid,10,0.35288434638989946,2.993789095444925e-05,0.0005897384788308637
912,42170,144,195,144,195,DepthLow,DepthMid,DepthLow--DepthMid,4,0.13229670501139149,2.9934718394450686e-05,0.0005896759834229406
913,33684,108,259,108,259,DepthLow,DepthMid,DepthLow--DepthMid,8,0.22418328762523865,2.9933979277182395e-05,0.0005896614237502455
914,19028,56,241,56,241,DepthHigh,DepthHigh,DepthHigh--DepthHigh,8,0.20877336337300997,2.9933527333561217e-05,0.0005896525210341498
915,31330,99,245,99,245,DepthLow,DepthLow,DepthLow--DepthLow,3,0.11722184811496852,2.9931626087782033e-05,0.0005896150689038242
916,25777,79,182,79,182,DepthMid,DepthLow,DepthLow--DepthMid,7,0.18658884130919176,2.9927946928885384e-05,0.0005895425941401747
917,39517,132,248,132,248,DepthLow,DepthHigh,DepthHigh--DepthLow,4,0.13709805373360107,2.9924595180000672e-05,0.0005894765689384763
918,63711,290,347,290,347,DepthHigh,DepthMid,DepthHigh--DepthMid,6,0.16948562527442,2.9917064350666304e-05,0.0005893282211526306
919,55894,219,269,219,269,DepthMid,DepthHigh,DepthHigh--DepthMid,8,0.2103067004022804,2.9916500890421425e-05,0.0005893171217004947
920,38392,127,293,127,293,DepthLow,DepthLow,DepthLow--DepthLow,8,0.2136767567654875,2.9916111481931714e-05,0.0005893094508471699
921,38072,126,210,126,210,DepthLow,DepthMid,DepthLow--DepthMid,4,0.12593832344498992,2.991566300734009e-05,0.0005893006164665564
922,61492,265,278,265,278,DepthMid,DepthMid,DepthMid--DepthMid,10,0.5012321722539516,2.9914806886346894e-05,0.0005892837519688871
923,52725,198,355,198,355,DepthLow,DepthMid,DepthLow--DepthMid,3,0.10709556900968302,2.9909164609993724e-05,0.0005891726062813461
924,23756,72,177,72,177,DepthMid,DepthMid,DepthMid--DepthMid,9,0.26015451897047237,2.990550536501965e-05,0.0005891005237967127
925,32421,103,286,103,286,DepthLow,DepthLow,DepthLow--DepthLow,10,0.2768831972313407,2.9904414528770383e-05,0.0005890790357062097
926,46349,164,184,164,184,DepthLow,DepthLow,DepthLow--DepthLow,7,0.20027542118020372,2.9900600274340503e-05,0.0005890038997319097
927,65882,331,345,331,345,DepthMid,DepthMid,DepthMid--DepthMid,8,0.22378840322323473,2.9893777668460613e-05,0.0005888695030498124
928,38486,128,151,128,151,DepthLow,DepthMid,DepthLow--DepthMid,10,0.28403145000765373,2.9891379814533966e-05,0.0005888222683688754
929,23391,71,104,71,104,DepthMid,DepthLow,DepthLow--DepthMid,3,0.11816135299858774,2.9884587196586064e-05,0.0005886884624110018
930,14841,43,136,43,136,DepthMid,DepthLow,DepthLow--DepthMid,9,0.24102518686022925,2.9875534073754877e-05,0.0005885101273741331
931,65634,324,349,324,349,DepthMid,DepthMid,DepthMid--DepthMid,5,0.14694034470845066,2.9875483478449175e-05,0.0005885091307107855
932,46548,165,184,165,184,DepthLow,DepthLow,DepthLow--DepthLow,8,0.21362256000214408,2.9875289839339464e-05,0.0005885053162659344
933,45375,159,220,159,220,DepthHigh,DepthHigh,DepthHigh--DepthHigh,2,0.07807613479487267,2.9874627091981528e-05,0.0005884922609836063
934,66346,351,359,351,359,DepthMid,DepthHigh,DepthHigh--DepthMid,5,0.1464691140606756,2.9869315565963837e-05,0.0005883876306581532
935,38121,126,259,126,259,DepthLow,DepthMid,DepthLow--DepthMid,8,0.22311042364158676,2.9865486832923905e-05,0.0005883122094735996
936,56977,227,228,227,228,DepthMid,DepthMid,DepthMid--DepthMid,10,0.8724398272611747,2.986517913313825e-05,0.0005883061481781061
937,20501,61,189,61,189,DepthHigh,DepthLow,DepthHigh--DepthLow,9,0.23302845167080938,2.9863013491704856e-05,0.0005882634877887498
938,36688,120,269,120,269,DepthLow,DepthHigh,DepthHigh--DepthLow,7,0.19709958602959646,2.9852669048665405e-05,0.0005880597153816781
939,16568,48,273,48,273,DepthHigh,DepthHigh,DepthHigh--DepthHigh,6,0.17589993998792494,2.9849799800979435e-05,0.0005880031948415944
940,43948,152,249,152,249,DepthLow,DepthHigh,DepthHigh--DepthLow,6,0.16024920642762727,2.9833683439780172e-05,0.0005876857229678273
941,46149,163,184,163,184,DepthLow,DepthLow,DepthLow--DepthLow,8,0.2123093738404123,2.9833464611770474e-05,0.0005876814123335959
942,62416,274,356,274,356,DepthHigh,DepthMid,DepthHigh--DepthMid,9,0.2320933611096965,2.9832212585018743e-05,0.0005876567489946471
943,3522,9,292,9,292,DepthHigh,DepthHigh,DepthHigh--DepthHigh,3,0.11993327910366385,2.9831732439565392e-05,0.0005876472907382286
944,15369,44,344,44,344,DepthMid,DepthHigh,DepthHigh--DepthMid,7,0.18792560641246292,2.982318495016763e-05,0.0005874789160386571
945,34132,110,198,110,198,DepthLow,DepthLow,DepthLow--DepthLow,4,0.1222082094855521,2.982012796929001e-05,0.0005874186973928171
946,22148,66,336,66,336,DepthMid,DepthHigh,DepthHigh--DepthMid,3,0.10654425659511134,2.982008587967751e-05,0.000587417868280837
947,36297,119,122,119,122,DepthLow,DepthLow,DepthLow--DepthLow,10,0.5317347752024016,2.9819310191915472e-05,0.0005874025882158007
948,38798,129,228,129,228,DepthLow,DepthMid,DepthLow--DepthMid,7,0.1995653420081803,2.9815246477465464e-05,0.0005873225381955172
949,32590,104,195,104,195,DepthLow,DepthMid,DepthLow--DepthMid,2,0.08865609566108608,2.9811631043834124e-05,0.0005872513187387657
950,23432,71,145,71,145,DepthMid,DepthLow,DepthLow--DepthMid,9,0.26676415845302104,2.981035316866313e-05,0.0005872261462187434
951,6831,19,106,19,106,DepthMid,DepthLow,DepthLow--DepthMid,6,0.1780287685216229,2.9808927335663815e-05,0.0005871980591171716
952,46096,162,332,162,332,DepthHigh,DepthMid,DepthHigh--DepthMid,8,0.20350011009963648,2.980326929705523e-05,0.0005870866029331916
953,32500,104,105,104,105,DepthLow,DepthLow,DepthLow--DepthLow,10,0.28075925807176827,2.979615295641583e-05,0.0005869464200489026
954,20550,61,238,61,238,DepthHigh,DepthMid,DepthHigh--DepthMid,6,0.17494748766798793,2.9792060487486055e-05,0.0005868658036018396
955,18211,53,351,53,351,DepthHigh,DepthMid,DepthHigh--DepthMid,6,0.17024994090029236,2.978798051950051e-05,0.0005867854334075218
956,17331,51,94,51,94,DepthHigh,DepthLow,DepthHigh--DepthLow,4,0.1283039895995374,2.9787423789704455e-05,0.000586774466536691
957,6978,19,253,19,253,DepthMid,DepthLow,DepthLow--DepthMid,4,0.12546800295805413,2.9782603719564335e-05,0.0005866795172686675
958,14288,41,226,41,226,DepthMid,DepthMid,DepthMid--DepthMid,10,0.2986232870786226,2.978201714577972e-05,0.0005866679625091158
959,33291,107,122,107,122,DepthLow,DepthLow,DepthLow--DepthLow,10,0.4685537566121205,2.9777937733698265e-05,0.0005865876032654035
960,17585,51,348,51,348,DepthHigh,DepthMid,DepthHigh--DepthMid,7,0.1821660680567666,2.977741040009349e-05,0.000586577215462255
961,31134,98,314,98,314,DepthLow,DepthMid,DepthLow--DepthMid,9,0.23507102786352585,2.9772771006326792e-05,0.0005864858252896195
962,48287,174,177,174,177,DepthMid,DepthMid,DepthMid--DepthMid,10,0.5881259316597978,2.9771871538436513e-05,0.0005864681069130586
963,43530,150,256,150,256,DepthMid,DepthLow,DepthLow--DepthMid,8,0.2174893070471998,2.9767412836612773e-05,0.0005863802761425113
964,57695,232,276,232,276,DepthMid,DepthHigh,DepthHigh--DepthMid,6,0.17457067882154725,2.9767210105525403e-05,0.0005863762825972325
965,24221,73,351,73,351,DepthMid,DepthMid,DepthMid--DepthMid,8,0.21912400375654814,2.9767049762422364e-05,0.0005863731240414805
966,57889,233,339,233,339,DepthMid,DepthHigh,DepthHigh--DepthMid,5,0.1467503447291027,2.976539808490675e-05,0.0005863405880893969
967,41239,140,150,140,150,DepthLow,DepthMid,DepthLow--DepthMid,9,0.2403499554350031,2.9761295203486515e-05,0.0005862597665294789
968,64016,295,297,295,297,DepthHigh,DepthHigh,DepthHigh--DepthHigh,10,0.591747538513591,2.975980636364516e-05,0.0005862304382730363
969,18539,55,60,55,60,DepthHigh,DepthHigh,DepthHigh--DepthHigh,10,0.7875409388780312,2.974651197302249e-05,0.0005859685556402641
970,24146,73,276,73,276,DepthMid,DepthHigh,DepthHigh--DepthMid,5,0.14672959893931878,2.9745888633271803e-05,0.0005859562766378145
971,42441,145,247,145,247,DepthLow,DepthLow,DepthLow--DepthLow,7,0.18955400390460964,2.9739525399590775e-05,0.000585830929005371
972,43943,152,244,152,244,DepthLow,DepthLow,DepthLow--DepthLow,7,0.18929965940013188,2.973627481553379e-05,0.0005857668966224621
973,51229,190,215,190,215,DepthMid,DepthMid,DepthMid--DepthMid,6,0.1675705630537801,2.9735438929543827e-05,0.0005857504307286907
974,31758,101,146,101,146,DepthLow,DepthLow,DepthLow--DepthLow,5,0.14985590256487524,2.971569924151899e-05,0.0005853615839122575
975,57216,228,331,228,331,DepthMid,DepthMid,DepthMid--DepthMid,10,0.6124066356368456,2.971352435296381e-05,0.000585318741366331
976,20036,59,331,59,331,DepthHigh,DepthMid,DepthHigh--DepthMid,9,0.2527731752292992,2.9713348266453065e-05,0.0005853152726854159
977,34403,111,216,111,216,DepthLow,DepthMid,DepthLow--DepthMid,3,0.11256725566852852,2.970992716558806e-05,0.0005852478813376711
978,66298,348,353,348,353,DepthMid,DepthHigh,DepthHigh--DepthMid,9,0.242254847893728,2.9708452875756686e-05,0.0005852188396979701
979,22484,68,79,68,79,DepthMid,DepthMid,DepthMid--DepthMid,10,0.3421205770654057,2.9705922925316088e-05,0.0005851690028832584
980,50817,187,328,187,328,DepthLow,DepthLow,DepthLow--DepthLow,9,0.2688395826327443,2.9699779522852736e-05,0.0005850479856469709
981,34773,112,334,112,334,DepthLow,DepthHigh,DepthHigh--DepthLow,10,0.3495315749040537,2.969596615483148e-05,0.0005849728671337964
982,41269,140,180,140,180,DepthLow,DepthMid,DepthLow--DepthMid,10,0.3372747050201546,2.9679503551968574e-05,0.0005846485747384257
983,7698,21,286,21,286,DepthMid,DepthLow,DepthLow--DepthMid,8,0.20489318074417542,2.9676013970154445e-05,0.0005845798344028439
984,10201,29,81,29,81,DepthMid,DepthHigh,DepthHigh--DepthMid,7,0.1795273204127944,2.9672023497087373e-05,0.0005845012271449054
985,24133,73,263,73,263,DepthMid,DepthMid,DepthMid--DepthMid,1,0.06947010095971279,2.9671018879226203e-05,0.0005844814374472893
986,41336,140,247,140,247,DepthLow,DepthLow,DepthLow--DepthLow,8,0.21860510940740577,2.966688216394518e-05,0.0005843999494032284
987,44274,153,364,153,364,DepthHigh,DepthHigh,DepthHigh--DepthHigh,4,0.131634164742744,2.9657515633627434e-05,0.0005842154406363979
988,64663,305,309,305,309,DepthMid,DepthHigh,DepthHigh--DepthMid,5,0.14999293432997685,2.965107909360768e-05,0.0005840886489620626
989,44402,154,282,154,282,DepthHigh,DepthHigh,DepthHigh--DepthHigh,8,0.2108402066374147,2.9646509535489594e-05,0.0005839986344631258
990,25821,79,226,79,226,DepthMid,DepthMid,DepthMid--DepthMid,10,0.27141397059819294,2.964170663706411e-05,0.0005839040234561001
991,7266,20,197,20,197,DepthMid,DepthMid,DepthMid--DepthMid,5,0.1533258445527903,2.9623958768287836e-05,0.0005835544129524566
992,25962,80,83,80,83,DepthHigh,DepthHigh,DepthHigh--DepthHigh,10,0.7314988893679719,2.9622176342372855e-05,0.0005835193014227457
993,31372,99,287,99,287,DepthLow,DepthHigh,DepthHigh--DepthLow,2,0.08839236412950918,2.9619817933549005e-05,0.000583472843760302
994,48969,177,295,177,295,DepthMid,DepthHigh,DepthHigh--DepthMid,7,0.1968236642238037,2.961941367034682e-05,0.000583464880287983
995,35634,116,197,116,197,DepthLow,DepthMid,DepthLow--DepthMid,7,0.189690436804054,2.9618174306332795e-05,0.0005834404663889058
996,14106,41,44,41,44,DepthMid,DepthMid,DepthMid--DepthMid,10,0.6448036703593328,2.9613892143188676e-05,0.0005833561132064267
997,56017,220,248,220,248,DepthHigh,DepthHigh,DepthHigh--DepthHigh,8,0.21060191131911937,2.960764645589841e-05,0.0005832330810887862
998,23346,70,352,70,352,DepthHigh,DepthMid,DepthHigh--DepthMid,9,0.24433092920252308,2.9604133507234276e-05,0.0005831638804558977
999,45671,160,312,160,312,DepthLow,DepthMid,DepthLow--DepthMid,8,0.2116051758117018,2.9599798495491687e-05,0.0005830784862230615
1000,43974,152,275,152,275,DepthLow,DepthHigh,DepthHigh--DepthLow,5,0.1553160946695878,2.9599056729551296e-05,0.0005830638743748855
1001,45693,160,334,160,334,DepthLow,DepthHigh,DepthHigh--DepthLow,10,0.3512530387921293,2.95990152883662e-05,0.0005830630580361028
1002,31704,100,355,100,355,DepthLow,DepthMid,DepthLow--DepthMid,2,0.07693022723122304,2.9598658295842466e-05,0.0005830560257361916
1003,31495,100,146,100,146,DepthLow,DepthLow,DepthLow--DepthLow,6,0.16337084657346496,2.9598162477683238e-05,0.0005830462587473464
1004,56031,220,262,220,262,DepthHigh,DepthMid,DepthHigh--DepthMid,2,0.08286234277998139,2.9593047996882757e-05,0.0005829455099627418
1005,23345,70,351,70,351,DepthHigh,DepthMid,DepthHigh--DepthMid,8,0.21718349736671813,2.9587429644522454e-05,0.0005828348355475152
1006,34688,112,249,112,249,DepthLow,DepthHigh,DepthHigh--DepthLow,10,0.3336149862935896,2.9585087671700675e-05,0.000582788701653465
1007,31593,100,244,100,244,DepthLow,DepthLow,DepthLow--DepthLow,4,0.12332619247519536,2.9583627989744995e-05,0.0005827599477703866
1008,9626,27,177,27,177,DepthMid,DepthMid,DepthMid--DepthMid,8,0.20257284078777252,2.9582321676877778e-05,0.0005827342150638188
1009,59706,248,311,248,311,DepthHigh,DepthMid,DepthHigh--DepthMid,10,0.28564272472107793,2.9582061923887864e-05,0.000582729098259386
1010,36640,120,221,120,221,DepthLow,DepthMid,DepthLow--DepthMid,8,0.21912810282739667,2.9581290023576742e-05,0.0005827138928023288
1011,20282,60,273,60,273,DepthHigh,DepthHigh,DepthHigh--DepthHigh,8,0.22668804203820264,2.9578755783821876e-05,0.0005826639714935666
1012,8065,22,311,22,311,DepthMid,DepthMid,DepthMid--DepthMid,10,0.27660521392889187,2.957166532242866e-05,0.0005825242983976025
1013,27739,86,177,86,177,DepthHigh,DepthMid,DepthHigh--DepthMid,9,0.22886208325994642,2.9552157797059444e-05,0.0005821400248910118
1014,29085,91,148,91,148,DepthLow,DepthMid,DepthLow--DepthMid,2,0.08600715064906468,2.9544631380338972e-05,0.0005819917640280628
1015,42853,147,224,147,224,DepthLow,DepthLow,DepthLow--DepthLow,5,0.14119514391774746,2.9534561764254213e-05,0.0005817934053634103
1016,9369,26,257,26,257,DepthHigh,DepthLow,DepthHigh--DepthLow,10,0.27714654391234395,2.9533233983701724e-05,0.0005817672497706721
1017,22472,67,363,67,363,DepthMid,DepthMid,DepthMid--DepthMid,8,0.21917051485921685,2.9526186254231735e-05,0.0005816284184393947
1018,61578,265,364,265,364,DepthMid,DepthHigh,DepthHigh--DepthMid,3,0.10908563610345194,2.9520355571635356e-05,0.0005815135613878354
1019,10394,29,274,29,274,DepthMid,DepthHigh,DepthHigh--DepthMid,5,0.15853355738373606,2.9514019625301153e-05,0.0005813887512815132
1020,25913,79,318,79,318,DepthMid,DepthHigh,DepthHigh--DepthMid,7,0.18101765614186408,2.951348196832105e-05,0.0005813781601209648
1021,65923,332,354,332,354,DepthMid,DepthMid,DepthMid--DepthMid,10,0.3672440633691529,2.9512722911486672e-05,0.0005813632076641089
1022,35214,114,274,114,274,DepthLow,DepthHigh,DepthHigh--DepthLow,6,0.16634607820076058,2.950097819065674e-05,0.0005811318515606654
1023,56514,223,319,223,319,DepthLow,DepthHigh,DepthHigh--DepthLow,2,0.08878673910402383,2.9500894460319402e-05,0.0005811302021792227
1024,5110,14,120,14,120,DepthHigh,DepthLow,DepthHigh--DepthLow,8,0.21561395678654013,2.949763339997335e-05,0.0005810659634267073
1025,58683,240,244,240,244,DepthHigh,DepthLow,DepthHigh--DepthLow,7,0.18211652464053163,2.9493104175634696e-05,0.0005809767434520663
1026,53725,205,221,205,221,DepthLow,DepthMid,DepthLow--DepthMid,3,0.11584128662381077,2.948818705361177e-05,0.0005808798823850513
1027,32558,104,163,104,163,DepthLow,DepthLow,DepthLow--DepthLow,9,0.26557570639850375,2.9480835044528766e-05,0.0005807350571313433
1028,36759,120,340,120,340,DepthLow,DepthMid,DepthLow--DepthMid,10,0.3132029457997959,2.948006358497555e-05,0.0005807198603566578
1029,56821,225,347,225,347,DepthHigh,DepthMid,DepthHigh--DepthMid,3,0.10992573157026074,2.9464729226403987e-05,0.0005804177929427709
1030,48830,176,343,176,343,DepthMid,DepthHigh,DepthHigh--DepthMid,6,0.1653699151249787,2.9464165856112167e-05,0.0005804066952625962
1031,49269,179,224,179,224,DepthLow,DepthLow,DepthLow--DepthLow,2,0.08018738316573326,2.9463829299191935e-05,0.0005804000655181536
1032,38714,129,144,129,144,DepthLow,DepthLow,DepthLow--DepthLow,7,0.19749642571745918,2.9463781106310216e-05,0.0005803991161795112
1033,31446,99,361,99,361,DepthLow,DepthHigh,DepthHigh--DepthLow,2,0.0909851991224149,2.946318773261348e-05,0.0005803874274703158
1034,6755,19,30,19,30,DepthMid,DepthHigh,DepthHigh--DepthMid,5,0.14936872770757634,2.945926495664996e-05,0.0005803101537594508
1035,55837,218,357,218,357,DepthHigh,DepthMid,DepthHigh--DepthMid,3,0.11837171780148834,2.944961468411616e-05,0.0005801200556308603
1036,32809,105,155,105,155,DepthLow,DepthMid,DepthLow--DepthMid,5,0.1583296437563786,2.9448351754825408e-05,0.0005800951775257215
1037,43716,151,229,151,229,DepthMid,DepthMid,DepthMid--DepthMid,10,0.27925114200951257,2.94449562603869e-05,0.0005800282905920998
1038,7646,21,234,21,234,DepthMid,DepthLow,DepthLow--DepthMid,8,0.21267273188543595,2.9443484811418156e-05,0.0005799993049137892
1039,31740,101,128,101,128,DepthLow,DepthLow,DepthLow--DepthLow,4,0.13951527036432151,2.9441621808513602e-05,0.0005799626061195869
1040,19673,58,273,58,273,DepthHigh,DepthHigh,DepthHigh--DepthHigh,6,0.16367231638066324,2.943816695242681e-05,0.0005798945498367877
1041,55812,218,332,218,332,DepthHigh,DepthMid,DepthHigh--DepthMid,7,0.1914566058234137,2.9436372331028917e-05,0.0005798591980715321
1042,56676,224,341,224,341,DepthLow,DepthHigh,DepthHigh--DepthLow,5,0.14910130808510466,2.9432454694650755e-05,0.0005797820256039797
1043,16850,49,240,49,240,DepthHigh,DepthHigh,DepthHigh--DepthHigh,10,0.4524717500029756,2.9429216332809806e-05,0.0005797182339832242
1044,5007,14,17,14,17,DepthHigh,DepthHigh,DepthHigh--DepthHigh,4,0.13678707705055246,2.942776908604457e-05,0.0005796897250576248
1045,7734,21,322,21,322,DepthMid,DepthLow,DepthLow--DepthMid,2,0.09496267673844858,2.9427038301582708e-05,0.0005796753295306471
1046,58713,240,274,240,274,DepthHigh,DepthHigh,DepthHigh--DepthHigh,5,0.15363824561658398,2.9426095044991086e-05,0.000579656748572211
1047,42725,146,313,146,313,DepthLow,DepthHigh,DepthHigh--DepthLow,4,0.13948129293969358,2.9424879999604272e-05,0.0005796328137192442
1048,49483,180,254,180,254,DepthMid,DepthLow,DepthLow--DepthMid,6,0.16576390152144246,2.942344036034297e-05,0.000579604454651823
1049,66140,340,351,340,351,DepthMid,DepthMid,DepthMid--DepthMid,7,0.2003344285109385,2.9418211714241213e-05,0.0005795014569555895
1050,30725,97,171,97,171,DepthLow,DepthLow,DepthLow--DepthLow,6,0.1737265977283603,2.9415857870926107e-05,0.0005794550892278772
1051,12939,37,175,37,175,DepthMid,DepthMid,DepthMid--DepthMid,7,0.18776861212805884,2.9414229455938662e-05,0.0005794230115180926
1052,24812,75,363,75,363,DepthMid,DepthMid,DepthMid--DepthMid,6,0.16485551316062566,2.9413685050750597e-05,0.0005794122874264067
1053,44701,156,164,156,164,DepthLow,DepthLow,DepthLow--DepthLow,4,0.12635279590906506,2.9409702956206047e-05,0.0005793338452147347
1054,44789,156,252,156,252,DepthLow,DepthLow,DepthLow--DepthLow,2,0.0996140476347758,2.9408175649365706e-05,0.0005793037592072033
1055,23730,72,151,72,151,DepthMid,DepthMid,DepthMid--DepthMid,9,0.24473133268889563,2.940678827055386e-05,0.0005792764296043497
1056,48706,176,219,176,219,DepthMid,DepthMid,DepthMid--DepthMid,8,0.22685565794685378,2.940611944092525e-05,0.0005792632545090039
1057,56478,223,283,223,283,DepthLow,DepthLow,DepthLow--DepthLow,8,0.21124273955265518,2.9402116442327556e-05,0.0005791844005139995
1058,41791,142,257,142,257,DepthLow,DepthLow,DepthLow--DepthLow,10,0.376930567733372,2.939739363631301e-05,0.0005790913672258808
1059,56124,220,355,220,355,DepthHigh,DepthMid,DepthHigh--DepthMid,2,0.09622332586969747,2.9395511736759957e-05,0.0005790542961916714
1060,37316,123,171,123,171,DepthLow,DepthLow,DepthLow--DepthLow,8,0.21738850741609947,2.9389916016391417e-05,0.0005789440675979763
1061,48550,175,251,175,251,DepthMid,DepthLow,DepthLow--DepthMid,10,0.2760478445922685,2.9387678374953665e-05,0.0005788999888998584
1062,26963,83,238,83,238,DepthHigh,DepthMid,DepthHigh--DepthMid,7,0.18491403620249403,2.938359009696578e-05,0.0005788194550090348
1063,26726,82,282,82,282,DepthHigh,DepthHigh,DepthHigh--DepthHigh,9,0.22906359219385097,2.9383493548598803e-05,0.0005788175531286665
1064,16663,49,53,49,53,DepthHigh,DepthHigh,DepthHigh--DepthHigh,10,0.4914338932029047,2.9383373441640726e-05,0.0005788151871739351
1065,52072,195,203,195,203,DepthMid,DepthLow,DepthLow--DepthMid,4,0.1386806449719618,2.9379819220125904e-05,0.0005787451735182381
1066,2866,7,347,7,347,DepthHigh,DepthMid,DepthHigh--DepthMid,2,0.08675441470926358,2.9379570727563206e-05,0.0005787402785299388
1067,55962,219,337,219,337,DepthMid,DepthHigh,DepthHigh--DepthMid,8,0.2090389999950947,2.9376674298532017e-05,0.0005786832225518309
1068,26788,82,344,82,344,DepthHigh,DepthHigh,DepthHigh--DepthHigh,5,0.14399779624787631,2.9368456991950843e-05,0.0005785213520349451
1069,17939,53,79,53,79,DepthHigh,DepthMid,DepthHigh--DepthMid,9,0.2454233872602306,2.9363759390021172e-05,0.0005784288152353297
1070,4883,13,243,13,243,DepthMid,DepthLow,DepthLow--DepthMid,8,0.2185655443910011,2.9361356794051622e-05,0.0005783814871421623
1071,23543,71,256,71,256,DepthMid,DepthLow,DepthLow--DepthMid,10,0.2912196998335367,2.9359216209737584e-05,0.0005783393203462751
1072,34240,110,306,110,306,DepthLow,DepthHigh,DepthHigh--DepthLow,3,0.11674725665935393,2.9343437910792626e-05,0.0005780285078701225
1073,61949,269,349,269,349,DepthHigh,DepthMid,DepthHigh--DepthMid,9,0.23294338551283403,2.934231908076632e-05,0.000578006468337719
1074,62043,270,349,270,349,DepthHigh,DepthMid,DepthHigh--DepthMid,6,0.17222782219577595,2.934165240943505e-05,0.0005779933357580934
1075,62230,272,351,272,351,DepthHigh,DepthMid,DepthHigh--DepthMid,5,0.15180191823755182,2.9340912563256058e-05,0.000577978761726782
1076,62946,281,284,281,284,DepthLow,DepthLow,DepthLow--DepthLow,9,0.26627961674500084,2.933560303443975e-05,0.0005778741707436628
1077,54649,211,212,211,212,DepthLow,DepthLow,DepthLow--DepthLow,10,0.5131303543827905,2.9330982111620916e-05,0.0005777831444252719
1078,61755,267,346,267,346,DepthHigh,DepthMid,DepthHigh--DepthMid,8,0.2129341349087151,2.9326739737297293e-05,0.0005776995750320888
1079,14027,40,288,40,288,DepthMid,DepthHigh,DepthHigh--DepthMid,5,0.14387647272380252,2.9325052710800444e-05,0.0005776663427499113
1080,52090,195,221,195,221,DepthMid,DepthMid,DepthMid--DepthMid,3,0.1101364133994203,2.93238144173503e-05,0.0005776419499395845
1081,9014,25,240,25,240,DepthHigh,DepthHigh,DepthHigh--DepthHigh,6,0.1751758436116615,2.932244109803605e-05,0.0005776148972910006
1082,33640,108,215,108,215,DepthLow,DepthMid,DepthLow--DepthMid,4,0.1383861532839571,2.9322359907126808e-05,0.0005776132979330704
1083,26832,83,107,83,107,DepthHigh,DepthLow,DepthHigh--DepthLow,4,0.13310640733794268,2.9321228064005665e-05,0.0005775910020592043
1084,25146,77,122,77,122,DepthMid,DepthLow,DepthLow--DepthMid,7,0.18265032032123352,2.93203034242719e-05,0.0005775727878292545
1085,42595,146,183,146,183,DepthLow,DepthMid,DepthLow--DepthMid,4,0.12702197176794827,2.9317922459326146e-05,0.0005775258858398192
1086,1097,3,12,3,12,DepthHigh,DepthHigh,DepthHigh--DepthHigh,4,0.12570859684691205,2.931408750201364e-05,0.0005774503420449908
1087,33326,107,157,107,157,DepthLow,DepthMid,DepthLow--DepthMid,7,0.18315643395537173,2.9313391962870217e-05,0.0005774366408060814
1088,36972,121,310,121,310,DepthLow,DepthHigh,DepthHigh--DepthLow,10,0.27098780577547915,2.9312019069813352e-05,0.0005774095965542273
1089,31231,99,146,99,146,DepthLow,DepthLow,DepthLow--DepthLow,5,0.1455094419845205,2.9311469465236682e-05,0.0005773987700411808
1090,36659,120,240,120,240,DepthLow,DepthHigh,DepthHigh--DepthLow,10,0.35313292779318806,2.9302674430011626e-05,0.0005772255190027967
1091,33880,109,200,109,200,DepthLow,DepthLow,DepthLow--DepthLow,5,0.14592370893128545,2.930193848316786e-05,0.0005772110217834433
1092,31708,100,359,100,359,DepthLow,DepthHigh,DepthHigh--DepthLow,2,0.0809314448112027,2.9301762245686156e-05,0.0005772075501285919
1093,62066,271,279,271,279,DepthHigh,DepthHigh,DepthHigh--DepthHigh,10,0.3151299799509598,2.9299262931676857e-05,0.0005771583168127178
1094,44431,154,311,154,311,DepthHigh,DepthMid,DepthHigh--DepthMid,7,0.1858372651812205,2.9294608104283424e-05,0.0005770666226172116
1095,60608,256,321,256,321,DepthLow,DepthHigh,DepthHigh--DepthLow,9,0.25941651684748296,2.9294247738448318e-05,0.000577059523867345
1096,66378,354,358,354,358,DepthMid,DepthMid,DepthMid--DepthMid,10,0.6515543989848356,2.9292476665597896e-05,0.0005770246359786057
1097,7983,22,229,22,229,DepthMid,DepthMid,DepthMid--DepthMid,10,0.295827299457539,2.928511707710344e-05,0.0005768796614201057
1098,31261,99,176,99,176,DepthLow,DepthMid,DepthLow--DepthMid,7,0.1810691764705982,2.9283537932472367e-05,0.0005768485542738476
1099,26795,82,351,82,351,DepthHigh,DepthMid,DepthHigh--DepthMid,8,0.2090253267416967,2.928226661682039e-05,0.0005768235109680298
1100,60089,251,352,251,352,DepthLow,DepthMid,DepthLow--DepthMid,9,0.25075854421939847,2.9279921485657282e-05,0.0005767773148586614
1101,58429,238,239,238,239,DepthMid,DepthHigh,DepthHigh--DepthMid,10,0.7375584795714969,2.9278440268228094e-05,0.0005767481367540703
1102,22216,67,107,67,107,DepthMid,DepthLow,DepthLow--DepthMid,4,0.13236778823424789,2.9262781550529865e-05,0.0005764396798768024
1103,66240,345,346,345,346,DepthMid,DepthMid,DepthMid--DepthMid,10,0.42381202301783255,2.925088810734959e-05,0.0005762053941316954
1104,47313,168,358,168,358,DepthLow,DepthMid,DepthLow--DepthMid,8,0.20977111346324115,2.924318202833497e-05,0.0005760535941494338
1105,7525,21,113,21,113,DepthMid,DepthLow,DepthLow--DepthMid,5,0.1576125769806952,2.9237275748447654e-05,0.00057593724792713
1106,33650,108,225,108,225,DepthLow,DepthHigh,DepthHigh--DepthLow,6,0.16009804691503404,2.9236322357814266e-05,0.000575918467340925
1107,16185,47,206,47,206,DepthHigh,DepthLow,DepthHigh--DepthLow,6,0.16902731730284984,2.92292623121297e-05,0.0005757793933958423
1108,58057,235,248,235,248,DepthHigh,DepthHigh,DepthHigh--DepthHigh,9,0.2394083625292974,2.9227432280730932e-05,0.0005757433440984831
1109,51631,192,272,192,272,DepthMid,DepthHigh,DepthHigh--DepthMid,1,0.051673847833708014,2.9222726863961617e-05,0.0005756506533564391
1110,21405,64,190,64,190,DepthMid,DepthMid,DepthMid--DepthMid,3,0.11243363921075389,2.9219047222219342e-05,0.0005755781690813432
1111,59615,247,336,247,336,DepthLow,DepthHigh,DepthHigh--DepthLow,9,0.23850207839676302,2.9218142360500094e-05,0.0005755603444531931
1112,60315,253,355,253,355,DepthLow,DepthMid,DepthLow--DepthMid,1,0.06808159071281125,2.9214071701830876e-05,0.0005754801576405991
1113,22774,69,74,69,74,DepthMid,DepthMid,DepthMid--DepthMid,10,0.5793242328554344,2.9211999232719614e-05,0.0005754393326278098
1114,61531,265,317,265,317,DepthMid,DepthMid,DepthMid--DepthMid,5,0.1446823236949525,2.9211418833358744e-05,0.0005754278994965744
1115,25965,80,86,80,86,DepthHigh,DepthHigh,DepthHigh--DepthHigh,10,0.34143289584684555,2.9208069878081327e-05,0.0005753619293253963
1116,4955,13,315,13,315,DepthMid,DepthMid,DepthMid--DepthMid,7,0.1931860236295618,2.9207317683234465e-05,0.0005753471120409908
1117,23480,71,193,71,193,DepthMid,DepthMid,DepthMid--DepthMid,7,0.20061948397188317,2.920718171761173e-05,0.0005753444336906806
1118,6341,17,307,17,307,DepthHigh,DepthHigh,DepthHigh--DepthHigh,9,0.24944795526595495,2.9200184255000544e-05,0.0005752065925527636
1119,7768,21,356,21,356,DepthMid,DepthMid,DepthMid--DepthMid,9,0.2328401970268825,2.9196183939127814e-05,0.0005751277914040382
1120,51519,191,332,191,332,DepthMid,DepthMid,DepthMid--DepthMid,1,0.06929421060117277,2.9195203605797977e-05,0.000575108480080887
1121,31205,99,120,99,120,DepthLow,DepthLow,DepthLow--DepthLow,10,0.31097707120621926,2.9192507341263057e-05,0.0005750553670894686
1122,33195,106,283,106,283,DepthLow,DepthLow,DepthLow--DepthLow,10,0.5070019732455743,2.9192490510230413e-05,0.0005750550355394738
1123,32507,104,112,104,112,DepthLow,DepthLow,DepthLow--DepthLow,9,0.2534595184193564,2.918806147751881e-05,0.0005749677892128035
1124,64709,305,355,305,355,DepthMid,DepthMid,DepthMid--DepthMid,3,0.10296322914584644,2.9186306405539702e-05,0.0005749332165209338
1125,13703,39,288,39,288,DepthMid,DepthHigh,DepthHigh--DepthMid,6,0.16386222028537106,2.9185323605965317e-05,0.0005749138566158932
1126,44224,153,314,153,314,DepthHigh,DepthMid,DepthHigh--DepthMid,9,0.23430367152550258,2.9183836844104434e-05,0.0005748845692930302
1127,61319,263,304,263,304,DepthMid,DepthHigh,DepthHigh--DepthMid,8,0.20915713368774436,2.9183569395785257e-05,0.0005748793009003716
1128,38761,129,191,129,191,DepthLow,DepthMid,DepthLow--DepthMid,1,0.07138914637477799,2.9175746209121184e-05,0.0005747251940459542
1129,60326,254,256,254,256,DepthLow,DepthLow,DepthLow--DepthLow,10,0.7548456693625101,2.917503130576569e-05,0.0005747111113566284
1130,19181,57,87,57,87,DepthHigh,DepthMid,DepthHigh--DepthMid,6,0.15962308925818763,2.9172003685431058e-05,0.0005746514710762447
1131,16683,49,73,49,73,DepthHigh,DepthMid,DepthHigh--DepthMid,9,0.23278042184824574,2.9162571775165903e-05,0.0005744656744073776
1132,35517,115,328,115,328,DepthLow,DepthLow,DepthLow--DepthLow,10,0.286623673257041,2.9158695343406343e-05,0.000574389313618548
1133,59714,248,319,248,319,DepthHigh,DepthHigh,DepthHigh--DepthHigh,1,0.018052609643972845,2.915804400283632e-05,0.0005743764830354735
1134,47821,171,284,171,284,DepthLow,DepthLow,DepthLow--DepthLow,8,0.21274462433326335,2.9150425631655626e-05,0.0005742264107862925
1135,1452,4,7,4,7,DepthHigh,DepthHigh,DepthHigh--DepthHigh,5,0.156383563095802,2.9149494880773495e-05,0.0005742080761744712
1136,41068,139,203,139,203,DepthLow,DepthLow,DepthLow--DepthLow,5,0.14635420399279547,2.914395691089379e-05,0.0005740989851921559
1137,63236,284,331,284,331,DepthLow,DepthMid,DepthLow--DepthMid,7,0.1900614888767177,2.9143019833354934e-05,0.0005740805259532219
1138,24863,76,126,76,126,DepthMid,DepthLow,DepthLow--DepthMid,3,0.11668490207152972,2.9139724908701314e-05,0.0005740156201168006
1139,28206,88,91,88,91,DepthLow,DepthLow,DepthLow--DepthLow,10,0.8455463570630873,2.913281068021989e-05,0.0005738794185856664
1140,62415,274,355,274,355,DepthHigh,DepthMid,DepthHigh--DepthMid,9,0.26622625072434564,2.9129943576654943e-05,0.0005738229402820472
1141,8411,23,316,23,316,DepthHigh,DepthHigh,DepthHigh--DepthHigh,3,0.1085879848929411,2.912500348423638e-05,0.0005737256267273736
1142,5128,14,138,14,138,DepthHigh,DepthLow,DepthHigh--DepthLow,4,0.13552009452367778,2.9121454097538832e-05,0.0005736557083114445
1143,25830,79,235,79,235,DepthMid,DepthHigh,DepthHigh--DepthMid,7,0.1979543818118113,2.911771969636758e-05,0.0005735821453450542
1144,31410,99,325,99,325,DepthLow,DepthLow,DepthLow--DepthLow,6,0.15941959171944295,2.9109995510171827e-05,0.0005734299886742914
1145,20096,60,87,60,87,DepthHigh,DepthMid,DepthHigh--DepthMid,8,0.2220714618347836,2.9104307607324115e-05,0.0005733179442026801
1146,53912,206,250,206,250,DepthLow,DepthLow,DepthLow--DepthLow,4,0.13852369509639106,2.9102423487337395e-05,0.0005732808294287438
1147,63784,291,347,291,347,DepthHigh,DepthMid,DepthHigh--DepthMid,4,0.13199045608021592,2.9097191161928785e-05,0.0005731777592548322
1148,7615,21,203,21,203,DepthMid,DepthLow,DepthLow--DepthMid,6,0.17068135029211987,2.9093484102261866e-05,0.0005731047348813975
1149,60283,253,323,253,323,DepthLow,DepthLow,DepthLow--DepthLow,5,0.1585878676942435,2.9090775448619794e-05,0.0005730513778402825
1150,58023,234,343,234,343,DepthLow,DepthHigh,DepthHigh--DepthLow,2,0.0768653352718495,2.9087880458740527e-05,0.000572994350211642
1151,33428,107,259,107,259,DepthLow,DepthMid,DepthLow--DepthMid,7,0.19304432169359703,2.9086280435918315e-05,0.0005729628317915
1152,31385,99,300,99,300,DepthLow,DepthHigh,DepthHigh--DepthLow,3,0.11615969761267911,2.908350560820746e-05,0.0005729081712051646
1153,36119,118,189,118,189,DepthLow,DepthLow,DepthLow--DepthLow,4,0.12515694144328102,2.9080286415628115e-05,0.0005728447571945486
1154,24876,76,139,76,139,DepthMid,DepthLow,DepthLow--DepthMid,9,0.2543954078811283,2.9078947479095237e-05,0.0005728183818431468
1155,43966,152,267,152,267,DepthLow,DepthHigh,DepthHigh--DepthLow,3,0.11750950965202668,2.9072771808657433e-05,0.0005726967289686911
1156,34279,110,345,110,345,DepthLow,DepthMid,DepthLow--DepthMid,2,0.08850626018019712,2.9069431724372386e-05,0.0005726309335448108
1157,52756,199,221,199,221,DepthLow,DepthMid,DepthLow--DepthMid,5,0.14362563529414327,2.9067029451783394e-05,0.0005725836118218302
1158,65136,313,346,313,346,DepthHigh,DepthMid,DepthHigh--DepthMid,7,0.1948587265092161,2.9066117745308406e-05,0.0005725656523606739
1159,53077,201,215,201,215,DepthLow,DepthMid,DepthLow--DepthMid,8,0.21625252015136592,2.9058726960239386e-05,0.0005724200632692244
1160,7209,20,140,20,140,DepthMid,DepthLow,DepthLow--DepthMid,4,0.13502670194659439,2.905659412658759e-05,0.0005723780491515525
1161,63136,283,311,283,311,DepthLow,DepthMid,DepthLow--DepthMid,7,0.20103581668879048,2.9053485434751113e-05,0.0005723168118654128
1162,24119,73,249,73,249,DepthMid,DepthHigh,DepthHigh--DepthMid,10,0.2953136530854264,2.9052371342224276e-05,0.0005722948656557398
1163,7092,20,23,20,23,DepthMid,DepthHigh,DepthHigh--DepthMid,6,0.17806722044592893,2.9052222302657235e-05,0.0005722919297653096
1164,41392,140,303,140,303,DepthLow,DepthHigh,DepthHigh--DepthLow,8,0.20305276980253517,2.904759915963303e-05,0.0005722008597116889
1165,23954,73,84,73,84,DepthMid,DepthHigh,DepthHigh--DepthMid,5,0.15588717227186402,2.9039268521786672e-05,0.0005720367567126274
1166,7522,21,110,21,110,DepthMid,DepthLow,DepthLow--DepthMid,1,0.02442346360657791,2.9031372360873482e-05,0.0005718812123580623
1167,52091,195,222,195,222,DepthMid,DepthMid,DepthMid--DepthMid,7,0.18566041970500932,2.9029427057438223e-05,0.0005718428923477944
1168,31571,100,222,100,222,DepthLow,DepthMid,DepthLow--DepthMid,7,0.19909307114783636,2.9028310399933066e-05,0.0005718208956113019
1169,49306,179,261,179,261,DepthLow,DepthMid,DepthLow--DepthMid,3,0.11901724577284901,2.902762014289952e-05,0.0005718072984232574
1170,27894,86,332,86,332,DepthHigh,DepthMid,DepthHigh--DepthMid,10,0.28042444267095945,2.9023782182097168e-05,0.0005717316954634886
1171,65252,315,363,315,363,DepthMid,DepthMid,DepthMid--DepthMid,6,0.16079158601713933,2.9019772257310035e-05,0.0005716527050313373
1172,61218,262,304,262,304,DepthMid,DepthHigh,DepthHigh--DepthMid,7,0.18640535596644164,2.9017694353481047e-05,0.0005716117729615022
1173,26754,82,310,82,310,DepthHigh,DepthHigh,DepthHigh--DepthHigh,8,0.22205006299260463,2.9009373800718124e-05,0.0005714478686257925
1174,65974,334,344,334,344,DepthHigh,DepthHigh,DepthHigh--DepthHigh,7,0.1835009711414823,2.900670375934105e-05,0.0005713952721973223
1175,46226,163,261,163,261,DepthLow,DepthMid,DepthLow--DepthMid,10,0.2748804213118515,2.8999627946562358e-05,0.0005712558876604842
1176,34602,112,163,112,163,DepthLow,DepthLow,DepthLow--DepthLow,10,0.6874406375080706,2.899937157178837e-05,0.0005712508374026203
1177,60631,256,344,256,344,DepthLow,DepthHigh,DepthHigh--DepthLow,4,0.1274225894109225,2.8991362620696292e-05,0.0005710930712245932
1178,44032,152,333,152,333,DepthLow,DepthMid,DepthLow--DepthMid,9,0.2323304550441961,2.8990019607627325e-05,0.0005710666155706012
1179,22557,68,152,68,152,DepthMid,DepthLow,DepthLow--DepthMid,8,0.2239462635937305,2.8980253294782972e-05,0.0005708742315950774
1180,5050,14,60,14,60,DepthHigh,DepthHigh,DepthHigh--DepthHigh,4,0.13713079994029112,2.8963971755499304e-05,0.0005705535059225581
1181,43461,150,187,150,187,DepthMid,DepthLow,DepthLow--DepthMid,8,0.2205229746904363,2.8961543188642814e-05,0.0005705056662358592
1182,59739,248,344,248,344,DepthHigh,DepthHigh,DepthHigh--DepthHigh,6,0.16801405074776896,2.896056270713752e-05,0.0005704863519938395
1183,40654,137,240,137,240,DepthLow,DepthHigh,DepthHigh--DepthLow,9,0.25669748161816647,2.8955918904449446e-05,0.0005703948749710452
1184,11346,32,227,32,227,DepthMid,DepthMid,DepthMid--DepthMid,9,0.23721505562017742,2.8954387079032148e-05,0.000570364699953279
1185,64358,300,309,300,309,DepthHigh,DepthHigh,DepthHigh--DepthHigh,3,0.11292799412470099,2.8952363235581312e-05,0.0005703248328043237
1186,61246,262,332,262,332,DepthMid,DepthMid,DepthMid--DepthMid,6,0.15863690348259002,2.8944074451858628e-05,0.0005701615542784112
1187,45606,160,247,160,247,DepthLow,DepthLow,DepthLow--DepthLow,10,0.3391982181117992,2.8943792558799518e-05,0.0005701560013426975
1188,8091,22,337,22,337,DepthMid,DepthHigh,DepthHigh--DepthMid,9,0.23597522456864725,2.8939581136082028e-05,0.0005700730416568965
1189,17108,50,184,50,184,DepthHigh,DepthLow,DepthHigh--DepthLow,3,0.11191067493519373,2.893891422411253e-05,0.000570059904337003
1190,38353,127,254,127,254,DepthLow,DepthLow,DepthLow--DepthLow,7,0.1857121235175389,2.8938273498574475e-05,0.0005700472828565942
1191,58695,240,256,240,256,DepthHigh,DepthLow,DepthHigh--DepthLow,2,0.09744180704421901,2.8937001307246633e-05,0.0005700222223010726
1192,22787,69,87,69,87,DepthMid,DepthMid,DepthMid--DepthMid,10,0.4470603229357037,2.893299808961983e-05,0.0005699433639914725
1193,63487,287,348,287,348,DepthHigh,DepthMid,DepthHigh--DepthMid,5,0.14696668576564476,2.892599718143508e-05,0.0005698054549801267
1194,58927,242,243,242,243,DepthHigh,DepthLow,DepthHigh--DepthLow,4,0.13564583669886995,2.8920513823628472e-05,0.0005696974397863819
1195,61084,261,272,261,272,DepthMid,DepthHigh,DepthHigh--DepthMid,2,0.09978101425635166,2.891909918254106e-05,0.0005696695731512789
1196,4568,12,279,12,279,DepthHigh,DepthHigh,DepthHigh--DepthHigh,6,0.16433676076217138,2.8915943341195523e-05,0.0005696074070796147
1197,24512,74,352,74,352,DepthMid,DepthMid,DepthMid--DepthMid,7,0.19620219454717852,2.891507147025318e-05,0.0005695902323279244
1198,61072,260,363,260,363,DepthMid,DepthMid,DepthMid--DepthMid,6,0.16846174052477292,2.8914830139695467e-05,0.0005695854784220391
1199,59335,245,291,245,291,DepthLow,DepthHigh,DepthHigh--DepthLow,1,0.048861029126589316,2.8913504629018835e-05,0.0005695593675429762
1200,37771,125,147,125,147,DepthLow,DepthLow,DepthLow--DepthLow,9,0.23210107647687617,2.891020892064721e-05,0.0005694944462683042
1201,24020,73,150,73,150,DepthMid,DepthMid,DepthMid--DepthMid,7,0.17981091859003198,2.890651237700722e-05,0.0005694216290472616
1202,49313,179,268,179,268,DepthLow,DepthLow,DepthLow--DepthLow,1,0.042199431817114004,2.890593326848832e-05,0.0005694102213439757
1203,28433,88,318,88,318,DepthLow,DepthHigh,DepthHigh--DepthLow,2,0.09239300770884848,2.8903995581837014e-05,0.0005693720513746906
1204,11406,32,287,32,287,DepthMid,DepthHigh,DepthHigh--DepthMid,8,0.22012908371762027,2.8901575303434418e-05,0.0005693243749600205
1205,48140,173,220,173,220,DepthMid,DepthHigh,DepthHigh--DepthMid,3,0.11722507270339232,2.890031770669624e-05,0.0005692996018994036
1206,5689,15,350,15,350,DepthHigh,DepthMid,DepthHigh--DepthMid,6,0.16139044712621436,2.8897832980255072e-05,0.0005692506559401189
1207,6448,18,68,18,68,DepthHigh,DepthMid,DepthHigh--DepthMid,10,0.28174410456442356,2.8895311417550717e-05,0.0005692009843531723
1208,60630,256,343,256,343,DepthLow,DepthHigh,DepthHigh--DepthLow,2,0.0997430711576914,2.889275956600487e-05,0.0005691507161144664
1209,6535,18,155,18,155,DepthHigh,DepthMid,DepthHigh--DepthMid,7,0.18747769683095283,2.8892404488038282e-05,0.0005691437215289025
1210,41395,140,306,140,306,DepthLow,DepthHigh,DepthHigh--DepthLow,6,0.1773516077749159,2.8892244151015252e-05,0.000569140563092919
1211,60726,257,332,257,332,DepthLow,DepthMid,DepthLow--DepthMid,10,0.2934859402940115,2.8892130434934267e-05,0.0005691383230303601
1212,14842,43,137,43,137,DepthMid,DepthLow,DepthLow--DepthMid,8,0.22740597130174062,2.8891705045225637e-05,0.0005691299433926609
1213,862,2,138,2,138,DepthHigh,DepthLow,DepthHigh--DepthLow,6,0.1686318804412891,2.8888509090740567e-05,0.0005690669871430271
1214,52801,199,266,199,266,DepthLow,DepthMid,DepthLow--DepthMid,7,0.19797944456295977,2.888294905260267e-05,0.0005689574614440166
1215,41790,142,256,142,256,DepthLow,DepthLow,DepthLow--DepthLow,10,0.36016092279550344,2.8881138574102856e-05,0.0005689217973139662
1216,46098,162,334,162,334,DepthHigh,DepthHigh,DepthHigh--DepthHigh,7,0.18581841084670409,2.8880558326391455e-05,0.0005689103671700329
1217,30343,95,324,95,324,DepthLow,DepthMid,DepthLow--DepthMid,1,0.07115808264837334,2.8879357681828586e-05,0.0005688867159950319
1218,48453,174,343,174,343,DepthMid,DepthHigh,DepthHigh--DepthMid,3,0.11694490420975837,2.887771623610992e-05,0.0005688543815963703
1219,43863,152,164,152,164,DepthLow,DepthLow,DepthLow--DepthLow,9,0.24584077040493305,2.886367517069082e-05,0.0005685777904171846
1220,48860,177,186,177,186,DepthMid,DepthMid,DepthMid--DepthMid,8,0.20394843337780055,2.8862363192806646e-05,0.0005685519461169682
1221,56527,223,332,223,332,DepthLow,DepthMid,DepthLow--DepthMid,10,0.36549067540626323,2.8853660275908008e-05,0.0005683805096927724
1222,42190,144,215,144,215,DepthLow,DepthMid,DepthLow--DepthMid,5,0.14045925522519018,2.884589510451544e-05,0.0005682275456656177
1223,55729,218,249,218,249,DepthHigh,DepthHigh,DepthHigh--DepthHigh,9,0.2505437797309432,2.8844677010590096e-05,0.0005682035507603085
1224,44222,153,312,153,312,DepthHigh,DepthMid,DepthHigh--DepthMid,9,0.23679118581243203,2.8842498168897355e-05,0.0005681606303425862
1225,44612,155,283,155,283,DepthMid,DepthLow,DepthLow--DepthMid,8,0.20779945939430025,2.8840376035190516e-05,0.0005681188270002583
1226,13083,37,319,37,319,DepthMid,DepthHigh,DepthHigh--DepthMid,1,0.057564848991785995,2.883891936549388e-05,0.0005680901324548622
1227,1404,3,319,3,319,DepthHigh,DepthHigh,DepthHigh--DepthHigh,4,0.12800090359255165,2.8838901039081367e-05,0.0005680897714477808
1228,37185,122,281,122,281,DepthLow,DepthLow,DepthLow--DepthLow,10,0.32182257966075895,2.8837986230118854e-05,0.0005680717508715553
1229,25339,77,315,77,315,DepthMid,DepthMid,DepthMid--DepthMid,5,0.1490429933321851,2.8836168413636437e-05,0.000568035942192555
1230,43426,150,152,150,152,DepthMid,DepthLow,DepthLow--DepthMid,9,0.25945352436312835,2.8832872096185466e-05,0.0005679710089197925
1231,22645,68,240,68,240,DepthMid,DepthHigh,DepthHigh--DepthMid,10,0.28782355117645564,2.8824625224190594e-05,0.0005678085560017574
1232,20023,59,318,59,318,DepthHigh,DepthHigh,DepthHigh--DepthHigh,10,0.2989297202672212,2.8823463384475073e-05,0.0005677856692330295
1233,55053,213,313,213,313,DepthHigh,DepthHigh,DepthHigh--DepthHigh,7,0.19632719063767506,2.882344559419757e-05,0.0005677853187871277
1234,44186,153,276,153,276,DepthHigh,DepthHigh,DepthHigh--DepthHigh,8,0.21738017577735083,2.8814470180675974e-05,0.0005676085145250921
1235,41984,143,229,143,229,DepthLow,DepthMid,DepthLow--DepthMid,9,0.25889060723162505,2.8811957458364226e-05,0.0005675590170826667
1236,37075,122,171,122,171,DepthLow,DepthLow,DepthLow--DepthLow,8,0.22576600957503606,2.8810833121651735e-05,0.00056753686907553
1237,42096,143,341,143,341,DepthLow,DepthHigh,DepthHigh--DepthLow,3,0.10699978764561514,2.8810022445351042e-05,0.0005675208997806614
1238,4310,12,21,12,21,DepthHigh,DepthMid,DepthHigh--DepthMid,3,0.10378158673171922,2.8807194567766447e-05,0.0005674651941791013
1239,45919,161,357,161,357,DepthHigh,DepthMid,DepthHigh--DepthMid,2,0.09710883448442696,2.880186353959893e-05,0.0005673601796860329
1240,61969,270,275,270,275,DepthHigh,DepthHigh,DepthHigh--DepthHigh,10,0.29471234180820877,2.8796153152006803e-05,0.0005672476922934761
1241,42726,146,314,146,314,DepthLow,DepthMid,DepthLow--DepthMid,9,0.25018139332354133,2.8792407102596264e-05,0.0005671738998715464
1242,2970,8,95,8,95,DepthHigh,DepthLow,DepthHigh--DepthLow,4,0.13335537743257522,2.8791932447508752e-05,0.000567164549768371
1243,53083,201,221,201,221,DepthLow,DepthMid,DepthLow--DepthMid,4,0.12216339406243511,2.879113905715274e-05,0.0005671489209846873
1244,49392,179,347,179,347,DepthLow,DepthMid,DepthLow--DepthMid,3,0.11720455855315692,2.878679781242743e-05,0.0005670634039699973
1245,61716,267,307,267,307,DepthHigh,DepthHigh,DepthHigh--DepthHigh,8,0.22339596012536644,2.8785104855311326e-05,0.0005670300548621429
1246,65021,311,334,311,334,DepthMid,DepthHigh,DepthHigh--DepthMid,10,0.29467378366714914,2.8782179407485158e-05,0.0005669724272505811
1247,56678,224,343,224,343,DepthLow,DepthHigh,DepthHigh--DepthLow,4,0.12645407230279718,2.8780282692733702e-05,0.0005669350643757546
1248,53448,203,263,203,263,DepthLow,DepthMid,DepthLow--DepthMid,6,0.16171151949786763,2.877884179246661e-05,0.0005669066804681188
1249,48357,174,247,174,247,DepthMid,DepthLow,DepthLow--DepthMid,9,0.23964540063892256,2.8774842020529472e-05,0.0005668278900342346
1250,31971,101,359,101,359,DepthLow,DepthHigh,DepthHigh--DepthLow,2,0.08803820232851037,2.8771172642212446e-05,0.0005667556079355981
1251,17384,51,147,51,147,DepthHigh,DepthLow,DepthHigh--DepthLow,9,0.23325300087808007,2.877111447592195e-05,0.000566754462133453
1252,31107,98,287,98,287,DepthLow,DepthHigh,DepthHigh--DepthLow,3,0.10607489866152948,2.8769738672357617e-05,0.0005667273605482934
1253,29850,94,100,94,100,DepthLow,DepthLow,DepthLow--DepthLow,5,0.15317936822367703,2.876818496853427e-05,0.0005666967545536784
1254,30652,97,98,97,98,DepthLow,DepthLow,DepthLow--DepthLow,10,0.8248176716736915,2.8760094593053604e-05,0.0005665373844184743
1255,36408,119,233,119,233,DepthLow,DepthMid,DepthLow--DepthMid,8,0.2265067667587632,2.875841371030193e-05,0.000566504273160284
1256,66179,342,345,342,345,DepthMid,DepthMid,DepthMid--DepthMid,10,0.5091723391481188,2.875562613723786e-05,0.0005664493615066563
1257,48578,175,279,175,279,DepthMid,DepthHigh,DepthHigh--DepthMid,10,0.2769827580429734,2.8754991881196795e-05,0.0005664368674671324
1258,8089,22,335,22,335,DepthMid,DepthHigh,DepthHigh--DepthMid,9,0.262963543184493,2.8750109640109882e-05,0.0005663406935103142
1259,24828,76,91,76,91,DepthMid,DepthLow,DepthLow--DepthMid,2,0.08990072742543553,2.874895165962381e-05,0.0005663178827635114
1260,60573,256,286,256,286,DepthLow,DepthLow,DepthLow--DepthLow,10,0.3462620857708071,2.8743070965745835e-05,0.0005662020405531385
1261,36107,118,177,118,177,DepthLow,DepthMid,DepthLow--DepthMid,2,0.09251905938214944,2.8733461810575662e-05,0.0005660127523844585
1262,56964,226,352,226,352,DepthMid,DepthMid,DepthMid--DepthMid,7,0.1952853445345103,2.8730797406382147e-05,0.0005659602670013544
1263,33196,106,284,106,284,DepthLow,DepthLow,DepthLow--DepthLow,10,0.5070696428032342,2.8728952613171966e-05,0.0005659239269150342
1264,31937,101,325,101,325,DepthLow,DepthLow,DepthLow--DepthLow,5,0.14405710045320944,2.8728689754141254e-05,0.0005659187489255374
1265,58522,238,332,238,332,DepthMid,DepthMid,DepthMid--DepthMid,4,0.1328247004695896,2.872376958724638e-05,0.0005658218278784071
1266,27906,86,344,86,344,DepthHigh,DepthHigh,DepthHigh--DepthHigh,6,0.1687774099988278,2.8716635579068577e-05,0.000565681296966021
1267,7800,22,46,22,46,DepthMid,DepthHigh,DepthHigh--DepthMid,8,0.22823141171255798,2.871632280383912e-05,0.0005656751356907222
1268,40701,137,287,137,287,DepthLow,DepthHigh,DepthHigh--DepthLow,2,0.0917014180110753,2.8715940180071087e-05,0.0005656675984878087
1269,60356,254,286,254,286,DepthLow,DepthLow,DepthLow--DepthLow,9,0.2598390008010246,2.8713397525666083e-05,0.0005656175114211119
1270,40136,135,177,135,177,DepthLow,DepthMid,DepthLow--DepthMid,6,0.17337710555264407,2.8704779336667176e-05,0.0005654477440290726
1271,41615,141,303,141,303,DepthLow,DepthHigh,DepthHigh--DepthLow,6,0.16716759144467896,2.870454562197566e-05,0.0005654431401460915
1272,59821,249,311,249,311,DepthHigh,DepthMid,DepthHigh--DepthMid,10,0.347996327807438,2.870043919347899e-05,0.0005653622487132668
1273,44033,152,334,152,334,DepthLow,DepthHigh,DepthHigh--DepthLow,7,0.19293488405489667,2.8699812664692028e-05,0.0005653499068908476
1274,7448,21,36,21,36,DepthMid,DepthMid,DepthMid--DepthMid,10,0.2724486920745797,2.8693494086333734e-05,0.0005652254389116214
1275,51874,193,344,193,344,DepthMid,DepthHigh,DepthHigh--DepthMid,4,0.1367474677679403,2.8686399678359506e-05,0.0005650856880730172
1276,32675,104,280,104,280,DepthLow,DepthLow,DepthLow--DepthLow,9,0.2560661898416888,2.8679371323449396e-05,0.0005649472383959949
1277,20035,59,330,59,330,DepthHigh,DepthMid,DepthHigh--DepthMid,8,0.2051609534755693,2.8673798630747165e-05,0.000564837463418118
1278,55447,216,260,216,260,DepthMid,DepthMid,DepthMid--DepthMid,4,0.13735887583841233,2.8672288513529222e-05,0.0005648077160243446
1279,28053,87,214,87,214,DepthMid,DepthHigh,DepthHigh--DepthMid,7,0.180341709976846,2.8671376250688493e-05,0.0005647897456034889
1280,44020,152,321,152,321,DepthLow,DepthHigh,DepthHigh--DepthLow,8,0.20642672690141967,2.8669466648465704e-05,0.0005647521288618235
1281,32934,105,280,105,280,DepthLow,DepthLow,DepthLow--DepthLow,10,0.5564122745651736,2.866899080984785e-05,0.0005647427554446015
1282,20089,60,80,60,80,DepthHigh,DepthHigh,DepthHigh--DepthHigh,10,0.32089374810811894,2.8665305283910257e-05,0.0005646701552583214
1283,18754,55,275,55,275,DepthHigh,DepthHigh,DepthHigh--DepthHigh,9,0.26867322412065453,2.8663951188662323e-05,0.0005646434812994602
1284,26590,82,146,82,146,DepthHigh,DepthLow,DepthHigh--DepthLow,8,0.20940474406039747,2.8663384145649687e-05,0.0005646323112713439
1285,18446,54,276,54,276,DepthHigh,DepthHigh,DepthHigh--DepthHigh,10,0.28755959556146377,2.8662334060065618e-05,0.0005646116259172576
1286,17390,51,153,51,153,DepthHigh,DepthHigh,DepthHigh--DepthHigh,7,0.19893870914341968,2.866024235438154e-05,0.0005645704219683833
1287,23464,71,177,71,177,DepthMid,DepthMid,DepthMid--DepthMid,5,0.14071207363389568,2.86596293051005e-05,0.0005645583456751334
1288,56398,222,344,222,344,DepthMid,DepthHigh,DepthHigh--DepthMid,3,0.11946133085417882,2.8650794863942385e-05,0.0005643843183898502
1289,52614,198,244,198,244,DepthLow,DepthLow,DepthLow--DepthLow,6,0.1665556743288139,2.8643202352008806e-05,0.0005642347555350377
1290,63106,282,362,282,362,DepthHigh,DepthHigh,DepthHigh--DepthHigh,8,0.20395812021434026,2.8642802464872395e-05,0.0005642268782656639
1291,18540,55,61,55,61,DepthHigh,DepthHigh,DepthHigh--DepthHigh,10,0.6789072653821072,2.863378683893107e-05,0.0005640492818699647
1292,19005,56,218,56,218,DepthHigh,DepthHigh,DepthHigh--DepthHigh,2,0.0967772990139199,2.863036391774052e-05,0.0005639818546641156
1293,8419,23,324,23,324,DepthHigh,DepthMid,DepthHigh--DepthMid,8,0.21544424782677785,2.862982255532558e-05,0.0005639711905112009
1294,43714,151,227,151,227,DepthMid,DepthMid,DepthMid--DepthMid,9,0.2490439782788825,2.8627063796925332e-05,0.0005639168464699022
1295,61753,267,344,267,344,DepthHigh,DepthHigh,DepthHigh--DepthHigh,6,0.1607725967030478,2.8626543661267047e-05,0.0005639066004571697
1296,62339,274,279,274,279,DepthHigh,DepthHigh,DepthHigh--DepthHigh,10,0.2768519204662496,2.8625374390992036e-05,0.0005638835673158447
1297,42451,145,257,145,257,DepthLow,DepthLow,DepthLow--DepthLow,10,0.33714083155049235,2.862474809655229e-05,0.0005638712301097684
1298,26283,81,121,81,121,DepthHigh,DepthLow,DepthHigh--DepthLow,5,0.14617949429002877,2.8612053760487784e-05,0.0005636211677906879
1299,30945,98,125,98,125,DepthLow,DepthLow,DepthLow--DepthLow,8,0.21052593495867927,2.8609393590335616e-05,0.0005635687658128278
1300,35880,117,196,117,196,DepthLow,DepthMid,DepthLow--DepthMid,7,0.18675402463792476,2.8605010554681093e-05,0.0005634824255698397
1301,25592,78,282,78,282,DepthMid,DepthHigh,DepthHigh--DepthMid,5,0.14608245421634541,2.8602647977558903e-05,0.0005634358857972057
1302,49805,182,211,182,211,DepthLow,DepthLow,DepthLow--DepthLow,6,0.16874792468498795,2.8601746316485567e-05,0.0005634181242177204
1303,39621,132,352,132,352,DepthLow,DepthMid,DepthLow--DepthMid,1,0.05166745128404016,2.8597342149720188e-05,0.0005633313677186509
1304,5857,16,170,16,170,DepthMid,DepthLow,DepthLow--DepthMid,2,0.08673411451105892,2.8596213293050308e-05,0.0005633091306740867
1305,44904,157,160,157,160,DepthMid,DepthLow,DepthLow--DepthMid,10,0.40017919761843057,2.8595211051047186e-05,0.0005632893877778606
1306,39645,133,145,133,145,DepthLow,DepthLow,DepthLow--DepthLow,5,0.15839904398423238,2.8594727982304102e-05,0.0005632798719363422
1307,55836,218,356,218,356,DepthHigh,DepthMid,DepthHigh--DepthMid,2,0.09753982235314053,2.8587809147153047e-05,0.0005631435796596594
1308,31267,99,182,99,182,DepthLow,DepthLow,DepthLow--DepthLow,8,0.22799582841380753,2.858276081134553e-05,0.0005630441338475184
1309,29579,93,99,93,99,DepthLow,DepthLow,DepthLow--DepthLow,6,0.17424749989273355,2.858051711979499e-05,0.0005629999359698525
1310,10574,30,120,30,120,DepthHigh,DepthLow,DepthHigh--DepthLow,9,0.26199311099822187,2.8574983078172003e-05,0.000562890922369212
1311,8272,23,177,23,177,DepthHigh,DepthMid,DepthHigh--DepthMid,8,0.21164699780589197,2.8571747854595374e-05,0.000562827192568283
1312,52074,195,205,195,205,DepthMid,DepthLow,DepthLow--DepthMid,4,0.139795421023137,2.8569496969993848e-05,0.0005627828529966363
1313,65636,324,351,324,351,DepthMid,DepthMid,DepthMid--DepthMid,4,0.1242790790461132,2.856910460012344e-05,0.000562775123807868
1314,42813,147,184,147,184,DepthLow,DepthLow,DepthLow--DepthLow,7,0.18340297196196922,2.8566845146777534e-05,0.0005627306154428254
1315,20340,60,331,60,331,DepthHigh,DepthMid,DepthHigh--DepthMid,9,0.24696278361268345,2.8563305409308108e-05,0.0005626608871044513
1316,25715,79,120,79,120,DepthMid,DepthLow,DepthLow--DepthMid,8,0.2279794030687579,2.8562778654932024e-05,0.0005626505107113733
1317,56582,224,247,224,247,DepthLow,DepthLow,DepthLow--DepthLow,10,0.27290851797523197,2.8553103582537715e-05,0.0005624599240569867
1318,32240,103,105,103,105,DepthLow,DepthLow,DepthLow--DepthLow,9,0.2703460915068132,2.8545747507867517e-05,0.0005623150187163677
1319,10327,29,207,29,207,DepthMid,DepthLow,DepthLow--DepthMid,4,0.1289396641954886,2.8540805551901247e-05,0.000562217668452168
1320,43050,148,205,148,205,DepthMid,DepthLow,DepthLow--DepthMid,3,0.11719623864495023,2.8540467935606846e-05,0.000562211017839398
1321,46354,164,189,164,189,DepthLow,DepthLow,DepthLow--DepthLow,8,0.22224327546131933,2.8539203735649762e-05,0.0005621861147037442
1322,33162,106,250,106,250,DepthLow,DepthLow,DepthLow--DepthLow,7,0.1870824855795512,2.853795125386709e-05,0.000562161442401263
1323,23512,71,225,71,225,DepthMid,DepthHigh,DepthHigh--DepthMid,9,0.26136108472972325,2.853288193921543e-05,0.0005620615833325019
1324,71,0,72,0,72,DepthHigh,DepthMid,DepthHigh--DepthMid,6,0.17276604915120541,2.8530863725999258e-05,0.0005620218270920281
1325,45874,161,312,161,312,DepthHigh,DepthMid,DepthHigh--DepthMid,5,0.14144313922242677,2.8530213651675148e-05,0.000562009021452392
1326,18102,53,242,53,242,DepthHigh,DepthHigh,DepthHigh--DepthHigh,10,0.3175361898171444,2.8526035041551764e-05,0.0005619267081330756
1327,41284,140,195,140,195,DepthLow,DepthMid,DepthLow--DepthMid,3,0.11021331626426478,2.8524643715704462e-05,0.0005618993007786299
1328,7376,20,307,20,307,DepthMid,DepthHigh,DepthHigh--DepthMid,6,0.16290556180051144,2.8523770449481385e-05,0.0005618820985416789
1329,56996,227,247,227,247,DepthMid,DepthLow,DepthLow--DepthMid,7,0.1950197803921084,2.8523433279890164e-05,0.000561875456728395
1330,13100,37,336,37,336,DepthMid,DepthHigh,DepthHigh--DepthMid,8,0.20952794836532593,2.8514551760422675e-05,0.0005617005020601308
1331,60916,259,311,259,311,DepthMid,DepthMid,DepthMid--DepthMid,4,0.12951461393046787,2.851096390156505e-05,0.000561629825791446
1332,17894,52,345,52,345,DepthHigh,DepthMid,DepthHigh--DepthMid,10,0.299949065495584,2.850899761341473e-05,0.0005615910924089082
1333,15620,45,276,45,276,DepthMid,DepthHigh,DepthHigh--DepthMid,9,0.24082677321259832,2.8505791928676047e-05,0.00056152794448562
1334,21835,65,321,65,321,DepthMid,DepthHigh,DepthHigh--DepthMid,10,0.336800810311003,2.8496508410713265e-05,0.0005613450709568901
1335,36216,118,286,118,286,DepthLow,DepthLow,DepthLow--DepthLow,8,0.21344289630581129,2.8495704670002583e-05,0.0005613292382843477
1336,65227,315,338,315,338,DepthMid,DepthHigh,DepthHigh--DepthMid,4,0.13353969984777753,2.8489664864297987e-05,0.0005612102617728065
1337,59059,243,254,243,254,DepthLow,DepthLow,DepthLow--DepthLow,3,0.1139482327112095,2.848053092575184e-05,0.000561030334768859
1338,10788,30,334,30,334,DepthHigh,DepthHigh,DepthHigh--DepthHigh,9,0.24740465780477155,2.8475339574078327e-05,0.000560928071725558
1339,34231,110,297,110,297,DepthLow,DepthHigh,DepthHigh--DepthLow,3,0.1015764383081618,2.8473612139546087e-05,0.0005608940434563366
1340,64779,307,310,307,310,DepthHigh,DepthHigh,DepthHigh--DepthHigh,10,0.27984028626851853,2.8470998585382525e-05,0.0005608425597543247
1341,33730,108,305,108,305,DepthLow,DepthMid,DepthLow--DepthMid,1,0.05649773068010804,2.8468074199419103e-05,0.0005607849530601121
1342,22807,69,107,69,107,DepthMid,DepthLow,DepthLow--DepthMid,5,0.15150665417269496,2.8463343959614956e-05,0.0005606917733357673
1343,21863,65,349,65,349,DepthMid,DepthMid,DepthMid--DepthMid,10,0.3154386246756031,2.846063452479195e-05,0.0005606384009063786
1344,59856,249,346,249,346,DepthHigh,DepthMid,DepthHigh--DepthMid,9,0.2630740265061742,2.8459242576145585e-05,0.0005606109812835813
1345,59960,250,336,250,336,DepthLow,DepthHigh,DepthHigh--DepthLow,2,0.0794269545705947,2.8457682961952165e-05,0.0005605802588621726
1346,65180,314,340,314,340,DepthMid,DepthMid,DepthMid--DepthMid,9,0.2437759701988404,2.8457531729273373e-05,0.0005605772797702227
1347,32556,104,161,104,161,DepthLow,DepthHigh,DepthHigh--DepthLow,9,0.22849200137589995,2.8454412589538004e-05,0.0005605158366737268
1348,65197,314,357,314,357,DepthMid,DepthMid,DepthMid--DepthMid,9,0.23934247129982522,2.845352552112269e-05,0.0005604983625510953
1349,37459,123,314,123,314,DepthLow,DepthMid,DepthLow--DepthMid,9,0.23667875417940307,2.8449536578779725e-05,0.0005604197854464801
1350,3574,9,344,9,344,DepthHigh,DepthHigh,DepthHigh--DepthHigh,7,0.1924792486500528,2.8447420989051532e-05,0.0005603781110122311
1351,64058,295,339,295,339,DepthHigh,DepthHigh,DepthHigh--DepthHigh,7,0.1948787511985895,2.8442356802309767e-05,0.0005602783529567907
1352,8107,22,353,22,353,DepthMid,DepthHigh,DepthHigh--DepthMid,9,0.24249510485319242,2.844047765335967e-05,0.0005602413361059707
1353,62931,280,352,280,352,DepthLow,DepthMid,DepthLow--DepthMid,10,0.2940252145880372,2.8437599492307608e-05,0.0005601846399838806
1354,49966,183,191,183,191,DepthMid,DepthMid,DepthMid--DepthMid,8,0.22280204992558447,2.8435494608649662e-05,0.000560143176445636
1355,18809,55,330,55,330,DepthHigh,DepthMid,DepthHigh--DepthMid,9,0.2355727091305067,2.8430648930216895e-05,0.0005600477227267287
1356,42342,145,148,145,148,DepthLow,DepthMid,DepthLow--DepthMid,10,0.30979925615216936,2.8430640368646402e-05,0.0005600475540746494
1357,59529,247,250,247,250,DepthLow,DepthLow,DepthLow--DepthLow,6,0.1772772259657607,2.8426532349844337e-05,0.0005599666313148256
1358,42961,147,332,147,332,DepthLow,DepthMid,DepthLow--DepthMid,5,0.1519927044168872,2.8420059648158875e-05,0.0005598391273015429
1359,23597,71,310,71,310,DepthMid,DepthHigh,DepthHigh--DepthMid,5,0.15666562151201982,2.841748019320082e-05,0.0005597883153106285
1360,12075,34,295,34,295,DepthMid,DepthHigh,DepthHigh--DepthMid,7,0.17978261139125412,2.8410677990483465e-05,0.0005596543205449539
1361,19755,58,355,58,355,DepthHigh,DepthMid,DepthHigh--DepthMid,6,0.15883540531413096,2.8408685093395415e-05,0.0005596150630000934
1362,34676,112,237,112,237,DepthLow,DepthHigh,DepthHigh--DepthLow,10,0.36582076771046335,2.8407157101460995e-05,0.0005595849634970776
1363,23541,71,254,71,254,DepthMid,DepthLow,DepthLow--DepthMid,10,0.2740562785688157,2.8399053300332074e-05,0.0005594253288936317
1364,15854,46,192,46,192,DepthHigh,DepthMid,DepthHigh--DepthMid,3,0.11187310236730462,2.8385561980779607e-05,0.0005591595670107256
1365,38478,128,143,128,143,DepthLow,DepthLow,DepthLow--DepthLow,8,0.21054683341864294,2.838491739226078e-05,0.0005591468694344955
1366,24326,74,166,74,166,DepthMid,DepthMid,DepthMid--DepthMid,10,0.3400983044373841,2.8384493389595525e-05,0.0005591385171197914
1367,40435,136,248,136,248,DepthLow,DepthHigh,DepthHigh--DepthLow,8,0.20320979524019922,2.8384036507224288e-05,0.0005591295171165838
1368,23879,72,300,72,300,DepthMid,DepthHigh,DepthHigh--DepthMid,9,0.27021495837880183,2.8378895226549868e-05,0.0005590282404084553
1369,13844,40,105,40,105,DepthMid,DepthLow,DepthLow--DepthMid,5,0.15638503309781465,2.837731014843113e-05,0.0005589970163800161
1370,32307,103,172,103,172,DepthLow,DepthLow,DepthLow--DepthLow,9,0.2677976882493092,2.837370163018536e-05,0.000558925933147589
1371,33990,109,310,109,310,DepthLow,DepthHigh,DepthHigh--DepthLow,3,0.100718046757099,2.8369612193480628e-05,0.0005588453764315132
1372,32297,103,162,103,162,DepthLow,DepthHigh,DepthHigh--DepthLow,8,0.2127765390508234,2.8369384973442124e-05,0.0005588409004849587
1373,41982,143,227,143,227,DepthLow,DepthMid,DepthLow--DepthMid,9,0.23575482858493982,2.8368947661004543e-05,0.0005588322859846218
1374,38592,128,257,128,257,DepthLow,DepthLow,DepthLow--DepthLow,8,0.2064590562912436,2.8367903158303158e-05,0.0005588117106062431
1375,52726,198,356,198,356,DepthLow,DepthMid,DepthLow--DepthMid,2,0.08771453329665724,2.8366352773879044e-05,0.0005587811699995827
1376,8130,23,35,23,35,DepthHigh,DepthMid,DepthHigh--DepthMid,9,0.2631115507038734,2.8366127465269245e-05,0.0005587767317057492
1377,11677,33,227,33,227,DepthMid,DepthMid,DepthMid--DepthMid,8,0.20477415308864608,2.8362154740976252e-05,0.0005586984740761477
1378,65019,311,332,311,332,DepthMid,DepthMid,DepthMid--DepthMid,10,0.28219942483791305,2.8360340742269357e-05,0.0005586627406024828
1379,42765,146,353,146,353,DepthLow,DepthHigh,DepthHigh--DepthLow,8,0.20376730365452372,2.8357325456821046e-05,0.000558603343303714
1380,20387,61,75,61,75,DepthHigh,DepthMid,DepthHigh--DepthMid,5,0.1457701489826585,2.835622789248762e-05,0.000558581722678487
1381,23710,72,131,72,131,DepthMid,DepthLow,DepthLow--DepthMid,6,0.16115382106615564,2.835250596394511e-05,0.0005585084054070627
1382,40848,138,208,138,208,DepthLow,DepthMid,DepthLow--DepthMid,4,0.1353048520213216,2.834769253586559e-05,0.0005584135869792083
1383,56963,226,351,226,351,DepthMid,DepthMid,DepthMid--DepthMid,6,0.16961659782578103,2.834701773228157e-05,0.0005584002942045184
1384,44313,154,193,154,193,DepthHigh,DepthMid,DepthHigh--DepthMid,1,0.0733437719812813,2.8346803854313073e-05,0.00055839608107982
1385,56438,223,243,223,243,DepthLow,DepthLow,DepthLow--DepthLow,5,0.14308114261073093,2.834251844594992e-05,0.0005583116639706422
1386,60414,254,344,254,344,DepthLow,DepthHigh,DepthHigh--DepthLow,2,0.09917238365528522,2.834232145718785e-05,0.0005583077835418883
1387,52099,195,230,195,230,DepthMid,DepthMid,DepthMid--DepthMid,4,0.13876489554031604,2.8340561693749506e-05,0.0005582731184342223
1388,51409,191,222,191,222,DepthMid,DepthMid,DepthMid--DepthMid,3,0.1170252464983765,2.833647872602822e-05,0.0005581926891489152
1389,58297,236,360,236,360,DepthMid,DepthMid,DepthMid--DepthMid,7,0.18995396723515562,2.833398317199662e-05,0.0005581435298998327
1390,61780,268,275,268,275,DepthLow,DepthHigh,DepthHigh--DepthLow,9,0.2388563453572972,2.8332468932030423e-05,0.000558113701293148
1391,14775,43,70,43,70,DepthMid,DepthHigh,DepthHigh--DepthMid,10,0.37992764585338434,2.8332237871585204e-05,0.0005581091496954523
1392,56475,223,280,223,280,DepthLow,DepthLow,DepthLow--DepthLow,10,0.328855995953104,2.8325970189329798e-05,0.0005579856843048968
1393,59925,250,301,250,301,DepthLow,DepthHigh,DepthHigh--DepthLow,2,0.08074613175630879,2.8324362717953297e-05,0.0005579540191576831
1394,25433,78,123,78,123,DepthMid,DepthLow,DepthLow--DepthMid,9,0.25378956182086904,2.8323420353866633e-05,0.0005579354557804626
1395,31263,99,178,99,178,DepthLow,DepthLow,DepthLow--DepthLow,4,0.13943297919730743,2.832063152683837e-05,0.0005578805194253307
1396,41539,141,227,141,227,DepthLow,DepthMid,DepthLow--DepthMid,9,0.2327874055144315,2.831873258364542e-05,0.0005578431126530334
1397,10691,30,237,30,237,DepthHigh,DepthHigh,DepthHigh--DepthHigh,8,0.2031281916519822,2.831767877753422e-05,0.0005578223540092817
1398,35920,117,236,117,236,DepthLow,DepthMid,DepthLow--DepthMid,2,0.08450853064602284,2.8313293476964022e-05,0.0005577359691503275
1399,41279,140,190,140,190,DepthLow,DepthMid,DepthLow--DepthMid,1,0.06856684769774597,2.831037083319721e-05,0.0005576783967751784
1400,25961,80,82,80,82,DepthHigh,DepthHigh,DepthHigh--DepthHigh,10,0.7846219688102708,2.8310044402820916e-05,0.000557671966510807
1401,12779,36,342,36,342,DepthMid,DepthMid,DepthMid--DepthMid,9,0.24148558919296642,2.8308317825021262e-05,0.0005576379551181307
1402,1453,4,8,4,8,DepthHigh,DepthHigh,DepthHigh--DepthHigh,5,0.1430009615683327,2.830656259786009e-05,0.0005576033793693711
1403,37516,124,131,124,131,DepthLow,DepthLow,DepthLow--DepthLow,7,0.1971596045451178,2.8306467507328545e-05,0.0005576015062065117
1404,64574,303,339,303,339,DepthHigh,DepthHigh,DepthHigh--DepthHigh,7,0.1931569120985233,2.8305775423754975e-05,0.0005575878730379454
1405,60589,256,302,256,302,DepthLow,DepthHigh,DepthHigh--DepthLow,6,0.17535390323968772,2.828884771323744e-05,0.0005572544186117172
1406,10590,30,136,30,136,DepthHigh,DepthLow,DepthHigh--DepthLow,5,0.15750635862935783,2.8285150562873093e-05,0.0005571815894389743
1407,19731,58,331,58,331,DepthHigh,DepthMid,DepthHigh--DepthMid,7,0.18437441206943508,2.8282488130358445e-05,0.0005571291428954429
1408,25659,78,349,78,349,DepthMid,DepthMid,DepthMid--DepthMid,6,0.1621791154924752,2.8279779172561454e-05,0.0005570757798628618
1409,48569,175,270,175,270,DepthMid,DepthHigh,DepthHigh--DepthMid,6,0.16372818407202658,2.827771080795348e-05,0.0005570350357035811
1410,726,1,364,1,364,DepthHigh,DepthHigh,DepthHigh--DepthHigh,6,0.1750760661174398,2.827554960393666e-05,0.000556992462725703
1411,31934,101,322,101,322,DepthLow,DepthLow,DepthLow--DepthLow,8,0.20174846633038013,2.8272709557071786e-05,0.0005569365174047568
1412,65054,312,315,312,315,DepthMid,DepthMid,DepthMid--DepthMid,10,0.5872610746444484,2.8271763380799926e-05,0.0005569178789323233
1413,60503,255,324,255,324,DepthLow,DepthMid,DepthLow--DepthMid,10,0.30063868912727704,2.827129841188878e-05,0.0005569087196345364
1414,37721,124,336,124,336,DepthLow,DepthHigh,DepthHigh--DepthLow,9,0.257574674472167,2.8270027780015303e-05,0.0005568836897982878
1415,4163,11,226,11,226,DepthHigh,DepthMid,DepthHigh--DepthMid,4,0.12443209897535187,2.826990661322098e-05,0.0005568813029661265
1416,22055,66,243,66,243,DepthMid,DepthLow,DepthLow--DepthMid,6,0.17251026846850975,2.826704988860591e-05,0.0005568250291146554
1417,64330,299,345,299,345,DepthHigh,DepthMid,DepthHigh--DepthMid,10,0.31221577158593417,2.8265962120373302e-05,0.0005568036014601892
1418,66348,351,361,351,361,DepthMid,DepthHigh,DepthHigh--DepthMid,4,0.13267724093487338,2.8264796469297913e-05,0.0005567806396125062
1419,25574,78,264,78,264,DepthMid,DepthMid,DepthMid--DepthMid,10,0.30393513557357105,2.826213458424699e-05,0.0005567282038533159
1420,59193,244,268,244,268,DepthLow,DepthLow,DepthLow--DepthLow,9,0.2441509130643782,2.825808680483609e-05,0.0005566484677330908
1421,15300,44,275,44,275,DepthMid,DepthHigh,DepthHigh--DepthMid,9,0.23775098487431798,2.8255593842652196e-05,0.0005565993595401206
1422,43879,152,180,152,180,DepthLow,DepthMid,DepthLow--DepthMid,9,0.2393000794744085,2.8249712111849367e-05,0.0005564834969036433
1423,62578,276,341,276,341,DepthHigh,DepthHigh,DepthHigh--DepthHigh,3,0.10105202931716825,2.824866224692203e-05,0.0005564628158962147
1424,25595,78,285,78,285,DepthMid,DepthLow,DepthLow--DepthMid,7,0.19474450524097825,2.8243597300849474e-05,0.0005563630428829208
1425,17548,51,311,51,311,DepthHigh,DepthMid,DepthHigh--DepthMid,9,0.25844408330250424,2.8243127454798798e-05,0.0005563537875116713
1426,44043,152,344,152,344,DepthLow,DepthHigh,DepthHigh--DepthLow,2,0.09844665295791191,2.824280685971765e-05,0.0005563474721952128
1427,56960,226,348,226,348,DepthMid,DepthMid,DepthMid--DepthMid,10,0.30205620170347675,2.8237366641525277e-05,0.0005562403067971506
1428,65981,334,351,334,351,DepthHigh,DepthMid,DepthHigh--DepthMid,10,0.30411114908845743,2.822647115545887e-05,0.0005560256795413862
1429,6659,18,279,18,279,DepthHigh,DepthHigh,DepthHigh--DepthHigh,9,0.26654785357560445,2.8224050628195863e-05,0.0005559779982244816
1430,20327,60,318,60,318,DepthHigh,DepthHigh,DepthHigh--DepthHigh,10,0.32003087898525806,2.8223244466775217e-05,0.0005559621178670233
1431,60391,254,321,254,321,DepthLow,DepthHigh,DepthHigh--DepthLow,9,0.25454914208880075,2.822219297559567e-05,0.0005559414048244889
1432,42816,147,187,147,187,DepthLow,DepthLow,DepthLow--DepthLow,8,0.20975578088629512,2.8220719942736582e-05,0.0005559123879455475
1433,8321,23,226,23,226,DepthHigh,DepthMid,DepthHigh--DepthMid,5,0.14515646065160553,2.8220538096814716e-05,0.0005559088058115386
1434,56479,223,284,223,284,DepthLow,DepthLow,DepthLow--DepthLow,8,0.2155272981180415,2.8219892040958063e-05,0.0005558960793306144
1435,31787,101,175,101,175,DepthLow,DepthMid,DepthLow--DepthMid,5,0.14162528103241917,2.82185942223147e-05,0.0005558705139494826
1436,15782,46,120,46,120,DepthHigh,DepthLow,DepthHigh--DepthLow,9,0.26174512731468846,2.821423418307288e-05,0.0005557846267066562
1437,23338,70,344,70,344,DepthHigh,DepthHigh,DepthHigh--DepthHigh,8,0.2026101995179204,2.8213186210601777e-05,0.000555763982978215
1438,49387,179,342,179,342,DepthLow,DepthMid,DepthLow--DepthMid,4,0.12689834265902997,2.8210151649748778e-05,0.0005557042059784226
1439,2642,7,123,7,123,DepthHigh,DepthLow,DepthHigh--DepthLow,7,0.18157446984884312,2.8207683383648928e-05,0.0005556555842669838
1440,58159,235,350,235,350,DepthHigh,DepthMid,DepthHigh--DepthMid,6,0.17216913920495514,2.8206766986740467e-05,0.0005556375324102373
1441,29680,93,200,93,200,DepthLow,DepthLow,DepthLow--DepthLow,3,0.10719253663312814,2.8204532727090417e-05,0.0005555935203290477
1442,46120,162,356,162,356,DepthHigh,DepthMid,DepthHigh--DepthMid,2,0.0952504672825213,2.820359581716688e-05,0.0005555750643919228
1443,6084,17,50,17,50,DepthHigh,DepthHigh,DepthHigh--DepthHigh,9,0.266539278877198,2.8203436907359884e-05,0.0005555719340702848
1444,11024,31,237,31,237,DepthHigh,DepthHigh,DepthHigh--DepthHigh,9,0.23166326467826248,2.8202272914337253e-05,0.000555549004884138
1445,50728,187,239,187,239,DepthLow,DepthHigh,DepthHigh--DepthLow,5,0.15668007166963865,2.8201809101985555e-05,0.0005555398683691053
1446,45001,157,257,157,257,DepthMid,DepthLow,DepthLow--DepthMid,10,0.3653776715955971,2.8198493681677264e-05,0.0005554745587942836
1447,31968,101,356,101,356,DepthLow,DepthMid,DepthLow--DepthMid,2,0.07645331633283865,2.819774977935385e-05,0.0005554599048620718
1448,21128,63,213,63,213,DepthMid,DepthHigh,DepthHigh--DepthMid,7,0.19601790797117044,2.819704178661546e-05,0.0005554459583031376
1449,64477,302,303,302,303,DepthHigh,DepthHigh,DepthHigh--DepthHigh,10,0.9132001603883624,2.8193699550469777e-05,0.0005553801204903322
1450,55349,215,310,215,310,DepthMid,DepthHigh,DepthHigh--DepthMid,9,0.23131442415451275,2.8192066446979372e-05,0.0005553479504229861
1451,16786,49,176,49,176,DepthHigh,DepthMid,DepthHigh--DepthMid,8,0.20639535014761268,2.8191739259961652e-05,0.0005553415052537383
1452,62553,276,316,276,316,DepthHigh,DepthHigh,DepthHigh--DepthHigh,8,0.227381667589811,2.8189539861426214e-05,0.000555298179892289
1453,48685,176,198,176,198,DepthMid,DepthLow,DepthLow--DepthMid,4,0.1356759524093923,2.818879251939581e-05,0.0005552834582022124
1454,8342,23,247,23,247,DepthHigh,DepthLow,DepthHigh--DepthLow,10,0.29481020810180786,2.818516794432205e-05,0.0005552120586706402
1455,20626,61,314,61,314,DepthHigh,DepthMid,DepthHigh--DepthMid,7,0.19860597382183942,2.818468317195295e-05,0.0005552025092698502
1456,49308,179,263,179,263,DepthLow,DepthMid,DepthLow--DepthMid,3,0.10414898186475723,2.818365890698783e-05,0.0005551823325492065
1457,59800,249,290,249,290,DepthHigh,DepthHigh,DepthHigh--DepthHigh,8,0.22172589317024813,2.818282933417811e-05,0.0005551659910170782
1458,10300,29,180,29,180,DepthMid,DepthMid,DepthMid--DepthMid,9,0.23248944800595464,2.8180536341916278e-05,0.0005551208219779324
1459,21132,63,217,63,217,DepthMid,DepthLow,DepthLow--DepthMid,10,0.28215112862653796,2.8179400755094748e-05,0.0005550984523579171
1460,66257,345,363,345,363,DepthMid,DepthMid,DepthMid--DepthMid,10,0.38822495528315076,2.817744086973136e-05,0.0005550598451021607
1461,50506,186,194,186,194,DepthMid,DepthMid,DepthMid--DepthMid,10,0.5853781374260001,2.8176574584015437e-05,0.0005550427803723467
1462,62811,279,316,279,316,DepthHigh,DepthHigh,DepthHigh--DepthHigh,8,0.22348810830929292,2.8174999813274403e-05,0.0005550117593861744
1463,55881,219,256,219,256,DepthMid,DepthLow,DepthLow--DepthMid,8,0.21517418583459236,2.8172017501271744e-05,0.0005549530116224617
1464,43608,150,334,150,334,DepthMid,DepthHigh,DepthHigh--DepthMid,10,0.3093795285605441,2.8170049980480925e-05,0.0005549142539584696
1465,22869,69,169,69,169,DepthMid,DepthLow,DepthLow--DepthMid,4,0.1394414865763611,2.816831567529319e-05,0.0005548800903460494
1466,41190,139,325,139,325,DepthLow,DepthLow,DepthLow--DepthLow,9,0.24170025600579917,2.8167739325030484e-05,0.000554868736976912
1467,16765,49,155,49,155,DepthHigh,DepthMid,DepthHigh--DepthMid,9,0.24797462724020522,2.8162696652997543e-05,0.0005547694027339463
1468,51979,194,279,194,279,DepthMid,DepthHigh,DepthHigh--DepthMid,3,0.11550026495571768,2.8160661863293465e-05,0.0005547293199576863
1469,27100,84,95,84,95,DepthHigh,DepthLow,DepthHigh--DepthLow,6,0.17812312547301593,2.8158072625054263e-05,0.0005546783152485423
1470,32257,103,122,103,122,DepthLow,DepthLow,DepthLow--DepthLow,10,0.2901610420305081,2.8154584010721048e-05,0.0005546095939711074
1471,24117,73,247,73,247,DepthMid,DepthLow,DepthLow--DepthMid,10,0.31837243372573637,2.8151490160399975e-05,0.0005545486490439963
1472,24023,73,153,73,153,DepthMid,DepthHigh,DepthHigh--DepthMid,9,0.2705933584675041,2.815114345506652e-05,0.0005545418193886853
1473,24860,76,123,76,123,DepthMid,DepthLow,DepthLow--DepthMid,7,0.19590462452356608,2.8150269150519726e-05,0.0005545245966980741
1474,42446,145,252,145,252,DepthLow,DepthLow,DepthLow--DepthLow,9,0.22865479852613332,2.814921972721141e-05,0.0005545039243899801
1475,52573,198,203,198,203,DepthLow,DepthLow,DepthLow--DepthLow,6,0.17215343798048388,2.8146619409201e-05,0.0005544527014233968
1476,20489,61,177,61,177,DepthHigh,DepthMid,DepthHigh--DepthMid,8,0.20843807414858465,2.813998777318341e-05,0.0005543220666053622
1477,11376,32,257,32,257,DepthMid,DepthLow,DepthLow--DepthMid,10,0.31159203053915907,2.8138230552208412e-05,0.0005542874515809991
1478,10548,30,94,30,94,DepthHigh,DepthLow,DepthHigh--DepthLow,7,0.1805561222728213,2.813821612330463e-05,0.0005542871673498962
1479,23544,71,257,71,257,DepthMid,DepthLow,DepthLow--DepthMid,10,0.28862959507347163,2.8130602814272346e-05,0.000554137194818618
1480,49076,178,216,178,216,DepthLow,DepthMid,DepthLow--DepthMid,4,0.130278048947737,2.8129286639564506e-05,0.0005541112678462986
1481,25147,77,123,77,123,DepthMid,DepthLow,DepthLow--DepthMid,7,0.19350408562456942,2.8128566313421375e-05,0.0005540970783349346
1482,5114,14,124,14,124,DepthHigh,DepthLow,DepthHigh--DepthLow,8,0.2101788756650579,2.8126575540554835e-05,0.0005540578626345435
1483,16510,48,215,48,215,DepthHigh,DepthMid,DepthHigh--DepthMid,3,0.10872674441772413,2.812183083748983e-05,0.0005539643980023048
1484,34517,111,330,111,330,DepthLow,DepthMid,DepthLow--DepthMid,7,0.1850481212316781,2.8118468628014548e-05,0.0005538981667402403
1485,5649,15,310,15,310,DepthHigh,DepthHigh,DepthHigh--DepthHigh,9,0.2677519927045946,2.8118180142006517e-05,0.0005538924839317953
1486,65039,311,352,311,352,DepthMid,DepthMid,DepthMid--DepthMid,7,0.19859479139697367,2.811406816738765e-05,0.000553811483247398
1487,30312,95,293,95,293,DepthLow,DepthLow,DepthLow--DepthLow,2,0.09199721502198002,2.8114016626552588e-05,0.0005538104679583212
1488,57498,230,344,230,344,DepthMid,DepthHigh,DepthHigh--DepthMid,3,0.10352896600160551,2.811389386911164e-05,0.0005538080497924391
1489,11818,34,38,34,38,DepthMid,DepthMid,DepthMid--DepthMid,10,0.4167298014320851,2.8112081559061453e-05,0.0005537723495831694
1490,58940,242,256,242,256,DepthHigh,DepthLow,DepthHigh--DepthLow,3,0.10703994944126734,2.8109705836093185e-05,0.0005537255508540418
1491,9029,25,255,25,255,DepthHigh,DepthLow,DepthHigh--DepthLow,9,0.26989203333659406,2.8109673073161023e-05,0.0005537249054658344
1492,23750,72,171,72,171,DepthMid,DepthLow,DepthLow--DepthMid,3,0.11594623159064778,2.8106955139941807e-05,0.0005536713656288197
1493,60667,257,273,257,273,DepthLow,DepthHigh,DepthHigh--DepthLow,8,0.21513163279990916,2.810505275021393e-05,0.0005536338909641558
1494,49135,178,275,178,275,DepthLow,DepthHigh,DepthHigh--DepthLow,1,0.05602210397557826,2.810381899566453e-05,0.0005536095875644167
1495,13033,37,269,37,269,DepthMid,DepthHigh,DepthHigh--DepthMid,9,0.24346174559170214,2.810366957646135e-05,0.0005536066441956361
1496,63412,286,350,286,350,DepthLow,DepthMid,DepthLow--DepthMid,4,0.13183100291242011,2.8103176088817723e-05,0.0005535969231149923
1497,56037,220,268,220,268,DepthHigh,DepthLow,DepthHigh--DepthLow,7,0.1850087705317235,2.8101282560592153e-05,0.000553559623010684
1498,17164,50,240,50,240,DepthHigh,DepthHigh,DepthHigh--DepthHigh,10,0.36198474204083114,2.8100103385245903e-05,0.000553536394752019
1499,31636,100,287,100,287,DepthLow,DepthHigh,DepthHigh--DepthLow,2,0.07452204144116313,2.809345242151687e-05,0.0005534053792025841
1500,58642,239,327,239,327,DepthHigh,DepthLow,DepthHigh--DepthLow,4,0.12420258862098503,2.8092772721401363e-05,0.0005533919899724346
1501,8405,23,310,23,310,DepthHigh,DepthHigh,DepthHigh--DepthHigh,6,0.16712560119906497,2.809269715607437e-05,0.0005533905014313393
1502,42567,146,155,146,155,DepthLow,DepthMid,DepthLow--DepthMid,9,0.26079009525368047,2.8086976766776875e-05,0.0005532778170178729
1503,42455,145,261,145,261,DepthLow,DepthMid,DepthLow--DepthMid,8,0.22233769840735676,2.808483084201377e-05,0.0005532355450219128
1504,57467,230,313,230,313,DepthMid,DepthHigh,DepthHigh--DepthMid,5,0.1474899579479848,2.8080850332604184e-05,0.000553157134035389
1505,63190,284,285,284,285,DepthLow,DepthLow,DepthLow--DepthLow,10,0.8656838838422383,2.8078695250587737e-05,0.000553114681653153
1506,39258,131,221,131,221,DepthLow,DepthMid,DepthLow--DepthMid,3,0.11981787143697348,2.8075151264178678e-05,0.0005530448696160575
1507,66220,344,345,344,345,DepthHigh,DepthMid,DepthHigh--DepthMid,5,0.15150132333794142,2.807249285560784e-05,0.0005529925023391153
1508,46075,162,311,162,311,DepthHigh,DepthMid,DepthHigh--DepthMid,3,0.11293614896842502,2.8069921460513556e-05,0.000552941849117294
1509,9171,26,59,26,59,DepthHigh,DepthHigh,DepthHigh--DepthHigh,10,0.3481193154913833,2.8064031969518288e-05,0.0005528258336148686
1510,23774,72,195,72,195,DepthMid,DepthMid,DepthMid--DepthMid,3,0.11444179197277615,2.805410356864724e-05,0.00055263025671081
1511,29574,93,94,93,94,DepthLow,DepthLow,DepthLow--DepthLow,10,0.8765384480317184,2.8053655935551257e-05,0.0005526214389065932
1512,24474,74,314,74,314,DepthMid,DepthMid,DepthMid--DepthMid,9,0.23450932270265204,2.8052370469646007e-05,0.0005525961168587341
1513,48822,176,335,176,335,DepthMid,DepthHigh,DepthHigh--DepthMid,6,0.16651991880321868,2.8046071277080543e-05,0.0005524720307550379
1514,63139,283,314,283,314,DepthLow,DepthMid,DepthLow--DepthMid,7,0.1941291937285558,2.804175463516795e-05,0.0005523869983845525
1515,60711,257,317,257,317,DepthLow,DepthMid,DepthLow--DepthMid,10,0.27404872452852713,2.804108274445894e-05,0.0005523737629898056
1516,31733,101,121,101,121,DepthLow,DepthLow,DepthLow--DepthLow,9,0.25300658231992407,2.803926168450136e-05,0.0005523378904184586
1517,6961,19,236,19,236,DepthMid,DepthMid,DepthMid--DepthMid,3,0.11287911021315547,2.803138446361375e-05,0.000552182719158374
1518,12940,37,176,37,176,DepthMid,DepthMid,DepthMid--DepthMid,7,0.1876355814910181,2.802817052831305e-05,0.000552119408709479
1519,5292,14,302,14,302,DepthHigh,DepthHigh,DepthHigh--DepthHigh,6,0.17793579709423274,2.802619438462665e-05,0.0005520804811853812
1520,7795,22,41,22,41,DepthMid,DepthMid,DepthMid--DepthMid,9,0.26397010717550257,2.8024769334642096e-05,0.000552052409508207
1521,1680,4,235,4,235,DepthHigh,DepthHigh,DepthHigh--DepthHigh,7,0.1971187336192617,2.8020747083824193e-05,0.0005519731762688838
1522,33708,108,283,108,283,DepthLow,DepthLow,DepthLow--DepthLow,10,0.3751614085729863,2.802068547783022e-05,0.0005519719627089431
1523,39450,132,181,132,181,DepthLow,DepthMid,DepthLow--DepthMid,2,0.09653524033017528,2.8018450362020675e-05,0.0005519279337624974
1524,59551,247,272,247,272,DepthLow,DepthHigh,DepthHigh--DepthLow,9,0.22950437146421274,2.8017924808725527e-05,0.0005519175810291903
1525,49746,181,334,181,334,DepthMid,DepthHigh,DepthHigh--DepthMid,7,0.1845078896136235,2.8013595234207746e-05,0.0005518322939027864
1526,63374,286,312,286,312,DepthLow,DepthMid,DepthLow--DepthMid,8,0.2025685462547261,2.80114437827111e-05,0.0005517899130371856
1527,4958,13,318,13,318,DepthMid,DepthHigh,DepthHigh--DepthMid,8,0.21038135750924886,2.8011390659847197e-05,0.0005517888665841473
1528,32247,103,112,103,112,DepthLow,DepthLow,DepthLow--DepthLow,10,0.2859594015806928,2.801014462736742e-05,0.0005517643213247529
1529,10369,29,249,29,249,DepthMid,DepthHigh,DepthHigh--DepthMid,8,0.20850931253882393,2.8007726471965587e-05,0.000551716686730505
1530,65597,323,352,323,352,DepthLow,DepthMid,DepthLow--DepthMid,1,0.06954984519918606,2.800737308057202e-05,0.0005517097253682904
1531,23717,72,138,72,138,DepthMid,DepthLow,DepthLow--DepthMid,9,0.24722224529360304,2.8007162012694843e-05,0.0005517055675988268
1532,44221,153,311,153,311,DepthHigh,DepthMid,DepthHigh--DepthMid,7,0.1985292507712336,2.8006293069404955e-05,0.0005516884505181764
1533,33271,106,359,106,359,DepthLow,DepthHigh,DepthHigh--DepthLow,7,0.18492736483499103,2.800608266426587e-05,0.0005516843058038126
1534,38245,127,146,127,146,DepthLow,DepthLow,DepthLow--DepthLow,1,0.055386339567101005,2.800238800745248e-05,0.0005516115257508607
1535,33668,108,243,108,243,DepthLow,DepthLow,DepthLow--DepthLow,6,0.16197228678687725,2.8001268969599694e-05,0.0005515894821245392
1536,41343,140,254,140,254,DepthLow,DepthLow,DepthLow--DepthLow,3,0.11867649200456344,2.7992084725775524e-05,0.0005514085641704215
1537,30980,98,160,98,160,DepthLow,DepthLow,DepthLow--DepthLow,9,0.26291360223535276,2.7990986997970273e-05,0.0005513869403250068
1538,8439,23,344,23,344,DepthHigh,DepthHigh,DepthHigh--DepthHigh,3,0.10901701022823067,2.7986062564389958e-05,0.0005512899352295852
1539,38354,127,255,127,255,DepthLow,DepthLow,DepthLow--DepthLow,8,0.21213312615337054,2.7981924745379533e-05,0.0005512084254434551
1540,35954,117,270,117,270,DepthLow,DepthHigh,DepthHigh--DepthLow,3,0.11387954734632047,2.797850524041143e-05,0.0005511410655328551
1541,44064,153,154,153,154,DepthHigh,DepthHigh,DepthHigh--DepthHigh,10,0.7948812692051918,2.7974768313989636e-05,0.0005510674528222321
1542,48013,172,284,172,284,DepthLow,DepthLow,DepthLow--DepthLow,10,0.498542699319046,2.7971927691567727e-05,0.0005510114961635423
1543,58951,242,267,242,267,DepthHigh,DepthHigh,DepthHigh--DepthHigh,6,0.16701755225997883,2.7970890991716643e-05,0.0005509910744914175
1544,26662,82,218,82,218,DepthHigh,DepthHigh,DepthHigh--DepthHigh,6,0.15944503702119084,2.7969544618067122e-05,0.0005509645526382511
1545,48586,175,287,175,287,DepthMid,DepthHigh,DepthHigh--DepthMid,9,0.24686061684909322,2.7968571407798326e-05,0.0005509453816303676
1546,49159,178,299,178,299,DepthLow,DepthHigh,DepthHigh--DepthLow,2,0.08781798967416936,2.796130874360841e-05,0.000550802316357729
1547,42462,145,268,145,268,DepthLow,DepthLow,DepthLow--DepthLow,5,0.14566831071403424,2.795754234830525e-05,0.0005507281231475213
1548,44038,152,339,152,339,DepthLow,DepthHigh,DepthHigh--DepthLow,3,0.10401618701891163,2.7957537182244525e-05,0.0005507280213826775
1549,37127,122,223,122,223,DepthLow,DepthLow,DepthLow--DepthLow,9,0.24506863629908401,2.79556762955334e-05,0.0005506913642748016
1550,42744,146,332,146,332,DepthLow,DepthMid,DepthLow--DepthMid,3,0.11520442341853636,2.7955593331640492e-05,0.000550689729991342
1551,63769,291,332,291,332,DepthHigh,DepthMid,DepthHigh--DepthMid,3,0.1194069119263634,2.794996224871887e-05,0.0005505788048002048
1552,25644,78,334,78,334,DepthMid,DepthHigh,DepthHigh--DepthMid,8,0.20604526861137576,2.7946743621785425e-05,0.0005505154019320956
1553,24825,76,88,76,88,DepthMid,DepthLow,DepthLow--DepthMid,2,0.08421799006059885,2.79449811926939e-05,0.0005504806843144429
1554,10701,30,247,30,247,DepthHigh,DepthLow,DepthHigh--DepthLow,7,0.18678642933912734,2.794491721800953e-05,0.0005504794240943058
1555,905,2,181,2,181,DepthHigh,DepthMid,DepthHigh--DepthMid,5,0.14034640180319774,2.794204781811948e-05,0.0005504229005559947
1556,65815,329,345,329,345,DepthLow,DepthMid,DepthLow--DepthMid,7,0.18465330658852985,2.7941048316552733e-05,0.0005504032116428893
1557,52017,194,317,194,317,DepthMid,DepthMid,DepthMid--DepthMid,7,0.18469799622315844,2.7940252393129386e-05,0.000550387532960992
1558,35665,116,228,116,228,DepthLow,DepthMid,DepthLow--DepthMid,9,0.269279813995824,2.7936297483992936e-05,0.0005503096262673778
1559,65918,332,349,332,349,DepthMid,DepthMid,DepthMid--DepthMid,10,0.32502273393994235,2.793208910416835e-05,0.0005502267265227074
1560,6313,17,279,17,279,DepthHigh,DepthHigh,DepthHigh--DepthHigh,10,0.2832036583523441,2.7929230520646974e-05,0.0005501704160531399
1561,9615,27,166,27,166,DepthMid,DepthMid,DepthMid--DepthMid,10,0.3713249690287549,2.7925067530056594e-05,0.000550088410418812
1562,18204,53,344,53,344,DepthHigh,DepthHigh,DepthHigh--DepthHigh,8,0.20652298044545805,2.7924126637635625e-05,0.000550069876031539
1563,48239,173,319,173,319,DepthMid,DepthHigh,DepthHigh--DepthMid,5,0.1415455936715991,2.7923798712329948e-05,0.0005500634163189549
1564,4032,11,95,11,95,DepthHigh,DepthLow,DepthHigh--DepthLow,6,0.15906961697814528,2.7922845216769873e-05,0.0005500446336658272
1565,33475,107,306,107,306,DepthLow,DepthHigh,DepthHigh--DepthLow,4,0.12195083432339113,2.7917353559790244e-05,0.0005499364549889006
1566,45841,161,279,161,279,DepthHigh,DepthHigh,DepthHigh--DepthHigh,6,0.1779065481815306,2.7912772126231577e-05,0.0005498462065588471
1567,37218,122,314,122,314,DepthLow,DepthMid,DepthLow--DepthMid,6,0.16900615007812536,2.7911389313784844e-05,0.0005498189669075942
1568,7076,19,351,19,351,DepthMid,DepthMid,DepthMid--DepthMid,6,0.16866963597101442,2.7908667902428576e-05,0.0005497653585556912
1569,36615,120,196,120,196,DepthLow,DepthMid,DepthLow--DepthMid,3,0.10245951020410955,2.790518459790671e-05,0.000549696741874805
1570,58706,240,267,240,267,DepthHigh,DepthHigh,DepthHigh--DepthHigh,5,0.15177924468394266,2.7900171964574617e-05,0.0005495979993561451
1571,65211,315,322,315,322,DepthMid,DepthLow,DepthLow--DepthMid,3,0.10548059827696744,2.7898090973894328e-05,0.0005495570064792547
1572,19256,57,162,57,162,DepthHigh,DepthHigh,DepthHigh--DepthHigh,2,0.08748593914577192,2.7896896189029818e-05,0.000549533470732879
1573,63301,285,317,285,317,DepthLow,DepthMid,DepthLow--DepthMid,9,0.23638863862506784,2.78961176988715e-05,0.0005495181354641907
1574,63838,292,329,292,329,DepthHigh,DepthLow,DepthHigh--DepthLow,3,0.11978674104973579,2.7892531904403562e-05,0.0005494474998613641
1575,30926,98,106,98,106,DepthLow,DepthLow,DepthLow--DepthLow,10,0.28018136838003643,2.7889514613979546e-05,0.0005493880630671171
1576,4571,12,282,12,282,DepthHigh,DepthHigh,DepthHigh--DepthHigh,4,0.12953693349555304,2.7889459472753966e-05,0.0005493869768549138
1577,48478,175,179,175,179,DepthMid,DepthLow,DepthLow--DepthMid,2,0.08363686721446872,2.7888707294400177e-05,0.000549372159895401
1578,18237,54,67,54,67,DepthHigh,DepthMid,DepthHigh--DepthMid,10,0.4776891596489017,2.7884123290902037e-05,0.0005492818608407995
1579,52040,194,340,194,340,DepthMid,DepthMid,DepthMid--DepthMid,3,0.11645528732520757,2.78823119210737e-05,0.0005492461791527076
1580,26833,83,108,83,108,DepthHigh,DepthLow,DepthHigh--DepthLow,6,0.17029088466024914,2.788089871840386e-05,0.0005492183408526063
1581,51077,189,237,189,237,DepthLow,DepthHigh,DepthHigh--DepthLow,10,0.2741012539825614,2.788069121163978e-05,0.0005492142532325538
1582,53763,205,259,205,259,DepthLow,DepthMid,DepthLow--DepthMid,5,0.15723551935235125,2.787947343833013e-05,0.0005491902646429672
1583,1567,4,122,4,122,DepthHigh,DepthLow,DepthHigh--DepthLow,9,0.24598953759134698,2.7878234320448586e-05,0.0005491658555923876
1584,17947,53,87,53,87,DepthHigh,DepthMid,DepthHigh--DepthMid,9,0.26218417767288005,2.7874965548520123e-05,0.00054910146493148
1585,21169,63,254,63,254,DepthMid,DepthLow,DepthLow--DepthMid,7,0.18292678634850104,2.787342177686854e-05,0.0005490710545880509
1586,17010,50,86,50,86,DepthHigh,DepthHigh,DepthHigh--DepthHigh,10,0.29015840518386105,2.7872066307424273e-05,0.000549044353559265
1587,61844,268,339,268,339,DepthLow,DepthHigh,DepthHigh--DepthLow,6,0.16293666247090047,2.7871462055343132e-05,0.0005490324505596949
1588,19163,57,69,57,69,DepthHigh,DepthMid,DepthHigh--DepthMid,9,0.24563183775248468,2.786407321868888e-05,0.0005488868998495451
1589,38827,129,257,129,257,DepthLow,DepthLow,DepthLow--DepthLow,5,0.15548017811006107,2.786377317496742e-05,0.0005488809893688053
1590,38479,128,144,128,144,DepthLow,DepthLow,DepthLow--DepthLow,8,0.2070888380172904,2.7861353848540292e-05,0.0005488333317068444
1591,24054,73,184,73,184,DepthMid,DepthLow,DepthLow--DepthMid,3,0.11048490650830177,2.7859472255411882e-05,0.0005487962667088118
1592,13045,37,281,37,281,DepthMid,DepthLow,DepthLow--DepthMid,5,0.15754639743525659,2.7859027666652337e-05,0.0005487875088741614
1593,22948,69,248,69,248,DepthMid,DepthHigh,DepthHigh--DepthMid,9,0.24805959187142168,2.7858707515307195e-05,0.0005487812022987394
1594,2561,7,42,7,42,DepthHigh,DepthMid,DepthHigh--DepthMid,1,0.017896103127309722,2.7858588026681106e-05,0.0005487788485243638
1595,66053,337,339,337,339,DepthHigh,DepthHigh,DepthHigh--DepthHigh,5,0.15031840256813728,2.7857239949373496e-05,0.0005487522931112939
1596,51151,189,311,189,311,DepthLow,DepthMid,DepthLow--DepthMid,9,0.25662083287597576,2.785721355142644e-05,0.0005487517731052198
1597,39061,130,257,130,257,DepthLow,DepthLow,DepthLow--DepthLow,5,0.15722829937972665,2.785583951847214e-05,0.0005487247063988321
1598,17077,50,153,50,153,DepthHigh,DepthHigh,DepthHigh--DepthHigh,7,0.19136039774190935,2.785583544878292e-05,0.0005487246262311164
1599,65531,322,327,322,327,DepthLow,DepthLow,DepthLow--DepthLow,6,0.1656640698141877,2.7853202099733845e-05,0.0005486727525949677
1600,32680,104,285,104,285,DepthLow,DepthLow,DepthLow--DepthLow,10,0.2961291204912623,2.783444865239545e-05,0.0005483033334691179
1601,17068,50,144,50,144,DepthHigh,DepthLow,DepthHigh--DepthLow,7,0.18973433727544017,2.7832877287214577e-05,0.0005482723795681612
1602,63031,282,287,282,287,DepthHigh,DepthHigh,DepthHigh--DepthHigh,9,0.23228628309898533,2.7830809356581612e-05,0.0005482316439576378
1603,48602,175,303,175,303,DepthMid,DepthHigh,DepthHigh--DepthMid,8,0.2184244787379986,2.7823888884875893e-05,0.0005480953194429038
1604,50178,184,223,184,223,DepthLow,DepthLow,DepthLow--DepthLow,9,0.22953878871994146,2.7822711491905067e-05,0.000548072126294774
1605,38423,127,324,127,324,DepthLow,DepthMid,DepthLow--DepthMid,7,0.18709614110517533,2.7819903654949344e-05,0.0005480168154681833
1606,47628,170,284,170,284,DepthLow,DepthLow,DepthLow--DepthLow,8,0.21790477718718015,2.781884928070475e-05,0.0005479960456329243
1607,35825,117,141,117,141,DepthLow,DepthLow,DepthLow--DepthLow,5,0.15816990310405163,2.7815108907903092e-05,0.0005479223650329895
1608,42968,147,339,147,339,DepthLow,DepthHigh,DepthHigh--DepthLow,3,0.11889273917653166,2.7814205629383545e-05,0.0005479045715918653
1609,44044,152,345,152,345,DepthLow,DepthMid,DepthLow--DepthMid,8,0.20451810686473326,2.7811513755524348e-05,0.0005478515450911895
1610,62161,272,282,272,282,DepthHigh,DepthHigh,DepthHigh--DepthHigh,10,0.28373449147195184,2.7808480661290563e-05,0.0005477917969819355
1611,44031,152,332,152,332,DepthLow,DepthMid,DepthLow--DepthMid,7,0.18894907752256598,2.7805431992991538e-05,0.0005477317420833502
1612,35630,116,193,116,193,DepthLow,DepthMid,DepthLow--DepthMid,7,0.18210462481586293,2.7805068753708197e-05,0.000547724586730198
1613,17549,51,312,51,312,DepthHigh,DepthMid,DepthHigh--DepthMid,8,0.21333664159599236,2.7803960468833926e-05,0.0005477027549239142
1614,28188,87,349,87,349,DepthMid,DepthMid,DepthMid--DepthMid,7,0.18304229318146792,2.780386035853181e-05,0.0005477007828779417
1615,66386,355,357,355,357,DepthMid,DepthMid,DepthMid--DepthMid,10,0.7773911841209835,2.7803206750948377e-05,0.0005476879076375784
1616,9487,27,38,27,38,DepthMid,DepthMid,DepthMid--DepthMid,10,0.34590799917484294,2.7801964191706003e-05,0.0005476634307965554
1617,56557,223,362,223,362,DepthLow,DepthHigh,DepthHigh--DepthLow,7,0.18632100057364223,2.7799127871683043e-05,0.0005476075588896678
1618,13051,37,287,37,287,DepthMid,DepthHigh,DepthHigh--DepthMid,4,0.13165065871770157,2.7796640166041003e-05,0.0005475585542439047
1619,16942,49,332,49,332,DepthHigh,DepthMid,DepthHigh--DepthMid,9,0.2445754774826641,2.7796083158681e-05,0.0005475475819054162
1620,54838,212,249,212,249,DepthLow,DepthHigh,DepthHigh--DepthLow,1,0.06118355917264567,2.7793534986963197e-05,0.0005474973861546553
1621,52149,195,280,195,280,DepthMid,DepthLow,DepthLow--DepthMid,7,0.1901286603260428,2.7793378403713908e-05,0.0005474943016632532
1622,29488,92,279,92,279,DepthLow,DepthHigh,DepthHigh--DepthLow,3,0.119974152056663,2.7785081747327548e-05,0.0005473308680558519
1623,23146,70,152,70,152,DepthHigh,DepthLow,DepthHigh--DepthLow,9,0.264758426829715,2.7784249367822334e-05,0.0005473144712353823
1624,25871,79,276,79,276,DepthMid,DepthHigh,DepthHigh--DepthMid,5,0.14101844138815312,2.7782300538195536e-05,0.0005472760817636138
1625,53411,203,226,203,226,DepthLow,DepthMid,DepthLow--DepthMid,9,0.24926271568037653,2.7781383820121326e-05,0.0005472580235803094
1626,23880,72,301,72,301,DepthMid,DepthHigh,DepthHigh--DepthMid,7,0.19107019017448773,2.7777808864946737e-05,0.0005471876014978133
1627,50056,183,281,183,281,DepthMid,DepthLow,DepthLow--DepthMid,10,0.2745582211100798,2.7775581678643966e-05,0.0005471437287525934
1628,49017,177,343,177,343,DepthMid,DepthHigh,DepthHigh--DepthMid,4,0.13236221144013102,2.7774846994258335e-05,0.000547129256402064
1629,18322,54,152,54,152,DepthHigh,DepthLow,DepthHigh--DepthLow,9,0.26697468864337953,2.7773650794563537e-05,0.0005471056927853262
1630,30243,95,224,95,224,DepthLow,DepthLow,DepthLow--DepthLow,4,0.13856934206266644,2.7770886659063465e-05,0.0005470512428219813
1631,61717,267,308,267,308,DepthHigh,DepthHigh,DepthHigh--DepthHigh,8,0.21750105178937104,2.77644905174908e-05,0.0005469252469458125
1632,47507,169,357,169,357,DepthLow,DepthMid,DepthLow--DepthMid,7,0.1968036216463638,2.7757862823487207e-05,0.0005467946897804536
1633,65174,314,334,314,334,DepthMid,DepthHigh,DepthHigh--DepthMid,10,0.29177702327667254,2.775442305901615e-05,0.0005467269307833424
1634,32557,104,162,104,162,DepthLow,DepthHigh,DepthHigh--DepthLow,8,0.20876250791985207,2.775253726394512e-05,0.0005466897830123699
1635,4243,11,306,11,306,DepthHigh,DepthHigh,DepthHigh--DepthHigh,8,0.2096225981583841,2.7751741345089147e-05,0.0005466741044204441
1636,42640,146,228,146,228,DepthLow,DepthMid,DepthLow--DepthMid,6,0.16303163677645582,2.775165054401781e-05,0.0005466723157545101
1637,44545,155,216,155,216,DepthMid,DepthMid,DepthMid--DepthMid,9,0.23430647654592923,2.7748911470034782e-05,0.0005466183594712631
1638,13330,38,240,38,240,DepthMid,DepthHigh,DepthHigh--DepthMid,2,0.0809062402283347,2.7747468732957603e-05,0.0005465899393807984
1639,37729,124,344,124,344,DepthLow,DepthHigh,DepthHigh--DepthLow,7,0.19164585344361063,2.774550997675024e-05,0.0005465513543679835
1640,55429,216,242,216,242,DepthMid,DepthHigh,DepthHigh--DepthMid,7,0.18693899535162445,2.7745223890404195e-05,0.0005465457188298359
1641,57587,231,300,231,300,DepthMid,DepthHigh,DepthHigh--DepthMid,4,0.1325887112169684,2.774443546859147e-05,0.0005465301879201529
1642,17588,51,351,51,351,DepthHigh,DepthMid,DepthHigh--DepthMid,7,0.17958488407841286,2.7743292912318886e-05,0.0005465076810107918
1643,23746,72,167,72,167,DepthMid,DepthLow,DepthLow--DepthMid,4,0.1347152964783638,2.774225540794826e-05,0.0005464872434906524
1644,3340,9,110,9,110,DepthHigh,DepthLow,DepthHigh--DepthLow,1,0.06175148893746549,2.7741831957403343e-05,0.0005464789020520187
1645,10361,29,241,29,241,DepthMid,DepthHigh,DepthHigh--DepthMid,9,0.2675342943641505,2.7741636540626284e-05,0.0005464750525893756
1646,33067,106,155,106,155,DepthLow,DepthMid,DepthLow--DepthMid,8,0.21241725323935967,2.7738960627696405e-05,0.0005464223404987627
1647,33449,107,280,107,280,DepthLow,DepthLow,DepthLow--DepthLow,10,0.2715882438912238,2.7738395294494187e-05,0.0005464112041517429
1648,3685,10,101,10,101,DepthHigh,DepthLow,DepthHigh--DepthLow,4,0.12267836242557,2.773565386019845e-05,0.0005463572013733294
1649,65739,327,340,327,340,DepthLow,DepthMid,DepthLow--DepthMid,10,0.27442843164789404,2.7735318845291066e-05,0.000546350602004584
1650,10736,30,282,30,282,DepthHigh,DepthHigh,DepthHigh--DepthHigh,7,0.18819700603818904,2.773478210675887e-05,0.0005463400289362944
1651,32520,104,125,104,125,DepthLow,DepthLow,DepthLow--DepthLow,6,0.16792459194100515,2.7732605652779307e-05,0.0005462971555534932
1652,12461,35,352,35,352,DepthMid,DepthMid,DepthMid--DepthMid,10,0.3306499992338224,2.7718164108117877e-05,0.0005460126754411981
1653,22306,67,197,67,197,DepthMid,DepthMid,DepthMid--DepthMid,4,0.13121923912768288,2.7716655471928258e-05,0.0005459829572218042
1654,58682,240,243,240,243,DepthHigh,DepthLow,DepthHigh--DepthLow,3,0.11158513654632847,2.771622277303529e-05,0.0005459744336024444
1655,59652,248,257,248,257,DepthHigh,DepthLow,DepthHigh--DepthLow,8,0.20332146861944633,2.771505162783401e-05,0.00054595136352745
1656,20417,61,105,61,105,DepthHigh,DepthLow,DepthHigh--DepthLow,6,0.1681554488048909,2.7714466952576482e-05,0.000545939846166474
1657,24402,74,242,74,242,DepthMid,DepthHigh,DepthHigh--DepthMid,4,0.13341098549161126,2.7712119155359396e-05,0.0005458935975392238
1658,43114,148,269,148,269,DepthMid,DepthHigh,DepthHigh--DepthMid,6,0.16486978504961275,2.7710049085949085e-05,0.0005458528197974995
1659,4564,12,275,12,275,DepthHigh,DepthHigh,DepthHigh--DepthHigh,4,0.13110574312418694,2.7707928005968346e-05,0.0005458110372122391
1660,57215,228,330,228,330,DepthMid,DepthMid,DepthMid--DepthMid,10,0.6577880758230139,2.7706844895062254e-05,0.000545789701301198
1661,17545,51,308,51,308,DepthHigh,DepthHigh,DepthHigh--DepthHigh,9,0.24423197109441783,2.7704747035803413e-05,0.000545748376134706
1662,11362,32,243,32,243,DepthMid,DepthLow,DepthLow--DepthMid,10,0.27750522698938707,2.7704541390971182e-05,0.0005457443251923493
1663,60135,252,286,252,286,DepthLow,DepthLow,DepthLow--DepthLow,7,0.1964431439069876,2.7702829036188227e-05,0.0005457105939750617
1664,59707,248,312,248,312,DepthHigh,DepthMid,DepthHigh--DepthMid,9,0.2612717011795554,2.770058351219605e-05,0.0005456663600006197
1665,61083,261,271,261,271,DepthMid,DepthHigh,DepthHigh--DepthMid,2,0.09571567002334302,2.7696671666985526e-05,0.0005455893016117243
1666,6432,18,52,18,52,DepthHigh,DepthHigh,DepthHigh--DepthHigh,10,0.3283462928986885,2.769396433223065e-05,0.0005455359705510141
1667,63856,292,347,292,347,DepthHigh,DepthMid,DepthHigh--DepthMid,7,0.19866144024945895,2.769149500683599e-05,0.0005454873279728111
1668,49273,179,228,179,228,DepthLow,DepthMid,DepthLow--DepthMid,7,0.1953583690875299,2.769056439576177e-05,0.0005454689961150283
1669,18101,53,241,53,241,DepthHigh,DepthHigh,DepthHigh--DepthHigh,10,0.36136348404527036,2.7689312536693325e-05,0.0005454443360792276
1670,41256,140,167,140,167,DepthLow,DepthLow,DepthLow--DepthLow,4,0.1324279954052447,2.768828638138826e-05,0.0005454241221212846
1671,62404,274,344,274,344,DepthHigh,DepthHigh,DepthHigh--DepthHigh,8,0.20819604445467138,2.7688084751444906e-05,0.0005454201502671463
1672,8034,22,280,22,280,DepthMid,DepthLow,DepthLow--DepthMid,10,0.3164502925882342,2.7684349359513145e-05,0.0005453465677840307
1673,57492,230,338,230,338,DepthMid,DepthHigh,DepthHigh--DepthMid,3,0.11096451645066223,2.7677204181350653e-05,0.0005452058168371141
1674,8434,23,339,23,339,DepthHigh,DepthHigh,DepthHigh--DepthHigh,3,0.10783185891970037,2.767610132006663e-05,0.0005451840918686789
1675,59654,248,259,248,259,DepthHigh,DepthMid,DepthHigh--DepthMid,5,0.1523427054952004,2.7672445517516825e-05,0.0005451120771954373
1676,58954,242,270,242,270,DepthHigh,DepthHigh,DepthHigh--DepthHigh,5,0.15027300120531048,2.766632584807325e-05,0.0005449915274695367
1677,38949,130,145,130,145,DepthLow,DepthLow,DepthLow--DepthLow,10,0.3327837176166368,2.7663820356531447e-05,0.0005449421724641077
1678,37962,125,338,125,338,DepthLow,DepthHigh,DepthHigh--DepthLow,8,0.21650319607346064,2.7660616550391744e-05,0.0005448790615468367
1679,54069,207,250,207,250,DepthLow,DepthLow,DepthLow--DepthLow,5,0.1558415455686149,2.7655906934333083e-05,0.0005447862880841189
1680,15364,44,339,44,339,DepthMid,DepthHigh,DepthHigh--DepthMid,5,0.15783570233654518,2.7655129843129445e-05,0.0005447709803730632
1681,58312,237,248,237,248,DepthHigh,DepthHigh,DepthHigh--DepthHigh,9,0.2633021264952291,2.7653264343371588e-05,0.0005447342323940178
1682,55557,217,223,217,223,DepthLow,DepthLow,DepthLow--DepthLow,8,0.2176012578534839,2.765298101072134e-05,0.0005447286511001847
1683,47425,169,275,169,275,DepthLow,DepthHigh,DepthHigh--DepthLow,5,0.14726935910319622,2.7651864278367864e-05,0.0005447066528892752
1684,40364,136,177,136,177,DepthLow,DepthMid,DepthLow--DepthMid,7,0.18829379980800504,2.765177408475397e-05,0.0005447048761894824
1685,51079,189,239,189,239,DepthLow,DepthHigh,DepthHigh--DepthLow,5,0.14947699590344812,2.7651465745776198e-05,0.0005446988023027149
1686,23975,73,105,73,105,DepthMid,DepthLow,DepthLow--DepthMid,3,0.10178272463448707,2.7650909202240976e-05,0.0005446878391009861
1687,12824,37,60,37,60,DepthMid,DepthHigh,DepthHigh--DepthMid,5,0.14223138747399558,2.7648752471700276e-05,0.0005446453542449134
1688,30242,95,223,95,223,DepthLow,DepthLow,DepthLow--DepthLow,4,0.1216790505232012,2.7643773466485144e-05,0.0005445472741575041
1689,20227,60,218,60,218,DepthHigh,DepthHigh,DepthHigh--DepthHigh,3,0.10140128906431983,2.7643654665867567e-05,0.0005445449339360236
1690,46190,163,225,163,225,DepthLow,DepthHigh,DepthHigh--DepthLow,9,0.25494567145730873,2.7642376114943746e-05,0.0005445197481045277
1691,60585,256,298,256,298,DepthLow,DepthHigh,DepthHigh--DepthLow,4,0.13906171672895634,2.7640801098255162e-05,0.0005444887222735006
1692,51793,193,263,193,263,DepthMid,DepthMid,DepthMid--DepthMid,6,0.15907741797313665,2.7632067002402862e-05,0.0005443166716634648
1693,34603,112,164,112,164,DepthLow,DepthLow,DepthLow--DepthLow,10,0.6685231316030502,2.7630662586798966e-05,0.0005442890064574172
1694,25564,78,254,78,254,DepthMid,DepthLow,DepthLow--DepthMid,8,0.22286909177241607,2.7629584007877268e-05,0.0005442677598207202
1695,23371,71,84,71,84,DepthMid,DepthHigh,DepthHigh--DepthMid,4,0.13887630340200738,2.7629567700710876e-05,0.0005442674385902262
1696,7756,21,344,21,344,DepthMid,DepthHigh,DepthHigh--DepthMid,6,0.17590232967562772,2.7628919386457076e-05,0.0005442546676217427
1697,47422,169,272,169,272,DepthLow,DepthHigh,DepthHigh--DepthLow,2,0.09212181455222969,2.7628822838414596e-05,0.0005442527657477666
1698,33469,107,300,107,300,DepthLow,DepthHigh,DepthHigh--DepthLow,5,0.14869641147010554,2.76276760105527e-05,0.0005442301746935141
1699,10263,29,143,29,143,DepthMid,DepthLow,DepthLow--DepthMid,5,0.14983364494823806,2.762674391211937e-05,0.0005442118135366435
1700,24859,76,122,76,122,DepthMid,DepthLow,DepthLow--DepthMid,6,0.1652081194834611,2.7626115942779587e-05,0.0005441994433371608
1701,40315,135,356,135,356,DepthLow,DepthMid,DepthLow--DepthMid,3,0.11111545417467321,2.7621412312229584e-05,0.0005441067877813716
1702,19479,58,79,58,79,DepthHigh,DepthMid,DepthHigh--DepthMid,4,0.12240441943790134,2.762015634839038e-05,0.0005440820468867934
1703,38475,128,140,128,140,DepthLow,DepthLow,DepthLow--DepthLow,9,0.23935447841404772,2.7618701160112747e-05,0.0005440533815234727
1704,10039,28,254,28,254,DepthHigh,DepthLow,DepthHigh--DepthLow,4,0.12968194384823967,2.761813020488571e-05,0.0005440421344296949
1705,21499,64,284,64,284,DepthMid,DepthLow,DepthLow--DepthMid,6,0.1760906581632813,2.7616268424015492e-05,0.000544005459708019
1706,66246,345,352,345,352,DepthMid,DepthMid,DepthMid--DepthMid,10,0.323621683192919,2.7612714611031444e-05,0.0005439354540998601
1707,10347,29,227,29,227,DepthMid,DepthMid,DepthMid--DepthMid,9,0.234172691468018,2.7607776550257676e-05,0.0005438381805660121
1708,56814,225,340,225,340,DepthHigh,DepthMid,DepthHigh--DepthMid,8,0.2029641255963606,2.7607391483015667e-05,0.0005438305952297606
1709,17219,50,295,50,295,DepthHigh,DepthHigh,DepthHigh--DepthHigh,3,0.1155237548987811,2.7606063249873122e-05,0.0005438044307215723
1710,34165,110,231,110,231,DepthLow,DepthMid,DepthLow--DepthMid,6,0.1750413380130589,2.7602428686866717e-05,0.0005437328344403956
1711,63054,282,310,282,310,DepthHigh,DepthHigh,DepthHigh--DepthHigh,8,0.22248593966335087,2.760214963483486e-05,0.0005437273374693152
1712,6143,17,109,17,109,DepthHigh,DepthLow,DepthHigh--DepthLow,2,0.08586628636499584,2.760006738400804e-05,0.0005436863197691366
1713,34150,110,216,110,216,DepthLow,DepthMid,DepthLow--DepthMid,5,0.1521519913104428,2.7598554311799622e-05,0.0005436565141657989
1714,53597,204,252,204,252,DepthLow,DepthLow,DepthLow--DepthLow,2,0.084932933251608,2.7596624277263904e-05,0.000543618494933485
1715,60680,257,286,257,286,DepthLow,DepthLow,DepthLow--DepthLow,10,0.3453927718312366,2.7596013392934404e-05,0.0005436064612870345
1716,47606,170,262,170,262,DepthLow,DepthMid,DepthLow--DepthMid,3,0.11205483493316463,2.759550327275313e-05,0.0005435964125664955
1717,65194,314,354,314,354,DepthMid,DepthMid,DepthMid--DepthMid,7,0.18955592202629606,2.7594488974435324e-05,0.0005435764321761623
1718,49815,182,221,182,221,DepthLow,DepthMid,DepthLow--DepthMid,8,0.21012806752594784,2.759383466114326e-05,0.0005435635430342342
1719,55182,214,292,214,292,DepthHigh,DepthHigh,DepthHigh--DepthHigh,4,0.12412328889189427,2.7593016960949075e-05,0.0005435474353775729
1720,45613,160,254,160,254,DepthLow,DepthLow,DepthLow--DepthLow,9,0.2519959795241738,2.7592620685364866e-05,0.0005435396292511966
1721,37302,123,157,123,157,DepthLow,DepthMid,DepthLow--DepthMid,10,0.42795934965487203,2.7589024697410048e-05,0.0005434687928496079
1722,46678,165,314,165,314,DepthLow,DepthMid,DepthLow--DepthMid,8,0.2239173554733379,2.7587714097383315e-05,0.0005434429756914354
1723,27942,87,103,87,103,DepthMid,DepthLow,DepthLow--DepthMid,3,0.10071933507641836,2.7586438874384503e-05,0.0005434178554158411
1724,5246,14,256,14,256,DepthHigh,DepthLow,DepthHigh--DepthLow,2,0.08672341853532126,2.758565794651081e-05,0.0005434024721272517
1725,17018,50,94,50,94,DepthHigh,DepthLow,DepthHigh--DepthLow,4,0.13566348190875888,2.7584560950738543e-05,0.0005433808627019584
1726,26517,81,355,81,355,DepthHigh,DepthMid,DepthHigh--DepthMid,6,0.17466584024453863,2.7583791895307348e-05,0.0005433657132854273
1727,66274,346,362,346,362,DepthMid,DepthHigh,DepthHigh--DepthMid,5,0.15335280827489106,2.7583403033722325e-05,0.0005433580532054312
1728,31441,99,356,99,356,DepthLow,DepthMid,DepthLow--DepthMid,2,0.09663732558868965,2.7582755382283743e-05,0.0005433452952935668
1729,43859,152,160,152,160,DepthLow,DepthLow,DepthLow--DepthLow,9,0.23505823354531744,2.7579693322216666e-05,0.0005432849765941369
1730,12396,35,287,35,287,DepthMid,DepthHigh,DepthHigh--DepthMid,7,0.18407071427398808,2.7573533896073143e-05,0.0005431636437116744
1731,46737,166,175,166,175,DepthMid,DepthMid,DepthMid--DepthMid,10,0.2801146482123039,2.7566820602190006e-05,0.0005430314003372627
1732,11455,32,336,32,336,DepthMid,DepthHigh,DepthHigh--DepthMid,9,0.23632716686604455,2.756372543869314e-05,0.000542970429542254
1733,65188,314,348,314,348,DepthMid,DepthMid,DepthMid--DepthMid,7,0.19984758326967175,2.7562771199553516e-05,0.0005429516322415525
1734,40590,137,176,137,176,DepthLow,DepthMid,DepthLow--DepthMid,7,0.18984157387121084,2.7560601789559046e-05,0.000542908897616323
1735,33034,106,122,106,122,DepthLow,DepthLow,DepthLow--DepthLow,10,0.5787603468251015,2.7560549124904595e-05,0.0005429078601894297
1736,42660,146,248,146,248,DepthLow,DepthHigh,DepthHigh--DepthLow,7,0.19062712614879923,2.7557082052492094e-05,0.0005428395632605092
1737,4920,13,280,13,280,DepthMid,DepthLow,DepthLow--DepthMid,9,0.2624429237512794,2.7553135446704432e-05,0.0005427618201323342
1738,66223,344,348,344,348,DepthHigh,DepthMid,DepthHigh--DepthMid,4,0.128035849679598,2.7550394209280906e-05,0.0005427078212320535
1739,3631,10,47,10,47,DepthHigh,DepthHigh,DepthHigh--DepthHigh,6,0.17344549646395133,2.7546409600888285e-05,0.000542629329500763
1740,32678,104,283,104,283,DepthLow,DepthLow,DepthLow--DepthLow,10,0.2946295384652083,2.7545946237991493e-05,0.0005426202018394219
1741,42450,145,256,145,256,DepthLow,DepthLow,DepthLow--DepthLow,10,0.33838405688703327,2.7543229880615707e-05,0.000542566693044524
1742,24021,73,151,73,151,DepthMid,DepthMid,DepthMid--DepthMid,8,0.20474697682702445,2.754225611256593e-05,0.0005425475110490627
1743,59971,250,347,250,347,DepthLow,DepthMid,DepthLow--DepthMid,6,0.17020706410899733,2.754169173544012e-05,0.0005425363935355355
1744,31594,100,245,100,245,DepthLow,DepthLow,DepthLow--DepthLow,2,0.09248800613174557,2.753972171218185e-05,0.0005424975865761086
1745,47673,170,329,170,329,DepthLow,DepthLow,DepthLow--DepthLow,5,0.14270725290680603,2.75393161830352e-05,0.0005424895981662895
1746,39846,133,346,133,346,DepthLow,DepthMid,DepthLow--DepthMid,2,0.09471655373155198,2.7538049925407903e-05,0.0005424646544971423
1747,1905,5,101,5,101,DepthHigh,DepthLow,DepthHigh--DepthLow,4,0.13373811030678567,2.753700188716797e-05,0.0005424440094731386
1748,30478,96,191,96,191,DepthLow,DepthMid,DepthLow--DepthMid,1,0.06999764022144328,2.7536613946685034e-05,0.0005424363675376853
1749,54685,211,248,211,248,DepthLow,DepthHigh,DepthHigh--DepthLow,4,0.127341063709553,2.7535967601396952e-05,0.000542423635355329
1750,11295,32,176,32,176,DepthMid,DepthMid,DepthMid--DepthMid,9,0.2666995318860384,2.7530725275013518e-05,0.0005423203681748986
1751,60929,259,324,259,324,DepthMid,DepthMid,DepthMid--DepthMid,9,0.23359203071345486,2.7529500269259178e-05,0.0005422962371153252
1752,5517,15,178,15,178,DepthHigh,DepthLow,DepthHigh--DepthLow,1,0.05523876878285136,2.7528754364907652e-05,0.000542281543745699
1753,52641,198,271,198,271,DepthLow,DepthHigh,DepthHigh--DepthLow,1,0.06887276467062148,2.7527823143274245e-05,0.0005422631998606746
1754,55203,214,313,214,313,DepthHigh,DepthHigh,DepthHigh--DepthHigh,8,0.20570655355635983,2.7527525299719825e-05,0.0005422573327204348
1755,26538,82,94,82,94,DepthHigh,DepthLow,DepthHigh--DepthLow,7,0.19023042915473484,2.752464025005864e-05,0.0005422005009014825
1756,28932,90,268,90,268,DepthLow,DepthLow,DepthLow--DepthLow,1,0.04341717186475977,2.7522703746532784e-05,0.0005421623542382681
1757,45000,157,256,157,256,DepthMid,DepthLow,DepthLow--DepthMid,10,0.35969294689669756,2.751668038675087e-05,0.0005420437016905438
1758,7435,21,23,21,23,DepthMid,DepthHigh,DepthHigh--DepthMid,8,0.20457361113681954,2.751624854378652e-05,0.0005420351949318921
1759,24571,75,122,75,122,DepthMid,DepthLow,DepthLow--DepthMid,7,0.1935152416265564,2.7511868543375382e-05,0.0005419489144793488
1760,49350,179,305,179,305,DepthLow,DepthMid,DepthLow--DepthMid,1,0.011114619965430722,2.751096042703611e-05,0.0005419310257393123
1761,43274,149,214,149,214,DepthMid,DepthHigh,DepthHigh--DepthMid,4,0.1260269595976912,2.7509668210159212e-05,0.0005419055707058746
1762,15665,45,321,45,321,DepthMid,DepthHigh,DepthHigh--DepthMid,10,0.35392220531200475,2.750034341334323e-05,0.0005417218840360944
1763,57267,229,247,229,247,DepthMid,DepthLow,DepthLow--DepthMid,9,0.2569568335890113,2.7498661896399086e-05,0.0005416887602851169
1764,32755,104,360,104,360,DepthLow,DepthMid,DepthLow--DepthMid,7,0.18588283731119837,2.7495017523989404e-05,0.0005416169707711378
1765,58901,241,339,241,339,DepthHigh,DepthHigh,DepthHigh--DepthHigh,7,0.18586624648255162,2.749108402744507e-05,0.0005415394858784287
1766,56874,226,262,226,262,DepthMid,DepthMid,DepthMid--DepthMid,9,0.23238759632264488,2.74907654561059e-05,0.0005415332104271202
1767,58675,239,360,239,360,DepthHigh,DepthMid,DepthHigh--DepthMid,6,0.1763770572901401,2.748988001147128e-05,0.0005415157682909089
1768,64356,300,307,300,307,DepthHigh,DepthHigh,DepthHigh--DepthHigh,4,0.13623917722462278,2.7489824354890177e-05,0.0005415146719268555
1769,55181,214,291,214,291,DepthHigh,DepthHigh,DepthHigh--DepthHigh,4,0.13056070268213227,2.748665876859556e-05,0.0005414523138920548
1770,43021,148,176,148,176,DepthMid,DepthMid,DepthMid--DepthMid,5,0.1555886438233854,2.7481499498052325e-05,0.000541350682806329
1771,17431,51,194,51,194,DepthHigh,DepthMid,DepthHigh--DepthMid,1,0.058215576580126834,2.747998982847446e-05,0.0005413209442304974
1772,7103,20,34,20,34,DepthMid,DepthMid,DepthMid--DepthMid,8,0.21677121223749188,2.7479932226630484e-05,0.0005413198095472327
1773,65002,311,315,311,315,DepthMid,DepthMid,DepthMid--DepthMid,10,0.56058175408639,2.747982601720123e-05,0.0005413177173561915
1774,9839,28,54,28,54,DepthHigh,DepthHigh,DepthHigh--DepthHigh,9,0.24767918850823908,2.7479748047680937e-05,0.0005413161814555377
1775,46043,162,279,162,279,DepthHigh,DepthHigh,DepthHigh--DepthHigh,7,0.18409150986747208,2.747652911124506e-05,0.0005412527724906231
1776,9838,28,53,28,53,DepthHigh,DepthHigh,DepthHigh--DepthHigh,9,0.2549594431761111,2.747471166828074e-05,0.0005412169711694556
1777,48263,173,343,173,343,DepthMid,DepthHigh,DepthHigh--DepthMid,6,0.1722900141528457,2.746695929851255e-05,0.0005410642593180635
1778,56018,220,249,220,249,DepthHigh,DepthHigh,DepthHigh--DepthHigh,8,0.21672201435545782,2.7464921347619095e-05,0.0005410241142703824
1779,19258,57,164,57,164,DepthHigh,DepthLow,DepthHigh--DepthLow,3,0.11463615967951768,2.7462678792851475e-05,0.0005409799387858981
1780,2614,7,95,7,95,DepthHigh,DepthLow,DepthHigh--DepthLow,4,0.1365895970958672,2.745972445351867e-05,0.0005409217420483013
1781,58641,239,326,239,326,DepthHigh,DepthLow,DepthHigh--DepthLow,2,0.07957966088294854,2.74591939566013e-05,0.000540911291931907
1782,28283,88,168,88,168,DepthLow,DepthLow,DepthLow--DepthLow,1,0.0683936237286932,2.7458387411042625e-05,0.0005408954040074167
1783,63500,287,361,287,361,DepthHigh,DepthHigh,DepthHigh--DepthHigh,10,0.698916367983698,2.7457337769155678e-05,0.0005408747273936009
1784,8648,24,213,24,213,DepthMid,DepthHigh,DepthHigh--DepthMid,7,0.2000091642550006,2.744484096554647e-05,0.0005406285562133413
1785,36600,120,181,120,181,DepthLow,DepthMid,DepthLow--DepthMid,7,0.18611395788726948,2.7443716524693356e-05,0.0005406064061547663
1786,36400,119,225,119,225,DepthLow,DepthHigh,DepthHigh--DepthLow,7,0.19501883526153388,2.7441299300201943e-05,0.0005405587898982729
1787,9800,27,351,27,351,DepthMid,DepthMid,DepthMid--DepthMid,8,0.20454064495096724,2.7440596804704965e-05,0.0005405449516280218
1788,37161,122,257,122,257,DepthLow,DepthLow,DepthLow--DepthLow,10,0.3372181108035475,2.743808306375816e-05,0.0005404954341197779
1789,18791,55,312,55,312,DepthHigh,DepthMid,DepthHigh--DepthMid,10,0.27644381367167514,2.743458229469177e-05,0.0005404264734095163
1790,33255,106,343,106,343,DepthLow,DepthHigh,DepthHigh--DepthLow,3,0.11011279923661564,2.7433565583075995e-05,0.0005404064454802742
1791,39059,130,255,130,255,DepthLow,DepthLow,DepthLow--DepthLow,6,0.15991073404720374,2.7432497837253614e-05,0.0005403854122418932
1792,28924,90,260,90,260,DepthLow,DepthMid,DepthLow--DepthMid,1,0.0690816572439059,2.7431278697279788e-05,0.0005403613967307558
1793,46093,162,329,162,329,DepthHigh,DepthLow,DepthHigh--DepthLow,6,0.16626215795406235,2.7431117686414293e-05,0.0005403582250209304
1794,7243,20,174,20,174,DepthMid,DepthMid,DepthMid--DepthMid,5,0.15246523255602998,2.7430272425967178e-05,0.0005403415744622436
1795,16757,49,147,49,147,DepthHigh,DepthLow,DepthHigh--DepthLow,6,0.17825016790139636,2.7427864178900555e-05,0.0005402941350496316
1796,31732,101,120,101,120,DepthLow,DepthLow,DepthLow--DepthLow,10,0.2947459604829638,2.7422923572441594e-05,0.0005401968113690142
1797,57365,229,345,229,345,DepthMid,DepthMid,DepthMid--DepthMid,10,0.31132234023220806,2.7422712478340566e-05,0.000540192653082974
1798,41436,140,347,140,347,DepthLow,DepthMid,DepthLow--DepthMid,7,0.18016532609887573,2.742265474385728e-05,0.0005401915157868831
1799,9698,27,249,27,249,DepthMid,DepthHigh,DepthHigh--DepthMid,9,0.23570755317973474,2.7420524100987935e-05,0.0005401495448248468
1800,36931,121,269,121,269,DepthLow,DepthHigh,DepthHigh--DepthLow,5,0.15757263031298194,2.7420140602974215e-05,0.0005401419904004022
1801,36461,119,286,119,286,DepthLow,DepthLow,DepthLow--DepthLow,10,0.4103743998268444,2.7419987824503e-05,0.0005401389808583021
1802,46121,162,357,162,357,DepthHigh,DepthMid,DepthHigh--DepthMid,2,0.0871364706244782,2.741947864575064e-05,0.0005401289506827188
1803,31407,99,322,99,322,DepthLow,DepthLow,DepthLow--DepthLow,7,0.194368251846937,2.741279586936588e-05,0.000539997308464317
1804,49818,182,224,182,224,DepthLow,DepthLow,DepthLow--DepthLow,10,0.3245632812229328,2.740839487050286e-05,0.0005399106143689058
1805,58762,240,323,240,323,DepthHigh,DepthLow,DepthHigh--DepthLow,9,0.2598027804690292,2.740815744891409e-05,0.0005399059374647506
1806,48518,175,219,175,219,DepthMid,DepthMid,DepthMid--DepthMid,9,0.2401250205855694,2.7403607037216377e-05,0.00053981630012601
1807,55934,219,309,219,309,DepthMid,DepthHigh,DepthHigh--DepthMid,9,0.24444443190948856,2.740142596722391e-05,0.0005397733358136095
1808,17510,51,273,51,273,DepthHigh,DepthHigh,DepthHigh--DepthHigh,9,0.2527139385797969,2.740063486564979e-05,0.0005397577521160259
1809,35246,114,306,114,306,DepthLow,DepthHigh,DepthHigh--DepthLow,8,0.21264361749588367,2.739688821132998e-05,0.0005396839477781508
1810,32719,104,324,104,324,DepthLow,DepthMid,DepthLow--DepthMid,5,0.143748381594481,2.7394290551955324e-05,0.0005396327771833196
1811,38175,126,313,126,313,DepthLow,DepthHigh,DepthHigh--DepthLow,7,0.19733447489939607,2.7391913310555872e-05,0.0005395859485430236
1812,31259,99,174,99,174,DepthLow,DepthMid,DepthLow--DepthMid,6,0.16295005578338465,2.7391176912236816e-05,0.0005395714424301797
1813,65172,314,332,314,332,DepthMid,DepthMid,DepthMid--DepthMid,9,0.26598488102863715,2.738831618347236e-05,0.0005395150897020446
1814,10935,31,148,31,148,DepthHigh,DepthMid,DepthHigh--DepthMid,6,0.17317219839156917,2.7386430471425597e-05,0.0005394779435665448
1815,22453,67,344,67,344,DepthMid,DepthHigh,DepthHigh--DepthMid,8,0.21418449526692396,2.7385243050644924e-05,0.0005394545528832801
1816,60058,251,321,251,321,DepthLow,DepthHigh,DepthHigh--DepthLow,10,0.27843039267166214,2.7382733288848608e-05,0.0005394051137592537
1817,9030,25,256,25,256,DepthHigh,DepthLow,DepthHigh--DepthLow,10,0.2892670264478888,2.7381210281519595e-05,0.000539375112446642
1818,12889,37,125,37,125,DepthMid,DepthLow,DepthLow--DepthMid,8,0.22432939581886394,2.737829130578505e-05,0.000539317612327076
1819,60013,251,276,251,276,DepthLow,DepthHigh,DepthHigh--DepthLow,7,0.19523305213710798,2.737424239389455e-05,0.0005392378538984393
1820,47820,171,283,171,283,DepthLow,DepthLow,DepthLow--DepthLow,8,0.22455740166081725,2.7372841252272147e-05,0.0005392102531856743
1821,11353,32,234,32,234,DepthMid,DepthLow,DepthLow--DepthMid,10,0.30716213747748167,2.7371367362659667e-05,0.0005391812194297777
1822,36545,120,126,120,126,DepthLow,DepthLow,DepthLow--DepthLow,5,0.154681789043682,2.7368360200407237e-05,0.0005391219821476645
1823,61144,261,332,261,332,DepthMid,DepthMid,DepthMid--DepthMid,6,0.17314294421280566,2.736781861387818e-05,0.0005391113135799859
1824,9156,26,44,26,44,DepthHigh,DepthMid,DepthHigh--DepthMid,10,0.33108344664252215,2.7367797623474546e-05,0.0005391109000956584
1825,17235,50,311,50,311,DepthHigh,DepthMid,DepthHigh--DepthMid,9,0.26169226448952587,2.7367088051968332e-05,0.0005390969224370006
1826,60327,254,257,254,257,DepthLow,DepthLow,DepthLow--DepthLow,10,0.7086162956106745,2.7355868117997574e-05,0.0005388759039690475
1827,46380,164,215,164,215,DepthLow,DepthMid,DepthLow--DepthMid,7,0.1839966498089226,2.735403012496327e-05,0.0005388396978375668
1828,2448,6,286,6,286,DepthHigh,DepthLow,DepthHigh--DepthLow,9,0.23231770846991262,2.735380317477226e-05,0.0005388352272066656
1829,31525,100,176,100,176,DepthLow,DepthMid,DepthLow--DepthMid,6,0.16534098202037648,2.735295549422853e-05,0.0005388185289751451
1830,21504,64,289,64,289,DepthMid,DepthHigh,DepthHigh--DepthMid,7,0.18461017186804474,2.735170660013954e-05,0.0005387939273456788
1831,5856,16,169,16,169,DepthMid,DepthLow,DepthLow--DepthMid,2,0.09574689449029503,2.7349172696931095e-05,0.0005387440126664542
1832,59719,248,324,248,324,DepthHigh,DepthMid,DepthHigh--DepthMid,3,0.10183643978906423,2.7348929862862137e-05,0.0005387392291433045
1833,61855,268,350,268,350,DepthLow,DepthMid,DepthLow--DepthMid,4,0.13932086215771133,2.734862626332002e-05,0.0005387332486174079
1834,5426,15,87,15,87,DepthHigh,DepthMid,DepthHigh--DepthMid,7,0.19111992540568032,2.7347154777235923e-05,0.0005387042622079719
1835,40890,138,250,138,250,DepthLow,DepthLow,DepthLow--DepthLow,8,0.2102799677082393,2.7346377860058003e-05,0.0005386889579250022
1836,30373,95,354,95,354,DepthLow,DepthMid,DepthLow--DepthMid,2,0.07570189918180709,2.734608579326804e-05,0.000538683204579695
1837,51407,191,220,191,220,DepthMid,DepthHigh,DepthHigh--DepthMid,1,0.044595436707784215,2.7344943691190378e-05,0.0005386607066173978
1838,19062,56,275,56,275,DepthHigh,DepthHigh,DepthHigh--DepthHigh,8,0.21711197726362264,2.7340204619e-05,0.0005385673529062471
1839,28105,87,266,87,266,DepthMid,DepthMid,DepthMid--DepthMid,10,0.3244110931115944,2.7328773043477426e-05,0.0005383421653681676
1840,40059,134,329,134,329,DepthLow,DepthLow,DepthLow--DepthLow,4,0.13185007713625235,2.7325416377194706e-05,0.0005382760432999657
1841,5060,14,70,14,70,DepthHigh,DepthHigh,DepthHigh--DepthHigh,5,0.14671503296588514,2.7323149819153895e-05,0.000538231394981445
1842,30512,96,225,96,225,DepthLow,DepthHigh,DepthHigh--DepthLow,3,0.11643501732366467,2.7320367303442137e-05,0.0005381765829512432
1843,26619,82,175,82,175,DepthHigh,DepthMid,DepthHigh--DepthMid,8,0.20207619693360918,2.7319701743212483e-05,0.0005381634722589101
1844,32295,103,160,103,160,DepthLow,DepthLow,DepthLow--DepthLow,9,0.2433187489004109,2.7319305802457704e-05,0.0005381556727282489
1845,39446,132,177,132,177,DepthLow,DepthMid,DepthLow--DepthMid,4,0.12542352995137812,2.7318589285371708e-05,0.0005381415582504791
1846,37965,125,341,125,341,DepthLow,DepthHigh,DepthHigh--DepthLow,7,0.18148264791404173,2.731685449984588e-05,0.0005381073851760078
1847,31527,100,178,100,178,DepthLow,DepthLow,DepthLow--DepthLow,4,0.13878090753746955,2.7313033524321696e-05,0.0005380321168046749
1848,9040,25,266,25,266,DepthHigh,DepthMid,DepthHigh--DepthMid,10,0.32833574514087777,2.731057665191454e-05,0.0005379837195345305
1849,49156,178,296,178,296,DepthLow,DepthHigh,DepthHigh--DepthLow,3,0.11230892462822872,2.7304088713539286e-05,0.000537855915377785
1850,44299,154,179,154,179,DepthHigh,DepthLow,DepthHigh--DepthLow,1,0.02038362579507687,2.7299840553367677e-05,0.0005377722320107353
1851,43059,148,214,148,214,DepthMid,DepthHigh,DepthHigh--DepthMid,5,0.14095485043783473,2.7291831825290706e-05,0.0005376144702258231
1852,10670,30,216,30,216,DepthHigh,DepthMid,DepthHigh--DepthMid,8,0.21745470321676044,2.7290945576108835e-05,0.0005375970122410513
1853,18376,54,206,54,206,DepthHigh,DepthLow,DepthHigh--DepthLow,5,0.1510518611635044,2.7289817963571932e-05,0.0005375747997043287
1854,31789,101,177,101,177,DepthLow,DepthMid,DepthLow--DepthMid,5,0.14359456599268183,2.728953796098405e-05,0.0005375692840085003
1855,22352,67,243,67,243,DepthMid,DepthLow,DepthLow--DepthMid,7,0.1910522456419358,2.7287800106973305e-05,0.0005375350504887682
1856,12630,36,193,36,193,DepthMid,DepthMid,DepthMid--DepthMid,6,0.17200821535453703,2.7287237807458633e-05,0.0005375239739015452
1857,23830,72,251,72,251,DepthMid,DepthLow,DepthLow--DepthMid,9,0.2328939747768372,2.728696497222057e-05,0.0005375185993934173
1858,37657,124,272,124,272,DepthLow,DepthHigh,DepthHigh--DepthLow,8,0.22034457110282796,2.7286053572351165e-05,0.000537500645972002
1859,49162,178,302,178,302,DepthLow,DepthHigh,DepthHigh--DepthLow,1,0.029455736731066003,2.7284473409232136e-05,0.0005374695187628229
1860,39603,132,334,132,334,DepthLow,DepthHigh,DepthHigh--DepthLow,4,0.13197324224726653,2.7281918726516682e-05,0.0005374191947536668
1861,32296,103,161,103,161,DepthLow,DepthHigh,DepthHigh--DepthLow,8,0.21995713595144628,2.728177412264243e-05,0.0005374163462407584
1862,41280,140,191,140,191,DepthLow,DepthMid,DepthLow--DepthMid,1,0.06911481817487913,2.728148794369379e-05,0.0005374107088784571
1863,62925,280,346,280,346,DepthLow,DepthMid,DepthLow--DepthMid,7,0.1965274984370251,2.728076409289968e-05,0.0005373964499359395
1864,45249,158,299,158,299,DepthHigh,DepthHigh,DepthHigh--DepthHigh,9,0.23045292681891838,2.7274747749121783e-05,0.0005372779355945954
1865,52376,196,339,196,339,DepthMid,DepthHigh,DepthHigh--DepthMid,5,0.14948503413121098,2.7270536402099463e-05,0.0005371949773998932
1866,53853,205,349,205,349,DepthLow,DepthMid,DepthLow--DepthMid,5,0.14150480277685262,2.726381321586979e-05,0.0005370625391588021
1867,56143,221,231,221,231,DepthMid,DepthMid,DepthMid--DepthMid,10,0.3866400818803968,2.7262381019365053e-05,0.0005370343267042449
1868,32567,104,172,104,172,DepthLow,DepthLow,DepthLow--DepthLow,9,0.2654650471078604,2.7259612835322502e-05,0.0005369797969897482
1869,36605,120,186,120,186,DepthLow,DepthMid,DepthLow--DepthMid,8,0.20670643477110115,2.725740435418864e-05,0.0005369362927126303
1870,20436,61,124,61,124,DepthHigh,DepthLow,DepthHigh--DepthLow,7,0.18384856913481662,2.725475187551859e-05,0.0005368840422472121
1871,63155,283,330,283,330,DepthLow,DepthMid,DepthLow--DepthMid,6,0.17613815389983298,2.7253666386965867e-05,0.0005368626594995481
1872,49023,177,349,177,349,DepthMid,DepthMid,DepthMid--DepthMid,6,0.17227414002544353,2.7252902926826138e-05,0.0005368476203031619
1873,44023,152,324,152,324,DepthLow,DepthMid,DepthLow--DepthMid,6,0.17096217905120661,2.7252504301271094e-05,0.0005368397678853409
1874,44639,155,310,155,310,DepthMid,DepthHigh,DepthHigh--DepthMid,9,0.2491201548837245,2.7250664920771344e-05,0.0005368035344225508
1875,3227,8,352,8,352,DepthHigh,DepthMid,DepthHigh--DepthMid,5,0.15390156595129192,2.7249380022132028e-05,0.000536778223549111
1876,8582,24,147,24,147,DepthMid,DepthLow,DepthLow--DepthMid,9,0.239651018643182,2.724550040828567e-05,0.0005367018000772077
1877,36029,117,345,117,345,DepthLow,DepthMid,DepthLow--DepthMid,5,0.15152323392205116,2.7239931235931078e-05,0.0005365920944457141
1878,61186,262,272,262,272,DepthMid,DepthHigh,DepthHigh--DepthMid,2,0.073706856404644,2.72349821767152e-05,0.0005364946042565068
1879,26051,80,172,80,172,DepthHigh,DepthLow,DepthHigh--DepthLow,4,0.12255930099045903,2.7233568435222586e-05,0.0005364667553422802
1880,58205,236,268,236,268,DepthMid,DepthLow,DepthLow--DepthMid,5,0.14347654873400692,2.7230194368937542e-05,0.0005364002905161025
1881,16829,49,219,49,219,DepthHigh,DepthMid,DepthHigh--DepthMid,7,0.19542326305701732,2.7224991681772516e-05,0.0005362978041779966
1882,62046,270,352,270,352,DepthHigh,DepthMid,DepthHigh--DepthMid,8,0.22119220554746086,2.722255680062462e-05,0.000536249840107766
1883,10485,30,31,30,31,DepthHigh,DepthHigh,DepthHigh--DepthHigh,10,0.7960806742679184,2.722235511776058e-05,0.0005362458672111573
1884,27736,86,174,86,174,DepthHigh,DepthMid,DepthHigh--DepthMid,8,0.2210881868307592,2.722037906512895e-05,0.0005362069414807229
1885,26605,82,161,82,161,DepthHigh,DepthHigh,DepthHigh--DepthHigh,4,0.12521120827017163,2.7217456625147694e-05,0.0005361493731198908
1886,59276,244,351,244,351,DepthLow,DepthMid,DepthLow--DepthMid,10,0.2832419382622978,2.7216584154827125e-05,0.0005361321865612097
1887,8320,23,225,23,225,DepthHigh,DepthHigh,DepthHigh--DepthHigh,3,0.09987967138665237,2.7214903694200882e-05,0.0005360990836183549
1888,64923,309,343,309,343,DepthHigh,DepthHigh,DepthHigh--DepthHigh,2,0.0736769496974468,2.7211774545208943e-05,0.0005360374433522003
1889,29432,92,223,92,223,DepthLow,DepthLow,DepthLow--DepthLow,6,0.1683828344877033,2.7210789663189132e-05,0.0005360180424256261
1890,8788,24,353,24,353,DepthMid,DepthHigh,DepthHigh--DepthMid,10,0.3102132112297282,2.720701232661345e-05,0.0005359436336862275
1891,60619,256,332,256,332,DepthLow,DepthMid,DepthLow--DepthMid,10,0.2879797469379989,2.7206030835114847e-05,0.0005359242995486206
1892,43932,152,233,152,233,DepthLow,DepthMid,DepthLow--DepthMid,5,0.14497039711288454,2.720344710774626e-05,0.0005358734033966378
1893,59881,250,257,250,257,DepthLow,DepthLow,DepthLow--DepthLow,8,0.2099927007780234,2.7200833051360675e-05,0.0005358219098014892
1894,16951,49,341,49,341,DepthHigh,DepthHigh,DepthHigh--DepthHigh,4,0.1341248633719812,2.7195624410888608e-05,0.0005357193061907857
1895,50253,184,298,184,298,DepthLow,DepthHigh,DepthHigh--DepthLow,4,0.1392781078171311,2.7192231468014013e-05,0.0005356524695197366
1896,50482,185,348,185,348,DepthLow,DepthMid,DepthLow--DepthMid,7,0.18596244352744074,2.719207868720914e-05,0.0005356494599316666
1897,66314,349,354,349,354,DepthMid,DepthMid,DepthMid--DepthMid,10,0.27968189342292665,2.7191067728264577e-05,0.0005356295453227505
1898,49936,182,342,182,342,DepthLow,DepthMid,DepthLow--DepthMid,10,0.32068375025934104,2.7189768790735723e-05,0.0005356039579009937
1899,63501,287,362,287,362,DepthHigh,DepthHigh,DepthHigh--DepthHigh,10,0.6091828491403812,2.7184536983431715e-05,0.0005355008979330856
1900,17608,52,59,52,59,DepthHigh,DepthHigh,DepthHigh--DepthHigh,10,0.29785478416523975,2.718112870316768e-05,0.0005354337591349184
1901,25071,76,334,76,334,DepthMid,DepthHigh,DepthHigh--DepthMid,2,0.09226101348016501,2.7180709828077983e-05,0.0005354255078269491
1902,20476,61,164,61,164,DepthHigh,DepthLow,DepthHigh--DepthLow,8,0.2090186375838027,2.717893868681925e-05,0.0005353906185906528
1903,41100,139,235,139,235,DepthLow,DepthHigh,DepthHigh--DepthLow,9,0.24577757123519453,2.717845596686552e-05,0.0005353811096198424
1904,37284,123,139,123,139,DepthLow,DepthLow,DepthLow--DepthLow,10,0.30789315633650033,2.717604385286537e-05,0.0005353335940335447
1905,56039,220,270,220,270,DepthHigh,DepthHigh,DepthHigh--DepthHigh,4,0.1264412908880232,2.7174257146576725e-05,0.0005352983981859018
1906,8412,23,317,23,317,DepthHigh,DepthMid,DepthHigh--DepthMid,6,0.17126323806632376,2.7174126296756857e-05,0.0005352958206104192
1907,63064,282,320,282,320,DepthHigh,DepthHigh,DepthHigh--DepthHigh,3,0.11146892528565794,2.7173823683386257e-05,0.0005352898595108507
1908,19564,58,164,58,164,DepthHigh,DepthLow,DepthHigh--DepthLow,5,0.14106545906925644,2.717159667709134e-05,0.0005352459903115571
1909,10270,29,150,29,150,DepthMid,DepthMid,DepthMid--DepthMid,7,0.1965255278756958,2.7171424737398635e-05,0.0005352426033176977
1910,43998,152,299,152,299,DepthLow,DepthHigh,DepthHigh--DepthLow,6,0.16646295724542406,2.7170550500275653e-05,0.00053522538195525
1911,37342,123,197,123,197,DepthLow,DepthMid,DepthLow--DepthMid,8,0.2065279467027258,2.716983879773179e-05,0.0005352113623178535
1912,48015,172,286,172,286,DepthLow,DepthLow,DepthLow--DepthLow,10,0.45209109698910593,2.716518634233247e-05,0.0005351197148476226
1913,51064,189,224,189,224,DepthLow,DepthLow,DepthLow--DepthLow,10,0.3027866942104208,2.7162471764650113e-05,0.0005350662411104279
1914,63395,286,333,286,333,DepthLow,DepthMid,DepthLow--DepthMid,9,0.25800376238423095,2.7162108193784666e-05,0.0005350590792255289
1915,34143,110,209,110,209,DepthLow,DepthLow,DepthLow--DepthLow,1,0.05087712787558984,2.716064938671448e-05,0.000535030342576585
1916,36367,119,192,119,192,DepthLow,DepthMid,DepthLow--DepthMid,1,0.06212638248981505,2.7158100338883835e-05,0.0005349801295675123
1917,7760,21,348,21,348,DepthMid,DepthMid,DepthMid--DepthMid,9,0.2448262617918118,2.7157756555212576e-05,0.0005349733574652409
1918,1089,3,4,3,4,DepthHigh,DepthHigh,DepthHigh--DepthHigh,10,0.76429838361385,2.715750726846603e-05,0.0005349684468325272
1919,60696,257,302,257,302,DepthLow,DepthHigh,DepthHigh--DepthLow,7,0.183717205589959,2.7156172855102037e-05,0.0005349421605818153
1920,12938,37,174,37,174,DepthMid,DepthMid,DepthMid--DepthMid,4,0.1367074585783233,2.7153709109839365e-05,0.0005348936279251347
1921,59201,244,276,244,276,DepthLow,DepthHigh,DepthHigh--DepthLow,7,0.18681183653000494,2.715215683087624e-05,0.0005348630499984588
1922,62034,270,340,270,340,DepthHigh,DepthMid,DepthHigh--DepthMid,10,0.2736794216693708,2.7149091874561582e-05,0.0005348026742466251
1923,41368,140,279,140,279,DepthLow,DepthHigh,DepthHigh--DepthLow,5,0.14357472829291734,2.7148571356314316e-05,0.000534792420697375
1924,62247,273,277,273,277,DepthHigh,DepthHigh,DepthHigh--DepthHigh,10,0.2930721461144292,2.7148085972317856e-05,0.0005347828592483018
1925,13377,38,287,38,287,DepthMid,DepthHigh,DepthHigh--DepthMid,5,0.14522535246620705,2.7146607819837668e-05,0.0005347537415193184
1926,57136,228,251,228,251,DepthMid,DepthLow,DepthLow--DepthMid,10,0.3022203428138931,2.7145489371855104e-05,0.000534731709512692
1927,47508,169,358,169,358,DepthLow,DepthMid,DepthLow--DepthMid,7,0.17936957489552321,2.713981124004331e-05,0.0005346198575180948
1928,61749,267,340,267,340,DepthHigh,DepthMid,DepthHigh--DepthMid,9,0.23034108484701277,2.7138952640036768e-05,0.000534602944187007
1929,48871,177,197,177,197,DepthMid,DepthMid,DepthMid--DepthMid,5,0.14218156811166027,2.713749807929369e-05,0.0005345742911853211
1930,20051,59,346,59,346,DepthHigh,DepthMid,DepthHigh--DepthMid,8,0.21270226086424912,2.7136846985002254e-05,0.0005345614654536224
1931,37216,122,312,122,312,DepthLow,DepthMid,DepthLow--DepthMid,7,0.1908740678423295,2.7134766753581507e-05,0.0005345204875331819
1932,65088,312,349,312,349,DepthMid,DepthMid,DepthMid--DepthMid,6,0.17493011205240566,2.713450047630724e-05,0.0005345152422086227
1933,16319,47,340,47,340,DepthHigh,DepthMid,DepthHigh--DepthMid,10,0.3480881029204306,2.7131647465359415e-05,0.000534459041511686
1934,24429,74,269,74,269,DepthMid,DepthHigh,DepthHigh--DepthMid,9,0.23284989897709382,2.7131578328004035e-05,0.0005344576795934782
1935,66134,340,345,340,345,DepthMid,DepthMid,DepthMid--DepthMid,10,0.4897878695515392,2.7130182713413622e-05,0.000534430187756233
1936,40318,135,359,135,359,DepthLow,DepthHigh,DepthHigh--DepthLow,3,0.1072092541150954,2.7129682196553473e-05,0.0005344203282089395
1937,26409,81,247,81,247,DepthHigh,DepthLow,DepthHigh--DepthLow,6,0.16255593833520784,2.7126741723210315e-05,0.0005343624046137512
1938,4739,13,99,13,99,DepthMid,DepthLow,DepthLow--DepthMid,6,0.1780673753621653,2.7125172988772855e-05,0.0005343315025351029
1939,33686,108,261,108,261,DepthLow,DepthMid,DepthLow--DepthMid,8,0.2087648610592433,2.7124701666032287e-05,0.0005343222180749355
1940,55487,216,300,216,300,DepthMid,DepthHigh,DepthHigh--DepthMid,5,0.1417022260128596,2.712310404018642e-05,0.0005342907468721873
1941,10733,30,279,30,279,DepthHigh,DepthHigh,DepthHigh--DepthHigh,8,0.20485047678969645,2.7122249092191794e-05,0.0005342739054811021
1942,9291,26,179,26,179,DepthHigh,DepthLow,DepthHigh--DepthLow,2,0.07749341167603732,2.7120562414695932e-05,0.0005342406800738014
1943,61027,260,318,260,318,DepthMid,DepthHigh,DepthHigh--DepthMid,4,0.13608847757561,2.712031841571681e-05,0.0005342358736033989
1944,17948,53,88,53,88,DepthHigh,DepthLow,DepthHigh--DepthLow,3,0.1154039507893624,2.7119150079496156e-05,0.00053421285886176
1945,15423,45,79,45,79,DepthMid,DepthMid,DepthMid--DepthMid,10,0.3616670511628037,2.7109533561939213e-05,0.0005340234256633991
1946,48824,176,337,176,337,DepthMid,DepthHigh,DepthHigh--DepthMid,5,0.14229644481440276,2.7109297539995854e-05,0.0005340187763304831
1947,25941,79,346,79,346,DepthMid,DepthMid,DepthMid--DepthMid,9,0.22875668508428743,2.710887202122444e-05,0.0005340103941504108
1948,58789,240,350,240,350,DepthHigh,DepthMid,DepthHigh--DepthMid,7,0.1832157646223803,2.7107775958848797e-05,0.000533988803111847
1949,7876,22,122,22,122,DepthMid,DepthLow,DepthLow--DepthMid,9,0.24326717384010843,2.7106352419436713e-05,0.0005339607611910345
1950,40441,136,254,136,254,DepthLow,DepthLow,DepthLow--DepthLow,3,0.10123982803381026,2.7104642647394057e-05,0.0005339270808504548
1951,17117,50,193,50,193,DepthHigh,DepthMid,DepthHigh--DepthMid,1,0.057044305151161476,2.7104129827017657e-05,0.0005339169789394968
1952,51707,192,348,192,348,DepthMid,DepthMid,DepthMid--DepthMid,4,0.12202222107209258,2.7103935882805685e-05,0.0005339131584845182
1953,42614,146,202,146,202,DepthLow,DepthHigh,DepthHigh--DepthLow,2,0.07763843435282908,2.710279467809059e-05,0.0005338906781991254
1954,49170,178,310,178,310,DepthLow,DepthHigh,DepthHigh--DepthLow,2,0.09036461609170045,2.7097441211112006e-05,0.0005337852216899402
1955,46681,165,317,165,317,DepthLow,DepthMid,DepthLow--DepthMid,9,0.23414816321932277,2.7094807658396717e-05,0.0005337333440418254
1956,40455,136,268,136,268,DepthLow,DepthLow,DepthLow--DepthLow,7,0.19999773301662496,2.7094399880454194e-05,0.0005337253113335799
1957,33425,107,256,107,256,DepthLow,DepthLow,DepthLow--DepthLow,6,0.1689822758459881,2.709423989532249e-05,0.0005337221598294091
1958,56839,226,227,226,227,DepthMid,DepthMid,DepthMid--DepthMid,9,0.2394470816348225,2.7088691816110826e-05,0.0005336128697060768
1959,40213,135,254,135,254,DepthLow,DepthLow,DepthLow--DepthLow,2,0.0969041236137435,2.708058501665939e-05,0.0005334531760394805
1960,26037,80,158,80,158,DepthHigh,DepthHigh,DepthHigh--DepthHigh,9,0.2490584469914307,2.707997106521365e-05,0.0005334410819747303
1961,65572,323,327,323,327,DepthLow,DepthLow,DepthLow--DepthLow,7,0.19248808435362338,2.7079764164943213e-05,0.0005334370063018333
1962,11179,32,60,32,60,DepthMid,DepthHigh,DepthHigh--DepthMid,8,0.2270465707080649,2.7079567467433882e-05,0.000533433131610389
1963,45640,160,281,160,281,DepthLow,DepthLow,DepthLow--DepthLow,10,0.3109844553326258,2.707763618468008e-05,0.000533395087789762
1964,36941,121,279,121,279,DepthLow,DepthHigh,DepthHigh--DepthLow,8,0.22289350622369133,2.707551207770268e-05,0.0005333532455765069
1965,52113,195,244,195,244,DepthMid,DepthLow,DepthLow--DepthMid,8,0.20312522854155268,2.7073252376767633e-05,0.0005333087323342724
1966,11496,33,46,33,46,DepthMid,DepthHigh,DepthHigh--DepthMid,9,0.2537212099430814,2.7072455581168135e-05,0.0005332930364716111
1967,3939,10,355,10,355,DepthHigh,DepthMid,DepthHigh--DepthMid,8,0.22025131383132887,2.7071314935920467e-05,0.000533270567207017
1968,44434,154,314,154,314,DepthHigh,DepthMid,DepthHigh--DepthMid,7,0.19150524281564005,2.707124289242677e-05,0.0005332691480415705
1969,36327,119,152,119,152,DepthLow,DepthLow,DepthLow--DepthLow,8,0.20142597832606038,2.7070389435754894e-05,0.0005332523360276519
1970,39049,130,245,130,245,DepthLow,DepthLow,DepthLow--DepthLow,6,0.176467774090897,2.7070001930162942e-05,0.0005332447026589993
1971,11141,31,354,31,354,DepthHigh,DepthMid,DepthHigh--DepthMid,8,0.2260152423501629,2.7060605111188372e-05,0.0005330595972440473
1972,15075,44,50,44,50,DepthMid,DepthHigh,DepthHigh--DepthMid,9,0.2367433489746807,2.705888220668864e-05,0.0005330256582107203
1973,43954,152,255,152,255,DepthLow,DepthLow,DepthLow--DepthLow,9,0.2522901997749562,2.7058242218326773e-05,0.0005330130512517475
1974,37129,122,225,122,225,DepthLow,DepthHigh,DepthHigh--DepthLow,8,0.2114257564418205,2.705790560256314e-05,0.0005330064203481645
1975,54488,209,358,209,358,DepthLow,DepthMid,DepthLow--DepthMid,1,0.047224471969397205,2.7057719297411966e-05,0.0005330027503729943
1976,32420,103,285,103,285,DepthLow,DepthLow,DepthLow--DepthLow,10,0.2899541796804702,2.7055721559425746e-05,0.00053296339746858
1977,1983,5,179,5,179,DepthHigh,DepthLow,DepthHigh--DepthLow,2,0.09308367016159123,2.705541038936014e-05,0.0005329572678129731
1978,28549,89,159,89,159,DepthLow,DepthHigh,DepthHigh--DepthLow,2,0.08469383737152295,2.7052402426705926e-05,0.0005328980147639599
1979,15412,45,68,45,68,DepthMid,DepthMid,DepthMid--DepthMid,10,0.7194931237174818,2.705176358509933e-05,0.0005328854303946113
1980,33199,106,287,106,287,DepthLow,DepthHigh,DepthHigh--DepthLow,7,0.19416972639121258,2.7050386905616385e-05,0.0005328583115549661
1981,63156,283,331,283,331,DepthLow,DepthMid,DepthLow--DepthMid,8,0.20309058308802314,2.704531198595281e-05,0.0005327583420745795
1982,5163,14,173,14,173,DepthHigh,DepthMid,DepthHigh--DepthMid,7,0.1963341355263399,2.7041016014113003e-05,0.0005326737168783103
1983,50373,185,239,185,239,DepthLow,DepthHigh,DepthHigh--DepthLow,3,0.11486153515646753,2.7037859345907512e-05,0.0005326115345185538
1984,42805,147,176,147,176,DepthLow,DepthMid,DepthLow--DepthMid,9,0.24416468953720943,2.7037470515533194e-05,0.0005326038750533689
1985,5051,14,61,14,61,DepthHigh,DepthHigh,DepthHigh--DepthHigh,4,0.12232972959703002,2.7034635759679814e-05,0.0005325480339586381
1986,32298,103,163,103,163,DepthLow,DepthLow,DepthLow--DepthLow,9,0.27068278974499066,2.703101667227158e-05,0.0005324767425271162
1987,43186,148,341,148,341,DepthMid,DepthHigh,DepthHigh--DepthMid,2,0.09475902928977978,2.7027559515626458e-05,0.0005324086409262361
1988,17586,51,349,51,349,DepthHigh,DepthMid,DepthHigh--DepthMid,6,0.17357359529959154,2.7025378128099253e-05,0.0005323656703588039
1989,48202,173,282,173,282,DepthMid,DepthHigh,DepthHigh--DepthMid,8,0.2055869293353379,2.7024748032918526e-05,0.0005323532582829511
1990,19642,58,242,58,242,DepthHigh,DepthHigh,DepthHigh--DepthHigh,10,0.28243431948600595,2.7021246620230162e-05,0.000532284284894153
1991,32459,103,324,103,324,DepthLow,DepthMid,DepthLow--DepthMid,5,0.15008046276196144,2.7017260441004984e-05,0.0005322057622194536
1992,37042,122,138,122,138,DepthLow,DepthLow,DepthLow--DepthLow,9,0.2668523470181441,2.701663482103287e-05,0.0005321934382995341
1993,59578,247,299,247,299,DepthLow,DepthHigh,DepthHigh--DepthLow,8,0.22570767175409598,2.7016333105641313e-05,0.0005321874948890137
1994,14860,43,155,43,155,DepthMid,DepthMid,DepthMid--DepthMid,10,0.2916305539849517,2.7015792497038562e-05,0.000532176845585243
1995,50205,184,250,184,250,DepthLow,DepthLow,DepthLow--DepthLow,5,0.14758358028590307,2.701366166145954e-05,0.0005321348708270704
1996,10193,29,73,29,73,DepthMid,DepthMid,DepthMid--DepthMid,10,0.2715334969547696,2.7012758703931188e-05,0.0005321170837090656
1997,36587,120,168,120,168,DepthLow,DepthLow,DepthLow--DepthLow,7,0.1978626105667313,2.7012427751096105e-05,0.0005321105643579923
1998,20284,60,275,60,275,DepthHigh,DepthHigh,DepthHigh--DepthHigh,9,0.26048907404915894,2.7011069187804885e-05,0.0005320838023843456
1999,7697,21,285,21,285,DepthMid,DepthLow,DepthLow--DepthMid,9,0.23670863560991878,2.7011039835333792e-05,0.0005320832241778956
2000,40528,136,341,136,341,DepthLow,DepthHigh,DepthHigh--DepthLow,3,0.10024472160714754,2.7008258811560656e-05,0.0005320284415369922
2001,59755,248,360,248,360,DepthHigh,DepthMid,DepthHigh--DepthMid,9,0.2704857955383943,2.7006728568801323e-05,0.0005319982976955805
2002,7759,21,347,21,347,DepthMid,DepthMid,DepthMid--DepthMid,10,0.29850777668253153,2.7006219450442043e-05,0.0005319882687096642
2003,12998,37,234,37,234,DepthMid,DepthLow,DepthLow--DepthMid,10,0.3085403552045246,2.700524037415366e-05,0.0005319689821486353
2004,37219,122,315,122,315,DepthLow,DepthMid,DepthLow--DepthMid,6,0.15938063335599748,2.7002257356052915e-05,0.0005319102204756859
2005,17692,52,143,52,143,DepthHigh,DepthLow,DepthHigh--DepthLow,6,0.17394995778170816,2.7001720986083245e-05,0.0005318996546676107
2006,48823,176,336,176,336,DepthMid,DepthHigh,DepthHigh--DepthMid,5,0.14293428453270884,2.6999709707105506e-05,0.0005318600350228387
2007,12260,35,151,35,151,DepthMid,DepthMid,DepthMid--DepthMid,10,0.28650122676980644,2.699516612150676e-05,0.0005317705321495896
2008,36902,121,240,121,240,DepthLow,DepthHigh,DepthHigh--DepthLow,10,0.2929059888996138,2.6994876351995775e-05,0.0005317648240577644
2009,55832,218,352,218,352,DepthHigh,DepthMid,DepthHigh--DepthMid,2,0.0767838100800822,2.6992721736656816e-05,0.0005317223808684831
2010,34200,110,266,110,266,DepthLow,DepthMid,DepthLow--DepthMid,3,0.1058339600397839,2.699264785513355e-05,0.0005317209254961854
2011,54695,211,258,211,258,DepthLow,DepthMid,DepthLow--DepthMid,1,0.06248004576082054,2.69925119545258e-05,0.0005317182484265879
2012,65706,326,344,326,344,DepthLow,DepthHigh,DepthHigh--DepthLow,1,0.06283537000758388,2.6991284626722493e-05,0.0005316940716255952
2013,34112,110,178,110,178,DepthLow,DepthLow,DepthLow--DepthLow,10,0.7454983191802746,2.6987714987831518e-05,0.0005316237542671433
2014,31132,98,312,98,312,DepthLow,DepthMid,DepthLow--DepthMid,9,0.2469693791800596,2.698501812415884e-05,0.0005315706294734709
2015,18821,55,342,55,342,DepthHigh,DepthMid,DepthHigh--DepthMid,10,0.36391381913616916,2.698360393808742e-05,0.0005315427718016058
2016,5293,14,303,14,303,DepthHigh,DepthHigh,DepthHigh--DepthHigh,6,0.16798662506140657,2.6983200887289793e-05,0.0005315348322121188
2017,53946,206,284,206,284,DepthLow,DepthLow,DepthLow--DepthLow,6,0.16554613458062928,2.6979587972502026e-05,0.0005314636623733909
2018,48769,176,282,176,282,DepthMid,DepthHigh,DepthHigh--DepthMid,9,0.23313569717870997,2.697479915754922e-05,0.0005313693287929136
2019,18273,54,103,54,103,DepthHigh,DepthLow,DepthHigh--DepthLow,5,0.14062552002638654,2.6973732478577013e-05,0.0005313483165701279
2020,48612,175,313,175,313,DepthMid,DepthHigh,DepthHigh--DepthMid,10,0.28139474340780724,2.697318660595004e-05,0.0005313375635717569
2021,19742,58,342,58,342,DepthHigh,DepthMid,DepthHigh--DepthMid,8,0.20329333441724695,2.6971389529183733e-05,0.0005313021634388578
2022,62158,272,279,272,279,DepthHigh,DepthHigh,DepthHigh--DepthHigh,10,0.3046987467167603,2.6966550096506533e-05,0.0005312068327534131
2023,60222,253,262,253,262,DepthLow,DepthMid,DepthLow--DepthMid,3,0.10718091953702082,2.696383559580716e-05,0.0005311533605326855
2024,23903,72,324,72,324,DepthMid,DepthMid,DepthMid--DepthMid,6,0.16276503662968506,2.696358824104577e-05,0.0005311484879576289
2025,49310,179,265,179,265,DepthLow,DepthMid,DepthLow--DepthMid,2,0.0794004596133954,2.6962705832150408e-05,0.0005311311056216304
2026,56480,223,285,223,285,DepthLow,DepthLow,DepthLow--DepthLow,9,0.25476436300903615,2.6961117850187103e-05,0.0005310998243911363
2027,30165,95,146,95,146,DepthLow,DepthLow,DepthLow--DepthLow,1,0.06136272974893222,2.696091108922785e-05,0.000531095751462493
2028,11801,33,351,33,351,DepthMid,DepthMid,DepthMid--DepthMid,10,0.31103536566985074,2.695912315273414e-05,0.0005310605313813706
2029,35516,115,327,115,327,DepthLow,DepthLow,DepthLow--DepthLow,10,0.31099797592084405,2.6957725923272302e-05,0.0005310330077332066
2030,55809,218,329,218,329,DepthHigh,DepthLow,DepthHigh--DepthLow,6,0.16059061112272013,2.6957702324389478e-05,0.0005310325428651477
2031,8882,25,108,25,108,DepthHigh,DepthLow,DepthHigh--DepthLow,8,0.20570222843985636,2.6955788692558726e-05,0.0005309948467453166
2032,26616,82,172,82,172,DepthHigh,DepthLow,DepthHigh--DepthLow,2,0.0992921905425719,2.6954538587468836e-05,0.0005309702212606686
2033,33336,107,167,107,167,DepthLow,DepthLow,DepthLow--DepthLow,8,0.2061669075928175,2.6952398028895744e-05,0.0005309280549718454
2034,19424,57,330,57,330,DepthHigh,DepthMid,DepthHigh--DepthMid,7,0.19025420568368742,2.6951605224833944e-05,0.0005309124377374139
2035,54855,212,266,212,266,DepthLow,DepthMid,DepthLow--DepthMid,1,0.06513328055686343,2.695106353885026e-05,0.0005309017672106054
2036,42724,146,312,146,312,DepthLow,DepthMid,DepthLow--DepthMid,9,0.23504333023869114,2.6946204667462973e-05,0.0005308060536072279
2037,20925,62,311,62,311,DepthHigh,DepthMid,DepthHigh--DepthMid,10,0.27313793669679864,2.6944786178301735e-05,0.0005307781111699514
2038,23379,71,92,71,92,DepthMid,DepthLow,DepthLow--DepthMid,2,0.0794701352496473,2.694289529270556e-05,0.0005307408631220902
2039,61278,262,364,262,364,DepthMid,DepthHigh,DepthHigh--DepthMid,2,0.09811053262434374,2.694166938001096e-05,0.0005307167141969441
2040,38629,128,294,128,294,DepthLow,DepthLow,DepthLow--DepthLow,8,0.20935045783122744,2.6939814978653994e-05,0.0005306801848423191
2041,9281,26,169,26,169,DepthHigh,DepthLow,DepthHigh--DepthLow,7,0.1863484608422757,2.6934745038915802e-05,0.0005305803134601461
2042,59623,247,344,247,344,DepthLow,DepthHigh,DepthHigh--DepthLow,5,0.14260211428408848,2.6933671272425457e-05,0.0005305591616222428
2043,57240,228,355,228,355,DepthMid,DepthMid,DepthMid--DepthMid,9,0.25151989604068237,2.6932621471999113e-05,0.0005305384818854019
2044,48010,172,281,172,281,DepthLow,DepthLow,DepthLow--DepthLow,9,0.26029055117034144,2.6929474879432184e-05,0.0005304764980029453
2045,57493,230,339,230,339,DepthMid,DepthHigh,DepthHigh--DepthMid,2,0.09839659931170108,2.6924406910380128e-05,0.0005303766654407895
2046,13378,38,288,38,288,DepthMid,DepthHigh,DepthHigh--DepthMid,8,0.20283800475168828,2.6924389090927248e-05,0.0005303763144201699
2047,58321,237,257,237,257,DepthHigh,DepthLow,DepthHigh--DepthLow,9,0.25062848383433467,2.692278536946127e-05,0.000530344723141437
2048,24344,74,184,74,184,DepthMid,DepthLow,DepthLow--DepthMid,3,0.11183216938156211,2.6919325956425714e-05,0.0005302765770925273
2049,57720,232,301,232,301,DepthMid,DepthHigh,DepthHigh--DepthMid,3,0.10144133866888493,2.6918098244929413e-05,0.0005302523927332692
2050,1350,3,265,3,265,DepthHigh,DepthMid,DepthHigh--DepthMid,8,0.2013254180519962,2.6918047396853778e-05,0.0005302513910906745
2051,58694,240,255,240,255,DepthHigh,DepthLow,DepthHigh--DepthLow,2,0.09803555773784213,2.6916398418970505e-05,0.0005302189083179239
2052,13085,37,321,37,321,DepthMid,DepthHigh,DepthHigh--DepthMid,9,0.252846202249256,2.6915120472785504e-05,0.0005301937343990157
2053,48581,175,282,175,282,DepthMid,DepthHigh,DepthHigh--DepthMid,10,0.2910606429474842,2.691457977059047e-05,0.0005301830832515957
2054,24471,74,311,74,311,DepthMid,DepthMid,DepthMid--DepthMid,10,0.3324323148051922,2.6907569419919485e-05,0.0005300449882352477
2055,64219,298,299,298,299,DepthHigh,DepthHigh,DepthHigh--DepthHigh,10,0.7705647378797229,2.6905419834967868e-05,0.0005300026441382165
2056,23977,73,107,73,107,DepthMid,DepthLow,DepthLow--DepthMid,1,0.031242030727041504,2.6904804530973802e-05,0.0005299905234299798
2057,14084,40,345,40,345,DepthMid,DepthMid,DepthMid--DepthMid,8,0.20973092873292626,2.6902619886841518e-05,0.0005299474887115583
2058,18536,55,57,55,57,DepthHigh,DepthHigh,DepthHigh--DepthHigh,10,0.636733047079428,2.6902325256927224e-05,0.0005299416848759529
2059,8325,23,230,23,230,DepthHigh,DepthMid,DepthHigh--DepthMid,4,0.12638497038906338,2.6901844338053073e-05,0.0005299322113841256
2060,20171,60,162,60,162,DepthHigh,DepthHigh,DepthHigh--DepthHigh,2,0.08773724572460989,2.6901523931621035e-05,0.0005299258997838153
2061,63376,286,314,286,314,DepthLow,DepthMid,DepthLow--DepthMid,7,0.18466116585502532,2.6899986353933237e-05,0.0005298956114536164
2062,66079,338,339,338,339,DepthHigh,DepthHigh,DepthHigh--DepthHigh,6,0.17361774875122266,2.6899819220224468e-05,0.0005298923191315447
2063,10204,29,84,29,84,DepthMid,DepthHigh,DepthHigh--DepthMid,3,0.10420666804838703,2.6898948163274734e-05,0.0005298751604144763
2064,7577,21,165,21,165,DepthMid,DepthLow,DepthLow--DepthMid,7,0.19852225716995853,2.6898567320138017e-05,0.0005298676582877412
2065,45125,158,175,158,175,DepthHigh,DepthMid,DepthHigh--DepthMid,5,0.14923585154091928,2.68983025586345e-05,0.0005298624428219433
2066,42698,146,286,146,286,DepthLow,DepthLow,DepthLow--DepthLow,1,0.05119422878746525,2.6897623192987835e-05,0.0005298490601804057
2067,47298,168,343,168,343,DepthLow,DepthHigh,DepthHigh--DepthLow,4,0.13208387372118569,2.689737542044465e-05,0.0005298441793755776
2068,50227,184,272,184,272,DepthLow,DepthHigh,DepthHigh--DepthLow,7,0.18022693615986243,2.6895754236448405e-05,0.0005298122441071479
2069,1207,3,122,3,122,DepthHigh,DepthLow,DepthHigh--DepthLow,5,0.15540910810571806,2.6894238705349538e-05,0.0005297823900667872
2070,34276,110,342,110,342,DepthLow,DepthMid,DepthLow--DepthMid,5,0.14384832340577522,2.689389790077158e-05,0.0005297756766488751
2071,31857,101,245,101,245,DepthLow,DepthLow,DepthLow--DepthLow,3,0.10233654477384053,2.6893036155803552e-05,0.0005297587013660351
2072,47702,170,358,170,358,DepthLow,DepthMid,DepthLow--DepthMid,7,0.19508290277278711,2.68898612496629e-05,0.0005296961597420888
2073,343,0,344,0,344,DepthHigh,DepthHigh,DepthHigh--DepthHigh,8,0.20935625140248615,2.6887312072548743e-05,0.0005296459441862949
2074,50663,186,351,186,351,DepthMid,DepthMid,DepthMid--DepthMid,5,0.15079221455365488,2.6884564103003616e-05,0.0005295918126717576
2075,5214,14,224,14,224,DepthHigh,DepthLow,DepthHigh--DepthLow,6,0.16593462482721688,2.688412795236697e-05,0.0005295832210574255
2076,30133,95,114,95,114,DepthLow,DepthLow,DepthLow--DepthLow,3,0.11858624048783029,2.688142706681349e-05,0.0005295300170378028
2077,56305,222,251,222,251,DepthMid,DepthLow,DepthLow--DepthMid,9,0.24170329144194108,2.6880864003396043e-05,0.000529518925402664
2078,15852,46,190,46,190,DepthHigh,DepthMid,DepthHigh--DepthMid,3,0.11858463694023179,2.6878318217345428e-05,0.0005294687766465207
2079,43306,149,246,149,246,DepthMid,DepthLow,DepthLow--DepthMid,4,0.13960299631572562,2.6876820070253548e-05,0.000529439265049048
2080,2517,6,355,6,355,DepthHigh,DepthMid,DepthHigh--DepthMid,7,0.1835559888791031,2.687396816064419e-05,0.000529383086047082
2081,33977,109,297,109,297,DepthLow,DepthHigh,DepthHigh--DepthLow,3,0.11517993488505943,2.6873175615381397e-05,0.0005293674739106629
2082,11737,33,287,33,287,DepthMid,DepthHigh,DepthHigh--DepthMid,7,0.1824034880063244,2.6873083649631565e-05,0.0005293656623020398
2083,35999,117,315,117,315,DepthLow,DepthMid,DepthLow--DepthMid,4,0.1333341191666579,2.6873028984206953e-05,0.0005293645854625121
2084,52183,195,314,195,314,DepthMid,DepthMid,DepthMid--DepthMid,2,0.09530995935397443,2.687236343051008e-05,0.0005293514748988665
2085,44662,155,333,155,333,DepthMid,DepthMid,DepthMid--DepthMid,9,0.27067666627834674,2.6868026613639e-05,0.0005292660451072886
2086,24712,75,263,75,263,DepthMid,DepthMid,DepthMid--DepthMid,8,0.20190789983188195,2.68672157879374e-05,0.0005292500728694117
2087,49163,178,303,178,303,DepthLow,DepthHigh,DepthHigh--DepthLow,1,0.040280465576416444,2.6864733197076256e-05,0.0005292011689783447
2088,26163,80,284,80,284,DepthHigh,DepthLow,DepthHigh--DepthLow,6,0.16837721851134851,2.6861108304390364e-05,0.0005291297631902164
2089,41014,139,149,139,149,DepthLow,DepthMid,DepthLow--DepthMid,9,0.2679895306874384,2.685907634453035e-05,0.0005290897361582951
2090,36932,121,270,121,270,DepthLow,DepthHigh,DepthHigh--DepthLow,6,0.16936844651450972,2.685831168035824e-05,0.0005290746732439981
2091,10855,31,68,31,68,DepthHigh,DepthMid,DepthHigh--DepthMid,9,0.25054701473335367,2.6853388683733065e-05,0.0005289776964547702
2092,37393,123,248,123,248,DepthLow,DepthHigh,DepthHigh--DepthLow,10,0.29394022034586303,2.6852561064326e-05,0.0005289613934021966
2093,32203,102,329,102,329,DepthLow,DepthLow,DepthLow--DepthLow,9,0.23487757192431316,2.685223766618025e-05,0.0005289550228689208
2094,66180,342,346,342,346,DepthMid,DepthMid,DepthMid--DepthMid,10,0.7435825916722777,2.6844648531360124e-05,0.0005288055265389598
2095,19153,57,59,57,59,DepthHigh,DepthHigh,DepthHigh--DepthHigh,10,0.7910383898341475,2.68413066904907e-05,0.0005287396965125953
2096,43447,150,173,150,173,DepthMid,DepthMid,DepthMid--DepthMid,8,0.22020714932796895,2.684128588556664e-05,0.0005287392866819801
2097,59456,246,294,246,294,DepthLow,DepthLow,DepthLow--DepthLow,2,0.08500659720756967,2.6840792848324727e-05,0.0005287295744736787
2098,47936,172,207,172,207,DepthLow,DepthLow,DepthLow--DepthLow,6,0.17305157895205248,2.6836174263913394e-05,0.0005286385942189495
2099,40259,135,300,135,300,DepthLow,DepthHigh,DepthHigh--DepthLow,2,0.09788676074151241,2.6830702423644016e-05,0.0005285308059060794
2100,212,0,213,0,213,DepthHigh,DepthHigh,DepthHigh--DepthHigh,3,0.11207805515851609,2.6829344840914084e-05,0.0005285040632482464
2101,57230,228,345,228,345,DepthMid,DepthMid,DepthMid--DepthMid,10,0.3044399148795272,2.6825520732833967e-05,0.000528428733169535
2102,55933,219,308,219,308,DepthMid,DepthHigh,DepthHigh--DepthMid,10,0.2873816894173103,2.682459173413465e-05,0.0005284104330734926
2103,56251,221,339,221,339,DepthMid,DepthHigh,DepthHigh--DepthMid,2,0.07821362165789619,2.682442573375525e-05,0.0005284071630765719
2104,60669,257,275,257,275,DepthLow,DepthHigh,DepthHigh--DepthLow,6,0.17780510187649312,2.682091441058683e-05,0.0005283379944638871
2105,12822,37,58,37,58,DepthMid,DepthHigh,DepthHigh--DepthMid,1,0.05763462718984244,2.6818166756280062e-05,0.0005282838691591457
2106,43397,149,337,149,337,DepthMid,DepthHigh,DepthHigh--DepthMid,5,0.1446183115038573,2.681691009426889e-05,0.0005282591145114653
2107,31970,101,358,101,358,DepthLow,DepthMid,DepthLow--DepthMid,2,0.07917521552467148,2.6814309072360906e-05,0.0005282078776789926
2108,43328,149,268,149,268,DepthMid,DepthLow,DepthLow--DepthMid,7,0.19402635316787356,2.6813333081184245e-05,0.0005281886518907514
2109,26807,82,363,82,363,DepthHigh,DepthMid,DepthHigh--DepthMid,8,0.21525106402335795,2.680936920234308e-05,0.0005281105685053314
2110,58014,234,334,234,334,DepthLow,DepthHigh,DepthHigh--DepthLow,10,0.29212757184514676,2.680625935584329e-05,0.000528049308473789
2111,34599,112,160,112,160,DepthLow,DepthLow,DepthLow--DepthLow,10,0.5540717320319201,2.6800403583154578e-05,0.0005279339571792347
2112,40561,137,147,137,147,DepthLow,DepthLow,DepthLow--DepthLow,9,0.24266790212976347,2.6798193774857457e-05,0.0005278904267586839
2113,4048,11,111,11,111,DepthHigh,DepthLow,DepthHigh--DepthLow,2,0.09729350447450029,2.679320559973233e-05,0.0005277921660356787
2114,26223,80,344,80,344,DepthHigh,DepthHigh,DepthHigh--DepthHigh,3,0.10164586713416386,2.6789762793089696e-05,0.0005277243471116461
2115,44709,156,172,156,172,DepthLow,DepthLow,DepthLow--DepthLow,2,0.09214096799419653,2.678604466103523e-05,0.0005276511046262208
2116,4478,12,189,12,189,DepthHigh,DepthLow,DepthHigh--DepthLow,5,0.14814835639448293,2.6785127053408063e-05,0.0005276330289198515
2117,43210,149,150,149,150,DepthMid,DepthMid,DepthMid--DepthMid,6,0.1605470711876621,2.678455688843074e-05,0.0005276217973929909
2118,31428,99,343,99,343,DepthLow,DepthHigh,DepthHigh--DepthLow,4,0.12812238162107795,2.6777844303114708e-05,0.0005274895679764523
2119,23452,71,165,71,165,DepthMid,DepthLow,DepthLow--DepthMid,10,0.27777894789331625,2.6774513369385696e-05,0.0005274239528069195
2120,37056,122,152,122,152,DepthLow,DepthLow,DepthLow--DepthLow,9,0.25308335270705773,2.6774504041338644e-05,0.0005274237690562241
2121,60603,256,316,256,316,DepthLow,DepthHigh,DepthHigh--DepthLow,4,0.12557441861503124,2.6767170080772843e-05,0.0005272792993354124
2122,36430,119,255,119,255,DepthLow,DepthLow,DepthLow--DepthLow,7,0.1966922466939227,2.676707078101879e-05,0.0005272773432562085
2123,56841,226,229,226,229,DepthMid,DepthMid,DepthMid--DepthMid,10,0.3339221583012019,2.676480518513194e-05,0.0005272327138909006
2124,8346,23,251,23,251,DepthHigh,DepthLow,DepthHigh--DepthLow,9,0.23540706959291963,2.6763978577815617e-05,0.0005272164307752309
2125,35096,114,156,114,156,DepthLow,DepthLow,DepthLow--DepthLow,5,0.15723423689757007,2.6763912590076964e-05,0.0005272151309004777
2126,46159,163,194,163,194,DepthLow,DepthMid,DepthLow--DepthMid,9,0.23276878681761093,2.676302097508258e-05,0.0005271975672160054
2127,51982,194,282,194,282,DepthMid,DepthHigh,DepthHigh--DepthMid,3,0.1100692164464104,2.675967993196795e-05,0.0005271317529043985
2128,53750,205,246,205,246,DepthLow,DepthLow,DepthLow--DepthLow,7,0.1829894409344652,2.6759141472429175e-05,0.0005271211459344622
2129,34938,113,248,113,248,DepthLow,DepthHigh,DepthHigh--DepthLow,9,0.23685374310024257,2.6758620149987546e-05,0.0005271108765436031
2130,62866,280,287,280,287,DepthLow,DepthHigh,DepthHigh--DepthLow,7,0.1896983612269844,2.675825726894407e-05,0.0005271037282473219
2131,36970,121,308,121,308,DepthLow,DepthHigh,DepthHigh--DepthLow,9,0.26424901470784284,2.6758052773482538e-05,0.0005270996999461101
2132,19007,56,220,56,220,DepthHigh,DepthHigh,DepthHigh--DepthHigh,1,0.07309704521026783,2.67573998635286e-05,0.0005270868384481631
2133,26591,82,147,82,147,DepthHigh,DepthLow,DepthHigh--DepthLow,7,0.20038498195529453,2.6756906207825217e-05,0.0005270771140569552
2134,42036,143,281,143,281,DepthLow,DepthLow,DepthLow--DepthLow,8,0.22651970895870507,2.6753514117152482e-05,0.0005270102941732019
2135,65952,333,352,333,352,DepthMid,DepthMid,DepthMid--DepthMid,10,0.28747214134010185,2.6752690128179946e-05,0.0005269940626355837
2136,49869,182,275,182,275,DepthLow,DepthHigh,DepthHigh--DepthLow,10,0.29461443519022984,2.675075727947082e-05,0.0005269559879676231
2137,33174,106,262,106,262,DepthLow,DepthMid,DepthLow--DepthMid,8,0.21284455014270448,2.6748246526283232e-05,0.0005269065293144462
2138,10176,29,56,29,56,DepthMid,DepthHigh,DepthHigh--DepthMid,9,0.25108116357776833,2.6747532210215595e-05,0.0005268924581939463
2139,62754,278,344,278,344,DepthMid,DepthHigh,DepthHigh--DepthMid,9,0.23539509222626476,2.6747487927628273e-05,0.0005268915858831437
2140,7750,21,338,21,338,DepthMid,DepthHigh,DepthHigh--DepthMid,9,0.23820840926676173,2.674581266792055e-05,0.000526858585391787
2141,23534,71,247,71,247,DepthMid,DepthLow,DepthLow--DepthMid,5,0.150071460955063,2.6742132957920006e-05,0.0005267860997720898
2142,34510,111,323,111,323,DepthLow,DepthLow,DepthLow--DepthLow,9,0.2371712182715874,2.6740897130901053e-05,0.0005267617555473292
2143,48795,176,308,176,308,DepthMid,DepthHigh,DepthHigh--DepthMid,7,0.19383156430897214,2.6738581824544392e-05,0.0005267161469488182
2144,62050,270,356,270,356,DepthHigh,DepthMid,DepthHigh--DepthMid,8,0.20712027785281775,2.673769296522972e-05,0.000526698637547741
2145,11685,33,235,33,235,DepthMid,DepthHigh,DepthHigh--DepthMid,9,0.2634173954738495,2.673747452763394e-05,0.0005266943346041686
2146,62933,280,354,280,354,DepthLow,DepthMid,DepthLow--DepthMid,10,0.3418469206962816,2.6734604802582597e-05,0.0005266378046605924
2147,57659,232,240,232,240,DepthMid,DepthHigh,DepthHigh--DepthMid,4,0.13842888747395288,2.6734022327277504e-05,0.000526626330635889
2148,27001,83,276,83,276,DepthHigh,DepthHigh,DepthHigh--DepthHigh,10,0.2875331476838393,2.6732018223174046e-05,0.0005265868523270398
2149,5005,14,15,14,15,DepthHigh,DepthHigh,DepthHigh--DepthHigh,6,0.1663278235817906,2.6731960776506482e-05,0.0005265857207005537
2150,26185,80,306,80,306,DepthHigh,DepthHigh,DepthHigh--DepthHigh,9,0.2430382874336052,2.673161101668929e-05,0.0005265788308757874
2151,64538,302,364,302,364,DepthHigh,DepthHigh,DepthHigh--DepthHigh,8,0.2256055723973764,2.6730037023225072e-05,0.0005265478252009826
2152,47997,172,268,172,268,DepthLow,DepthLow,DepthLow--DepthLow,2,0.0881638824359112,2.6728829715538946e-05,0.0005265240427709049
2153,24044,73,174,73,174,DepthMid,DepthMid,DepthMid--DepthMid,5,0.15750621111669022,2.6727871525840486e-05,0.0005265051676492051
2154,500,1,138,1,138,DepthHigh,DepthLow,DepthHigh--DepthLow,5,0.14669573590538174,2.6727793983626337e-05,0.0005265036401659402
2155,20653,61,341,61,341,DepthHigh,DepthHigh,DepthHigh--DepthHigh,3,0.11169633706801979,2.6723231650584824e-05,0.0005264137679918477
2156,16169,47,190,47,190,DepthHigh,DepthMid,DepthHigh--DepthMid,5,0.14418759262667022,2.6722353773913375e-05,0.0005263964749349116
2157,30298,95,279,95,279,DepthLow,DepthHigh,DepthHigh--DepthLow,4,0.1346292593795982,2.672217334809235e-05,0.000526392920775088
2158,57079,227,330,227,330,DepthMid,DepthMid,DepthMid--DepthMid,10,0.6391134267438933,2.671948150912656e-05,0.0005263398949617681
2159,49202,178,342,178,342,DepthLow,DepthMid,DepthLow--DepthMid,3,0.10871987089773895,2.6719040256671212e-05,0.0005263312028480787
2160,10926,31,139,31,139,DepthHigh,DepthLow,DepthHigh--DepthLow,7,0.1990237232423252,2.6718480145767106e-05,0.0005263201693737078
2161,33426,107,257,107,257,DepthLow,DepthLow,DepthLow--DepthLow,6,0.17384029381998534,2.6717757339528724e-05,0.0005263059310076131
2162,61656,266,344,266,344,DepthMid,DepthHigh,DepthHigh--DepthMid,8,0.21834342577124052,2.6717511661492857e-05,0.0005263010914619225
2163,35829,117,145,117,145,DepthLow,DepthLow,DepthLow--DepthLow,7,0.18027017618046806,2.671180286208111e-05,0.0005261886353545048
2164,62690,278,280,278,280,DepthMid,DepthLow,DepthLow--DepthMid,10,0.35783998054698474,2.6710751755003164e-05,0.0005261679298782847
2165,11843,34,63,34,63,DepthMid,DepthMid,DepthMid--DepthMid,10,0.31548040841405806,2.670798290076727e-05,0.0005261133869618293
2166,42091,143,336,143,336,DepthLow,DepthHigh,DepthHigh--DepthLow,8,0.2044581599274612,2.6706725766218257e-05,0.0005260886230057527
2167,6039,16,352,16,352,DepthMid,DepthMid,DepthMid--DepthMid,6,0.17238176211161407,2.6705399135655902e-05,0.0005260624900663615
2168,25897,79,302,79,302,DepthMid,DepthHigh,DepthHigh--DepthMid,9,0.23043128680334554,2.6704622456191226e-05,0.0005260471904660411
2169,57709,232,290,232,290,DepthMid,DepthHigh,DepthHigh--DepthMid,5,0.14868863498230017,2.66978080223927e-05,0.0005259129547635814
2170,32585,104,190,104,190,DepthLow,DepthMid,DepthLow--DepthMid,2,0.08459856930802963,2.669705504354664e-05,0.000525898122035386
2171,37685,124,300,124,300,DepthLow,DepthHigh,DepthHigh--DepthLow,9,0.23902143402139384,2.6694796054028074e-05,0.0005258536228071538
2172,16321,47,342,47,342,DepthHigh,DepthMid,DepthHigh--DepthMid,10,0.32074151367497444,2.6691373197678428e-05,0.0005257861968785883
2173,11103,31,316,31,316,DepthHigh,DepthHigh,DepthHigh--DepthHigh,9,0.24975436067841744,2.6688521815810718e-05,0.0005257300282724634
2174,36760,120,341,120,341,DepthLow,DepthHigh,DepthHigh--DepthLow,7,0.1888380095876986,2.6686876710809945e-05,0.0005256976217905857
2175,66312,349,352,349,352,DepthMid,DepthMid,DepthMid--DepthMid,10,0.6180756649724122,2.6684965913385497e-05,0.0005256599815049636
2176,59205,244,280,244,280,DepthLow,DepthLow,DepthLow--DepthLow,10,0.4176206957390343,2.6684414178136046e-05,0.0005256491130203658
2177,49901,182,307,182,307,DepthLow,DepthHigh,DepthHigh--DepthLow,9,0.24141044704044126,2.6681293325746614e-05,0.0005255876361867572
2178,39523,132,254,132,254,DepthLow,DepthLow,DepthLow--DepthLow,2,0.09247117032601071,2.6680167585705433e-05,0.0005255654605358253
2179,49102,178,242,178,242,DepthLow,DepthHigh,DepthHigh--DepthLow,1,0.044970670044932305,2.6680001352905793e-05,0.0005255621859605207
2180,59662,248,267,248,267,DepthHigh,DepthHigh,DepthHigh--DepthHigh,10,0.33867869821504515,2.66793385773095e-05,0.0005255491301219327
2181,10205,29,85,29,85,DepthMid,DepthHigh,DepthHigh--DepthMid,6,0.17640830111530242,2.6678887809438295e-05,0.0005255402505666202
2182,5021,14,31,14,31,DepthHigh,DepthHigh,DepthHigh--DepthHigh,5,0.1584947974627228,2.667791701186547e-05,0.0005255211270857871
2183,39284,131,247,131,247,DepthLow,DepthLow,DepthLow--DepthLow,5,0.14465127287026316,2.667637972813496e-05,0.000525490844546174
2184,40861,138,221,138,221,DepthLow,DepthMid,DepthLow--DepthMid,5,0.14053241850007142,2.6676378002202862e-05,0.0005254908105475008
2185,13858,40,119,40,119,DepthMid,DepthLow,DepthLow--DepthMid,4,0.13610354261071708,2.6675378210869833e-05,0.0005254711159263671
2186,45087,157,343,157,343,DepthMid,DepthHigh,DepthHigh--DepthMid,5,0.14419614560379823,2.666922416775011e-05,0.0005253498890826457
2187,12430,35,321,35,321,DepthMid,DepthHigh,DepthHigh--DepthMid,9,0.25603308707058847,2.6667125944596776e-05,0.0005253085567478938
2188,46369,164,204,164,204,DepthLow,DepthLow,DepthLow--DepthLow,6,0.17269926092580817,2.6666955766997022e-05,0.0005253052044650305
2189,40661,137,247,137,247,DepthLow,DepthLow,DepthLow--DepthLow,9,0.23050218717642257,2.6658841891737393e-05,0.0005251453714139876
2190,55202,214,312,214,312,DepthHigh,DepthMid,DepthHigh--DepthMid,2,0.08817656284496565,2.665749088836189e-05,0.0005251187583610917
2191,25766,79,171,79,171,DepthMid,DepthLow,DepthLow--DepthMid,4,0.1331349353117437,2.6653173332304924e-05,0.0005250337079831216
2192,52727,198,357,198,357,DepthLow,DepthMid,DepthLow--DepthMid,5,0.14362137533644423,2.664760676624958e-05,0.0005249240536924174
2193,66108,339,343,339,343,DepthHigh,DepthHigh,DepthHigh--DepthHigh,10,0.2738926398178424,2.664664182317114e-05,0.000524905045537698
2194,42661,146,249,146,249,DepthLow,DepthHigh,DepthHigh--DepthLow,7,0.19599610163611758,2.6646312623889353e-05,0.0005248985607294004
2195,35005,113,315,113,315,DepthLow,DepthMid,DepthLow--DepthMid,6,0.17587320075888946,2.664484398961374e-05,0.0005248696304969743
2196,19174,57,80,57,80,DepthHigh,DepthHigh,DepthHigh--DepthHigh,9,0.2511039436750251,2.6643353385575497e-05,0.0005248402674880906
2197,30195,95,176,95,176,DepthLow,DepthMid,DepthLow--DepthMid,6,0.17076192775955276,2.6641411974907433e-05,0.0005248020241603989
2198,65428,319,353,319,353,DepthHigh,DepthHigh,DepthHigh--DepthHigh,3,0.11402599269828219,2.6640532270322757e-05,0.0005247846950958908
2199,45422,159,267,159,267,DepthHigh,DepthHigh,DepthHigh--DepthHigh,7,0.1896583974902789,2.6636772839246193e-05,0.0005247106390721135
2200,58141,235,332,235,332,DepthHigh,DepthMid,DepthHigh--DepthMid,10,0.3193105802697423,2.6636435002540577e-05,0.0005247039841175222
2201,234,0,235,0,235,DepthHigh,DepthHigh,DepthHigh--DepthHigh,4,0.1310753012084979,2.6634928430648252e-05,0.0005246743065621666
2202,41462,141,150,141,150,DepthLow,DepthMid,DepthLow--DepthMid,9,0.2537453922328503,2.663146176169562e-05,0.0005246060175808938
2203,62582,276,345,276,345,DepthHigh,DepthMid,DepthHigh--DepthMid,7,0.18347304746628662,2.6631060429957092e-05,0.0005245981118546907
2204,36690,120,271,120,271,DepthLow,DepthHigh,DepthHigh--DepthLow,7,0.1942591195850241,2.662767665227483e-05,0.0005245314557263056
2205,26831,83,106,83,106,DepthHigh,DepthLow,DepthHigh--DepthLow,7,0.1942446810861001,2.662165370077898e-05,0.0005244128112212989
2206,26952,83,227,83,227,DepthHigh,DepthMid,DepthHigh--DepthMid,7,0.18768261494524552,2.661996473372962e-05,0.0005243795407126983
2207,10450,29,330,29,330,DepthMid,DepthMid,DepthMid--DepthMid,9,0.246156646832269,2.661743527136502e-05,0.0005243297135124646
2208,65244,315,355,315,355,DepthMid,DepthMid,DepthMid--DepthMid,7,0.1811931196946418,2.6613055549917877e-05,0.0005242434385551582
2209,9690,27,241,27,241,DepthMid,DepthHigh,DepthHigh--DepthMid,10,0.2790902962478547,2.661248334174373e-05,0.0005242321667799116
2210,59531,247,252,247,252,DepthLow,DepthLow,DepthLow--DepthLow,3,0.10421581927988789,2.6611511314087905e-05,0.0005242130190680036
2211,37747,124,362,124,362,DepthLow,DepthHigh,DepthHigh--DepthLow,8,0.20670148818857123,2.6610376894686217e-05,0.0005241906724446785
2212,31315,99,230,99,230,DepthLow,DepthMid,DepthLow--DepthMid,3,0.10750888874502,2.661034071452005e-05,0.0005241899597412957
2213,53948,206,286,206,286,DepthLow,DepthLow,DepthLow--DepthLow,6,0.16946510451950672,2.660581490008227e-05,0.0005241008069373767
2214,17811,52,262,52,262,DepthHigh,DepthMid,DepthHigh--DepthMid,3,0.1099759308030691,2.660434874530486e-05,0.0005240719255479203
2215,31523,100,174,100,174,DepthLow,DepthMid,DepthLow--DepthMid,5,0.15198034947404726,2.6603723520346346e-05,0.0005240596094092677
2216,52889,199,354,199,354,DepthLow,DepthMid,DepthLow--DepthMid,5,0.15307342574388957,2.6602945119191287e-05,0.0005240442758938306
2217,65998,335,339,335,339,DepthHigh,DepthHigh,DepthHigh--DepthHigh,8,0.20586339173332688,2.659817336295056e-05,0.0005239502783483442
2218,33573,108,148,108,148,DepthLow,DepthMid,DepthLow--DepthMid,8,0.201474226972857,2.6595215297246823e-05,0.0005238920082059665
2219,16542,48,247,48,247,DepthHigh,DepthLow,DepthHigh--DepthLow,4,0.13494696137494108,2.6593040308106975e-05,0.0005238491636786496
2220,9222,26,110,26,110,DepthHigh,DepthLow,DepthHigh--DepthLow,2,0.09116394652663419,2.659098178860161e-05,0.000523808613455403
2221,7939,22,185,22,185,DepthMid,DepthLow,DepthLow--DepthMid,7,0.19410263199217762,2.6590384561049994e-05,0.0005237968488301546
2222,41781,142,247,142,247,DepthLow,DepthLow,DepthLow--DepthLow,8,0.21979201589051006,2.6589802668173297e-05,0.0005237853862785517
2223,59232,244,307,244,307,DepthLow,DepthHigh,DepthHigh--DepthLow,10,0.2739900929050899,2.6588641876416693e-05,0.0005237625201532852
2224,51459,191,272,191,272,DepthMid,DepthHigh,DepthHigh--DepthMid,1,0.04975004919260596,2.6583450608940128e-05,0.0005236602587685574
2225,39405,132,136,132,136,DepthLow,DepthLow,DepthLow--DepthLow,10,0.45740891273818196,2.6582967573172277e-05,0.0005236507435766092
2226,38226,126,364,126,364,DepthLow,DepthHigh,DepthHigh--DepthLow,2,0.09974157946492128,2.6578986828271045e-05,0.0005235723279511987
2227,43502,150,228,150,228,DepthMid,DepthMid,DepthMid--DepthMid,10,0.2832534386022092,2.6578272835274232e-05,0.0005235582631947842
2228,17743,52,194,52,194,DepthHigh,DepthMid,DepthHigh--DepthMid,3,0.11165437245738032,2.6577211346963476e-05,0.0005235373532214453
2229,8347,23,252,23,252,DepthHigh,DepthLow,DepthHigh--DepthLow,8,0.2011175972166473,2.657668305056673e-05,0.0005235269464525161
2230,25960,80,81,80,81,DepthHigh,DepthHigh,DepthHigh--DepthHigh,2,0.09509294462608309,2.65708003711296e-05,0.0005234110651291463
2231,11022,31,235,31,235,DepthHigh,DepthHigh,DepthHigh--DepthHigh,8,0.21315773514323244,2.657034582384617e-05,0.0005234021111242068
2232,40293,135,334,135,334,DepthLow,DepthHigh,DepthHigh--DepthLow,8,0.20453010122819743,2.656977299052109e-05,0.0005233908270342797
2233,56485,223,290,223,290,DepthLow,DepthHigh,DepthHigh--DepthLow,5,0.14025955490178832,2.6569764399845056e-05,0.0005233906578088582
2234,60721,257,327,257,327,DepthLow,DepthLow,DepthLow--DepthLow,7,0.1840918804661716,2.6568173159624162e-05,0.0005233593123948224
2235,20198,60,189,60,189,DepthHigh,DepthLow,DepthHigh--DepthLow,10,0.274188484176324,2.6563526075880334e-05,0.0005232677707393914
2236,54336,208,361,208,361,DepthMid,DepthHigh,DepthHigh--DepthMid,4,0.12468839076033603,2.6563453067139645e-05,0.0005232663325598035
2237,46865,166,303,166,303,DepthMid,DepthHigh,DepthHigh--DepthMid,10,0.36453140854667326,2.6563177927655255e-05,0.0005232609126609456
2238,43766,151,279,151,279,DepthMid,DepthHigh,DepthHigh--DepthMid,8,0.22201456336233266,2.6557413136637324e-05,0.0005231473535899054
2239,45378,159,223,159,223,DepthHigh,DepthLow,DepthHigh--DepthLow,5,0.14201243491981208,2.655554485185459e-05,0.0005231105507494024
2240,18818,55,339,55,339,DepthHigh,DepthHigh,DepthHigh--DepthHigh,5,0.1540563417484031,2.6555513939864606e-05,0.0005231099418224082
2241,46536,165,172,165,172,DepthLow,DepthLow,DepthLow--DepthLow,10,0.5486771796781542,2.6553467459090938e-05,0.0005230696287469061
2242,43332,149,272,149,272,DepthMid,DepthHigh,DepthHigh--DepthMid,7,0.18520570106942288,2.6551825854515566e-05,0.0005230372912189688
2243,60692,257,298,257,298,DepthLow,DepthHigh,DepthHigh--DepthLow,4,0.13912422535666752,2.65507978378841e-05,0.0005230170405952567
2244,16779,49,169,49,169,DepthHigh,DepthLow,DepthHigh--DepthLow,3,0.10361089513696041,2.654920765601187e-05,0.0005229857160293473
2245,55119,214,229,214,229,DepthHigh,DepthMid,DepthHigh--DepthMid,8,0.20144920224642554,2.654684701317538e-05,0.0005229392143596881
2246,7908,22,154,22,154,DepthMid,DepthHigh,DepthHigh--DepthMid,10,0.2979399305074699,2.6544217499411655e-05,0.0005228874162737961
2247,25673,78,363,78,363,DepthMid,DepthMid,DepthMid--DepthMid,6,0.15939905329871595,2.654258391867931e-05,0.0005228552368053891
2248,60053,251,316,251,316,DepthLow,DepthHigh,DepthHigh--DepthLow,9,0.25182704959892577,2.654245196023667e-05,0.0005228526373914441
2249,49307,179,262,179,262,DepthLow,DepthMid,DepthLow--DepthMid,2,0.08892689780457765,2.6541848984228204e-05,0.000522840759528887
2250,34134,110,200,110,200,DepthLow,DepthLow,DepthLow--DepthLow,4,0.13411767724764362,2.654165967730481e-05,0.0005228370304226115
2251,10030,28,245,28,245,DepthHigh,DepthLow,DepthHigh--DepthLow,8,0.21114863513670223,2.6541658152414396e-05,0.0005228370003842046
2252,2122,5,318,5,318,DepthHigh,DepthHigh,DepthHigh--DepthHigh,9,0.24049850546261228,2.6540798247504524e-05,0.0005228200613481763
2253,14840,43,135,43,135,DepthMid,DepthLow,DepthLow--DepthMid,9,0.242645734316791,2.6540147244828892e-05,0.0005228072374211928
2254,8128,23,33,23,33,DepthHigh,DepthMid,DepthHigh--DepthMid,9,0.2365727573370987,2.653510221880243e-05,0.0005227078568075405
2255,30615,96,328,96,328,DepthLow,DepthLow,DepthLow--DepthLow,9,0.264353853983425,2.653281855716498e-05,0.0005226628715698601
2256,45896,161,334,161,334,DepthHigh,DepthHigh,DepthHigh--DepthHigh,7,0.18180571584992608,2.6532233201625148e-05,0.0005226513408081856
2257,50841,187,352,187,352,DepthLow,DepthMid,DepthLow--DepthMid,8,0.20286112570066792,2.6530190944927836e-05,0.0005226111109416299
2258,54438,209,308,209,308,DepthLow,DepthHigh,DepthHigh--DepthLow,1,0.04764223935533494,2.6525942397056385e-05,0.0005225274199373851
2259,31524,100,175,100,175,DepthLow,DepthMid,DepthLow--DepthMid,6,0.16459963477358006,2.652115397283052e-05,0.000522433094053733
2260,23978,73,108,73,108,DepthMid,DepthLow,DepthLow--DepthMid,2,0.07963959500815772,2.651930674515149e-05,0.0005223967060114643
2261,11921,34,141,34,141,DepthMid,DepthLow,DepthLow--DepthMid,6,0.1680101476346242,2.651921730229712e-05,0.0005223949441006818
2262,61120,261,308,261,308,DepthMid,DepthHigh,DepthHigh--DepthMid,8,0.2077542694026903,2.651736635122588e-05,0.0005223584827123093
2263,41888,142,354,142,354,DepthLow,DepthMid,DepthLow--DepthMid,8,0.21868322484441577,2.651528264701633e-05,0.0005223174363823342
2264,44501,155,172,155,172,DepthMid,DepthLow,DepthLow--DepthMid,4,0.13922464988499603,2.651369363075442e-05,0.0005222861347774696
2265,1265,3,180,3,180,DepthHigh,DepthMid,DepthHigh--DepthMid,6,0.16151017169970877,2.6512942409063327e-05,0.0005222713366629984
2266,38153,126,291,126,291,DepthLow,DepthHigh,DepthHigh--DepthLow,5,0.14514168233831007,2.6512135992951254e-05,0.0005222554512884421
2267,20133,60,124,60,124,DepthHigh,DepthLow,DepthHigh--DepthLow,6,0.16901444821553574,2.6511284286513703e-05,0.0005222386737519197
2268,27874,86,312,86,312,DepthHigh,DepthMid,DepthHigh--DepthMid,9,0.2619058964792315,2.651035049122579e-05,0.000522220279169166
2269,22726,68,321,68,321,DepthMid,DepthHigh,DepthHigh--DepthMid,10,0.33201293981772806,2.6509269015616552e-05,0.0005221989754713986
2270,32513,104,118,104,118,DepthLow,DepthLow,DepthLow--DepthLow,4,0.13155920095194473,2.6508869170077468e-05,0.0005221910990214395
2271,46550,165,186,165,186,DepthLow,DepthMid,DepthLow--DepthMid,10,0.3746130597826618,2.6507572924247912e-05,0.0005221655646227446
2272,65915,332,346,332,346,DepthMid,DepthMid,DepthMid--DepthMid,9,0.2582120310530479,2.650729619559122e-05,0.0005221601134192081
2273,62456,275,307,275,307,DepthHigh,DepthHigh,DepthHigh--DepthHigh,7,0.19192076134752553,2.6499619209348928e-05,0.0005220088865276604
2274,29307,92,98,92,98,DepthLow,DepthLow,DepthLow--DepthLow,10,0.2968888041063022,2.649848921614712e-05,0.0005219866270948588
2275,55427,216,240,216,240,DepthMid,DepthHigh,DepthHigh--DepthMid,8,0.22058375956203646,2.649604445156613e-05,0.0005219384683335323
2276,33904,109,224,109,224,DepthLow,DepthLow,DepthLow--DepthLow,2,0.09593815927273693,2.6489877078048776e-05,0.0005218169788978857
2277,36689,120,270,120,270,DepthLow,DepthHigh,DepthHigh--DepthLow,7,0.19501159531445952,2.648868825583223e-05,0.000521793560608112
2278,28980,90,316,90,316,DepthLow,DepthHigh,DepthHigh--DepthLow,3,0.11547581416516674,2.6487615572917776e-05,0.0005217724301152793
2279,36411,119,236,119,236,DepthLow,DepthMid,DepthLow--DepthMid,5,0.1541453678541351,2.64872733546433e-05,0.0005217656888493389
2280,9168,26,56,26,56,DepthHigh,DepthHigh,DepthHigh--DepthHigh,10,0.30120976406957667,2.648580934147378e-05,0.0005217368496468416
2281,5156,14,166,14,166,DepthHigh,DepthMid,DepthHigh--DepthMid,6,0.16989958362150684,2.6485486547650183e-05,0.0005217304910179457
2282,8282,23,187,23,187,DepthHigh,DepthLow,DepthHigh--DepthLow,6,0.16742816641714325,2.6485430929954692e-05,0.0005217293954198895
2283,66121,339,356,339,356,DepthHigh,DepthMid,DepthHigh--DepthMid,2,0.08645729385239286,2.6484028403013617e-05,0.0005217017674181038
2284,65075,312,336,312,336,DepthMid,DepthHigh,DepthHigh--DepthMid,5,0.14421731076310892,2.648027242434999e-05,0.0005216277794024824
2285,11440,32,321,32,321,DepthMid,DepthHigh,DepthHigh--DepthMid,10,0.30452977318873536,2.6478240122839137e-05,0.000521587745640473
2286,40430,136,243,136,243,DepthLow,DepthLow,DepthLow--DepthLow,8,0.21095406097095123,2.6474097931088038e-05,0.0005215061497168979
2287,16564,48,269,48,269,DepthHigh,DepthHigh,DepthHigh--DepthHigh,5,0.156199159811794,2.6473249708944767e-05,0.0005214894408165534
2288,63800,291,363,291,363,DepthHigh,DepthMid,DepthHigh--DepthMid,8,0.218883259206104,2.6471444241216588e-05,0.0005214538753923485
2289,49368,179,323,179,323,DepthLow,DepthLow,DepthLow--DepthLow,8,0.22308795182518143,2.6466191918097995e-05,0.0005213504112889151
2290,1561,4,116,4,116,DepthHigh,DepthLow,DepthHigh--DepthLow,8,0.22348955251541533,2.646597990631451e-05,0.0005213462349256945
2291,12612,36,175,36,175,DepthMid,DepthMid,DepthMid--DepthMid,9,0.24648377692545137,2.6462448697633578e-05,0.0005212766745936358
2292,8067,22,313,22,313,DepthMid,DepthHigh,DepthHigh--DepthMid,10,0.2926964368480305,2.646100003730665e-05,0.0005212481378226641
2293,25550,78,240,78,240,DepthMid,DepthHigh,DepthHigh--DepthMid,7,0.183561548413741,2.645855586246798e-05,0.0005211999906785133
2294,10609,30,155,30,155,DepthHigh,DepthMid,DepthHigh--DepthMid,7,0.18869730809223706,2.645789286797219e-05,0.0005211869305278829
2295,49572,180,343,180,343,DepthMid,DepthHigh,DepthHigh--DepthMid,5,0.1433739434036895,2.6454860733936275e-05,0.000521127201333309
2296,18949,56,162,56,162,DepthHigh,DepthHigh,DepthHigh--DepthHigh,2,0.08304539666786699,2.6453374633174484e-05,0.0005210979270332595
2297,61337,263,322,263,322,DepthMid,DepthLow,DepthLow--DepthMid,3,0.10176102474875462,2.645117896800323e-05,0.0005210546752143492
2298,31829,101,217,101,217,DepthLow,DepthLow,DepthLow--DepthLow,5,0.1575752552333129,2.6449609152487692e-05,0.0005210237518398341
2299,24573,75,124,75,124,DepthMid,DepthLow,DepthLow--DepthMid,4,0.1381657919881587,2.6446067971129238e-05,0.0005209539950586775
2300,40657,137,243,137,243,DepthLow,DepthLow,DepthLow--DepthLow,7,0.19198025040186728,2.6445450750819416e-05,0.0005209418366014511
2301,12777,36,340,36,340,DepthMid,DepthMid,DepthMid--DepthMid,9,0.2636546440570517,2.644351920503803e-05,0.0005209037875995144
2302,31899,101,287,101,287,DepthLow,DepthHigh,DepthHigh--DepthLow,2,0.07944719584574447,2.6443448041447002e-05,0.0005209023857670345
2303,58262,236,325,236,325,DepthMid,DepthLow,DepthLow--DepthMid,6,0.1665845030164916,2.6440991015957733e-05,0.0005208539854813666
2304,48729,176,242,176,242,DepthMid,DepthHigh,DepthHigh--DepthMid,9,0.2631650090317892,2.644082479846065e-05,0.0005208507112075029
2305,27462,85,178,85,178,DepthHigh,DepthLow,DepthHigh--DepthLow,1,0.07336186434665597,2.6439633293403038e-05,0.0005208272400691631
2306,46561,165,197,165,197,DepthLow,DepthMid,DepthLow--DepthMid,8,0.21381358129379033,2.6437076086534715e-05,0.000520776866337397
2307,24609,75,160,75,160,DepthMid,DepthLow,DepthLow--DepthMid,4,0.13131609142957795,2.643422843896342e-05,0.000520720771292175
2308,49229,179,184,179,184,DepthLow,DepthLow,DepthLow--DepthLow,10,0.27705723614619243,2.6434213875588218e-05,0.0005207204844121556
2309,56048,220,279,220,279,DepthHigh,DepthHigh,DepthHigh--DepthHigh,8,0.20380566729449118,2.6434013535985038e-05,0.000520716537976082
2310,25240,77,216,77,216,DepthMid,DepthMid,DepthMid--DepthMid,5,0.1485641096899615,2.643359391914348e-05,0.0005207082720565418
2311,7833,22,79,22,79,DepthMid,DepthMid,DepthMid--DepthMid,10,0.29918005149619875,2.6433389640864027e-05,0.0005207042480335415
2312,21056,63,141,63,141,DepthMid,DepthLow,DepthLow--DepthMid,7,0.19105313324424328,2.6431983991030927e-05,0.000520676558514744
2313,36565,120,146,120,146,DepthLow,DepthLow,DepthLow--DepthLow,7,0.1981505419688558,2.643152717791854e-05,0.0005206675598758479
2314,49851,182,257,182,257,DepthLow,DepthLow,DepthLow--DepthLow,4,0.12260118410445191,2.6429822312181178e-05,0.0005206339761832594
2315,56714,225,240,225,240,DepthHigh,DepthHigh,DepthHigh--DepthHigh,4,0.12907243788907133,2.642755090077693e-05,0.000520589232259635
2316,12464,35,355,35,355,DepthMid,DepthMid,DepthMid--DepthMid,10,0.29143122068079336,2.6427533087929837e-05,0.000520588881369141
2317,63814,292,305,292,305,DepthHigh,DepthMid,DepthHigh--DepthMid,4,0.12459675271328392,2.642728204399911e-05,0.0005205839361221276
2318,63506,288,291,288,291,DepthHigh,DepthHigh,DepthHigh--DepthHigh,10,0.42722390846908215,2.641993900977763e-05,0.000520439287661808
2319,7789,22,35,22,35,DepthMid,DepthMid,DepthMid--DepthMid,10,0.41595723251672023,2.641845913575545e-05,0.000520410136020631
2320,41655,141,343,141,343,DepthLow,DepthHigh,DepthHigh--DepthLow,1,0.06547978239273548,2.6418410643324717e-05,0.0005204091807812529
2321,46150,163,185,163,185,DepthLow,DepthLow,DepthLow--DepthLow,7,0.17988098653374515,2.6415235038969357e-05,0.0005203466254033624
2322,34814,113,124,113,124,DepthLow,DepthLow,DepthLow--DepthLow,8,0.22157813705931093,2.641480266470163e-05,0.0005203381081787081
2323,44010,152,311,152,311,DepthLow,DepthMid,DepthLow--DepthMid,2,0.09634074788079931,2.6414362124140402e-05,0.00052032943008843
2324,32663,104,268,104,268,DepthLow,DepthLow,DepthLow--DepthLow,4,0.12743493524367616,2.641347374064725e-05,0.000520311930060433
2325,60166,252,317,252,317,DepthLow,DepthMid,DepthLow--DepthMid,10,0.30873456919069486,2.6413329470273207e-05,0.0005203090881170558
2326,42229,144,254,144,254,DepthLow,DepthLow,DepthLow--DepthLow,6,0.17061885501210852,2.6412598691797822e-05,0.000520294692708004
2327,51708,192,349,192,349,DepthMid,DepthMid,DepthMid--DepthMid,2,0.0860769731866477,2.64107390870801e-05,0.0005202580608537721
2328,47020,167,261,167,261,DepthLow,DepthMid,DepthLow--DepthMid,6,0.16092805853494208,2.6410703496258507e-05,0.0005202573597597298
2329,53102,201,240,201,240,DepthLow,DepthHigh,DepthHigh--DepthLow,4,0.13021144142056934,2.6409778047253602e-05,0.000520239129588165
2330,56117,220,348,220,348,DepthHigh,DepthMid,DepthHigh--DepthMid,2,0.08165394161375363,2.6407409348346828e-05,0.0005201924692241395
2331,42313,144,338,144,338,DepthLow,DepthHigh,DepthHigh--DepthLow,9,0.2441096974725222,2.6404069336027157e-05,0.0005201266752178858
2332,37005,121,343,121,343,DepthLow,DepthHigh,DepthHigh--DepthLow,2,0.0764134994101288,2.640239304408528e-05,0.0005200936543928256
2333,10703,30,249,30,249,DepthHigh,DepthHigh,DepthHigh--DepthHigh,9,0.25134205850422203,2.640205897082034e-05,0.000520087073573242
2334,24019,73,149,73,149,DepthMid,DepthMid,DepthMid--DepthMid,7,0.18936644665512253,2.6401057731205836e-05,0.0005200673504228003
2335,6586,18,206,18,206,DepthHigh,DepthLow,DepthHigh--DepthLow,3,0.10464590283962406,2.6393182137261273e-05,0.0005199122112114303
2336,32501,104,106,104,106,DepthLow,DepthLow,DepthLow--DepthLow,10,0.27114950028184787,2.6391439093226563e-05,0.000519877875454809
2337,52533,197,329,197,329,DepthMid,DepthLow,DepthLow--DepthMid,1,0.0568556577972221,2.6391194618576797e-05,0.0005198730596142982
2338,59734,248,339,248,339,DepthHigh,DepthHigh,DepthHigh--DepthHigh,4,0.1248602960189126,2.639037332904628e-05,0.0005198568812522638
2339,63903,293,323,293,323,DepthLow,DepthLow,DepthLow--DepthLow,6,0.16977639791280877,2.6383192977471152e-05,0.000519715437433732
2340,57974,234,294,234,294,DepthLow,DepthLow,DepthLow--DepthLow,7,0.18512734215765553,2.6382420530323027e-05,0.0005197002212046795
2341,3582,9,352,9,352,DepthHigh,DepthMid,DepthHigh--DepthMid,6,0.1620797333205077,2.637774063697656e-05,0.0005196080332416919
2342,8011,22,257,22,257,DepthMid,DepthLow,DepthLow--DepthMid,9,0.24964884131269843,2.6377735587259715e-05,0.0005196079337686751
2343,47701,170,357,170,357,DepthLow,DepthMid,DepthLow--DepthMid,7,0.19284385177137675,2.6377584492618068e-05,0.0005196049573958818
2344,42058,143,303,143,303,DepthLow,DepthHigh,DepthHigh--DepthLow,7,0.18144035213288756,2.6377203663254374e-05,0.0005195974555404578
2345,14938,43,233,43,233,DepthMid,DepthMid,DepthMid--DepthMid,9,0.22895356968555433,2.6373142111706893e-05,0.0005195174481266106
2346,48707,176,220,176,220,DepthMid,DepthHigh,DepthHigh--DepthMid,2,0.09165589223632674,2.6371073952531892e-05,0.000519476708014099
2347,44818,156,281,156,281,DepthLow,DepthLow,DepthLow--DepthLow,3,0.11409937661160272,2.636933980329106e-05,0.0005194425474736351
2348,53475,203,290,203,290,DepthLow,DepthHigh,DepthHigh--DepthLow,8,0.20291312694577876,2.6358128732258862e-05,0.00051922170359433
2349,52354,196,317,196,317,DepthMid,DepthMid,DepthMid--DepthMid,6,0.1651567927773358,2.6358013367045522e-05,0.0005192194310459555
2350,36768,120,349,120,349,DepthLow,DepthMid,DepthLow--DepthMid,4,0.13377034261277754,2.6357775835781062e-05,0.0005192147519813283
2351,19980,59,275,59,275,DepthHigh,DepthHigh,DepthHigh--DepthHigh,9,0.22898290767767707,2.6357361969564482e-05,0.0005192065993418061
2352,19352,57,258,57,258,DepthHigh,DepthMid,DepthHigh--DepthMid,4,0.13847213690408205,2.6356071259535663e-05,0.0005191811739913642
2353,65963,333,363,333,363,DepthMid,DepthMid,DepthMid--DepthMid,10,0.30757262924753354,2.6354884398090083e-05,0.0005191577943262915
2354,45670,160,311,160,311,DepthLow,DepthMid,DepthLow--DepthMid,8,0.217979686448655,2.6353634942333774e-05,0.0005191331816326915
2355,19565,58,165,58,165,DepthHigh,DepthLow,DepthHigh--DepthLow,3,0.1154222422363299,2.634953610323705e-05,0.0005190524397014195
2356,9031,25,257,25,257,DepthHigh,DepthLow,DepthHigh--DepthLow,10,0.30571890552296493,2.6344912240040693e-05,0.0005189613554613208
2357,65810,329,340,329,340,DepthLow,DepthMid,DepthLow--DepthMid,8,0.21602005775942448,2.6344270332325878e-05,0.0005189487106935294
2358,43895,152,196,152,196,DepthLow,DepthMid,DepthLow--DepthMid,2,0.09380024554963455,2.6341871183851703e-05,0.0005189014505116481
2359,24680,75,231,75,231,DepthMid,DepthMid,DepthMid--DepthMid,7,0.18935965637889332,2.6335874303136553e-05,0.0005187833195679532
2360,17181,50,257,50,257,DepthHigh,DepthLow,DepthHigh--DepthLow,3,0.1030092464848546,2.6333875871802468e-05,0.0005187439530054655
2361,5049,14,59,14,59,DepthHigh,DepthHigh,DepthHigh--DepthHigh,4,0.13386131033138465,2.6331945542170856e-05,0.0005187059279601367
2362,29566,92,357,92,357,DepthLow,DepthMid,DepthLow--DepthMid,4,0.13155191971684377,2.6331690009524896e-05,0.0005187008942911268
2363,65982,334,352,334,352,DepthHigh,DepthMid,DepthHigh--DepthMid,10,0.3359991103921888,2.6326140773111445e-05,0.0005185915813723871
2364,20339,60,330,60,330,DepthHigh,DepthMid,DepthHigh--DepthMid,8,0.20250890572541905,2.6325368946861343e-05,0.0005185763773742381
2365,34199,110,265,110,265,DepthLow,DepthMid,DepthLow--DepthMid,3,0.11466550496306836,2.632405003526629e-05,0.000518550396488712
2366,43515,150,241,150,241,DepthMid,DepthHigh,DepthHigh--DepthMid,10,0.2757062080875248,2.6320419006005204e-05,0.000518478869817836
2367,11794,33,344,33,344,DepthMid,DepthHigh,DepthHigh--DepthMid,4,0.12507363009198993,2.6317013357251647e-05,0.0005184117828570874
2368,1045,2,321,2,321,DepthHigh,DepthHigh,DepthHigh--DepthHigh,3,0.11256993327911101,2.6314643877281722e-05,0.0005183651071071086
2369,42092,143,337,143,337,DepthLow,DepthHigh,DepthHigh--DepthLow,8,0.20870478402403522,2.631290436914704e-05,0.000518330841003233
2370,62684,277,360,277,360,DepthHigh,DepthMid,DepthHigh--DepthMid,8,0.22159790273767893,2.6306484371152486e-05,0.0005182043751858123
2371,66242,345,348,345,348,DepthMid,DepthMid,DepthMid--DepthMid,10,0.33563185361854897,2.6305449702967945e-05,0.0005181839935349414
2372,53372,202,348,202,348,DepthHigh,DepthMid,DepthHigh--DepthMid,4,0.1234701415335051,2.6303417740773826e-05,0.0005181439664570411
2373,63137,283,312,283,312,DepthLow,DepthMid,DepthLow--DepthMid,8,0.21313296590436476,2.6302707745385843e-05,0.0005181299804484502
2374,44467,154,347,154,347,DepthHigh,DepthMid,DepthHigh--DepthMid,10,0.27827800311300993,2.6297494581768358e-05,0.000518027287737519
2375,11625,33,175,33,175,DepthMid,DepthMid,DepthMid--DepthMid,8,0.21021366544942607,2.6297296334453123e-05,0.0005180233825168642
2376,48199,173,279,173,279,DepthMid,DepthHigh,DepthHigh--DepthMid,8,0.2238915656350313,2.6296119541167415e-05,0.0005180002011817705
2377,34162,110,228,110,228,DepthLow,DepthMid,DepthLow--DepthMid,7,0.2007673474809374,2.6295226140084633e-05,0.0005179826023136222
2378,63885,293,305,293,305,DepthLow,DepthMid,DepthLow--DepthMid,3,0.11943695176371204,2.6293606952222908e-05,0.0005179507063665106
2379,13164,38,74,38,74,DepthMid,DepthMid,DepthMid--DepthMid,10,0.7977800505423082,2.6290858924619936e-05,0.0005178965737083074
2380,53026,200,327,200,327,DepthLow,DepthLow,DepthLow--DepthLow,3,0.10669588214769456,2.6290439986867057e-05,0.0005178883211659529
2381,13167,38,77,38,77,DepthMid,DepthMid,DepthMid--DepthMid,9,0.26762856309432415,2.6289128749897057e-05,0.000517862491460806
2382,8092,22,338,22,338,DepthMid,DepthHigh,DepthHigh--DepthMid,9,0.24028131552118553,2.628887773717145e-05,0.000517857546828494
2383,29326,92,117,92,117,DepthLow,DepthLow,DepthLow--DepthLow,1,0.05190395469155053,2.628857890402513e-05,0.0005178516601945489
2384,47131,168,176,168,176,DepthLow,DepthMid,DepthLow--DepthMid,10,0.2958279110651265,2.628851598861053e-05,0.0005178504208406827
2385,24239,74,79,74,79,DepthMid,DepthMid,DepthMid--DepthMid,10,0.3319995140685099,2.6287224046289965e-05,0.0005178249712156565
2386,32943,105,289,105,289,DepthLow,DepthHigh,DepthHigh--DepthLow,7,0.19663300753048268,2.6285292570196436e-05,0.0005177869235864821
2387,14148,41,86,41,86,DepthMid,DepthHigh,DepthHigh--DepthMid,10,0.3090019320042196,2.628467612190564e-05,0.0005177747803370513
2388,31956,101,344,101,344,DepthLow,DepthHigh,DepthHigh--DepthLow,3,0.09998782614058749,2.628181690842493e-05,0.0005177184574580839
2389,17065,50,141,50,141,DepthHigh,DepthLow,DepthHigh--DepthLow,3,0.12084696183661164,2.6281561748390637e-05,0.0005177134311290512
2390,7554,21,142,21,142,DepthMid,DepthLow,DepthLow--DepthMid,7,0.18961927919601426,2.6278843061757126e-05,0.0005176598764507305
2391,58804,241,242,241,242,DepthHigh,DepthHigh,DepthHigh--DepthHigh,10,0.7435600295029933,2.62780160606557e-05,0.0005176435855779938
2392,43514,150,240,150,240,DepthMid,DepthHigh,DepthHigh--DepthMid,9,0.22929763503369313,2.6277309310409895e-05,0.0005176296634945875
2393,36903,121,241,121,241,DepthLow,DepthHigh,DepthHigh--DepthLow,9,0.25733151746785937,2.6266546934561218e-05,0.0005174176583412766
2394,10304,29,184,29,184,DepthMid,DepthLow,DepthLow--DepthMid,3,0.1154362877111038,2.626648548671152e-05,0.0005174164478965775
2395,11593,33,143,33,143,DepthMid,DepthLow,DepthLow--DepthMid,8,0.21985485536463978,2.6263627970820735e-05,0.0005173601584579784
2396,48619,175,320,175,320,DepthMid,DepthHigh,DepthHigh--DepthMid,4,0.13808340236705197,2.6259235385515482e-05,0.0005172736300989836
2397,25898,79,303,79,303,DepthMid,DepthHigh,DepthHigh--DepthMid,8,0.21846226461791704,2.625811955038408e-05,0.0005172516495622109
2398,34366,111,179,111,179,DepthLow,DepthLow,DepthLow--DepthLow,10,0.6423380765692098,2.625693871733534e-05,0.0005172283886489096
2399,36602,120,183,120,183,DepthLow,DepthMid,DepthLow--DepthMid,7,0.18275301683241874,2.6254687743200676e-05,0.0005171840473135736
2400,34594,112,155,112,155,DepthLow,DepthMid,DepthLow--DepthMid,9,0.25173057844652247,2.6254492150592072e-05,0.0005171801943872721
2401,60939,259,334,259,334,DepthMid,DepthHigh,DepthHigh--DepthMid,8,0.21250242807360353,2.6253174861991766e-05,0.000517154245472684
2402,10790,30,336,30,336,DepthHigh,DepthHigh,DepthHigh--DepthHigh,5,0.14286191083148828,2.6251406064647547e-05,0.0005171194024085307
2403,37033,122,129,122,129,DepthLow,DepthLow,DepthLow--DepthLow,10,0.3475847207292846,2.624754861977471e-05,0.0005170434156372868
2404,2090,5,286,5,286,DepthHigh,DepthLow,DepthHigh--DepthLow,9,0.2308491541585052,2.624710664606505e-05,0.0005170347093158023
2405,17453,51,216,51,216,DepthHigh,DepthMid,DepthHigh--DepthMid,8,0.2237783818954774,2.6247047198400886e-05,0.0005170335382722211
2406,33694,108,269,108,269,DepthLow,DepthHigh,DepthHigh--DepthLow,3,0.11581426020454474,2.6243157558740187e-05,0.000516956917304492
2407,53447,203,262,203,262,DepthLow,DepthMid,DepthLow--DepthMid,5,0.15730665990253379,2.624091837550283e-05,0.0005169128082348774
2408,60718,257,324,257,324,DepthLow,DepthMid,DepthLow--DepthMid,10,0.2948884915970441,2.6239623280394633e-05,0.0005168872965039338
2409,33226,106,314,106,314,DepthLow,DepthMid,DepthLow--DepthMid,8,0.2240260899999666,2.6238929413603416e-05,0.0005168736282082417
2410,32253,103,118,103,118,DepthLow,DepthLow,DepthLow--DepthLow,5,0.14660357474097888,2.6237587001385348e-05,0.0005168471843902502
2411,25309,77,285,77,285,DepthMid,DepthLow,DepthLow--DepthMid,6,0.16590365929096296,2.6234438897319553e-05,0.0005167851707331831
2412,2150,5,346,5,346,DepthHigh,DepthMid,DepthHigh--DepthMid,6,0.17826609500471738,2.6232824919423242e-05,0.0005167533774157819
2413,12823,37,59,37,59,DepthMid,DepthHigh,DepthHigh--DepthMid,2,0.09853912427969508,2.6230779703484748e-05,0.0005167130892559284
2414,37879,125,255,125,255,DepthLow,DepthLow,DepthLow--DepthLow,4,0.1385324364891979,2.6230503646086013e-05,0.0005167076512753222
2415,41267,140,178,140,178,DepthLow,DepthLow,DepthLow--DepthLow,3,0.10117832502809732,2.622987292461492e-05,0.0005166952268623435
2416,31443,99,358,99,358,DepthLow,DepthMid,DepthLow--DepthMid,2,0.08624593055977282,2.622945469381511e-05,0.0005166869882460678
2417,37958,125,334,125,334,DepthLow,DepthHigh,DepthHigh--DepthLow,10,0.31096280162062967,2.622778044907056e-05,0.0005166540077481983
2418,36884,121,222,121,222,DepthLow,DepthMid,DepthLow--DepthMid,8,0.20577068813006152,2.622082686160522e-05,0.0005165170308950035
2419,46738,166,176,166,176,DepthMid,DepthMid,DepthMid--DepthMid,9,0.26635225215640873,2.6219041443773558e-05,0.0005164818604283289
2420,20475,61,163,61,163,DepthHigh,DepthLow,DepthHigh--DepthLow,7,0.19888348002358888,2.621492017185777e-05,0.000516400676598975
2421,42510,145,316,145,316,DepthLow,DepthHigh,DepthHigh--DepthLow,7,0.1873899944193911,2.6211940645938027e-05,0.0005163419837175619
2422,34065,110,131,110,131,DepthLow,DepthLow,DepthLow--DepthLow,2,0.08833320335519562,2.6211426543057033e-05,0.0005163318565428901
2423,25976,80,97,80,97,DepthHigh,DepthLow,DepthHigh--DepthLow,9,0.24657385349678912,2.6209754382846548e-05,0.0005162989171076976
2424,21801,65,287,65,287,DepthMid,DepthHigh,DepthHigh--DepthMid,7,0.18975169243536644,2.6209651200542294e-05,0.0005162968845471794
2425,62755,278,345,278,345,DepthMid,DepthMid,DepthMid--DepthMid,10,0.40921718931039147,2.6209229647754436e-05,0.0005162885804919526
2426,35227,114,287,114,287,DepthLow,DepthHigh,DepthHigh--DepthLow,5,0.1483838070226171,2.6208259996031256e-05,0.0005162694795829042
2427,47948,172,219,172,219,DepthLow,DepthMid,DepthLow--DepthMid,7,0.18780599110891233,2.620713151119812e-05,0.0005162472498630522
2428,32859,105,205,105,205,DepthLow,DepthLow,DepthLow--DepthLow,7,0.19600739703146955,2.620627169898675e-05,0.0005162303126530669
2429,44652,155,323,155,323,DepthMid,DepthLow,DepthLow--DepthMid,4,0.13134241435402544,2.6203453209325672e-05,0.0005161747919816925
2430,38476,128,141,128,141,DepthLow,DepthLow,DepthLow--DepthLow,8,0.2073023519821361,2.6201790526821825e-05,0.0005161420392452993
2431,31104,98,284,98,284,DepthLow,DepthLow,DepthLow--DepthLow,10,0.31397468000030654,2.62014223652233e-05,0.0005161347869287815
2432,15263,44,238,44,238,DepthMid,DepthMid,DepthMid--DepthMid,7,0.18084763198881623,2.6200324154118617e-05,0.000516113153562981
2433,13125,37,361,37,361,DepthMid,DepthHigh,DepthHigh--DepthMid,4,0.12238158463952749,2.619666294864495e-05,0.0005160410324589924
2434,17214,50,290,50,290,DepthHigh,DepthHigh,DepthHigh--DepthHigh,6,0.1659621172975049,2.6195033685406084e-05,0.0005160089380397306
2435,44601,155,272,155,272,DepthMid,DepthHigh,DepthHigh--DepthMid,9,0.24753203764119283,2.6193807856211192e-05,0.0005159847907594228
2436,9170,26,58,26,58,DepthHigh,DepthHigh,DepthHigh--DepthHigh,9,0.25562509500161196,2.6190471776289088e-05,0.0005159190742164134
2437,52469,197,265,197,265,DepthMid,DepthMid,DepthMid--DepthMid,2,0.09629523162693544,2.6189628766660065e-05,0.000515902467995988
2438,43639,151,152,151,152,DepthMid,DepthLow,DepthLow--DepthMid,9,0.25600214144803685,2.6189574419594602e-05,0.0005159013974277318
2439,24401,74,241,74,241,DepthMid,DepthHigh,DepthHigh--DepthMid,7,0.19229437071868177,2.6187134630632094e-05,0.0005158533366797784
2440,38152,126,290,126,290,DepthLow,DepthHigh,DepthHigh--DepthLow,7,0.18781500926570843,2.6186172535918163e-05,0.0005158343846342269
2441,59070,243,265,243,265,DepthLow,DepthMid,DepthLow--DepthMid,10,0.27619593792582686,2.6184507391884085e-05,0.0005158015834088104
2442,13449,38,359,38,359,DepthMid,DepthHigh,DepthHigh--DepthMid,5,0.1489677510924656,2.6183168930978523e-05,0.0005157752174266635
2443,29733,93,253,93,253,DepthLow,DepthLow,DepthLow--DepthLow,2,0.09663102404028696,2.6180197546810117e-05,0.0005157166849274248
2444,44308,154,188,154,188,DepthHigh,DepthMid,DepthHigh--DepthMid,2,0.07818791130693994,2.617863004828547e-05,0.0005156858071946914
2445,38683,128,348,128,348,DepthLow,DepthMid,DepthLow--DepthMid,5,0.14701702862519797,2.6177337356266807e-05,0.0005156603428015635
2446,48284,173,364,173,364,DepthMid,DepthHigh,DepthHigh--DepthMid,6,0.17142542917436784,2.6175085962329536e-05,0.0005156159931966486
2447,62488,275,339,275,339,DepthHigh,DepthHigh,DepthHigh--DepthHigh,3,0.11984692117418594,2.6173568603991858e-05,0.000515586103162001
2448,39628,132,359,132,359,DepthLow,DepthHigh,DepthHigh--DepthLow,1,0.07218944237414329,2.6172274916590262e-05,0.000515560619161092
2449,3927,10,343,10,343,DepthHigh,DepthHigh,DepthHigh--DepthHigh,5,0.15446056792549986,2.6165896812240112e-05,0.0005154349785953285
2450,43991,152,292,152,292,DepthLow,DepthHigh,DepthHigh--DepthLow,6,0.15899599347064486,2.616553678919597e-05,0.0005154278865980091
2451,26041,80,162,80,162,DepthHigh,DepthHigh,DepthHigh--DepthHigh,4,0.13998132855920828,2.6160833583305985e-05,0.0005153352394074836
2452,5258,14,268,14,268,DepthHigh,DepthLow,DepthHigh--DepthLow,6,0.17136815474966216,2.6160185947437613e-05,0.0005153224818023326
2453,11052,31,265,31,265,DepthHigh,DepthMid,DepthHigh--DepthMid,4,0.12383163193139705,2.6159731343466667e-05,0.0005153135266807209
2454,58708,240,269,240,269,DepthHigh,DepthHigh,DepthHigh--DepthHigh,7,0.19838584167568765,2.615683890653201e-05,0.0005152565493418512
2455,48308,174,198,174,198,DepthMid,DepthLow,DepthLow--DepthMid,4,0.13425961194447433,2.6154956081689893e-05,0.0005152194600806208
2456,37880,125,256,125,256,DepthLow,DepthLow,DepthLow--DepthLow,5,0.15375743967303646,2.6153377924754508e-05,0.0005151883723907148
2457,32152,102,278,102,278,DepthLow,DepthMid,DepthLow--DepthMid,8,0.21043818228921124,2.6150110739160113e-05,0.0005151240129785763
2458,38494,128,159,128,159,DepthLow,DepthHigh,DepthHigh--DepthLow,3,0.10062878074068603,2.6147781821446757e-05,0.000515078136253603
2459,63473,287,334,287,334,DepthHigh,DepthHigh,DepthHigh--DepthHigh,8,0.2061150391312661,2.6146722533593523e-05,0.0005150572696264861
2460,61762,267,353,267,353,DepthHigh,DepthHigh,DepthHigh--DepthHigh,9,0.2662057639112122,2.6141781205337218e-05,0.0005149599317273766
2461,38797,129,227,129,227,DepthLow,DepthMid,DepthLow--DepthMid,7,0.18777641497095,2.6141338705775015e-05,0.000514951215047264
2462,3281,9,51,9,51,DepthHigh,DepthHigh,DepthHigh--DepthHigh,3,0.11587212412729633,2.6140771578109087e-05,0.0005149400433515852
2463,65189,314,349,314,349,DepthMid,DepthMid,DepthMid--DepthMid,6,0.16699558568017203,2.613666857447442e-05,0.000514859219384198
2464,58164,235,355,235,355,DepthHigh,DepthMid,DepthHigh--DepthMid,8,0.22609483291632226,2.6136641951362414e-05,0.0005148586949426599
2465,32937,105,283,105,283,DepthLow,DepthLow,DepthLow--DepthLow,10,0.5069311597004182,2.6135469292832472e-05,0.0005148355950570104
2466,35947,117,263,117,263,DepthLow,DepthMid,DepthLow--DepthMid,3,0.10889425645210439,2.613384185217273e-05,0.0005148035365402457
2467,875,2,151,2,151,DepthHigh,DepthMid,DepthHigh--DepthMid,2,0.09193924054516456,2.613224601644833e-05,0.0005147721006006198
2468,10469,29,349,29,349,DepthMid,DepthMid,DepthMid--DepthMid,6,0.17136549985940425,2.6131343045555132e-05,0.0005147543132193445
2469,53465,203,280,203,280,DepthLow,DepthLow,DepthLow--DepthLow,7,0.19530587218297746,2.6130865614973772e-05,0.0005147449084424607
2470,22237,67,128,67,128,DepthMid,DepthLow,DepthLow--DepthMid,6,0.17552739127443878,2.612895858588785e-05,0.0005147073423883279
2471,65377,318,347,318,347,DepthHigh,DepthMid,DepthHigh--DepthMid,8,0.21937233606456163,2.6123865060110134e-05,0.0005146070063910926
2472,44615,155,286,155,286,DepthMid,DepthLow,DepthLow--DepthMid,9,0.24803963200384124,2.611834323867246e-05,0.0005144982335126028
2473,37973,125,349,125,349,DepthLow,DepthMid,DepthLow--DepthMid,8,0.21879183623883341,2.6118104945838067e-05,0.0005144935394460139
2474,33552,108,127,108,127,DepthLow,DepthLow,DepthLow--DepthLow,10,0.2722240565370763,2.6117203976249873e-05,0.0005144757914879088
2475,17071,50,147,50,147,DepthHigh,DepthLow,DepthHigh--DepthLow,8,0.22710741895480346,2.6116873458989367e-05,0.0005144692807171022
2476,23720,72,141,72,141,DepthMid,DepthLow,DepthLow--DepthMid,10,0.2991401829875239,2.6116737922775743e-05,0.0005144666108256068
2477,62913,280,334,280,334,DepthLow,DepthHigh,DepthHigh--DepthLow,10,0.3828487418670952,2.6115249862458838e-05,0.0005144372979248071
2478,16832,49,222,49,222,DepthHigh,DepthMid,DepthHigh--DepthMid,9,0.23123786365200974,2.6112368671069296e-05,0.0005143805421089123
2479,51112,189,272,189,272,DepthLow,DepthHigh,DepthHigh--DepthLow,9,0.2697029824205278,2.61113305810095e-05,0.0005143600930514391
2480,41794,142,260,142,260,DepthLow,DepthMid,DepthLow--DepthMid,3,0.10813282131901315,2.6109382170498573e-05,0.0005143217118357215
2481,36817,121,155,121,155,DepthLow,DepthMid,DepthLow--DepthMid,9,0.23960983871421998,2.6109304168222832e-05,0.0005143201752898269
2482,36437,119,262,119,262,DepthLow,DepthMid,DepthLow--DepthMid,8,0.2127369806360259,2.6109071834833417e-05,0.0005143155986167451
2483,40776,137,362,137,362,DepthLow,DepthHigh,DepthHigh--DepthLow,3,0.11429548534833191,2.610866804933883e-05,0.00051430764455466
2484,42959,147,330,147,330,DepthLow,DepthMid,DepthLow--DepthMid,5,0.14254518422880014,2.610628282155668e-05,0.0005142606585927547
2485,44578,155,249,155,249,DepthMid,DepthHigh,DepthHigh--DepthMid,10,0.30153061546489346,2.6103864948492764e-05,0.0005142130295602055
2486,28052,87,213,87,213,DepthMid,DepthHigh,DepthHigh--DepthMid,7,0.184093502150921,2.610210165345865e-05,0.0005141782948845823
2487,61718,267,309,267,309,DepthHigh,DepthHigh,DepthHigh--DepthHigh,8,0.2172197548785656,2.6101756434548466e-05,0.0005141714945099244
2488,27961,87,122,87,122,DepthMid,DepthLow,DepthLow--DepthMid,10,0.27544650963121553,2.6096635499957036e-05,0.0005140706185938241
2489,59312,245,268,245,268,DepthLow,DepthLow,DepthLow--DepthLow,5,0.142121151613152,2.6096266229163436e-05,0.0005140633444275702
2490,45596,160,237,160,237,DepthLow,DepthHigh,DepthHigh--DepthLow,10,0.32742440694674374,2.6093063419229845e-05,0.0005140002531342959
2491,18231,54,61,54,61,DepthHigh,DepthHigh,DepthHigh--DepthHigh,10,0.3895103012330073,2.6091854846763612e-05,0.0005139764457896544
2492,45556,160,197,160,197,DepthLow,DepthMid,DepthLow--DepthMid,7,0.19368229657098546,2.6091511818818943e-05,0.0005139696885742382
2493,22893,69,193,69,193,DepthMid,DepthMid,DepthMid--DepthMid,7,0.18285507589614677,2.6090069536448013e-05,0.0005139412774409098
2494,47619,170,275,170,275,DepthLow,DepthHigh,DepthHigh--DepthLow,6,0.15981073545893654,2.608865599305085e-05,0.0005139134324289124
2495,12336,35,227,35,227,DepthMid,DepthMid,DepthMid--DepthMid,7,0.17982696665470377,2.6084516301130842e-05,0.000513831885748839
2496,32679,104,284,104,284,DepthLow,DepthLow,DepthLow--DepthLow,10,0.29433140033361116,2.6083137800842335e-05,0.0005138047310416338
2497,33324,107,155,107,155,DepthLow,DepthMid,DepthLow--DepthMid,2,0.09921920550453817,2.6081661319496973e-05,0.0005137756462318867
2498,18418,54,248,54,248,DepthHigh,DepthHigh,DepthHigh--DepthHigh,9,0.2536354106660929,2.6080148547242985e-05,0.000513745846537271
2499,30485,96,198,96,198,DepthLow,DepthLow,DepthLow--DepthLow,3,0.10798133007283772,2.6078694390646047e-05,0.0005137172014967514
2500,39058,130,254,130,254,DepthLow,DepthLow,DepthLow--DepthLow,7,0.18226836580347672,2.6078010896179965e-05,0.0005137037375227083
2501,25163,77,139,77,139,DepthMid,DepthLow,DepthLow--DepthMid,10,0.27886353923163265,2.607711871194128e-05,0.0005136861626248452
2502,43885,152,186,152,186,DepthLow,DepthMid,DepthLow--DepthMid,7,0.1918059412407571,2.6076521437087243e-05,0.0005136743970677992
2503,10797,30,343,30,343,DepthHigh,DepthHigh,DepthHigh--DepthHigh,4,0.13057923390984688,2.6073938596542525e-05,0.0005136235183851217
2504,63296,285,312,285,312,DepthLow,DepthMid,DepthLow--DepthMid,9,0.24370899725319753,2.6072260891779453e-05,0.000513590469729276
2505,8717,24,282,24,282,DepthMid,DepthHigh,DepthHigh--DepthMid,9,0.24667155873949925,2.6071493815255876e-05,0.0005135753592947149
2506,42022,143,267,143,267,DepthLow,DepthHigh,DepthHigh--DepthLow,6,0.15960104357698168,2.606826347294242e-05,0.0005135117256484792
2507,10908,31,121,31,121,DepthHigh,DepthLow,DepthHigh--DepthLow,9,0.2629921727608355,2.6066304316186692e-05,0.0005134731327453695
2508,11250,32,131,32,131,DepthMid,DepthLow,DepthLow--DepthMid,9,0.24266073190920925,2.606512834119949e-05,0.0005134499675297185
2509,10180,29,60,29,60,DepthMid,DepthHigh,DepthHigh--DepthMid,10,0.29944865172496243,2.6063285748912438e-05,0.0005134136707987923
2510,58647,239,332,239,332,DepthHigh,DepthMid,DepthHigh--DepthMid,6,0.17742966368773702,2.6058925465951568e-05,0.0005133277787550098
2511,46091,162,327,162,327,DepthHigh,DepthLow,DepthHigh--DepthLow,8,0.21413820313296728,2.605773344036817e-05,0.0005133042973629722
2512,64711,305,357,305,357,DepthMid,DepthMid,DepthMid--DepthMid,3,0.11310242010406019,2.6056514896591637e-05,0.0005132802935961652
2513,3509,9,279,9,279,DepthHigh,DepthHigh,DepthHigh--DepthHigh,10,0.28562810741704564,2.605591548120277e-05,0.0005132684858732981
2514,45451,159,296,159,296,DepthHigh,DepthHigh,DepthHigh--DepthHigh,5,0.14174455305894848,2.605473708489908e-05,0.0005132452729607834
2515,53883,206,221,206,221,DepthLow,DepthMid,DepthLow--DepthMid,3,0.10562553899247845,2.6053749664146982e-05,0.0005132258220244034
2516,59569,247,290,247,290,DepthLow,DepthHigh,DepthHigh--DepthLow,6,0.16929405425926586,2.6050150277093784e-05,0.0005131549186648879
2517,7265,20,196,20,196,DepthMid,DepthMid,DepthMid--DepthMid,6,0.17819582499120448,2.6049905801568867e-05,0.0005131501028071378
2518,42093,143,338,143,338,DepthLow,DepthHigh,DepthHigh--DepthLow,8,0.2175046489826771,2.604920282567878e-05,0.0005131362550737518
2519,47516,170,172,170,172,DepthLow,DepthLow,DepthLow--DepthLow,9,0.23742135912806878,2.6046906093755366e-05,0.0005130910123680162
2520,34533,111,346,111,346,DepthLow,DepthMid,DepthLow--DepthMid,2,0.0960586232376463,2.604581302282414e-05,0.0005130694802571132
2521,48462,174,352,174,352,DepthMid,DepthMid,DepthMid--DepthMid,7,0.1885572540039293,2.6045603785333785e-05,0.0005130653585439483
2522,10468,29,348,29,348,DepthMid,DepthMid,DepthMid--DepthMid,9,0.24276160551428652,2.6044676971816278e-05,0.0005130471014932159
2523,49165,178,305,178,305,DepthLow,DepthMid,DepthLow--DepthMid,1,0.0016031429126405414,2.604426706426621e-05,0.0005130390268344029
2524,58096,235,287,235,287,DepthHigh,DepthHigh,DepthHigh--DepthHigh,3,0.10479140684643275,2.6044053704480397e-05,0.0005130348239172462
2525,7765,21,353,21,353,DepthMid,DepthHigh,DepthHigh--DepthMid,7,0.1855692472078615,2.6043867730292142e-05,0.0005130311604616257
2526,49205,178,345,178,345,DepthLow,DepthMid,DepthLow--DepthMid,1,0.05316899237887727,2.6042857285450517e-05,0.0005130112559798855
2527,55846,219,221,219,221,DepthMid,DepthMid,DepthMid--DepthMid,6,0.17599175587132232,2.6040043590419653e-05,0.0005129558297566448
2528,17730,52,181,52,181,DepthHigh,DepthMid,DepthHigh--DepthMid,6,0.17838940328027975,2.6039294428411172e-05,0.0005129410722153087
2529,24447,74,287,74,287,DepthMid,DepthHigh,DepthHigh--DepthMid,5,0.15285212172542262,2.6035594932230637e-05,0.0005128681968329622
2530,28759,90,95,90,95,DepthLow,DepthLow,DepthLow--DepthLow,2,0.09333582136071221,2.603513841859631e-05,0.0005128592040934041
2531,59414,246,252,246,252,DepthLow,DepthLow,DepthLow--DepthLow,8,0.2037752265549758,2.6033428513998607e-05,0.0005128255211416581
2532,42588,146,176,146,176,DepthLow,DepthMid,DepthLow--DepthMid,9,0.2660801359983995,2.6032168035400892e-05,0.0005128006913120637
2533,44197,153,287,153,287,DepthHigh,DepthHigh,DepthHigh--DepthHigh,6,0.17594617917742286,2.6032162688300505e-05,0.0005128005859809683
2534,41906,143,151,143,151,DepthLow,DepthMid,DepthLow--DepthMid,10,0.2736949355406651,2.603143532665434e-05,0.0005127862578791183
2535,21444,64,229,64,229,DepthMid,DepthMid,DepthMid--DepthMid,9,0.2458241538578955,2.6026345012477752e-05,0.0005126859851463517
2536,63159,283,334,283,334,DepthLow,DepthHigh,DepthHigh--DepthLow,10,0.3051044240876832,2.6026038284723158e-05,0.0005126799429986371
2537,27477,85,193,85,193,DepthHigh,DepthMid,DepthHigh--DepthMid,8,0.21726079880937338,2.6025551692682954e-05,0.0005126703577526344
2538,55869,219,244,219,244,DepthMid,DepthLow,DepthLow--DepthMid,10,0.32047076057481044,2.6020194842844473e-05,0.0005125648346054001
2539,22430,67,321,67,321,DepthMid,DepthHigh,DepthHigh--DepthMid,10,0.27805272229981365,2.6019886630109862e-05,0.0005125587632054627
2540,2236,6,74,6,74,DepthHigh,DepthMid,DepthHigh--DepthMid,8,0.2196238887107611,2.601837039452908e-05,0.0005125288952877019
2541,9515,27,66,27,66,DepthMid,DepthMid,DepthMid--DepthMid,10,0.3382863140779077,2.6017137014132402e-05,0.0005125045992582967
2542,59641,247,362,247,362,DepthLow,DepthHigh,DepthHigh--DepthLow,7,0.18210053708633026,2.6014691423058563e-05,0.0005124564242161095
2543,19730,58,330,58,330,DepthHigh,DepthMid,DepthHigh--DepthMid,6,0.1639703434687339,2.6014422249944416e-05,0.0005124511218471778
2544,18277,54,107,54,107,DepthHigh,DepthLow,DepthHigh--DepthLow,5,0.14111069757953398,2.6012984956282504e-05,0.0005124228089850894
2545,109,0,110,0,110,DepthHigh,DepthLow,DepthHigh--DepthLow,5,0.14813084617040734,2.6011708107396082e-05,0.0005123976566815714
2546,64724,306,312,306,312,DepthHigh,DepthMid,DepthHigh--DepthMid,8,0.21119735835851014,2.6011087758958228e-05,0.0005123854366041905
2547,66341,351,354,351,354,DepthMid,DepthMid,DepthMid--DepthMid,9,0.265456968216539,2.601003013059747e-05,0.0005123646026669705
2548,66392,355,363,355,363,DepthMid,DepthMid,DepthMid--DepthMid,9,0.25515075301410745,2.6009613655926486e-05,0.0005123563986442052
2549,36790,121,128,121,128,DepthLow,DepthLow,DepthLow--DepthLow,6,0.16584864801795354,2.600924757398292e-05,0.0005123491872942522
2550,29576,93,96,93,96,DepthLow,DepthLow,DepthLow--DepthLow,8,0.21224030419923914,2.600873157095123e-05,0.0005123390226890219
2551,19706,58,306,58,306,DepthHigh,DepthHigh,DepthHigh--DepthHigh,10,0.48699228108751164,2.6006519730777426e-05,0.0005122954522430776
2552,22448,67,339,67,339,DepthMid,DepthHigh,DepthHigh--DepthMid,8,0.21166663034238592,2.6005941376530306e-05,0.000512284059397989
2553,17060,50,136,50,136,DepthHigh,DepthLow,DepthHigh--DepthLow,7,0.1827911023436542,2.6004096833231297e-05,0.0005122477242346019
2554,55584,217,250,217,250,DepthLow,DepthLow,DepthLow--DepthLow,7,0.18945270994416763,2.6002814528922097e-05,0.0005122224644661748
2555,37050,122,146,122,146,DepthLow,DepthLow,DepthLow--DepthLow,1,0.046447948452576666,2.6000537900927154e-05,0.0005121776177823304
2556,42723,146,311,146,311,DepthLow,DepthMid,DepthLow--DepthMid,10,0.28803431282468306,2.5999245411309173e-05,0.0005121521573762393
2557,4727,13,87,13,87,DepthMid,DepthMid,DepthMid--DepthMid,8,0.20470016347243497,2.5998023338249326e-05,0.0005121280840870276
2558,48235,173,315,173,315,DepthMid,DepthMid,DepthMid--DepthMid,7,0.19250648315228314,2.599747881731635e-05,0.0005121173577153138
2559,33423,107,254,107,254,DepthLow,DepthLow,DepthLow--DepthLow,3,0.11347856550110405,2.59961906680512e-05,0.0005120919828086681
2560,56798,225,324,225,324,DepthHigh,DepthMid,DepthHigh--DepthMid,8,0.21968234834621214,2.5995541428386372e-05,0.0005120791936107612
2561,25365,77,341,77,341,DepthMid,DepthHigh,DepthHigh--DepthMid,6,0.1657096429228203,2.599385163314126e-05,0.0005120459067877547
2562,41478,141,166,141,166,DepthLow,DepthMid,DepthLow--DepthMid,10,0.3832085023931816,2.5992045540164685e-05,0.0005120103290469495
2563,26169,80,290,80,290,DepthHigh,DepthHigh,DepthHigh--DepthHigh,3,0.10413328931189839,2.5989878810216972e-05,0.0005119676472152418
2564,36540,120,121,120,121,DepthLow,DepthLow,DepthLow--DepthLow,10,0.6596100148593472,2.5989002928486824e-05,0.000511950393456119
2565,26162,80,283,80,283,DepthHigh,DepthLow,DepthHigh--DepthLow,5,0.15850171512518976,2.598785532280539e-05,0.0005119277870798082
2566,57119,228,234,228,234,DepthMid,DepthLow,DepthLow--DepthMid,9,0.25548783622094207,2.5987351954574883e-05,0.0005119178713641353
2567,25219,77,195,77,195,DepthMid,DepthMid,DepthMid--DepthMid,9,0.26777852204398894,2.5981724015392826e-05,0.00051180700810068
2568,41070,139,205,139,205,DepthLow,DepthLow,DepthLow--DepthLow,3,0.11540590332406489,2.5981122912181024e-05,0.0005117951671298419
2569,1590,4,145,4,145,DepthHigh,DepthLow,DepthHigh--DepthLow,3,0.11383520418085298,2.5980377582742906e-05,0.0005117804850852806
2570,48668,176,181,176,181,DepthMid,DepthMid,DepthMid--DepthMid,6,0.16443436299818265,2.5980167350009232e-05,0.0005117763437670847
2571,43808,151,321,151,321,DepthMid,DepthHigh,DepthHigh--DepthMid,5,0.15850788407524144,2.5979496940470636e-05,0.0005117631375495162
2572,17165,50,241,50,241,DepthHigh,DepthHigh,DepthHigh--DepthHigh,10,0.3406181532080013,2.5977685673755362e-05,0.000511727457892621
2573,1369,3,284,3,284,DepthHigh,DepthLow,DepthHigh--DepthLow,5,0.15646924965321743,2.5976512667805316e-05,0.0005117043511632361
2574,38950,130,146,130,146,DepthLow,DepthLow,DepthLow--DepthLow,1,0.027471942116817104,2.5976496870795098e-05,0.0005117040399821715
2575,59801,249,291,249,291,DepthHigh,DepthHigh,DepthHigh--DepthHigh,7,0.18954627968846074,2.597271987302876e-05,0.0005116296379168872
2576,19572,58,172,58,172,DepthHigh,DepthLow,DepthHigh--DepthLow,1,0.059614856736157816,2.5972140493853704e-05,0.0005116182248820183
2577,33402,107,233,107,233,DepthLow,DepthMid,DepthLow--DepthMid,5,0.14726740481392978,2.5972032109038177e-05,0.0005116160898386269
2578,23483,71,196,71,196,DepthMid,DepthMid,DepthMid--DepthMid,7,0.17966796173410113,2.5972015452789674e-05,0.000511615761731658
2579,6729,18,349,18,349,DepthHigh,DepthMid,DepthHigh--DepthMid,4,0.12757491549318645,2.5969651362306172e-05,0.0005115691921477257
2580,51923,194,223,194,223,DepthMid,DepthLow,DepthLow--DepthMid,3,0.10781311450982392,2.5969421794343547e-05,0.0005115646699500441
2581,35831,117,147,117,147,DepthLow,DepthLow,DepthLow--DepthLow,2,0.08339789808312825,2.5969051328092013e-05,0.0005115573722347851
2582,4165,11,228,11,228,DepthHigh,DepthMid,DepthHigh--DepthMid,7,0.1950036891597308,2.596699222798084e-05,0.0005115168105743406
2583,51934,194,234,194,234,DepthMid,DepthLow,DepthLow--DepthMid,9,0.25772496396319006,2.5965414377348484e-05,0.0005114857289182157
2584,2110,5,306,5,306,DepthHigh,DepthHigh,DepthHigh--DepthHigh,9,0.262804173059059,2.596272130497262e-05,0.0005114326788082818
2585,13509,39,94,39,94,DepthMid,DepthLow,DepthLow--DepthMid,5,0.14172324958978208,2.5961959847694268e-05,0.0005114176790657243
2586,33921,109,241,109,241,DepthLow,DepthHigh,DepthHigh--DepthLow,1,0.06099357735728,2.5957017712970958e-05,0.0005113203252802376
2587,45894,161,332,161,332,DepthHigh,DepthMid,DepthHigh--DepthMid,7,0.1985469200992521,2.5950409445228496e-05,0.000511190150787583
2588,30679,97,125,97,125,DepthLow,DepthLow,DepthLow--DepthLow,9,0.2443503298228429,2.5947054452614046e-05,0.0005111240616885231
2589,19708,58,308,58,308,DepthHigh,DepthHigh,DepthHigh--DepthHigh,10,0.3571064337070505,2.5946036458393893e-05,0.0005111040084936014
2590,4741,13,101,13,101,DepthMid,DepthLow,DepthLow--DepthMid,6,0.1708647557059411,2.594404108599339e-05,0.0005110647021882253
2591,19827,59,122,59,122,DepthHigh,DepthLow,DepthHigh--DepthLow,5,0.15254030468686494,2.5943537375266957e-05,0.000511054779725817
2592,46937,167,178,167,178,DepthLow,DepthLow,DepthLow--DepthLow,2,0.087359904541495,2.5941371383126794e-05,0.0005110121124279822
2593,3984,11,47,11,47,DepthHigh,DepthHigh,DepthHigh--DepthHigh,6,0.1714235069033398,2.5941113731912446e-05,0.0005110070370258623
2594,37603,124,218,124,218,DepthLow,DepthHigh,DepthHigh--DepthLow,8,0.22482877735828416,2.5940673383984816e-05,0.0005109983627302215
2595,64579,303,344,303,344,DepthHigh,DepthHigh,DepthHigh--DepthHigh,7,0.18209336464453327,2.5939288591791384e-05,0.0005109710840804698
2596,33181,106,269,106,269,DepthLow,DepthHigh,DepthHigh--DepthLow,6,0.1776304036375629,2.593553173431686e-05,0.0005108970787533885
2597,37622,124,237,124,237,DepthLow,DepthHigh,DepthHigh--DepthLow,9,0.24229814382761575,2.5933943640829488e-05,0.0005108657953260119
2598,46032,162,268,162,268,DepthHigh,DepthLow,DepthHigh--DepthLow,6,0.17713834357914865,2.593139926295035e-05,0.0005108156743090606
2599,40636,137,222,137,222,DepthLow,DepthMid,DepthLow--DepthMid,8,0.20107632784385,2.592809658837825e-05,0.0005107506158090751
2600,56542,223,347,223,347,DepthLow,DepthMid,DepthLow--DepthMid,5,0.14348152242486964,2.5928074842279868e-05,0.0005107501874385196
2601,33679,108,254,108,254,DepthLow,DepthLow,DepthLow--DepthLow,4,0.12916954924472582,2.592755810707937e-05,0.0005107400084104924
2602,37642,124,257,124,257,DepthLow,DepthLow,DepthLow--DepthLow,7,0.19591676647456166,2.5924572603385254e-05,0.0005106811977745063
2603,7074,19,349,19,349,DepthMid,DepthMid,DepthMid--DepthMid,6,0.1707740184917386,2.59238905031074e-05,0.000510667761264203
2604,25442,78,132,78,132,DepthMid,DepthLow,DepthLow--DepthMid,6,0.17161852883435838,2.5922289108509946e-05,0.0005106362158218287
2605,43663,151,176,151,176,DepthMid,DepthMid,DepthMid--DepthMid,9,0.23601079323264015,2.592190766843335e-05,0.0005106287019361351
2606,49244,179,199,179,199,DepthLow,DepthLow,DepthLow--DepthLow,5,0.1476789307695802,2.592163295748879e-05,0.0005106232904789684
2607,27872,86,310,86,310,DepthHigh,DepthHigh,DepthHigh--DepthHigh,10,0.32528299515701425,2.5917739653046486e-05,0.00051054659731969
2608,38710,129,140,129,140,DepthLow,DepthLow,DepthLow--DepthLow,8,0.22158460221513143,2.5914641692476336e-05,0.0005104855714258854
2609,61370,263,355,263,355,DepthMid,DepthMid,DepthMid--DepthMid,6,0.16607887962340537,2.591415272679118e-05,0.0005104759394220879
2610,49320,179,275,179,275,DepthLow,DepthHigh,DepthHigh--DepthLow,1,0.04953464288101767,2.591320908459298e-05,0.0005104573508676912
2611,31566,100,217,100,217,DepthLow,DepthLow,DepthLow--DepthLow,6,0.17329761109762934,2.5910871856262944e-05,0.0005104113104341105
2612,7784,22,30,22,30,DepthMid,DepthHigh,DepthHigh--DepthMid,8,0.2190444552834617,2.5910121840994265e-05,0.0005103965360846307
2613,11294,32,175,32,175,DepthMid,DepthMid,DepthMid--DepthMid,9,0.2581601865713026,2.590975034297996e-05,0.0005103892180449538
2614,65921,332,352,332,352,DepthMid,DepthMid,DepthMid--DepthMid,10,0.35200962134582436,2.5909061886607423e-05,0.0005103756563276472
2615,41977,143,222,143,222,DepthLow,DepthMid,DepthLow--DepthMid,7,0.18047759907950062,2.5907925461314436e-05,0.0005103532701908077
2616,23311,70,317,70,317,DepthHigh,DepthMid,DepthHigh--DepthMid,8,0.21163495105905564,2.5907785250102458e-05,0.0005103505082077745
2617,50886,188,221,188,221,DepthMid,DepthMid,DepthMid--DepthMid,2,0.08662332822616912,2.5907142503687068e-05,0.0005103378469186455
2618,49968,183,193,183,193,DepthMid,DepthMid,DepthMid--DepthMid,10,0.3825676630794636,2.5906918309892435e-05,0.0005103334305852568
2619,56655,224,320,224,320,DepthLow,DepthHigh,DepthHigh--DepthLow,3,0.10246206910175738,2.590683324327525e-05,0.000510331754880796
2620,33455,107,286,107,286,DepthLow,DepthLow,DepthLow--DepthLow,10,0.28629294184056225,2.5905297750446667e-05,0.0005103015076196793
2621,23766,72,187,72,187,DepthMid,DepthLow,DepthLow--DepthMid,8,0.2092675875407527,2.590414475239392e-05,0.0005102787950204933
2622,44382,154,262,154,262,DepthHigh,DepthMid,DepthHigh--DepthMid,3,0.10405287005766667,2.590099009573748e-05,0.0005102166522857017
2623,47236,168,281,168,281,DepthLow,DepthLow,DepthLow--DepthLow,8,0.21349126392659357,2.5899533637877343e-05,0.000510187961913216
2624,44002,152,303,152,303,DepthLow,DepthHigh,DepthHigh--DepthLow,6,0.17759063220334734,2.5898992135700288e-05,0.0005101772950071649
2625,15104,44,79,44,79,DepthMid,DepthMid,DepthMid--DepthMid,10,0.30155144356911767,2.5898441758848508e-05,0.0005101664532812782
2626,29132,91,195,91,195,DepthLow,DepthMid,DepthLow--DepthMid,2,0.0776570229323422,2.5896048520645053e-05,0.0005101193095242336
2627,56163,221,251,221,251,DepthMid,DepthLow,DepthLow--DepthMid,7,0.18464201033912245,2.5895779128576958e-05,0.0005101140028421868
2628,38079,126,217,126,217,DepthLow,DepthLow,DepthLow--DepthLow,4,0.12303790029998235,2.5889254049786615e-05,0.0005099854670663727
2629,16432,48,137,48,137,DepthHigh,DepthLow,DepthHigh--DepthLow,6,0.16789103234073832,2.5887028252381972e-05,0.0005099416216806841
2630,59665,248,270,248,270,DepthHigh,DepthHigh,DepthHigh--DepthHigh,9,0.253291641851667,2.5886769692562255e-05,0.0005099365283801908
2631,63163,283,338,283,338,DepthLow,DepthHigh,DepthHigh--DepthLow,5,0.15626490845587548,2.5884868863397836e-05,0.0005098990844566477
2632,55022,213,282,213,282,DepthHigh,DepthHigh,DepthHigh--DepthHigh,2,0.09226928109808152,2.5882375279592213e-05,0.0005098499640185178
2633,16324,47,345,47,345,DepthHigh,DepthMid,DepthHigh--DepthMid,10,0.3038364694581558,2.5882311533316397e-05,0.0005098487082977395
2634,34725,112,286,112,286,DepthLow,DepthLow,DepthLow--DepthLow,10,0.5143832615583345,2.5881890586792553e-05,0.0005098404161851448
2635,49090,178,230,178,230,DepthLow,DepthMid,DepthLow--DepthMid,2,0.0996558697006291,2.588111883981246e-05,0.0005098252137485144
2636,41788,142,254,142,254,DepthLow,DepthLow,DepthLow--DepthLow,10,0.3260290623416865,2.5878399959778667e-05,0.0005097716552604535
2637,34202,110,268,110,268,DepthLow,DepthLow,DepthLow--DepthLow,1,0.037783869260907585,2.5878108053338526e-05,0.0005097659050738345
2638,59436,246,274,246,274,DepthLow,DepthHigh,DepthHigh--DepthLow,9,0.2293849710792714,2.5875259855540594e-05,0.0005097097991898456
2639,44223,153,313,153,313,DepthHigh,DepthHigh,DepthHigh--DepthHigh,7,0.19317182016987502,2.5874801922918732e-05,0.0005097007784980328
2640,38829,129,259,129,259,DepthLow,DepthMid,DepthLow--DepthMid,8,0.2208646931368014,2.5873186353850494e-05,0.0005096689538365629
2641,56943,226,331,226,331,DepthMid,DepthMid,DepthMid--DepthMid,10,0.36136779472419345,2.5871428395341753e-05,0.0005096343242837207
2642,41863,142,329,142,329,DepthLow,DepthLow,DepthLow--DepthLow,5,0.15065585507475712,2.5865400935504764e-05,0.0005095155909701119
2643,57532,231,245,231,245,DepthMid,DepthLow,DepthLow--DepthMid,8,0.2112562928015602,2.5864645802789685e-05,0.0005095007158134289
2644,14212,41,150,41,150,DepthMid,DepthMid,DepthMid--DepthMid,7,0.18562059066192335,2.58643058469748e-05,0.0005094940191150728
2645,43296,149,236,149,236,DepthMid,DepthMid,DepthMid--DepthMid,8,0.20211320689684664,2.586170880970669e-05,0.0005094428607749515
2646,20394,61,82,61,82,DepthHigh,DepthHigh,DepthHigh--DepthHigh,10,0.29833351799286034,2.586014113789251e-05,0.000509411979628634
2647,54705,211,268,211,268,DepthLow,DepthLow,DepthLow--DepthLow,5,0.15859230986932113,2.5858956697511277e-05,0.0005093886476554581
2648,19785,59,80,59,80,DepthHigh,DepthHigh,DepthHigh--DepthHigh,10,0.2842027572453068,2.5858527991408887e-05,0.0005093802026890082
2649,29354,92,145,92,145,DepthLow,DepthLow,DepthLow--DepthLow,3,0.11156348722988452,2.5856867090921343e-05,0.000509347485056076
2650,9691,27,242,27,242,DepthMid,DepthHigh,DepthHigh--DepthMid,9,0.26385887642225847,2.5854971542499368e-05,0.0005093101451564609
2651,30938,98,118,98,118,DepthLow,DepthLow,DepthLow--DepthLow,7,0.18250518406590366,2.585464505456478e-05,0.0005093037137582641
2652,25629,78,319,78,319,DepthMid,DepthHigh,DepthHigh--DepthMid,6,0.17357163484203025,2.5853378288398474e-05,0.0005092787600715435
2653,12221,35,112,35,112,DepthMid,DepthLow,DepthLow--DepthMid,10,0.33115694004964097,2.585098143390071e-05,0.0005092315450780879
2654,6425,18,45,18,45,DepthHigh,DepthMid,DepthHigh--DepthMid,10,0.3025037565360427,2.5850876269335275e-05,0.0005092294734695387
2655,61837,268,332,268,332,DepthLow,DepthMid,DepthLow--DepthMid,10,0.29417118328731806,2.585008704004152e-05,0.0005092139266535036
2656,37238,122,334,122,334,DepthLow,DepthHigh,DepthHigh--DepthLow,10,0.33272373616027656,2.5849082746628494e-05,0.0005091941433471044
2657,25299,77,275,77,275,DepthMid,DepthHigh,DepthHigh--DepthMid,5,0.1486664023969843,2.5847001074301088e-05,0.0005091531370426303
2658,37061,122,157,122,157,DepthLow,DepthMid,DepthLow--DepthMid,10,0.39298321699196037,2.5846706778248513e-05,0.0005091473397836773
2659,25731,79,136,79,136,DepthMid,DepthLow,DepthLow--DepthMid,5,0.149285956425545,2.584586569877985e-05,0.0005091307715849628
2660,6277,17,243,17,243,DepthHigh,DepthLow,DepthHigh--DepthLow,6,0.16104695311201803,2.584514914713724e-05,0.0005091166564264716
2661,34673,112,234,112,234,DepthLow,DepthLow,DepthLow--DepthLow,10,0.4026517084207815,2.5843545542693522e-05,0.0005090850674529288
2662,60618,256,331,256,331,DepthLow,DepthMid,DepthLow--DepthMid,8,0.20328472647159643,2.5842771627831852e-05,0.0005090698223117811
2663,40835,138,195,138,195,DepthLow,DepthMid,DepthLow--DepthMid,7,0.19234421186578632,2.584187585722691e-05,0.0005090521767670517
2664,65139,313,349,313,349,DepthHigh,DepthMid,DepthHigh--DepthMid,8,0.20526771280887823,2.5841488971874545e-05,0.0005090445556163323
2665,48925,177,251,177,251,DepthMid,DepthLow,DepthLow--DepthMid,10,0.2888814910898626,2.58389986383678e-05,0.0005089954992049677
2666,43822,151,335,151,335,DepthMid,DepthHigh,DepthHigh--DepthMid,9,0.25177688013207994,2.583786355522425e-05,0.0005089731395067698
2667,65900,331,363,331,363,DepthMid,DepthMid,DepthMid--DepthMid,7,0.1935467089632514,2.5835555225727037e-05,0.0005089276683435406
2668,37797,125,173,125,173,DepthLow,DepthMid,DepthLow--DepthMid,10,0.28515447080127054,2.5830535549389515e-05,0.0005088287870866072
2669,24574,75,125,75,125,DepthMid,DepthLow,DepthLow--DepthMid,3,0.11281533755260581,2.5829068889804644e-05,0.000508799895753084
2670,52724,198,354,198,354,DepthLow,DepthMid,DepthLow--DepthMid,6,0.16681781889860514,2.5826848866971025e-05,0.0005087561641191202
2671,36288,118,358,118,358,DepthLow,DepthMid,DepthLow--DepthMid,4,0.13236721553187727,2.5825950039951196e-05,0.0005087384583668943
2672,39759,133,259,133,259,DepthLow,DepthMid,DepthLow--DepthMid,6,0.1647466473136782,2.5825367838132865e-05,0.0005087269897295331
2673,27810,86,248,86,248,DepthHigh,DepthHigh,DepthHigh--DepthHigh,9,0.24526708930944152,2.5824928151508662e-05,0.0005087183284607312
2674,47711,171,174,171,174,DepthLow,DepthMid,DepthLow--DepthMid,2,0.08296543887555854,2.582451751228676e-05,0.000508710239388911
2675,24024,73,154,73,154,DepthMid,DepthHigh,DepthHigh--DepthMid,9,0.23779496722687982,2.5823445291931847e-05,0.0005086891180079146
2676,32935,105,281,105,281,DepthLow,DepthLow,DepthLow--DepthLow,10,0.29721788767813734,2.5823345168631084e-05,0.0005086871457058851
2677,11178,32,59,32,59,DepthMid,DepthHigh,DepthHigh--DepthMid,6,0.16653155914823434,2.582330180737478e-05,0.000508686291544135
2678,34244,110,310,110,310,DepthLow,DepthHigh,DepthHigh--DepthLow,2,0.0896697534801598,2.582192260597128e-05,0.0005086591230258537
2679,45456,159,301,159,301,DepthHigh,DepthHigh,DepthHigh--DepthHigh,5,0.14321036671596798,2.582049787112508e-05,0.0005086310575565054
2680,63484,287,345,287,345,DepthHigh,DepthMid,DepthHigh--DepthMid,6,0.17756834760016937,2.5816633579170002e-05,0.0005085549359064261
2681,32260,103,125,103,125,DepthLow,DepthLow,DepthLow--DepthLow,7,0.19118325694753274,2.581512878264693e-05,0.000508525293323593
2682,64530,302,356,302,356,DepthHigh,DepthMid,DepthHigh--DepthMid,8,0.22271752837390502,2.581444297317364e-05,0.0005085117837468441
2683,60489,255,310,255,310,DepthLow,DepthHigh,DepthHigh--DepthLow,6,0.1635291771375863,2.5812083514869716e-05,0.0005084653054109741
2684,11463,32,344,32,344,DepthMid,DepthHigh,DepthHigh--DepthMid,8,0.21554101357919497,2.5809618396481578e-05,0.0005084167457054634
2685,3034,8,159,8,159,DepthHigh,DepthHigh,DepthHigh--DepthHigh,4,0.1284136504703195,2.5808620319702242e-05,0.0005083970848588628
2686,11812,33,362,33,362,DepthMid,DepthHigh,DepthHigh--DepthMid,7,0.19349951371720026,2.580775648560575e-05,0.0005083800684228419
2687,25793,79,198,79,198,DepthMid,DepthLow,DepthLow--DepthMid,6,0.16576093737460856,2.5806523118488573e-05,0.0005083557726550262
2688,49659,181,247,181,247,DepthMid,DepthLow,DepthLow--DepthMid,8,0.21706151277187563,2.5801010083208993e-05,0.0005082471728527065
2689,15707,45,363,45,363,DepthMid,DepthMid,DepthMid--DepthMid,8,0.22623475808196522,2.5799060594355595e-05,0.00050820877039501
2690,5836,16,149,16,149,DepthMid,DepthMid,DepthMid--DepthMid,10,0.27290493990074777,2.579706000141441e-05,0.0005081693612516041
2691,35714,116,277,116,277,DepthLow,DepthHigh,DepthHigh--DepthLow,8,0.20750164021310186,2.5797000503256152e-05,0.0005081681892133533
2692,20570,61,258,61,258,DepthHigh,DepthMid,DepthHigh--DepthMid,4,0.1297940338927138,2.5791266618919722e-05,0.0005080552389647369
2693,44336,154,216,154,216,DepthHigh,DepthMid,DepthHigh--DepthMid,8,0.20990467770747442,2.5790565407460962e-05,0.0005080414259884101
2694,17955,53,95,53,95,DepthHigh,DepthLow,DepthHigh--DepthLow,1,0.06116902739672763,2.5790100157217232e-05,0.0005080322611487281
2695,13441,38,351,38,351,DepthMid,DepthMid,DepthMid--DepthMid,6,0.1644912831406506,2.5784981095887978e-05,0.0005079314221335166
2696,65071,312,332,312,332,DepthMid,DepthMid,DepthMid--DepthMid,10,0.29433702922067845,2.5784692652391043e-05,0.0005079257401624863
2697,11082,31,295,31,295,DepthHigh,DepthHigh,DepthHigh--DepthHigh,5,0.14241421522910114,2.5783972671153992e-05,0.0005079115574453347
2698,50661,186,349,186,349,DepthMid,DepthMid,DepthMid--DepthMid,6,0.16446715681345003,2.578240162117405e-05,0.0005078806097534365
2699,49842,182,248,182,248,DepthLow,DepthHigh,DepthHigh--DepthLow,10,0.366384322028972,2.5782177578800783e-05,0.0005078761964028566
2700,51111,189,271,189,271,DepthLow,DepthHigh,DepthHigh--DepthLow,10,0.2814326132138553,2.5776063339411504e-05,0.0005077557536421382
2701,62549,276,312,276,312,DepthHigh,DepthMid,DepthHigh--DepthMid,7,0.1873832859542256,2.5775292003821713e-05,0.000507740559309375
2702,59564,247,285,247,285,DepthLow,DepthLow,DepthLow--DepthLow,10,0.35638017125068905,2.5773706891054296e-05,0.0005077093345984007
2703,44254,153,344,153,344,DepthHigh,DepthHigh,DepthHigh--DepthHigh,5,0.1439044333166979,2.577073124622602e-05,0.0005076507181695668
2704,49961,183,186,183,186,DepthMid,DepthMid,DepthMid--DepthMid,10,0.6200655111072619,2.576917457895482e-05,0.000507620053798788
2705,15346,44,321,44,321,DepthMid,DepthHigh,DepthHigh--DepthMid,10,0.312043241146727,2.5767170329978606e-05,0.0005075805726361293
2706,49059,178,199,178,199,DepthLow,DepthLow,DepthLow--DepthLow,4,0.13575047056559827,2.5765410858927837e-05,0.0005075459132881276
2707,58939,242,255,242,255,DepthHigh,DepthLow,DepthHigh--DepthLow,2,0.09680965459232313,2.5763896860759826e-05,0.0005075160894445604
2708,19314,57,220,57,220,DepthHigh,DepthHigh,DepthHigh--DepthHigh,1,0.0676362081034184,2.576272729604886e-05,0.0005074930505032206
2709,33319,107,150,107,150,DepthLow,DepthMid,DepthLow--DepthMid,6,0.17032369277167134,2.5761997494468412e-05,0.00050747867433776
2710,34486,111,299,111,299,DepthLow,DepthHigh,DepthHigh--DepthLow,2,0.09705828747001385,2.576144329969839e-05,0.0005074677574037266
2711,54672,211,235,211,235,DepthLow,DepthHigh,DepthHigh--DepthLow,2,0.07978837224808079,2.5760364769628244e-05,0.0005074465117293433
2712,48931,177,257,177,257,DepthMid,DepthLow,DepthLow--DepthMid,9,0.23870732952163623,2.5759963928735434e-05,0.0005074386156721782
2713,12487,36,50,36,50,DepthMid,DepthHigh,DepthHigh--DepthMid,6,0.16149721202757147,2.575886811554246e-05,0.000507417029542197
2714,8929,25,155,25,155,DepthHigh,DepthMid,DepthHigh--DepthMid,10,0.27942415531093456,2.575790467768716e-05,0.0005073980510384641
2715,50195,184,240,184,240,DepthLow,DepthHigh,DepthHigh--DepthLow,5,0.15351935393426672,2.5757093517666956e-05,0.0005073820722149347
2716,52116,195,247,195,247,DepthMid,DepthLow,DepthLow--DepthMid,2,0.08443598927882598,2.5755260958373183e-05,0.0005073459731212503
2717,27645,85,361,85,361,DepthHigh,DepthHigh,DepthHigh--DepthHigh,5,0.14590567585910905,2.5754133088751206e-05,0.0005073237555202778
2718,35938,117,254,117,254,DepthLow,DepthLow,DepthLow--DepthLow,4,0.13562143366090063,2.5753689233434552e-05,0.0005073150121335221
2719,40548,136,361,136,361,DepthLow,DepthHigh,DepthHigh--DepthLow,4,0.12344865971607698,2.5752346612482385e-05,0.0005072885642037337
2720,32261,103,126,103,126,DepthLow,DepthLow,DepthLow--DepthLow,8,0.21052873535705535,2.5751945045946726e-05,0.0005072806538523249
2721,49245,179,200,179,200,DepthLow,DepthLow,DepthLow--DepthLow,4,0.13732172656539737,2.5749516428063067e-05,0.0005072328131604555
2722,33079,106,167,106,167,DepthLow,DepthLow,DepthLow--DepthLow,8,0.2159983408347878,2.5749438878831057e-05,0.0005072312855389477
2723,25836,79,241,79,241,DepthMid,DepthHigh,DepthHigh--DepthMid,7,0.1909724606679825,2.5747633536499814e-05,0.0005071957225849034
2724,10591,30,137,30,137,DepthHigh,DepthLow,DepthHigh--DepthLow,5,0.15504697109140317,2.574405086059822e-05,0.0005071251484138783
2725,25947,79,352,79,352,DepthMid,DepthMid,DepthMid--DepthMid,9,0.24452955406534238,2.5743850236896863e-05,0.000507121196381431
2726,40208,135,249,135,249,DepthLow,DepthHigh,DepthHigh--DepthLow,7,0.19924517537113925,2.5742872637166064e-05,0.0005071019389067136
2727,60223,253,263,253,263,DepthLow,DepthMid,DepthLow--DepthMid,4,0.13317260078399246,2.5741747869180124e-05,0.000507079782404037
2728,47237,168,282,168,282,DepthLow,DepthHigh,DepthHigh--DepthLow,7,0.18239110454903565,2.5741559558086786e-05,0.0005070760729143504
2729,66025,336,338,336,338,DepthHigh,DepthHigh,DepthHigh--DepthHigh,10,0.8039362078238382,2.573945934589517e-05,0.0005070347013980673
2730,66243,345,349,345,349,DepthMid,DepthMid,DepthMid--DepthMid,10,0.28204188446508244,2.5738543752069717e-05,0.0005070166653610374
2731,43857,152,158,152,158,DepthLow,DepthHigh,DepthHigh--DepthLow,1,0.05570584874286554,2.5735651835852818e-05,0.000506959698279647
2732,7728,21,316,21,316,DepthMid,DepthHigh,DepthHigh--DepthMid,8,0.2239833013105274,2.5735330854898623e-05,0.0005069533753619789
2733,19647,58,247,58,247,DepthHigh,DepthLow,DepthHigh--DepthLow,5,0.14209635149606065,2.573517476800072e-05,0.0005069503006480695
2734,50590,186,278,186,278,DepthMid,DepthMid,DepthMid--DepthMid,10,0.3330271554015688,2.573338616172106e-05,0.0005069150673730136
2735,57366,229,346,229,346,DepthMid,DepthMid,DepthMid--DepthMid,9,0.2566519578174769,2.5733166902573396e-05,0.000506910748245911
2736,20304,60,295,60,295,DepthHigh,DepthHigh,DepthHigh--DepthHigh,9,0.22950412045794893,2.5732577614469442e-05,0.0005068991400177113
2737,46842,166,280,166,280,DepthMid,DepthLow,DepthLow--DepthMid,10,0.44614112572182363,2.573115347834729e-05,0.0005068710863424673
2738,31447,99,362,99,362,DepthLow,DepthHigh,DepthHigh--DepthLow,2,0.09908353637853223,2.5730836835452072e-05,0.0005068648488790587
2739,30301,95,282,95,282,DepthLow,DepthHigh,DepthHigh--DepthLow,3,0.11747525339664833,2.5729269358469906e-05,0.0005068339715706848
2740,62805,279,310,279,310,DepthHigh,DepthHigh,DepthHigh--DepthHigh,9,0.2531050863631789,2.572842842717578e-05,0.0005068174062908208
2741,36691,120,272,120,272,DepthLow,DepthHigh,DepthHigh--DepthLow,8,0.22241341534075776,2.5727928207106296e-05,0.0005068075525899269
2742,31987,102,113,102,113,DepthLow,DepthLow,DepthLow--DepthLow,10,0.3836666292341093,2.572718628936242e-05,0.0005067929377514149
2743,49481,180,252,180,252,DepthMid,DepthLow,DepthLow--DepthMid,7,0.18399368028684088,2.572666672864897e-05,0.0005067827030643664
2744,56134,221,222,221,222,DepthMid,DepthMid,DepthMid--DepthMid,10,0.7576908431726256,2.572577040462321e-05,0.0005067650466179488
2745,43398,149,338,149,338,DepthMid,DepthHigh,DepthHigh--DepthMid,5,0.14793910986099656,2.5725754632778055e-05,0.0005067647359326042
2746,66003,335,344,335,344,DepthHigh,DepthHigh,DepthHigh--DepthHigh,8,0.22514101562648814,2.5724920386520913e-05,0.0005067483023394895
2747,46934,167,175,167,175,DepthLow,DepthMid,DepthLow--DepthMid,9,0.23171013738327315,2.5724624332353448e-05,0.0005067424704479031
2748,45737,161,175,161,175,DepthHigh,DepthMid,DepthHigh--DepthMid,2,0.08911818772523832,2.5724567557600885e-05,0.0005067413520572902
2749,15619,45,275,45,275,DepthMid,DepthHigh,DepthHigh--DepthMid,10,0.3083553527532297,2.572451880267856e-05,0.0005067403916471608
2750,22581,68,176,68,176,DepthMid,DepthMid,DepthMid--DepthMid,8,0.21429621075972063,2.5722526622791445e-05,0.000506701148230249
2751,61681,267,272,267,272,DepthHigh,DepthHigh,DepthHigh--DepthHigh,9,0.26560880745240045,2.5722056695226166e-05,0.0005066918912532652
2752,37786,125,162,125,162,DepthLow,DepthHigh,DepthHigh--DepthLow,8,0.20182435172328916,2.5722014169262726e-05,0.000506691053545725
2753,62227,272,348,272,348,DepthHigh,DepthMid,DepthHigh--DepthMid,7,0.18805099864026925,2.5720431927065533e-05,0.0005066598853813431
2754,23991,73,121,73,121,DepthMid,DepthLow,DepthLow--DepthMid,6,0.16641310878794194,2.57198846552624e-05,0.0005066491048209764
2755,46303,163,338,163,338,DepthLow,DepthHigh,DepthHigh--DepthLow,7,0.18147053397100635,2.5719726822693643e-05,0.0005066459957195654
2756,63497,287,358,287,358,DepthHigh,DepthMid,DepthHigh--DepthMid,5,0.14738319915725923,2.5719621781472676e-05,0.0005066439265407458
2757,60209,252,360,252,360,DepthLow,DepthMid,DepthLow--DepthMid,5,0.15263957967597366,2.5718840565674665e-05,0.0005066285375804125
2758,55764,218,284,218,284,DepthHigh,DepthLow,DepthHigh--DepthLow,4,0.12118271810233816,2.5717981369306566e-05,0.0005066116125017585
2759,66109,339,344,339,344,DepthHigh,DepthHigh,DepthHigh--DepthHigh,10,0.7203543491279868,2.5716920509866816e-05,0.0005065907149163808
2760,42100,143,345,143,345,DepthLow,DepthMid,DepthLow--DepthMid,7,0.19872863221036266,2.5713251130807846e-05,0.0005065184328031289
2761,30921,98,101,98,101,DepthLow,DepthLow,DepthLow--DepthLow,4,0.13674944361614452,2.5710827284952212e-05,0.0005064706861141588
2762,41614,141,302,141,302,DepthLow,DepthHigh,DepthHigh--DepthLow,6,0.1756815131656316,2.5709927927813026e-05,0.000506452969919254
2763,20252,60,243,60,243,DepthHigh,DepthLow,DepthHigh--DepthLow,5,0.15542531969280518,2.5709130165209883e-05,0.0005064372550078475
2764,66199,343,344,343,344,DepthHigh,DepthHigh,DepthHigh--DepthHigh,7,0.1814206841757154,2.5708000619113642e-05,0.0005064150043824584
2765,42080,143,325,143,325,DepthLow,DepthLow,DepthLow--DepthLow,7,0.18334406176745316,2.5703962376294108e-05,0.0005063354561209872
2766,48899,177,225,177,225,DepthMid,DepthHigh,DepthHigh--DepthMid,6,0.16694135369605317,2.570339778935643e-05,0.0005063243344744324
2767,2811,7,292,7,292,DepthHigh,DepthHigh,DepthHigh--DepthHigh,1,0.06597495336460187,2.570171742034073e-05,0.0005062912333361891
2768,7879,22,125,22,125,DepthMid,DepthLow,DepthLow--DepthMid,10,0.27286327052271,2.5701378923811413e-05,0.0005062845653839077
2769,61249,262,335,262,335,DepthMid,DepthHigh,DepthHigh--DepthMid,2,0.0837725292186328,2.5701174438116777e-05,0.0005062805372750914
2770,7936,22,182,22,182,DepthMid,DepthLow,DepthLow--DepthMid,10,0.3264109335336715,2.570093189750113e-05,0.0005062757595325996
2771,8972,25,198,25,198,DepthHigh,DepthLow,DepthHigh--DepthLow,4,0.13260296742620584,2.5700332197695646e-05,0.0005062639462070858
2772,57130,228,245,228,245,DepthMid,DepthLow,DepthLow--DepthMid,9,0.23425616539481417,2.5700093804949625e-05,0.0005062592501723646
2773,48618,175,319,175,319,DepthMid,DepthHigh,DepthHigh--DepthMid,2,0.08670410274727937,2.5699424138431064e-05,0.0005062460585913484
2774,10033,28,248,28,248,DepthHigh,DepthHigh,DepthHigh--DepthHigh,9,0.2444008754030952,2.5698308535064935e-05,0.0005062240826200577
2775,21412,64,197,64,197,DepthMid,DepthMid,DepthMid--DepthMid,7,0.18422146350232468,2.5698208994231274e-05,0.0005062221217918913
2776,61360,263,345,263,345,DepthMid,DepthMid,DepthMid--DepthMid,5,0.15771232939842958,2.569673393540044e-05,0.0005061930650038762
2777,47506,169,356,169,356,DepthLow,DepthMid,DepthLow--DepthMid,6,0.16160154428692666,2.569531816387357e-05,0.0005061651761005498
2778,27709,86,147,86,147,DepthHigh,DepthLow,DepthHigh--DepthLow,7,0.19383227003311013,2.5691231477062915e-05,0.0005060846735538994
2779,17492,51,255,51,255,DepthHigh,DepthLow,DepthHigh--DepthLow,2,0.0885835290887471,2.5690373114904268e-05,0.0005060677649081134
2780,10719,30,265,30,265,DepthHigh,DepthMid,DepthHigh--DepthMid,6,0.16172638310795254,2.568698600420862e-05,0.0005060010431235922
2781,6297,17,263,17,263,DepthHigh,DepthMid,DepthHigh--DepthMid,6,0.16040470976199545,2.5683429365635946e-05,0.0005059309818549213
2782,41591,141,279,141,279,DepthLow,DepthHigh,DepthHigh--DepthLow,5,0.14708299030780306,2.5683189822493872e-05,0.000505926263158857
2783,37524,124,139,124,139,DepthLow,DepthLow,DepthLow--DepthLow,9,0.23011599809870692,2.5683035620174255e-05,0.0005059232255687495
2784,26025,80,146,80,146,DepthHigh,DepthLow,DepthHigh--DepthLow,8,0.2127554267708263,2.5681822187745834e-05,0.0005058993224890171
2785,6735,18,355,18,355,DepthHigh,DepthMid,DepthHigh--DepthMid,7,0.18666305120595694,2.5681144700497146e-05,0.0005058859768495372
2786,56425,223,230,223,230,DepthLow,DepthMid,DepthLow--DepthMid,2,0.09440154106309602,2.567979175407785e-05,0.000505859325521143
2787,39529,132,260,132,260,DepthLow,DepthMid,DepthLow--DepthMid,3,0.11945451037849027,2.5677576635475336e-05,0.0005058156904943115
2788,21859,65,345,65,345,DepthMid,DepthMid,DepthMid--DepthMid,10,0.40381598009598374,2.567591243721871e-05,0.0005057829078995112
2789,27364,84,359,84,359,DepthHigh,DepthHigh,DepthHigh--DepthHigh,6,0.1661439469183507,2.5673142406873674e-05,0.0005057283418151975
2790,17804,52,255,52,255,DepthHigh,DepthLow,DepthHigh--DepthLow,3,0.1149326293527787,2.567143963172112e-05,0.000505694799304478
2791,49902,182,308,182,308,DepthLow,DepthHigh,DepthHigh--DepthLow,9,0.2566811647846666,2.567127385304162e-05,0.0005056915336747642
2792,25952,79,357,79,357,DepthMid,DepthMid,DepthMid--DepthMid,10,0.31656489357303563,2.5670392439386553e-05,0.000505674170943737
2793,31148,98,328,98,328,DepthLow,DepthLow,DepthLow--DepthLow,10,0.2751394534319276,2.5665512157001968e-05,0.0005055780355708703
2794,60658,257,264,257,264,DepthLow,DepthMid,DepthLow--DepthMid,10,0.31637706368026763,2.566524661611845e-05,0.0005055728047522748
2795,41909,143,154,143,154,DepthLow,DepthHigh,DepthHigh--DepthLow,6,0.16966623233706252,2.566431940161408e-05,0.0005055545398026099
2796,59822,249,312,249,312,DepthHigh,DepthMid,DepthHigh--DepthMid,10,0.3221550900470891,2.5662007453046314e-05,0.0005055089973482812
2797,28008,87,169,87,169,DepthMid,DepthLow,DepthLow--DepthMid,3,0.1160033325827028,2.5660137562772068e-05,0.0005054721628816319
2798,31692,100,343,100,343,DepthLow,DepthHigh,DepthHigh--DepthLow,3,0.12094697597631301,2.5657328059098077e-05,0.0005054168192228053
2799,20070,60,61,60,61,DepthHigh,DepthHigh,DepthHigh--DepthHigh,10,0.7639786744837069,2.565496251654908e-05,0.0005053702210350246
2800,35893,117,209,117,209,DepthLow,DepthLow,DepthLow--DepthLow,1,0.04134434731528226,2.565361930406746e-05,0.0005053437614528562
2801,60844,258,344,258,344,DepthMid,DepthHigh,DepthHigh--DepthMid,4,0.13369498571650817,2.5652029250965407e-05,0.0005053124394235559
2802,12518,36,81,36,81,DepthMid,DepthHigh,DepthHigh--DepthMid,3,0.10672130566806111,2.5651003054666016e-05,0.0005052922246580767
2803,58024,234,344,234,344,DepthLow,DepthHigh,DepthHigh--DepthLow,1,0.06895576198702034,2.5649757116331575e-05,0.000505267681253226
2804,32881,105,227,105,227,DepthLow,DepthMid,DepthLow--DepthMid,9,0.2291232542299156,2.564780129255365e-05,0.0005052291540055515
2805,13157,38,67,38,67,DepthMid,DepthMid,DepthMid--DepthMid,9,0.2439535247104012,2.5646122602773502e-05,0.0005051960859461188
2806,65035,311,348,311,348,DepthMid,DepthMid,DepthMid--DepthMid,10,0.2822482803526442,2.564494133789365e-05,0.0005051728165262922
2807,61378,263,363,263,363,DepthMid,DepthMid,DepthMid--DepthMid,4,0.13748661163656642,2.5641840111153178e-05,0.0005051117262930751
2808,16192,47,213,47,213,DepthHigh,DepthHigh,DepthHigh--DepthHigh,5,0.15164337736867098,2.5640963774512564e-05,0.0005050944635727931
2809,34164,110,230,110,230,DepthLow,DepthMid,DepthLow--DepthMid,1,0.06333851841410292,2.5640901496199876e-05,0.0005050932367690264
2810,65957,333,357,333,357,DepthMid,DepthMid,DepthMid--DepthMid,10,0.378243988868607,2.563903746786253e-05,0.0005050565177750988
2811,5052,14,62,14,62,DepthHigh,DepthHigh,DepthHigh--DepthHigh,3,0.12077627332245051,2.563758214107755e-05,0.0005050278496833591
2812,43416,149,356,149,356,DepthMid,DepthMid,DepthMid--DepthMid,7,0.18993258107516173,2.563598496264995e-05,0.0005049963872941831
2813,12760,36,323,36,323,DepthMid,DepthLow,DepthLow--DepthMid,2,0.07698833672145895,2.563421909677865e-05,0.0005049616019763281
2814,33896,109,216,109,216,DepthLow,DepthMid,DepthLow--DepthMid,5,0.14469788985732662,2.5634049720385597e-05,0.0005049582654762206
2815,24162,73,292,73,292,DepthMid,DepthHigh,DepthHigh--DepthMid,1,0.07273117712228869,2.56301881551647e-05,0.0005048821975393461
2816,47515,170,171,170,171,DepthLow,DepthLow,DepthLow--DepthLow,10,0.8347344942354991,2.5627990723434837e-05,0.0005048389109214719
2817,58165,235,356,235,356,DepthHigh,DepthMid,DepthHigh--DepthMid,9,0.263581642199354,2.5627448025708672e-05,0.0005048282204646198
2818,44551,155,222,155,222,DepthMid,DepthMid,DepthMid--DepthMid,7,0.19182145293615174,2.562618088914863e-05,0.0005048032594816124
2819,2454,6,292,6,292,DepthHigh,DepthHigh,DepthHigh--DepthHigh,3,0.11660227558260947,2.5626142318737343e-05,0.0005048024996934324
2820,43246,149,186,149,186,DepthMid,DepthMid,DepthMid--DepthMid,10,0.2758384220947072,2.5625437713356516e-05,0.0005047886198611457
2821,50218,184,263,184,263,DepthLow,DepthMid,DepthLow--DepthMid,3,0.1113031198381711,2.5625211227258923e-05,0.0005047841583722963
2822,36869,121,207,121,207,DepthLow,DepthLow,DepthLow--DepthLow,3,0.11952593010806774,2.562454135627276e-05,0.0005047709627635276
2823,32586,104,191,104,191,DepthLow,DepthMid,DepthLow--DepthMid,1,0.06416040337855326,2.5622488272364123e-05,0.000504730519614642
2824,47087,167,328,167,328,DepthLow,DepthLow,DepthLow--DepthLow,4,0.12694824823363726,2.562193434604189e-05,0.0005047196079686895
2825,53902,206,240,206,240,DepthLow,DepthHigh,DepthHigh--DepthLow,1,0.03994334348340334,2.5621287184343124e-05,0.0005047068597040784
2826,66110,339,345,339,345,DepthHigh,DepthMid,DepthHigh--DepthMid,5,0.1440222512884725,2.5620691335677357e-05,0.0005046951222411322
2827,44314,154,194,154,194,DepthHigh,DepthMid,DepthHigh--DepthMid,3,0.11204893945817351,2.5619506173493687e-05,0.0005046717760493638
2828,42227,144,252,144,252,DepthLow,DepthLow,DepthLow--DepthLow,7,0.18377726643722017,2.561897987002985e-05,0.0005046614085386852
2829,55645,217,311,217,311,DepthLow,DepthMid,DepthLow--DepthMid,9,0.2382854212534519,2.561897259685627e-05,0.0005046612652663909
2830,60136,252,287,252,287,DepthLow,DepthHigh,DepthHigh--DepthLow,2,0.09103203133274218,2.5617768328456256e-05,0.0005046375427063946
2831,25987,80,108,80,108,DepthHigh,DepthLow,DepthHigh--DepthLow,4,0.12523615293732251,2.5617026467330056e-05,0.0005046229289831789
2832,38481,128,146,128,146,DepthLow,DepthLow,DepthLow--DepthLow,1,0.06409520778678476,2.5616388285124742e-05,0.0005046103576031993
2833,42576,146,164,146,164,DepthLow,DepthLow,DepthLow--DepthLow,2,0.08868800741362312,2.561617732329442e-05,0.0005046062019227242
2834,46849,166,287,166,287,DepthMid,DepthHigh,DepthHigh--DepthMid,7,0.18403143494384167,2.5613715516226838e-05,0.0005045577074460284
2835,46198,163,233,163,233,DepthLow,DepthMid,DepthLow--DepthMid,9,0.26072613490995517,2.5613445662485072e-05,0.0005045523916695959
2836,9337,26,225,26,225,DepthHigh,DepthHigh,DepthHigh--DepthHigh,9,0.2445013282635668,2.5612904922647403e-05,0.0005045417397806637
2837,5129,14,139,14,139,DepthHigh,DepthLow,DepthHigh--DepthLow,5,0.15173690357744782,2.561171989094042e-05,0.0005045183961591205
2838,51168,189,328,189,328,DepthLow,DepthLow,DepthLow--DepthLow,10,0.2753804869778041,2.5611133182568004e-05,0.0005045068387483599
2839,35633,116,196,116,196,DepthLow,DepthMid,DepthLow--DepthMid,6,0.1726400006030952,2.5610827550456727e-05,0.000504500818183429
2840,41458,141,146,141,146,DepthLow,DepthLow,DepthLow--DepthLow,4,0.1239970842985714,2.5609210365882576e-05,0.0005044689616985417
2841,12057,34,277,34,277,DepthMid,DepthHigh,DepthHigh--DepthMid,6,0.16816065260233956,2.5607756632869542e-05,0.0005044403250020877
2842,14795,43,90,43,90,DepthMid,DepthLow,DepthLow--DepthMid,1,0.04675809861792732,2.560640381713658e-05,0.0005044136762480487
2843,5412,15,73,15,73,DepthHigh,DepthMid,DepthHigh--DepthMid,7,0.20056452090217172,2.560304047442793e-05,0.0005043474226627241
2844,61657,266,345,266,345,DepthMid,DepthMid,DepthMid--DepthMid,10,0.38809775633369337,2.5602968989014474e-05,0.0005043460144907505
2845,28538,89,148,89,148,DepthLow,DepthMid,DepthLow--DepthMid,2,0.09399455359909308,2.5600439124714935e-05,0.0005042961793729085
2846,61549,265,335,265,335,DepthMid,DepthHigh,DepthHigh--DepthMid,6,0.15978647776189758,2.559905005628512e-05,0.0005042688164867239
2847,31973,101,361,101,361,DepthLow,DepthHigh,DepthHigh--DepthLow,2,0.07775564844890744,2.5598688140895606e-05,0.0005042616872126009
2848,41877,142,343,142,343,DepthLow,DepthHigh,DepthHigh--DepthLow,2,0.08488512359070907,2.5597399611966485e-05,0.0005042363048270566
2849,56563,224,228,224,228,DepthLow,DepthMid,DepthLow--DepthMid,7,0.19430605842735396,2.559628641194266e-05,0.0005042143761985609
2850,53855,205,351,205,351,DepthLow,DepthMid,DepthLow--DepthMid,5,0.14201756763143472,2.5594647030665763e-05,0.0005041820824667837
2851,18720,55,241,55,241,DepthHigh,DepthHigh,DepthHigh--DepthHigh,10,0.3810660444314733,2.559344626485829e-05,0.0005041584289034178
2852,45654,160,295,160,295,DepthLow,DepthHigh,DepthHigh--DepthLow,8,0.2098415034634317,2.5592559205467683e-05,0.0005041409549585616
2853,22652,68,247,68,247,DepthMid,DepthLow,DepthLow--DepthMid,10,0.2880697241255425,2.5590902366837672e-05,0.0005041083173390707
2854,55406,216,219,216,219,DepthMid,DepthMid,DepthMid--DepthMid,10,0.5912879258745833,2.5587829306458555e-05,0.0005040477819474463
2855,48291,174,181,174,181,DepthMid,DepthMid,DepthMid--DepthMid,5,0.1544452774357509,2.5587158036976908e-05,0.0005040345587900905
2856,64015,295,296,295,296,DepthHigh,DepthHigh,DepthHigh--DepthHigh,10,0.7023022313308428,2.5586624187018555e-05,0.0005040240426230418
2857,23417,71,130,71,130,DepthMid,DepthLow,DepthLow--DepthMid,6,0.16687071480228838,2.5586607033316332e-05,0.0005040237047168656
2858,9157,26,45,26,45,DepthHigh,DepthMid,DepthHigh--DepthMid,10,0.3592670392623345,2.5586580725471632e-05,0.0005040231864856937
2859,47072,167,313,167,313,DepthLow,DepthHigh,DepthHigh--DepthLow,4,0.12803133415761286,2.5585685327683342e-05,0.0005040055482849795
2860,17493,51,256,51,256,DepthHigh,DepthLow,DepthHigh--DepthLow,2,0.0925298663207984,2.5584804190461467e-05,0.0005039881909993356
2861,35946,117,262,117,262,DepthLow,DepthMid,DepthLow--DepthMid,3,0.11176628225722425,2.5583064614435542e-05,0.0005039539235580886
2862,58184,236,247,236,247,DepthMid,DepthLow,DepthLow--DepthMid,6,0.16428045701770444,2.5578981877196893e-05,0.0005038734988129973
2863,59609,247,330,247,330,DepthLow,DepthMid,DepthLow--DepthMid,5,0.14102571257055604,2.5575748269719046e-05,0.0005038098008471644
2864,22454,67,345,67,345,DepthMid,DepthMid,DepthMid--DepthMid,10,0.3326820507553069,2.5573841707337144e-05,0.0005037722439865088
2865,54737,211,300,211,300,DepthLow,DepthHigh,DepthHigh--DepthLow,1,0.05199430960284999,2.5569250031241173e-05,0.000503681793791462
2866,29697,93,217,93,217,DepthLow,DepthLow,DepthLow--DepthLow,5,0.1524279300555382,2.55687508091636e-05,0.0005036719597497429
2867,45402,159,247,159,247,DepthHigh,DepthLow,DepthHigh--DepthLow,6,0.17727510815043268,2.5562414954970047e-05,0.0005035471514584747
2868,6460,18,80,18,80,DepthHigh,DepthHigh,DepthHigh--DepthHigh,9,0.23682431243806026,2.556241330772339e-05,0.0005035471190098049
2869,14263,41,201,41,201,DepthMid,DepthLow,DepthLow--DepthMid,7,0.1903574836940333,2.5562276142276197e-05,0.0005035444170244747
2870,63696,290,332,290,332,DepthHigh,DepthMid,DepthHigh--DepthMid,7,0.18794984617674074,2.556224457514739e-05,0.0005035437951920766
2871,64452,301,340,301,340,DepthHigh,DepthMid,DepthHigh--DepthMid,4,0.12665709478673992,2.5561433197563722e-05,0.000503527812082823
2872,43893,152,194,152,194,DepthLow,DepthMid,DepthLow--DepthMid,5,0.140531394555963,2.556117555783272e-05,0.0005035227369069103
2873,56016,220,247,220,247,DepthHigh,DepthLow,DepthHigh--DepthLow,3,0.10060024958310493,2.556095925750843e-05,0.0005035184760648753
2874,66404,357,360,357,360,DepthMid,DepthMid,DepthMid--DepthMid,10,0.7026291742866494,2.55581775619429e-05,0.0005034636801905139
2875,53947,206,285,206,285,DepthLow,DepthLow,DepthLow--DepthLow,7,0.1849240046886054,2.5557198141530984e-05,0.0005034443868506879
2876,29846,94,96,94,96,DepthLow,DepthLow,DepthLow--DepthLow,8,0.22682917201207253,2.5556968880489856e-05,0.0005034398706989704
2877,58867,241,305,241,305,DepthHigh,DepthMid,DepthHigh--DepthMid,8,0.2177770627838573,2.5554272780602908e-05,0.0005033867609509083
2878,42546,145,352,145,352,DepthLow,DepthMid,DepthLow--DepthMid,6,0.16260295791076687,2.5553666879985513e-05,0.0005033748254772649
2879,16600,48,305,48,305,DepthHigh,DepthMid,DepthHigh--DepthMid,6,0.1727198975197003,2.5553473475263927e-05,0.0005033710156495626
2880,22837,69,137,69,137,DepthMid,DepthLow,DepthLow--DepthMid,9,0.2487368207724573,2.554795582910903e-05,0.0005032623250188475
2881,60562,256,275,256,275,DepthLow,DepthHigh,DepthHigh--DepthLow,6,0.16415543232666377,2.554680277767271e-05,0.0005032396113680729
2882,12440,35,331,35,331,DepthMid,DepthMid,DepthMid--DepthMid,6,0.1635837314580935,2.5544465400469395e-05,0.0005031935680018774
2883,30132,95,113,95,113,DepthLow,DepthLow,DepthLow--DepthLow,9,0.23503790856631981,2.5543996324644236e-05,0.0005031843278030936
2884,40458,136,271,136,271,DepthLow,DepthHigh,DepthHigh--DepthLow,3,0.11197304364265032,2.554246401500031e-05,0.0005031541432466771
2885,31925,101,313,101,313,DepthLow,DepthHigh,DepthHigh--DepthLow,6,0.15929866678043972,2.5542075374640896e-05,0.0005031464875245448
2886,41353,140,264,140,264,DepthLow,DepthMid,DepthLow--DepthMid,7,0.19406098593211016,2.5541094287896635e-05,0.0005031271613600851
2887,20431,61,119,61,119,DepthHigh,DepthLow,DepthHigh--DepthLow,5,0.15018817171446833,2.5537649002833828e-05,0.0005030592936143188
2888,16009,46,347,46,347,DepthHigh,DepthMid,DepthHigh--DepthMid,10,0.27360592257700106,2.5536222563360415e-05,0.0005030311945659765
2889,17935,53,75,53,75,DepthHigh,DepthMid,DepthHigh--DepthMid,3,0.11924283168815443,2.5536169162288633e-05,0.0005030301426325959
2890,21121,63,206,63,206,DepthMid,DepthLow,DepthLow--DepthMid,5,0.15029607039091467,2.5535231981758515e-05,0.0005030116813648645
2891,56875,226,263,226,263,DepthMid,DepthMid,DepthMid--DepthMid,9,0.252453555247976,2.553264492188859e-05,0.0005029607195668322
2892,4811,13,171,13,171,DepthMid,DepthLow,DepthLow--DepthMid,6,0.17345865368878607,2.5530701083424077e-05,0.0005029224284146299
2893,61679,267,270,267,270,DepthHigh,DepthHigh,DepthHigh--DepthHigh,10,0.2803225131272767,2.553052816919154e-05,0.0005029190222235718
2894,19452,57,358,57,358,DepthHigh,DepthMid,DepthHigh--DepthMid,4,0.13205180730279978,2.5526686247640578e-05,0.0005028433412420792
2895,61038,260,329,260,329,DepthMid,DepthLow,DepthLow--DepthMid,3,0.11335879418082288,2.5525753782067042e-05,0.0005028249728530121
2896,18103,53,243,53,243,DepthHigh,DepthLow,DepthHigh--DepthLow,4,0.13412521938388025,2.552555976749009e-05,0.0005028211510119326
2897,5323,14,333,14,333,DepthHigh,DepthMid,DepthHigh--DepthMid,8,0.2116173738541233,2.5522947376066916e-05,0.0005027696902144316
2898,10070,28,285,28,285,DepthHigh,DepthLow,DepthHigh--DepthLow,9,0.24006876022917087,2.5522468269235793e-05,0.0005027602524175536
2899,40714,137,300,137,300,DepthLow,DepthHigh,DepthHigh--DepthLow,2,0.09927172172388155,2.552219625769517e-05,0.0005027548941352206
2900,20467,61,155,61,155,DepthHigh,DepthMid,DepthHigh--DepthMid,9,0.23786786238623908,2.552112300751589e-05,0.0005027337524679904
2901,35762,116,325,116,325,DepthLow,DepthLow,DepthLow--DepthLow,9,0.2332299914181694,2.5518919053775597e-05,0.0005026903373747831
2902,39958,134,228,134,228,DepthLow,DepthMid,DepthLow--DepthMid,9,0.2589252954567058,2.551877117697175e-05,0.0005026874243893131
2903,64014,294,364,294,364,DepthLow,DepthHigh,DepthHigh--DepthLow,1,0.06640100013461056,2.551742645776099e-05,0.0005026609351264918
2904,20462,61,150,61,150,DepthHigh,DepthMid,DepthHigh--DepthMid,9,0.25958808994982274,2.5516113571501434e-05,0.0005026350729324325
2905,50404,185,270,185,270,DepthLow,DepthHigh,DepthHigh--DepthLow,8,0.21398532109106672,2.551572807342422e-05,0.000502627479109274
2906,45405,159,250,159,250,DepthHigh,DepthLow,DepthHigh--DepthLow,2,0.08720723176493952,2.55147750115668e-05,0.0005026087049995385
2907,50217,184,262,184,262,DepthLow,DepthMid,DepthLow--DepthMid,2,0.09903536003439288,2.551163435624128e-05,0.0005025468380732068
2908,63140,283,315,283,315,DepthLow,DepthMid,DepthLow--DepthMid,5,0.15759353639121298,2.5511427293200036e-05,0.0005025427591939314
2909,59256,244,331,244,331,DepthLow,DepthMid,DepthLow--DepthMid,10,0.3110291233841776,2.5510898898622788e-05,0.0005025323504909709
2910,54170,207,351,207,351,DepthLow,DepthMid,DepthLow--DepthMid,5,0.1525336795412821,2.551062154257582e-05,0.0005025268869286417
2911,19173,57,79,57,79,DepthHigh,DepthMid,DepthHigh--DepthMid,2,0.09602022434994159,2.550972816565613e-05,0.0005025092885364757
2912,47839,171,302,171,302,DepthLow,DepthHigh,DepthHigh--DepthLow,2,0.09496589561277069,2.5508537233855666e-05,0.0005024858286905745
2913,33161,106,249,106,249,DepthLow,DepthHigh,DepthHigh--DepthLow,10,0.2997705281103554,2.5508309300313647e-05,0.0005024813386889057
2914,46390,164,225,164,225,DepthLow,DepthHigh,DepthHigh--DepthLow,9,0.23929513489564885,2.550755583933026e-05,0.0005024664964632167
2915,28712,89,322,89,322,DepthLow,DepthLow,DepthLow--DepthLow,2,0.09425700880423703,2.5505855678667893e-05,0.0005024330054546377
2916,21498,64,283,64,283,DepthMid,DepthLow,DepthLow--DepthMid,6,0.16660627644484316,2.5504375988714682e-05,0.0005024038574393859
2917,24473,74,313,74,313,DepthMid,DepthHigh,DepthHigh--DepthMid,10,0.3096810064082648,2.550422905982969e-05,0.0005024009631267148
2918,25080,76,343,76,343,DepthMid,DepthHigh,DepthHigh--DepthMid,3,0.11136440221772426,2.5504208253819424e-05,0.0005024005532747028
2919,44218,153,308,153,308,DepthHigh,DepthHigh,DepthHigh--DepthHigh,9,0.23346860897918426,2.5502669709000906e-05,0.0005023702458932554
2920,59022,242,338,242,338,DepthHigh,DepthHigh,DepthHigh--DepthHigh,7,0.19218672212098595,2.5502370212473867e-05,0.0005023643461915517
2921,46076,162,312,162,312,DepthHigh,DepthMid,DepthHigh--DepthMid,4,0.12605156930554634,2.5502339662126486e-05,0.0005023637443884581
2922,65122,313,332,313,332,DepthHigh,DepthMid,DepthHigh--DepthMid,10,0.3327649274390131,2.55006539648384e-05,0.0005023305382900072
2923,56421,223,226,223,226,DepthLow,DepthMid,DepthLow--DepthMid,6,0.16665291342287555,2.5500643245838488e-05,0.0005023303271393048
2924,64389,300,340,300,340,DepthHigh,DepthMid,DepthHigh--DepthMid,4,0.12856747549375924,2.54995474480938e-05,0.0005023087413136352
2925,60604,256,317,256,317,DepthLow,DepthMid,DepthLow--DepthMid,10,0.28173858852542377,2.5498224481907173e-05,0.000502282680557798
2926,12045,34,265,34,265,DepthMid,DepthMid,DepthMid--DepthMid,9,0.2690889346401043,2.5495635923939367e-05,0.0005022316892491376
2927,54782,211,345,211,345,DepthLow,DepthMid,DepthLow--DepthMid,3,0.10500365342712371,2.549169258292277e-05,0.0005021540104328115
2928,18719,55,240,55,240,DepthHigh,DepthHigh,DepthHigh--DepthHigh,10,0.36948048292814784,2.5490171746751022e-05,0.000502124051889244
2929,53869,206,207,206,207,DepthLow,DepthLow,DepthLow--DepthLow,10,0.5386861882560412,2.5489766566002596e-05,0.000502116070342428
2930,59633,247,354,247,354,DepthLow,DepthMid,DepthLow--DepthMid,9,0.2631933551731951,2.5488859009430598e-05,0.0005020981926290968
2931,14010,40,271,40,271,DepthMid,DepthHigh,DepthHigh--DepthMid,5,0.15743096133191803,2.5487009905884423e-05,0.0005020617676346247
2932,38243,127,144,127,144,DepthLow,DepthLow,DepthLow--DepthLow,8,0.2012819540088253,2.5486204582200603e-05,0.0005020459037795193
2933,56997,227,248,227,248,DepthMid,DepthHigh,DepthHigh--DepthMid,7,0.18447540656258546,2.5483430060068117e-05,0.0005019912492126901
2934,13855,40,116,40,116,DepthMid,DepthLow,DepthLow--DepthMid,5,0.15504695714356267,2.548228065177226e-05,0.0005019686073271616
2935,41332,140,243,140,243,DepthLow,DepthLow,DepthLow--DepthLow,5,0.14278348297479687,2.548181917943399e-05,0.0005019595169074255
2936,45917,161,355,161,355,DepthHigh,DepthMid,DepthHigh--DepthMid,2,0.07401035662736553,2.547960621765748e-05,0.0005019159243673305
2937,11135,31,348,31,348,DepthHigh,DepthMid,DepthHigh--DepthMid,8,0.20508348812957236,2.5479097849694836e-05,0.0005019059101632761
2938,44585,155,256,155,256,DepthMid,DepthLow,DepthLow--DepthMid,7,0.19334075499633988,2.5478242417961087e-05,0.0005018890592431437
2939,25456,78,146,78,146,DepthMid,DepthLow,DepthLow--DepthMid,8,0.2064379226094926,2.547789386110515e-05,0.0005018821931151884
2940,23664,72,85,72,85,DepthMid,DepthHigh,DepthHigh--DepthMid,9,0.25949700803710657,2.547709765119469e-05,0.0005018665087898583
2941,2151,5,347,5,347,DepthHigh,DepthMid,DepthHigh--DepthMid,5,0.14239501140496358,2.547685621886061e-05,0.0005018617528791077
2942,41491,141,179,141,179,DepthLow,DepthLow,DepthLow--DepthLow,3,0.11777232759801966,2.547491225924291e-05,0.0005018234593403412
2943,61350,263,335,263,335,DepthMid,DepthHigh,DepthHigh--DepthMid,2,0.08437574603806526,2.547253231978814e-05,0.0005017765775517777
2944,44265,153,355,153,355,DepthHigh,DepthMid,DepthHigh--DepthMid,7,0.1839599600823172,2.5472248949775077e-05,0.0005017709955219445
2945,22722,68,317,68,317,DepthMid,DepthMid,DepthMid--DepthMid,7,0.19653156529638827,2.547014712944034e-05,0.0005017295923272816
2946,42802,147,173,147,173,DepthLow,DepthMid,DepthLow--DepthMid,10,0.2849963680673248,2.5467998281120788e-05,0.0005016872627409678
2947,43092,148,247,148,247,DepthMid,DepthLow,DepthLow--DepthMid,5,0.14219796165720713,2.546653664825241e-05,0.0005016584704273837
2948,25558,78,248,78,248,DepthMid,DepthHigh,DepthHigh--DepthMid,3,0.12022025260546408,2.546465303269349e-05,0.0005016213655900353
2949,31209,99,124,99,124,DepthLow,DepthLow,DepthLow--DepthLow,9,0.2649837793665841,2.546318686881798e-05,0.0005015924840213577
2950,45943,162,179,162,179,DepthHigh,DepthLow,DepthHigh--DepthLow,1,0.039563364654894406,2.5462823484870007e-05,0.0005015853258184959
2951,46046,162,282,162,282,DepthHigh,DepthHigh,DepthHigh--DepthHigh,6,0.16518057461418723,2.5461329512190563e-05,0.0005015558964516534
2952,12136,34,356,34,356,DepthMid,DepthMid,DepthMid--DepthMid,8,0.20971315569638876,2.5459720659114555e-05,0.0005015242040867119
2953,65044,311,357,311,357,DepthMid,DepthMid,DepthMid--DepthMid,10,0.289377005630306,2.5459150672362995e-05,0.0005015129760706726
2954,59678,248,283,248,283,DepthHigh,DepthLow,DepthHigh--DepthLow,10,0.2736329979516108,2.545905078949585e-05,0.0005015110085048805
2955,19867,59,162,59,162,DepthHigh,DepthHigh,DepthHigh--DepthHigh,2,0.08490296920699499,2.5457510991835807e-05,0.0005014806764440441
2956,17888,52,339,52,339,DepthHigh,DepthHigh,DepthHigh--DepthHigh,7,0.19221214001601913,2.5456621287844307e-05,0.0005014631504039047
2957,12676,36,239,36,239,DepthMid,DepthHigh,DepthHigh--DepthMid,7,0.1851748423166812,2.545485818261776e-05,0.0005014284194672497
2958,42218,144,243,144,243,DepthLow,DepthLow,DepthLow--DepthLow,6,0.1755578243651028,2.5454795040566328e-05,0.0005014271756489253
2959,7494,21,82,21,82,DepthMid,DepthHigh,DepthHigh--DepthMid,9,0.26444600099408777,2.545380289853646e-05,0.0005014076317093616
2960,44965,157,221,157,221,DepthMid,DepthMid,DepthMid--DepthMid,5,0.15821095735079757,2.5453071757784707e-05,0.000501393229163925
2961,51163,189,323,189,323,DepthLow,DepthLow,DepthLow--DepthLow,7,0.18513419396203484,2.5448456289369035e-05,0.000501302310290358
2962,44633,155,304,155,304,DepthMid,DepthHigh,DepthHigh--DepthMid,9,0.24033975972411625,2.544732130961032e-05,0.0005012799526287102
2963,1368,3,283,3,283,DepthHigh,DepthLow,DepthHigh--DepthLow,4,0.1369858542629244,2.544601344296286e-05,0.0005012541893146424
2964,61311,263,296,263,296,DepthMid,DepthHigh,DepthHigh--DepthMid,8,0.2072988687278186,2.5444633656057945e-05,0.0005012270092627258
2965,66120,339,355,339,355,DepthHigh,DepthMid,DepthHigh--DepthMid,3,0.10516019196945976,2.5442708980671925e-05,0.0005011890955988634
2966,24861,76,124,76,124,DepthMid,DepthLow,DepthLow--DepthMid,4,0.12363039629849237,2.5442196640198266e-05,0.0005011790031413807
2967,47591,170,247,170,247,DepthLow,DepthLow,DepthLow--DepthLow,8,0.22068867184753127,2.543927025423581e-05,0.000501121357049724
2968,18459,54,289,54,289,DepthHigh,DepthHigh,DepthHigh--DepthHigh,10,0.2804160255769368,2.5438578869587165e-05,0.0005011077376490922
2969,37964,125,340,125,340,DepthLow,DepthMid,DepthLow--DepthMid,10,0.29026242285935866,2.5434425357531123e-05,0.0005010259187298683
2970,38591,128,256,128,256,DepthLow,DepthLow,DepthLow--DepthLow,8,0.20621734162146227,2.543114907061057e-05,0.0005009613800331485
2971,25571,78,261,78,261,DepthMid,DepthMid,DepthMid--DepthMid,9,0.23317356310436071,2.5430807114156836e-05,0.0005009546439247446
2972,2907,8,32,8,32,DepthHigh,DepthMid,DepthHigh--DepthMid,6,0.1664043573827349,2.5430478783183132e-05,0.000500948176221015
2973,26313,81,151,81,151,DepthHigh,DepthMid,DepthHigh--DepthMid,6,0.16686372356077406,2.543036063009755e-05,0.0005009458487550934
2974,49322,179,277,179,277,DepthLow,DepthHigh,DepthHigh--DepthLow,2,0.08253175016921085,2.542992640081933e-05,0.0005009372949890853
2975,4105,11,168,11,168,DepthHigh,DepthLow,DepthHigh--DepthLow,7,0.19038189641415174,2.5429434605649764e-05,0.0005009276072480337
2976,11300,32,181,32,181,DepthMid,DepthMid,DepthMid--DepthMid,8,0.22211340058787668,2.542581037053059e-05,0.0005008562144131356
2977,32688,104,293,104,293,DepthLow,DepthLow,DepthLow--DepthLow,3,0.11272124608962149,2.542311047104734e-05,0.0005008030298178456
2978,66402,357,358,357,358,DepthMid,DepthMid,DepthMid--DepthMid,10,0.8392403793988709,2.5419608837315113e-05,0.0005007340520747638
2979,36657,120,238,120,238,DepthLow,DepthMid,DepthLow--DepthMid,7,0.18629213196176322,2.541830366618806e-05,0.0005007083418590291
2980,24572,75,123,75,123,DepthMid,DepthLow,DepthLow--DepthMid,7,0.18650245165722856,2.541805425667356e-05,0.0005007034288079424
2981,44570,155,241,155,241,DepthMid,DepthHigh,DepthHigh--DepthMid,9,0.24039289925935658,2.541474639834482e-05,0.0005006382681945262
2982,34991,113,301,113,301,DepthLow,DepthHigh,DepthHigh--DepthLow,5,0.14783262310107248,2.541435608130412e-05,0.0005006305794438993
2983,34623,112,184,112,184,DepthLow,DepthLow,DepthLow--DepthLow,9,0.2354296198597295,2.5413262913201052e-05,0.0005006090454188342
2984,38594,128,259,128,259,DepthLow,DepthMid,DepthLow--DepthMid,9,0.23969268153631282,2.5410715890084964e-05,0.0005005588722940702
2985,56649,224,314,224,314,DepthLow,DepthMid,DepthLow--DepthMid,8,0.20187207533465487,2.5409905181394883e-05,0.0005005429023611718
2986,11805,33,355,33,355,DepthMid,DepthMid,DepthMid--DepthMid,10,0.2778277645981804,2.5409305385254977e-05,0.000500531087137992
2987,48914,177,240,177,240,DepthMid,DepthHigh,DepthHigh--DepthMid,7,0.19290587364826753,2.540755397339618e-05,0.00050049658654585
2988,41137,139,272,139,272,DepthLow,DepthHigh,DepthHigh--DepthLow,3,0.1097941103690492,2.5400978722482654e-05,0.000500367062442847
2989,26986,83,261,83,261,DepthHigh,DepthMid,DepthHigh--DepthMid,6,0.17440363195212794,2.5399392906404838e-05,0.00050033582387755
2990,62337,274,277,274,277,DepthHigh,DepthHigh,DepthHigh--DepthHigh,9,0.23307330821496092,2.539890877960295e-05,0.0005003262871936152
2991,6116,17,82,17,82,DepthHigh,DepthHigh,DepthHigh--DepthHigh,10,0.2730184143642341,2.5397722022987084e-05,0.0005003029095935549
2992,57738,232,319,232,319,DepthMid,DepthHigh,DepthHigh--DepthMid,7,0.19062264856335087,2.5395431144212335e-05,0.0005002577821874239
2993,11425,32,306,32,306,DepthMid,DepthHigh,DepthHigh--DepthMid,10,0.3531065437083713,2.5392495859878813e-05,0.0005001999608091437
2994,29950,94,200,94,200,DepthLow,DepthLow,DepthLow--DepthLow,4,0.1263634194452111,2.5391685511431265e-05,0.0005001839979725663
2995,51967,194,267,194,267,DepthMid,DepthHigh,DepthHigh--DepthMid,7,0.1813619314190175,2.539118008820777e-05,0.000500174041776138
2996,5717,16,30,16,30,DepthMid,DepthHigh,DepthHigh--DepthMid,7,0.18581318497341004,2.538923149223976e-05,0.0005001356569071511
2997,36696,120,277,120,277,DepthLow,DepthHigh,DepthHigh--DepthLow,8,0.20696105801585546,2.538734681410394e-05,0.0005000985311383856
2998,14560,42,176,42,176,DepthMid,DepthMid,DepthMid--DepthMid,3,0.10614780409503467,2.5386359175677465e-05,0.0005000790759140964
2999,65976,334,346,334,346,DepthHigh,DepthMid,DepthHigh--DepthMid,10,0.273609519376269,2.5386263946231585e-05,0.0005000772000148008
3000,4379,12,90,12,90,DepthHigh,DepthLow,DepthHigh--DepthLow,3,0.10786477017284371,2.5384943464311443e-05,0.0005000511881958623
3001,41708,142,174,142,174,DepthLow,DepthMid,DepthLow--DepthMid,7,0.19169792228138963,2.538373555499065e-05,0.0005000273939143447
3002,23052,69,352,69,352,DepthMid,DepthMid,DepthMid--DepthMid,9,0.26121181328612364,2.5382507597417863e-05,0.000500003204707692
3003,25823,79,228,79,228,DepthMid,DepthMid,DepthMid--DepthMid,9,0.26979123275586797,2.5381669116813575e-05,0.0004999866877033093
3004,60614,256,327,256,327,DepthLow,DepthLow,DepthLow--DepthLow,6,0.17434177719254895,2.5379026020188285e-05,0.0004999346220522729
3005,51194,189,354,189,354,DepthLow,DepthMid,DepthLow--DepthMid,9,0.23937659818658438,2.537870655072914e-05,0.0004999283289091402
3006,10472,29,352,29,352,DepthMid,DepthMid,DepthMid--DepthMid,5,0.14908632770909472,2.537602954027302e-05,0.0004998755951986524
3007,61285,263,270,263,270,DepthMid,DepthHigh,DepthHigh--DepthMid,2,0.0993608338886377,2.5375811484575222e-05,0.0004998712997779858
3008,39082,130,278,130,278,DepthLow,DepthMid,DepthLow--DepthMid,6,0.17515429775663557,2.537406322272177e-05,0.0004998368612369536
3009,26155,80,276,80,276,DepthHigh,DepthHigh,DepthHigh--DepthHigh,9,0.2510895328217321,2.537282801432417e-05,0.0004998125291982489
3010,19788,59,83,59,83,DepthHigh,DepthHigh,DepthHigh--DepthHigh,10,0.2954922072073544,2.537187166432789e-05,0.0004997936903163486
3011,7393,20,324,20,324,DepthMid,DepthMid,DepthMid--DepthMid,8,0.20152546933934354,2.5371278074618096e-05,0.0004997819973519699
3012,60779,258,279,258,279,DepthMid,DepthHigh,DepthHigh--DepthMid,1,0.015845073463439323,2.537061953948578e-05,0.0004997690250451438
3013,40725,137,311,137,311,DepthLow,DepthMid,DepthLow--DepthMid,8,0.2035222803553418,2.537052658007652e-05,0.0004997671938626903
3014,53264,202,240,202,240,DepthHigh,DepthHigh,DepthHigh--DepthHigh,3,0.11786742656181444,2.5368768316844233e-05,0.0004997325583071807
3015,26310,81,148,81,148,DepthHigh,DepthMid,DepthHigh--DepthMid,6,0.15971405620214751,2.5368767832401334e-05,0.00049973254876427
3016,55503,216,316,216,316,DepthMid,DepthHigh,DepthHigh--DepthMid,8,0.21975187803964183,2.5365108862966197e-05,0.0004996604717074042
3017,65913,332,344,332,344,DepthMid,DepthHigh,DepthHigh--DepthMid,3,0.12009568868299587,2.536435820229101e-05,0.0004996456846442348
3018,12026,34,246,34,246,DepthMid,DepthLow,DepthLow--DepthMid,8,0.21848392910411846,2.5364160027020118e-05,0.0004996417808427621
3019,42253,144,278,144,278,DepthLow,DepthMid,DepthLow--DepthMid,9,0.2673274832978347,2.536257011647379e-05,0.0004996104616216288
3020,30194,95,175,95,175,DepthLow,DepthMid,DepthLow--DepthMid,5,0.15758116629028282,2.5361869126765088e-05,0.0004995966530134968
3021,12780,36,343,36,343,DepthMid,DepthHigh,DepthHigh--DepthMid,1,0.05712868771929453,2.5361028687418062e-05,0.0004995800974243667
3022,48094,173,174,173,174,DepthMid,DepthMid,DepthMid--DepthMid,10,0.517367122658717,2.535991618216652e-05,0.0004995581824820037
3023,4845,13,205,13,205,DepthMid,DepthLow,DepthLow--DepthMid,4,0.13912601824567664,2.5355699923716008e-05,0.0004994751275383957
3024,60849,258,349,258,349,DepthMid,DepthMid,DepthMid--DepthMid,2,0.08944775407308034,2.535561172367351e-05,0.0004994733901094307
3025,17812,52,263,52,263,DepthHigh,DepthMid,DepthHigh--DepthMid,5,0.14823125898524958,2.5355555750396258e-05,0.0004994722875068649
3026,2268,6,106,6,106,DepthHigh,DepthLow,DepthHigh--DepthLow,8,0.21436150852411368,2.5355056341519812e-05,0.000499462449785445
3027,124,0,125,0,125,DepthHigh,DepthLow,DepthHigh--DepthLow,9,0.22999267666336598,2.5353529199141393e-05,0.0004994323670176049
3028,36698,120,279,120,279,DepthLow,DepthHigh,DepthHigh--DepthLow,9,0.2609818769604418,2.5352470948451247e-05,0.0004994115208212854
3029,17180,50,256,50,256,DepthHigh,DepthLow,DepthHigh--DepthLow,3,0.11199900430421457,2.5348767680508133e-05,0.0004993385711400002
3030,33201,106,289,106,289,DepthLow,DepthHigh,DepthHigh--DepthLow,8,0.20352979871371665,2.5346480355438658e-05,0.0004992935137373557
3031,22361,67,252,67,252,DepthMid,DepthLow,DepthLow--DepthMid,9,0.23537250798625645,2.5345784726689545e-05,0.0004992798107333278
3032,30208,95,189,95,189,DepthLow,DepthLow,DepthLow--DepthLow,5,0.15555081533815374,2.534506721193549e-05,0.0004992656766027627
3033,22852,69,152,69,152,DepthMid,DepthLow,DepthLow--DepthMid,7,0.19545458327559695,2.534353367987285e-05,0.000499235467966248
3034,61694,267,285,267,285,DepthHigh,DepthLow,DepthHigh--DepthLow,7,0.190974540874848,2.533839026140571e-05,0.0004991341491463146
3035,29973,94,223,94,223,DepthLow,DepthLow,DepthLow--DepthLow,5,0.1463781801399126,2.533812135687817e-05,0.0004991288520681983
3036,52468,197,264,197,264,DepthMid,DepthMid,DepthMid--DepthMid,6,0.1613584582618128,2.5338050587270355e-05,0.0004991274579966879
3037,23678,72,99,72,99,DepthMid,DepthLow,DepthLow--DepthMid,4,0.12131051815023576,2.533782614401096e-05,0.0004991230367491598
3038,27672,86,110,86,110,DepthHigh,DepthLow,DepthHigh--DepthLow,4,0.12234509727442813,2.533521122058964e-05,0.0004990715260745069
3039,56961,226,349,226,349,DepthMid,DepthMid,DepthMid--DepthMid,7,0.19414903839764802,2.5330411143967165e-05,0.0004989769706534214
3040,61176,261,364,261,364,DepthMid,DepthHigh,DepthHigh--DepthMid,3,0.10127655631341789,2.5328843780649472e-05,0.0004989460955840934
3041,55507,216,320,216,320,DepthMid,DepthHigh,DepthHigh--DepthMid,2,0.08966163295716309,2.532759043713495e-05,0.0004989214063065878
3042,31381,99,296,99,296,DepthLow,DepthHigh,DepthHigh--DepthLow,3,0.11620744966222221,2.5324849514953717e-05,0.0004988674136161804
3043,17179,50,255,50,255,DepthHigh,DepthLow,DepthHigh--DepthLow,3,0.10894138208341732,2.532459766986118e-05,0.0004988624525872956
3044,54876,212,287,212,287,DepthLow,DepthHigh,DepthHigh--DepthLow,1,0.023886795033984668,2.532348424578493e-05,0.0004988405195452514
3045,4514,12,225,12,225,DepthHigh,DepthHigh,DepthHigh--DepthHigh,7,0.20073492585852432,2.5322633176590063e-05,0.0004988237545616016
3046,61680,267,271,267,271,DepthHigh,DepthHigh,DepthHigh--DepthHigh,9,0.2606552142946786,2.5322059637120277e-05,0.0004988124565615194
3047,43139,148,294,148,294,DepthMid,DepthLow,DepthLow--DepthMid,4,0.13030126921093899,2.5321791697924287e-05,0.0004988071784992103
3048,16496,48,201,48,201,DepthHigh,DepthLow,DepthHigh--DepthLow,2,0.08366070220034784,2.5321620934696917e-05,0.0004988038146802258
3049,62470,275,321,275,321,DepthHigh,DepthHigh,DepthHigh--DepthHigh,7,0.19873787508855467,2.5321490544399738e-05,0.0004988012461567573
3050,57049,227,300,227,300,DepthMid,DepthHigh,DepthHigh--DepthMid,6,0.16983939758295416,2.5321357873134644e-05,0.0004987986327011141
3051,6453,18,73,18,73,DepthHigh,DepthMid,DepthHigh--DepthMid,6,0.1590813348267952,2.532046753485177e-05,0.0004987810941662392
3052,57929,234,249,234,249,DepthLow,DepthHigh,DepthHigh--DepthLow,10,0.29139165604237516,2.5317221047492734e-05,0.0004987171424830837
3053,15273,44,248,44,248,DepthMid,DepthHigh,DepthHigh--DepthMid,8,0.21496602451465563,2.531714384793637e-05,0.0004987156217497426
3054,53446,203,261,203,261,DepthLow,DepthMid,DepthLow--DepthMid,8,0.2210479406213439,2.531532526005428e-05,0.0004986797978751472
3055,5556,15,217,15,217,DepthHigh,DepthLow,DepthHigh--DepthLow,10,0.2737197749104327,2.531462867979862e-05,0.0004986660761276473
3056,44464,154,344,154,344,DepthHigh,DepthHigh,DepthHigh--DepthHigh,3,0.11383652917894876,2.531329606849741e-05,0.0004986398253752865
3057,4038,11,101,11,101,DepthHigh,DepthLow,DepthHigh--DepthLow,4,0.1259204027628653,2.5310999694611797e-05,0.0004985945897224414
3058,61727,267,318,267,318,DepthHigh,DepthHigh,DepthHigh--DepthHigh,8,0.21927538993710627,2.5310399461926282e-05,0.000498582765899867
3059,59161,243,356,243,356,DepthLow,DepthMid,DepthLow--DepthMid,9,0.23409363701906236,2.5309979290111518e-05,0.0004985744890480586
3060,60476,255,297,255,297,DepthLow,DepthHigh,DepthHigh--DepthLow,7,0.19251501392743614,2.5309302411103884e-05,0.0004985611553901558
3061,12344,35,235,35,235,DepthMid,DepthHigh,DepthHigh--DepthMid,9,0.2672323351211539,2.530912492310294e-05,0.0004985576591016615
3062,7578,21,166,21,166,DepthMid,DepthMid,DepthMid--DepthMid,9,0.24422736270887202,2.5308403223100494e-05,0.0004985434425270116
3063,33955,109,275,109,275,DepthLow,DepthHigh,DepthHigh--DepthLow,3,0.10086857206065221,2.530793588058633e-05,0.000498534236472256
3064,6793,19,68,19,68,DepthMid,DepthMid,DepthMid--DepthMid,7,0.18739293479132207,2.5307755395666324e-05,0.0004985306811482574
3065,12831,37,67,37,67,DepthMid,DepthMid,DepthMid--DepthMid,10,0.2940204759049114,2.530597459947482e-05,0.0004984956017220319
3066,20466,61,154,61,154,DepthHigh,DepthHigh,DepthHigh--DepthHigh,9,0.26900016336927757,2.5305056814964336e-05,0.0004984775225312856
3067,57210,228,325,228,325,DepthMid,DepthLow,DepthLow--DepthMid,9,0.23598706710581432,2.5303789100931436e-05,0.0004984525501727954
3068,58188,236,251,236,251,DepthMid,DepthLow,DepthLow--DepthMid,8,0.20995460403997465,2.530347731362858e-05,0.0004984464083583975
3069,60552,256,265,256,265,DepthLow,DepthMid,DepthLow--DepthMid,8,0.20231084623718637,2.5303408495797333e-05,0.00049844505273441
3070,12516,36,79,36,79,DepthMid,DepthMid,DepthMid--DepthMid,10,0.32982357748167956,2.530184825197572e-05,0.0004984143179101244
3071,46132,163,167,163,167,DepthLow,DepthLow,DepthLow--DepthLow,7,0.18136167129876005,2.530028834962032e-05,0.0004983835898122902
3072,41590,141,278,141,278,DepthLow,DepthMid,DepthLow--DepthMid,8,0.21002295294199608,2.5295374193370965e-05,0.0004982867871672528
3073,13438,38,348,38,348,DepthMid,DepthMid,DepthMid--DepthMid,10,0.28968714945301355,2.5292975683064612e-05,0.0004982395395564682
3074,16277,47,298,47,298,DepthHigh,DepthHigh,DepthHigh--DepthHigh,9,0.2496259584067152,2.529157612640933e-05,0.0004982119700655452
3075,7968,22,214,22,214,DepthMid,DepthHigh,DepthHigh--DepthMid,7,0.1914412570908971,2.52906834426354e-05,0.0004981943853274714
3076,43731,151,244,151,244,DepthMid,DepthLow,DepthLow--DepthMid,8,0.21653856248187225,2.5290008282668388e-05,0.0004981810855324885
3077,8697,24,262,24,262,DepthMid,DepthMid,DepthMid--DepthMid,6,0.17690280031611127,2.5289123757767483e-05,0.0004981636615138648
3078,13126,37,362,37,362,DepthMid,DepthHigh,DepthHigh--DepthMid,6,0.17059026063464672,2.5287374742547066e-05,0.0004981292081324589
3079,2508,6,346,6,346,DepthHigh,DepthMid,DepthHigh--DepthMid,7,0.1914883411953935,2.5286816673461328e-05,0.00049811821487932
3080,44228,153,318,153,318,DepthHigh,DepthHigh,DepthHigh--DepthHigh,8,0.20973174049241566,2.528654353272319e-05,0.0004981128343532282
3081,36330,119,155,119,155,DepthLow,DepthMid,DepthLow--DepthMid,6,0.16376843959746676,2.5286200969163814e-05,0.0004981060862856132
3082,63680,290,316,290,316,DepthHigh,DepthHigh,DepthHigh--DepthHigh,3,0.12103310567918146,2.5283199244671504e-05,0.0004980469561204771
3083,58696,240,257,240,257,DepthHigh,DepthLow,DepthHigh--DepthLow,2,0.09134257250635226,2.5282096957138857e-05,0.0004980252424542162
3084,31860,101,248,101,248,DepthLow,DepthHigh,DepthHigh--DepthLow,5,0.14393152404291093,2.52793048350849e-05,0.0004979702411912576
3085,42697,146,285,146,285,DepthLow,DepthLow,DepthLow--DepthLow,1,0.06088235973730448,2.5279250412629038e-05,0.0004979691691379062
3086,38372,127,273,127,273,DepthLow,DepthHigh,DepthHigh--DepthLow,5,0.15262809988710468,2.5278465172550237e-05,0.0004979537009043458
3087,8237,23,142,23,142,DepthHigh,DepthLow,DepthHigh--DepthLow,10,0.2853234194586212,2.5278352947396787e-05,0.0004979514902111683
3088,38393,127,294,127,294,DepthLow,DepthLow,DepthLow--DepthLow,7,0.18892090864213276,2.5275702579101662e-05,0.0004978992813174595
3089,12915,37,151,37,151,DepthMid,DepthMid,DepthMid--DepthMid,9,0.23694079798998846,2.5275700897853568e-05,0.0004978992481990044
3090,25744,79,149,79,149,DepthMid,DepthMid,DepthMid--DepthMid,10,0.29708376412683163,2.5274769383702804e-05,0.0004978808985517592
3091,39391,131,354,131,354,DepthLow,DepthMid,DepthLow--DepthMid,9,0.24334811274955115,2.5274262241784476e-05,0.0004978709084992228
3092,61870,269,270,269,270,DepthHigh,DepthHigh,DepthHigh--DepthHigh,10,0.7081106086991745,2.5274162944175014e-05,0.0004978689524622646
3093,30479,96,192,96,192,DepthLow,DepthMid,DepthLow--DepthMid,2,0.08136894905959481,2.527350402013823e-05,0.0004978559724945137
3094,54686,211,249,211,249,DepthLow,DepthHigh,DepthHigh--DepthLow,4,0.1280203437963123,2.527288817291001e-05,0.0004978438410852533
3095,39060,130,256,130,256,DepthLow,DepthLow,DepthLow--DepthLow,6,0.16820278302895217,2.5272663518271798e-05,0.0004978394156738306
3096,33191,106,279,106,279,DepthLow,DepthHigh,DepthHigh--DepthLow,8,0.20186339361214833,2.527254105223872e-05,0.0004978370032483138
3097,23658,72,79,72,79,DepthMid,DepthMid,DepthMid--DepthMid,10,0.28025535502462157,2.5272418322451943e-05,0.0004978345856271837
3098,36104,118,174,118,174,DepthLow,DepthMid,DepthLow--DepthMid,4,0.13238388344747967,2.527230257011386e-05,0.0004978323054529428
3099,8129,23,34,23,34,DepthHigh,DepthMid,DepthHigh--DepthMid,8,0.2267691606246789,2.527177727034567e-05,0.0004978219577137954
3100,37544,124,159,124,159,DepthLow,DepthHigh,DepthHigh--DepthLow,9,0.23622980549122952,2.5270598585047736e-05,0.0004977987391084607
3101,59854,249,344,249,344,DepthHigh,DepthHigh,DepthHigh--DepthHigh,6,0.17768790567994316,2.5270223415710882e-05,0.0004977913487483863
3102,25285,77,261,77,261,DepthMid,DepthMid,DepthMid--DepthMid,7,0.19476505607698624,2.5269290902679486e-05,0.0004977729794244596
3103,26312,81,150,81,150,DepthHigh,DepthMid,DepthHigh--DepthMid,4,0.13853117075479196,2.5267103019681887e-05,0.0004977298809044994
3104,55969,219,344,219,344,DepthMid,DepthHigh,DepthHigh--DepthMid,6,0.15883488980522342,2.5266204890134883e-05,0.0004977121888916035
3105,49044,178,184,178,184,DepthLow,DepthLow,DepthLow--DepthLow,9,0.2594366254522862,2.5265546479316883e-05,0.0004976992190336118
3106,40547,136,360,136,360,DepthLow,DepthMid,DepthLow--DepthMid,5,0.14640659604276787,2.5262948955425503e-05,0.0004976480511076293
3107,16689,49,79,49,79,DepthHigh,DepthMid,DepthHigh--DepthMid,5,0.14472894918509827,2.5262659810903278e-05,0.0004976423553272899
3108,12229,35,120,35,120,DepthMid,DepthLow,DepthLow--DepthMid,9,0.2644097819299743,2.526258842964904e-05,0.0004976409492071208
3109,48279,173,359,173,359,DepthMid,DepthHigh,DepthHigh--DepthMid,6,0.1695485776217581,2.525969857419238e-05,0.0004975840227200932
3110,45555,160,196,160,196,DepthLow,DepthMid,DepthLow--DepthMid,8,0.20756900493772953,2.5259127970888054e-05,0.0004975727825587465
3111,33273,106,361,106,361,DepthLow,DepthHigh,DepthHigh--DepthLow,7,0.18685165030997614,2.5258637757505505e-05,0.0004975631259768929
3112,31188,99,103,99,103,DepthLow,DepthLow,DepthLow--DepthLow,2,0.08902664386947269,2.525463488792913e-05,0.0004974842745234447
3113,7641,21,229,21,229,DepthMid,DepthMid,DepthMid--DepthMid,8,0.22005393029724615,2.5254620060311804e-05,0.0004974839824381906
3114,25596,78,286,78,286,DepthMid,DepthLow,DepthLow--DepthMid,8,0.22790177293644154,2.5253211637877616e-05,0.0004974562383026685
3115,58381,237,317,237,317,DepthHigh,DepthMid,DepthHigh--DepthMid,7,0.1897568282034366,2.5250756588749253e-05,0.0004974078769488036
3116,25706,79,111,79,111,DepthMid,DepthLow,DepthLow--DepthMid,3,0.11759251756157374,2.524713561271878e-05,0.0004973365483138191
3117,4036,11,99,11,99,DepthHigh,DepthLow,DepthHigh--DepthLow,5,0.15041759372106678,2.524585485500904e-05,0.0004973113190114396
3118,26919,83,194,83,194,DepthHigh,DepthMid,DepthHigh--DepthMid,6,0.17256026840129104,2.524568602561403e-05,0.0004973079932864997
3119,23334,70,340,70,340,DepthHigh,DepthMid,DepthHigh--DepthMid,10,0.37447611715640894,2.524447933111316e-05,0.0004972842229353939
3120,33452,107,283,107,283,DepthLow,DepthLow,DepthLow--DepthLow,10,0.32230792781431455,2.5244114888300863e-05,0.0004972770438742478
3121,47547,170,203,170,203,DepthLow,DepthLow,DepthLow--DepthLow,3,0.1172861740836912,2.5239944200620227e-05,0.0004971948866170049
3122,36815,121,153,121,153,DepthLow,DepthHigh,DepthHigh--DepthLow,5,0.15311535909087365,2.52365910871754e-05,0.000497128834535203
3123,46643,165,279,165,279,DepthLow,DepthHigh,DepthHigh--DepthLow,8,0.22259566935166072,2.5233744264062287e-05,0.0004970727557307614
3124,48636,175,337,175,337,DepthMid,DepthHigh,DepthHigh--DepthMid,4,0.12969687791101905,2.5233251710833736e-05,0.0004970630530569094
3125,25597,78,287,78,287,DepthMid,DepthHigh,DepthHigh--DepthMid,4,0.12277432554469506,2.5231634073612073e-05,0.0004970311876554402
3126,49100,178,240,178,240,DepthLow,DepthHigh,DepthHigh--DepthLow,1,0.0531015740376168,2.523150497885184e-05,0.0004970286446524064
3127,23139,70,145,70,145,DepthHigh,DepthLow,DepthHigh--DepthLow,10,0.27412707293246735,2.5230471978774196e-05,0.0004970082958611255
3128,31759,101,147,101,147,DepthLow,DepthLow,DepthLow--DepthLow,5,0.1515902228455263,2.5229538957628105e-05,0.0004969899165279837
3129,63239,284,334,284,334,DepthLow,DepthHigh,DepthHigh--DepthLow,10,0.32584386553263667,2.5227989309954163e-05,0.0004969593904343673
3130,51346,190,332,190,332,DepthMid,DepthMid,DepthMid--DepthMid,2,0.08848896461709317,2.5227458367364244e-05,0.000496948931538789
3131,4438,12,149,12,149,DepthHigh,DepthMid,DepthHigh--DepthMid,9,0.23851983469061092,2.5224468629719805e-05,0.000496890037499352
3132,6964,19,239,19,239,DepthMid,DepthHigh,DepthHigh--DepthMid,3,0.10433852500723705,2.522431574450227e-05,0.0004968870258544849
3133,44770,156,233,156,233,DepthLow,DepthMid,DepthLow--DepthMid,2,0.09946214505016888,2.5223818891617336e-05,0.0004968772384828557
3134,5322,14,332,14,332,DepthHigh,DepthMid,DepthHigh--DepthMid,6,0.16329634032469112,2.5223779552819502e-05,0.0004968764635584354
3135,33653,108,228,108,228,DepthLow,DepthMid,DepthLow--DepthMid,8,0.2193130625895661,2.522282143422611e-05,0.0004968575898374152
3136,44502,155,173,155,173,DepthMid,DepthMid,DepthMid--DepthMid,10,0.30519531188497595,2.5222389846564475e-05,0.0004968490881079032
3137,14524,42,140,42,140,DepthMid,DepthLow,DepthLow--DepthMid,4,0.1347055056489319,2.522208141940443e-05,0.0004968430124840567
3138,4856,13,216,13,216,DepthMid,DepthMid,DepthMid--DepthMid,10,0.28578553712619365,2.5220295003560733e-05,0.0004968078223578109
3139,47900,171,363,171,363,DepthLow,DepthMid,DepthLow--DepthMid,8,0.2011401161941485,2.521785928305086e-05,0.000496759841753214
3140,42985,147,356,147,356,DepthLow,DepthMid,DepthLow--DepthMid,3,0.11266808851084935,2.5216809091013917e-05,0.0004967391543021411
3141,52223,195,354,195,354,DepthMid,DepthMid,DepthMid--DepthMid,6,0.17674087145739437,2.5215448279162063e-05,0.000496712348034702
3142,9388,26,276,26,276,DepthHigh,DepthHigh,DepthHigh--DepthHigh,8,0.2198242427102291,2.521534794779726e-05,0.0004967103716340749
3143,44210,153,300,153,300,DepthHigh,DepthHigh,DepthHigh--DepthHigh,5,0.15218196826309333,2.5215301019746176e-05,0.0004967094472109917
3144,33548,108,123,108,123,DepthLow,DepthLow,DepthLow--DepthLow,10,0.4874162501582325,2.5214234889365766e-05,0.0004966884457947685
3145,21547,64,332,64,332,DepthMid,DepthMid,DepthMid--DepthMid,8,0.21634483417288344,2.5212735067672158e-05,0.0004966589012097657
3146,49390,179,345,179,345,DepthLow,DepthMid,DepthLow--DepthMid,1,0.053575891314170114,2.5211135480551697e-05,0.0004966273913723957
3147,16794,49,184,49,184,DepthHigh,DepthLow,DepthHigh--DepthLow,4,0.12960412131071106,2.5209792061112582e-05,0.0004966009277134272
3148,31250,99,165,99,165,DepthLow,DepthLow,DepthLow--DepthLow,4,0.13585980910681053,2.5209099492550946e-05,0.0004965872849912111
3149,50316,184,361,184,361,DepthLow,DepthHigh,DepthHigh--DepthLow,2,0.075769527347495,2.5208089533647796e-05,0.0004965673900818425
3150,64409,300,360,300,360,DepthHigh,DepthMid,DepthHigh--DepthMid,5,0.15671725361635874,2.520730057170651e-05,0.0004965518485323119
3151,29686,93,206,93,206,DepthLow,DepthLow,DepthLow--DepthLow,5,0.1484842273334797,2.5207272749036306e-05,0.000496551300460999
3152,15165,44,140,44,140,DepthMid,DepthLow,DepthLow--DepthMid,6,0.16450387303140523,2.520436410674719e-05,0.000496494003897201
3153,36560,120,141,120,141,DepthLow,DepthLow,DepthLow--DepthLow,5,0.1462317952493808,2.5203620598150796e-05,0.0004964793577209122
3154,25505,78,195,78,195,DepthMid,DepthMid,DepthMid--DepthMid,10,0.28245462430762935,2.5203544002868894e-05,0.0004964778488910116
3155,27837,86,275,86,275,DepthHigh,DepthHigh,DepthHigh--DepthHigh,9,0.26692568819105517,2.5203407223515074e-05,0.0004964751545112311
3156,216,0,217,0,217,DepthHigh,DepthLow,DepthHigh--DepthLow,9,0.22896063391665786,2.5199861162387084e-05,0.0004964053016048042
3157,52462,197,258,197,258,DepthMid,DepthMid,DepthMid--DepthMid,2,0.08845667351133701,2.5197870573588654e-05,0.0004963660895303213
3158,46021,162,257,162,257,DepthHigh,DepthLow,DepthHigh--DepthLow,1,0.012404927937751827,2.51954753425138e-05,0.0004963189065162379
3159,26486,81,324,81,324,DepthHigh,DepthMid,DepthHigh--DepthMid,7,0.19486667925172152,2.5194286986630657e-05,0.0004962954974126407
3160,29105,91,168,91,168,DepthLow,DepthLow,DepthLow--DepthLow,1,0.07094981163031783,2.5194043444904842e-05,0.0004962906999495484
3161,61722,267,313,267,313,DepthHigh,DepthHigh,DepthHigh--DepthHigh,10,0.290748024561767,2.5193130118019116e-05,0.0004962727085683559
3162,38021,126,159,126,159,DepthLow,DepthHigh,DepthHigh--DepthLow,3,0.1102328209442654,2.519208561707497e-05,0.0004962521332245925
3163,37003,121,341,121,341,DepthLow,DepthHigh,DepthHigh--DepthLow,4,0.13252340951708694,2.5191838724700873e-05,0.000496247269757979
3164,31645,100,296,100,296,DepthLow,DepthHigh,DepthHigh--DepthLow,3,0.11923267104058424,2.5190871062012177e-05,0.000496228208030387
3165,25246,77,222,77,222,DepthMid,DepthMid,DepthMid--DepthMid,6,0.16540540788525387,2.5190180631775082e-05,0.0004962146074304522
3166,42577,146,165,146,165,DepthLow,DepthLow,DepthLow--DepthLow,3,0.1008394496988421,2.5189920457976507e-05,0.0004962094823366225
3167,16139,47,160,47,160,DepthHigh,DepthLow,DepthHigh--DepthLow,9,0.24583895352649565,2.51884769295024e-05,0.0004961810466566421
3168,63162,283,337,283,337,DepthLow,DepthHigh,DepthHigh--DepthLow,6,0.16480667736252844,2.5187901015938405e-05,0.0004961697018899154
3169,31460,100,111,100,111,DepthLow,DepthLow,DepthLow--DepthLow,5,0.15847942188065703,2.5186872264722693e-05,0.0004961494367958254
3170,14825,43,120,43,120,DepthMid,DepthLow,DepthLow--DepthMid,9,0.26625675135739196,2.51855842977914e-05,0.0004961240654809255
3171,2956,8,81,8,81,DepthHigh,DepthHigh,DepthHigh--DepthHigh,6,0.1629629761998125,2.5184230560336785e-05,0.0004960973985701388
3172,10455,29,335,29,335,DepthMid,DepthHigh,DepthHigh--DepthMid,3,0.10551495919769387,2.5182855175664455e-05,0.0004960703052366204
3173,41579,141,267,141,267,DepthLow,DepthHigh,DepthHigh--DepthLow,5,0.14561788436891226,2.5181917685719693e-05,0.000496051837873813
3174,17323,51,86,51,86,DepthHigh,DepthHigh,DepthHigh--DepthHigh,9,0.2687432242393224,2.5176715640694942e-05,0.0004959493641850561
3175,41080,139,215,139,215,DepthLow,DepthMid,DepthLow--DepthMid,8,0.21030454996403622,2.5176516491538023e-05,0.0004959454411992639
3176,47607,170,263,170,263,DepthLow,DepthMid,DepthLow--DepthMid,4,0.13494338604798903,2.5175374293209726e-05,0.0004959229413409514
3177,11312,32,193,32,193,DepthMid,DepthMid,DepthMid--DepthMid,7,0.19604088479183818,2.5174261028443563e-05,0.0004959010114371137
3178,8692,24,257,24,257,DepthMid,DepthLow,DepthLow--DepthMid,10,0.3000789434094703,2.5172997363708432e-05,0.0004958761188446534
3179,32917,105,263,105,263,DepthLow,DepthMid,DepthLow--DepthMid,8,0.2096419792880115,2.5167939307115966e-05,0.0004957764815453787
3180,25720,79,125,79,125,DepthMid,DepthLow,DepthLow--DepthMid,8,0.21231842981013582,2.5167093339721438e-05,0.0004957598170607245
3181,11404,32,285,32,285,DepthMid,DepthLow,DepthLow--DepthMid,10,0.3454617890980933,2.516367754346459e-05,0.0004956925302070322
3182,37691,124,306,124,306,DepthLow,DepthHigh,DepthHigh--DepthLow,8,0.20704682069897268,2.5162782905549242e-05,0.0004956749069748511
3183,25819,79,224,79,224,DepthMid,DepthLow,DepthLow--DepthMid,7,0.20051070873413912,2.5162520408279984e-05,0.0004956697361115961
3184,39008,130,204,130,204,DepthLow,DepthLow,DepthLow--DepthLow,3,0.10983517327445153,2.516199662329297e-05,0.0004956594182117164
3185,34509,111,322,111,322,DepthLow,DepthLow,DepthLow--DepthLow,8,0.20254328650411463,2.5159827861643625e-05,0.0004956166963580636
3186,38720,129,150,129,150,DepthLow,DepthMid,DepthLow--DepthMid,9,0.243098914666366,2.515980684813346e-05,0.0004956162824185667
3187,1692,4,247,4,247,DepthHigh,DepthLow,DepthHigh--DepthLow,8,0.21821647039945427,2.515721438753002e-05,0.0004955652142329343
3188,59674,248,279,248,279,DepthHigh,DepthHigh,DepthHigh--DepthHigh,10,0.2942944343258718,2.5157098202904067e-05,0.0004955629255431707
3189,36764,120,345,120,345,DepthLow,DepthMid,DepthLow--DepthMid,9,0.26455439581861423,2.5157098122117602e-05,0.0004955629239517798
3190,42606,146,194,146,194,DepthLow,DepthMid,DepthLow--DepthMid,2,0.07667356196841442,2.5156188465755278e-05,0.0004955450048752426
3191,41789,142,255,142,255,DepthLow,DepthLow,DepthLow--DepthLow,10,0.35143189037858086,2.515416439492783e-05,0.0004955051332472565
3192,33424,107,255,107,255,DepthLow,DepthLow,DepthLow--DepthLow,5,0.14017533929225764,2.5153904778602244e-05,0.0004955000191349376
3193,56333,222,279,222,279,DepthMid,DepthHigh,DepthHigh--DepthMid,8,0.22443244066686155,2.5152787550343393e-05,0.0004954780111553213
3194,42545,145,351,145,351,DepthLow,DepthMid,DepthLow--DepthMid,5,0.14745655664124016,2.515272503879732e-05,0.0004954767797571527
3195,13236,38,146,38,146,DepthMid,DepthLow,DepthLow--DepthMid,6,0.16156684700697546,2.515008497774908e-05,0.0004954247739031339
3196,49940,182,346,182,346,DepthLow,DepthMid,DepthLow--DepthMid,10,0.2746374622668509,2.514971681706589e-05,0.000495417521604647
3197,28263,88,148,88,148,DepthLow,DepthMid,DepthLow--DepthMid,2,0.08787077707847828,2.514864355729761e-05,0.0004953963797485256
3198,21443,64,228,64,228,DepthMid,DepthMid,DepthMid--DepthMid,8,0.20847849468556806,2.5148124679494373e-05,0.0004953861585139422
3199,38826,129,256,129,256,DepthLow,DepthLow,DepthLow--DepthLow,6,0.16490731430413091,2.5147203469690883e-05,0.0004953680118492682
3200,58709,240,270,240,270,DepthHigh,DepthHigh,DepthHigh--DepthHigh,8,0.2040959054814311,2.5146431607022284e-05,0.0004953528071337211
3201,8293,23,198,23,198,DepthHigh,DepthLow,DepthHigh--DepthLow,3,0.10663044781264426,2.5143973579529302e-05,0.0004953043871098509
3202,24588,75,139,75,139,DepthMid,DepthLow,DepthLow--DepthMid,9,0.24952077206975942,2.5141651124804504e-05,0.0004952586376975546
3203,1456,4,11,4,11,DepthHigh,DepthHigh,DepthHigh--DepthHigh,6,0.1644401921794799,2.514088360739463e-05,0.0004952435185780928
3204,33945,109,265,109,265,DepthLow,DepthMid,DepthLow--DepthMid,1,0.04718719710253153,2.513989507724705e-05,0.0004952240457880289
3205,10241,29,121,29,121,DepthMid,DepthLow,DepthLow--DepthMid,10,0.2752341449623211,2.5139695111966855e-05,0.0004952201067256434
3206,56363,222,309,222,309,DepthMid,DepthHigh,DepthHigh--DepthMid,9,0.2614039984251465,2.513779834605138e-05,0.0004951827428429506
3207,40211,135,252,135,252,DepthLow,DepthLow,DepthLow--DepthLow,3,0.10860705039132104,2.5137734712721628e-05,0.0004951814893470665
3208,33227,106,315,106,315,DepthLow,DepthMid,DepthLow--DepthMid,7,0.19068978698048586,2.513741799083776e-05,0.0004951752503276817
3209,6342,17,308,17,308,DepthHigh,DepthHigh,DepthHigh--DepthHigh,9,0.24546394596557294,2.5136181308393105e-05,0.0004951508892521197
3210,3223,8,348,8,348,DepthHigh,DepthMid,DepthHigh--DepthMid,5,0.14719213151818328,2.5136146655793125e-05,0.0004951502066398532
3211,59870,249,360,249,360,DepthHigh,DepthMid,DepthHigh--DepthMid,10,0.3345889030363146,2.5134520114638743e-05,0.0004951181658422032
3212,30391,96,104,96,104,DepthLow,DepthLow,DepthLow--DepthLow,10,0.34235315832405905,2.513340189888836e-05,0.0004950961384102561
3213,31649,100,300,100,300,DepthLow,DepthHigh,DepthHigh--DepthLow,3,0.11142089953769505,2.513209031796966e-05,0.0004950703019297561
3214,54233,208,258,208,258,DepthMid,DepthMid,DepthMid--DepthMid,1,0.05608213455397285,2.513108773032313e-05,0.0004950505522247933
3215,36967,121,305,121,305,DepthLow,DepthMid,DepthLow--DepthMid,7,0.1922108659115163,2.5130828922061615e-05,0.0004950454540303117
3216,66028,336,341,336,341,DepthHigh,DepthHigh,DepthHigh--DepthHigh,4,0.12539979416733987,2.5130691888966975e-05,0.0004950427546521589
3217,56650,224,315,224,315,DepthLow,DepthMid,DepthLow--DepthMid,7,0.20100105287959472,2.5129753179742417e-05,0.0004950242632710861
3218,42057,143,302,143,302,DepthLow,DepthHigh,DepthHigh--DepthLow,8,0.20632386810726444,2.512846163339495e-05,0.0004949988214462276
3219,11435,32,316,32,316,DepthMid,DepthHigh,DepthHigh--DepthMid,10,0.2758986257842069,2.5128073433627767e-05,0.0004949911744032034
3220,35366,115,177,115,177,DepthLow,DepthMid,DepthLow--DepthMid,7,0.200891575876244,2.5127985388446057e-05,0.0004949894400247995
3221,31969,101,357,101,357,DepthLow,DepthMid,DepthLow--DepthMid,2,0.0975100490058418,2.51267117115202e-05,0.0004949643502048813
3222,33015,105,361,105,361,DepthLow,DepthHigh,DepthHigh--DepthLow,5,0.14644460372612061,2.5125720762835545e-05,0.0004949448297727047
3223,38918,129,348,129,348,DepthLow,DepthMid,DepthLow--DepthMid,3,0.10809308114902706,2.5122564262352843e-05,0.0004948826507168745
3224,7959,22,205,22,205,DepthMid,DepthLow,DepthLow--DepthMid,3,0.11816685540820343,2.5122340172145655e-05,0.000494878236424027
3225,62062,271,275,271,275,DepthHigh,DepthHigh,DepthHigh--DepthHigh,10,0.28957757640870724,2.5120703766629883e-05,0.0004948460013109694
3226,12511,36,74,36,74,DepthMid,DepthMid,DepthMid--DepthMid,10,0.6500126671385241,2.5120680109931345e-05,0.0004948455353040142
3227,63240,284,335,284,335,DepthLow,DepthHigh,DepthHigh--DepthLow,5,0.15039010500852418,2.5120594422934357e-05,0.0004948438473788582
3228,60782,258,282,258,282,DepthMid,DepthHigh,DepthHigh--DepthMid,1,0.011901548607584552,2.5120238828344227e-05,0.0004948368426164659
3229,37641,124,256,124,256,DepthLow,DepthLow,DepthLow--DepthLow,7,0.1804732390350881,2.5120154397097036e-05,0.0004948351794279881
3230,30919,98,99,98,99,DepthLow,DepthLow,DepthLow--DepthLow,5,0.15303881496755603,2.511947716402363e-05,0.0004948218387954388
3231,59680,248,285,248,285,DepthHigh,DepthLow,DepthHigh--DepthLow,10,0.30460003349551074,2.51184615438388e-05,0.0004948018323660019
3232,24519,74,359,74,359,DepthMid,DepthHigh,DepthHigh--DepthMid,5,0.14458746839674394,2.5117271315032588e-05,0.0004947783863681958
3233,30975,98,155,98,155,DepthLow,DepthMid,DepthLow--DepthMid,8,0.2024990536920036,2.511624124061669e-05,0.0004947580952087404
3234,34280,110,346,110,346,DepthLow,DepthMid,DepthLow--DepthMid,4,0.12356725215629309,2.5116189871255693e-05,0.0004947570832974852
3235,25896,79,301,79,301,DepthMid,DepthHigh,DepthHigh--DepthMid,6,0.16379123882282676,2.511489043489736e-05,0.0004947314860494203
3236,23700,72,121,72,121,DepthMid,DepthLow,DepthLow--DepthMid,4,0.13684508055120714,2.5112756739691122e-05,0.0004946894549602187
3237,33659,108,234,108,234,DepthLow,DepthLow,DepthLow--DepthLow,10,0.3166194044082215,2.5111372081436734e-05,0.0004946621789488963
3238,66353,352,354,352,354,DepthMid,DepthMid,DepthMid--DepthMid,10,0.3316669935878983,2.51108195970893e-05,0.0004946512957080183
3239,25651,78,341,78,341,DepthMid,DepthHigh,DepthHigh--DepthMid,6,0.15961987427710306,2.511020263839294e-05,0.0004946391424042454
3240,29522,92,313,92,313,DepthLow,DepthHigh,DepthHigh--DepthLow,2,0.09287783661302708,2.5110191564583703e-05,0.0004946389242642493
3241,13237,38,147,38,147,DepthMid,DepthLow,DepthLow--DepthMid,5,0.14987990233195336,2.5109674846166107e-05,0.000494628745566824
3242,11126,31,339,31,339,DepthHigh,DepthHigh,DepthHigh--DepthHigh,2,0.08457594243117054,2.5108892632389646e-05,0.0004946133369475811
3243,44638,155,309,155,309,DepthMid,DepthHigh,DepthHigh--DepthMid,8,0.21607989732780358,2.5105430001576285e-05,0.00049454512751253
3244,27173,84,168,84,168,DepthHigh,DepthLow,DepthHigh--DepthLow,6,0.1773385796686177,2.5103532885733895e-05,0.000494507756736721
3245,65259,316,322,316,322,DepthHigh,DepthLow,DepthHigh--DepthLow,4,0.1215412026178559,2.510170532958564e-05,0.0004944717561986573
3246,12155,35,46,35,46,DepthMid,DepthHigh,DepthHigh--DepthMid,9,0.24851807309253157,2.510112629536667e-05,0.0004944603499589858
3247,42852,147,223,147,223,DepthLow,DepthLow,DepthLow--DepthLow,5,0.15470874163030923,2.510025620219667e-05,0.0004944432102271557
3248,55828,218,348,218,348,DepthHigh,DepthMid,DepthHigh--DepthMid,3,0.10976083908316757,2.510007472466193e-05,0.000494439635349906
3249,60526,255,347,255,347,DepthLow,DepthMid,DepthLow--DepthMid,5,0.15438805371240608,2.5099897722710332e-05,0.0004944361486359673
3250,64357,300,308,300,308,DepthHigh,DepthHigh,DepthHigh--DepthHigh,4,0.1324494145569286,2.5096287353964376e-05,0.0004943650289510336
3251,60036,251,299,251,299,DepthLow,DepthHigh,DepthHigh--DepthLow,9,0.2501424538311854,2.5095345312515645e-05,0.0004943464719293711
3252,24407,74,247,74,247,DepthMid,DepthLow,DepthLow--DepthMid,9,0.2545283401412707,2.5094744573299887e-05,0.0004943346381287933
3253,32682,104,287,104,287,DepthLow,DepthHigh,DepthHigh--DepthLow,5,0.14547123208919469,2.508876823845102e-05,0.000494216911912604
3254,30305,95,286,95,286,DepthLow,DepthLow,DepthLow--DepthLow,7,0.1966772525369119,2.5082604728051825e-05,0.0004940954985754852
3255,63944,293,364,293,364,DepthLow,DepthHigh,DepthHigh--DepthLow,2,0.09266144519961854,2.5081998743657803e-05,0.0004940835614515485
3256,60754,257,360,257,360,DepthLow,DepthMid,DepthLow--DepthMid,10,0.2719978066494535,2.5081784766812345e-05,0.0004940793463790995
3257,7617,21,205,21,205,DepthMid,DepthLow,DepthLow--DepthMid,3,0.11980402415629142,2.5081687363011872e-05,0.0004940774276477763
3258,40227,135,268,135,268,DepthLow,DepthLow,DepthLow--DepthLow,7,0.1977455946741446,2.5081439980335235e-05,0.0004940725545228247
3259,27153,84,148,84,148,DepthHigh,DepthMid,DepthHigh--DepthMid,2,0.080481637340179,2.507988715806033e-05,0.000494041965893596
3260,20439,61,127,61,127,DepthHigh,DepthLow,DepthHigh--DepthLow,4,0.13712509372029422,2.507881183474149e-05,0.000494020783388146
3261,50678,187,189,187,189,DepthLow,DepthLow,DepthLow--DepthLow,10,0.679319905980489,2.5076578082446605e-05,0.0004939767813012095
3262,38242,127,143,127,143,DepthLow,DepthLow,DepthLow--DepthLow,7,0.18840565456874342,2.5074830641251217e-05,0.0004939423589261002
3263,10596,30,142,30,142,DepthHigh,DepthLow,DepthHigh--DepthLow,5,0.15759911084649564,2.5073579312172393e-05,0.0004939177093304228
3264,46716,165,352,165,352,DepthLow,DepthMid,DepthLow--DepthMid,9,0.270678181564607,2.5072038560940306e-05,0.0004938873584854267
3265,4992,13,352,13,352,DepthMid,DepthMid,DepthMid--DepthMid,10,0.2753190072950921,2.507195392541885e-05,0.0004938856912730051
3266,18587,55,108,55,108,DepthHigh,DepthLow,DepthHigh--DepthLow,4,0.13717895903305033,2.5071814277084654e-05,0.0004938829403779502
3267,47289,168,334,168,334,DepthLow,DepthHigh,DepthHigh--DepthLow,8,0.2272209714952924,2.5071449828228497e-05,0.0004938757611977478
3268,35888,117,204,117,204,DepthLow,DepthLow,DepthLow--DepthLow,2,0.08390139776407089,2.5070694204279523e-05,0.0004938608763643801
3269,56253,221,341,221,341,DepthMid,DepthHigh,DepthHigh--DepthMid,2,0.08248381566468038,2.5070449989056754e-05,0.0004938560656342521
3270,61555,265,341,265,341,DepthMid,DepthHigh,DepthHigh--DepthMid,6,0.16114222715204216,2.507032366607234e-05,0.0004938535772316862
3271,45247,158,297,158,297,DepthHigh,DepthHigh,DepthHigh--DepthHigh,4,0.12530243085408682,2.5069217115302672e-05,0.0004938317795850635
3272,23866,72,287,72,287,DepthMid,DepthHigh,DepthHigh--DepthMid,5,0.15575493803619564,2.5064490002961386e-05,0.0004937386614677702
3273,60534,255,355,255,355,DepthLow,DepthMid,DepthLow--DepthMid,6,0.17846532674257598,2.5064425765903496e-05,0.0004937373960792075
3274,16795,49,185,49,185,DepthHigh,DepthLow,DepthHigh--DepthLow,7,0.18761238850847664,2.5062929539180167e-05,0.0004937079223105594
3275,65204,314,364,314,364,DepthMid,DepthHigh,DepthHigh--DepthMid,1,0.0674066804944842,2.506258323885432e-05,0.0004937011006333847
3276,64777,307,308,307,308,DepthHigh,DepthHigh,DepthHigh--DepthHigh,10,0.900634646091483,2.5062469712613844e-05,0.0004936988643104431
3277,62544,276,307,276,307,DepthHigh,DepthHigh,DepthHigh--DepthHigh,9,0.26417857913445053,2.50616391849576e-05,0.0004936825039690494
3278,63706,290,342,290,342,DepthHigh,DepthMid,DepthHigh--DepthMid,6,0.17340464141035256,2.5055995245168315e-05,0.0004935713255139267
3279,15099,44,74,44,74,DepthMid,DepthMid,DepthMid--DepthMid,10,0.2990531898756049,2.505421561661728e-05,0.0004935362690887374
3280,33581,108,156,108,156,DepthLow,DepthLow,DepthLow--DepthLow,3,0.11701815254044554,2.5052010366395825e-05,0.0004934928284564958
3281,42818,147,189,147,189,DepthLow,DepthLow,DepthLow--DepthLow,8,0.2113893176407396,2.5051258044599433e-05,0.0004934780086713455
3282,40487,136,300,136,300,DepthLow,DepthHigh,DepthHigh--DepthLow,3,0.11253153303472271,2.50509513926039e-05,0.0004934719680159884
3283,24430,74,270,74,270,DepthMid,DepthHigh,DepthHigh--DepthMid,8,0.20834373133266956,2.504954120723598e-05,0.0004934441891529077
3284,29322,92,113,92,113,DepthLow,DepthLow,DepthLow--DepthLow,8,0.22392456657597434,2.5049280292921912e-05,0.0004934390494718622
3285,65546,322,342,322,342,DepthLow,DepthMid,DepthLow--DepthMid,7,0.19385610967537542,2.5049251985973788e-05,0.0004934384918608884
3286,19925,59,220,59,220,DepthHigh,DepthHigh,DepthHigh--DepthHigh,2,0.09211529552132806,2.5048900209033718e-05,0.00049343156230136
3287,18951,56,164,56,164,DepthHigh,DepthLow,DepthHigh--DepthLow,3,0.11588239451986726,2.504801785837574e-05,0.000493414181112564
3288,62139,271,352,271,352,DepthHigh,DepthMid,DepthHigh--DepthMid,8,0.20264284666270105,2.5043307247507215e-05,0.0004933213880533538
3289,46839,166,277,166,277,DepthMid,DepthHigh,DepthHigh--DepthMid,9,0.24887929609773954,2.5043107860948062e-05,0.0004933174603910387
3290,31253,99,168,99,168,DepthLow,DepthLow,DepthLow--DepthLow,8,0.20833219203828318,2.5041295452506335e-05,0.0004932817582435805
3291,60412,254,342,254,342,DepthLow,DepthMid,DepthLow--DepthMid,5,0.1513937329197961,2.5039862503710084e-05,0.0004932535309698346
3292,14327,41,265,41,265,DepthMid,DepthMid,DepthMid--DepthMid,4,0.127425823949558,2.503968142475193e-05,0.0004932499639440381
3293,8281,23,186,23,186,DepthHigh,DepthMid,DepthHigh--DepthMid,10,0.2777620928602849,2.503966270538244e-05,0.0004932495951962026
3294,10696,30,242,30,242,DepthHigh,DepthHigh,DepthHigh--DepthHigh,8,0.21919519807471927,2.5037471360683132e-05,0.0004932064284851096
3295,3176,8,301,8,301,DepthHigh,DepthHigh,DepthHigh--DepthHigh,10,0.291248074354614,2.5036860298149104e-05,0.0004931943913282559
3296,44266,153,356,153,356,DepthHigh,DepthMid,DepthHigh--DepthMid,7,0.1810656518999009,2.5036772873726463e-05,0.0004931926691780183
3297,55185,214,295,214,295,DepthHigh,DepthHigh,DepthHigh--DepthHigh,4,0.1387791755199903,2.5034232767145485e-05,0.000493142632300223
3298,7539,21,127,21,127,DepthMid,DepthLow,DepthLow--DepthMid,3,0.11302132508593513,2.5034010810728988e-05,0.0004931382600403458
3299,11728,33,278,33,278,DepthMid,DepthMid,DepthMid--DepthMid,10,0.41229260430795883,2.5031555125954216e-05,0.0004930898861650528
3300,62360,274,300,274,300,DepthHigh,DepthHigh,DepthHigh--DepthHigh,5,0.15601365813645926,2.5029320094893463e-05,0.0004930458588880509
3301,25938,79,343,79,343,DepthMid,DepthHigh,DepthHigh--DepthMid,3,0.11401094853262037,2.5027220071067228e-05,0.0004930044910823267
3302,24377,74,217,74,217,DepthMid,DepthLow,DepthLow--DepthMid,10,0.2732676321861906,2.5026735359063993e-05,0.0004929949428706677
3303,48054,172,325,172,325,DepthLow,DepthLow,DepthLow--DepthLow,9,0.22874136348249546,2.5024412821302922e-05,0.0004929491918226622
3304,37785,125,161,125,161,DepthLow,DepthHigh,DepthHigh--DepthLow,8,0.2050682933720477,2.5024024204602772e-05,0.0004929415365665874
3305,8808,25,34,25,34,DepthHigh,DepthMid,DepthHigh--DepthMid,9,0.24152309436690372,2.5023928874077e-05,0.0004929396586761461
3306,32661,104,266,104,266,DepthLow,DepthMid,DepthLow--DepthMid,7,0.19352379742903447,2.5023376580778524e-05,0.0004929287791986904
3307,42631,146,219,146,219,DepthLow,DepthMid,DepthLow--DepthMid,6,0.17124545313397002,2.50221144227117e-05,0.0004929039162856847
3308,57072,227,323,227,323,DepthMid,DepthLow,DepthLow--DepthMid,5,0.15751824774561404,2.5021473236971376e-05,0.000492891285739875
3309,37315,123,170,123,170,DepthLow,DepthLow,DepthLow--DepthLow,7,0.1952605134651074,2.5020474967504557e-05,0.0004928716210975754
3310,59250,244,325,244,325,DepthLow,DepthLow,DepthLow--DepthLow,10,0.47497834460839145,2.5020267597913305e-05,0.0004928675361796535
3311,18427,54,257,54,257,DepthHigh,DepthLow,DepthHigh--DepthLow,10,0.3311397948800827,2.5019785946809247e-05,0.0004928580482638259
3312,19560,58,160,58,160,DepthHigh,DepthLow,DepthHigh--DepthLow,6,0.16033115498024683,2.5014507196538588e-05,0.0004927540635790168
3313,2146,5,342,5,342,DepthHigh,DepthMid,DepthHigh--DepthMid,9,0.2706939233711584,2.5010539788225964e-05,0.0004926759106674858
3314,1233,3,148,3,148,DepthHigh,DepthMid,DepthHigh--DepthMid,3,0.10747544897416629,2.5010236076614836e-05,0.0004926699279339719
3315,49153,178,293,178,293,DepthLow,DepthLow,DepthLow--DepthLow,2,0.08751664759571949,2.5007701409877587e-05,0.0004926199982141983
3316,31755,101,143,101,143,DepthLow,DepthLow,DepthLow--DepthLow,3,0.1114992066299755,2.500741434383354e-05,0.0004926143433772427
3317,20645,61,333,61,333,DepthHigh,DepthMid,DepthHigh--DepthMid,10,0.306238980634528,2.5006970308447764e-05,0.0004926055964433537
3318,25712,79,117,79,117,DepthMid,DepthLow,DepthLow--DepthMid,3,0.11906602426565116,2.5006843009003445e-05,0.0004926030888057662
3319,37011,121,349,121,349,DepthLow,DepthMid,DepthLow--DepthMid,5,0.1455285498025042,2.5003950459847394e-05,0.0004925461092562773
3320,29358,92,149,92,149,DepthLow,DepthMid,DepthLow--DepthMid,2,0.08120658245138687,2.5001458526104567e-05,0.0004924970213222916
3321,17461,51,224,51,224,DepthHigh,DepthLow,DepthHigh--DepthLow,5,0.15754727441480776,2.5001273756848875e-05,0.0004924933816023143
3322,17788,52,239,52,239,DepthHigh,DepthHigh,DepthHigh--DepthHigh,4,0.13376412880948918,2.5000286925481995e-05,0.0004924739422760754
3323,34177,110,243,110,243,DepthLow,DepthLow,DepthLow--DepthLow,4,0.13047864065901332,2.499938902788904e-05,0.0004924562548323801
3324,38388,127,289,127,289,DepthLow,DepthHigh,DepthHigh--DepthLow,8,0.20171838041497542,2.4998950744038852e-05,0.000492447621196447
3325,55932,219,307,219,307,DepthMid,DepthHigh,DepthHigh--DepthMid,9,0.2706691316741947,2.4997885098052126e-05,0.0004924266293221649
3326,24,0,25,0,25,DepthHigh,DepthHigh,DepthHigh--DepthHigh,7,0.19803069941182005,2.499787676044532e-05,0.0004924264650818862
3327,64926,309,346,309,346,DepthHigh,DepthMid,DepthHigh--DepthMid,9,0.2705739633716533,2.4997785148241434e-05,0.0004924246604376698
3328,49272,179,227,179,227,DepthLow,DepthMid,DepthLow--DepthMid,8,0.2209593835089975,2.499703128785363e-05,0.0004924098103442203
3329,34411,111,224,111,224,DepthLow,DepthLow,DepthLow--DepthLow,1,0.04286573069484882,2.4995830597056453e-05,0.0004923861582584621
3330,17898,52,349,52,349,DepthHigh,DepthMid,DepthHigh--DepthMid,6,0.17115140656117667,2.49956150676988e-05,0.000492381912603492
3331,43099,148,254,148,254,DepthMid,DepthLow,DepthLow--DepthMid,7,0.185234577326009,2.4994699926899156e-05,0.000492363885490496
3332,42310,144,335,144,335,DepthLow,DepthHigh,DepthHigh--DepthLow,9,0.2337962467519554,2.4993791177941185e-05,0.0004923459842886736
3333,21296,64,81,64,81,DepthMid,DepthHigh,DepthHigh--DepthMid,5,0.1474740802635241,2.4993704954059675e-05,0.0004923442857875735
3334,39212,131,175,131,175,DepthLow,DepthMid,DepthLow--DepthMid,6,0.16975074981255353,2.4993635769847168e-05,0.0004923429229463398
3335,48081,172,352,172,352,DepthLow,DepthMid,DepthLow--DepthMid,8,0.21297673491171007,2.499204268374376e-05,0.0004923115411707598
3336,34021,109,341,109,341,DepthLow,DepthHigh,DepthHigh--DepthLow,3,0.09995564190717873,2.4990897885392982e-05,0.0004922889900953022
3337,48131,173,211,173,211,DepthMid,DepthLow,DepthLow--DepthMid,2,0.09483743159104151,2.498772496658081e-05,0.0004922264876192062
3338,44135,153,225,153,225,DepthHigh,DepthHigh,DepthHigh--DepthHigh,3,0.10711860550705093,2.4985818742738017e-05,0.0004921889374273417
3339,12441,35,332,35,332,DepthMid,DepthMid,DepthMid--DepthMid,10,0.45487746357537967,2.4981892071258317e-05,0.000492111586979749
3340,58693,240,254,240,254,DepthHigh,DepthLow,DepthHigh--DepthLow,2,0.08513672490732056,2.4981092138547148e-05,0.000492095829319967
3341,64273,298,353,298,353,DepthHigh,DepthHigh,DepthHigh--DepthHigh,5,0.14514092644777796,2.497997863430779e-05,0.0004920738946988111
3342,37540,124,155,124,155,DepthLow,DepthMid,DepthLow--DepthMid,10,0.3150570665468507,2.4979425539788847e-05,0.0004920629994383285
3343,31528,100,179,100,179,DepthLow,DepthLow,DepthLow--DepthLow,4,0.12480677100820382,2.497878748488348e-05,0.0004920504305659962
3344,36670,120,251,120,251,DepthLow,DepthLow,DepthLow--DepthLow,10,0.35190589069501726,2.497746528255715e-05,0.000492024384857238
3345,60444,255,265,255,265,DepthLow,DepthMid,DepthLow--DepthMid,6,0.17539428225879766,2.497700258197495e-05,0.0004920152702426542
3346,36506,119,331,119,331,DepthLow,DepthMid,DepthLow--DepthMid,8,0.22563400782759574,2.497546375464255e-05,0.0004919849572960417
3347,4173,11,236,11,236,DepthHigh,DepthMid,DepthHigh--DepthMid,6,0.1761517013029006,2.4974953818324824e-05,0.0004919749121973815
3348,8289,23,194,23,194,DepthHigh,DepthMid,DepthHigh--DepthMid,9,0.2611500466627311,2.4974125007706137e-05,0.0004919585856794498
3349,40850,138,210,138,210,DepthLow,DepthMid,DepthLow--DepthMid,5,0.15174696361045178,2.4971006539934405e-05,0.0004918971558197853
3350,19648,58,248,58,248,DepthHigh,DepthHigh,DepthHigh--DepthHigh,1,0.07042529646020158,2.4969511447248194e-05,0.0004918677043902301
3351,4903,13,263,13,263,DepthMid,DepthMid,DepthMid--DepthMid,6,0.17058303408966652,2.4969077886025846e-05,0.0004918591637840753
3352,45554,160,195,160,195,DepthLow,DepthMid,DepthLow--DepthMid,7,0.1990428095578327,2.4967726473665967e-05,0.0004918325426747058
3353,5171,14,181,14,181,DepthHigh,DepthMid,DepthHigh--DepthMid,3,0.10157107826369295,2.496735838060398e-05,0.0004918252917082709
3354,54341,209,211,209,211,DepthLow,DepthLow,DepthLow--DepthLow,10,0.47416841803700294,2.4966785702076155e-05,0.0004918140106676534
3355,5043,14,53,14,53,DepthHigh,DepthHigh,DepthHigh--DepthHigh,7,0.18959822115650418,2.4965610708287888e-05,0.0004917908647803768
3356,64350,300,301,300,301,DepthHigh,DepthHigh,DepthHigh--DepthHigh,10,0.5619115797147154,2.496333546512559e-05,0.0004917460453759791
3357,20391,61,79,61,79,DepthHigh,DepthMid,DepthHigh--DepthMid,8,0.2157261757140687,2.4962169476704977e-05,0.0004917230768830231
3358,34454,111,267,111,267,DepthLow,DepthHigh,DepthHigh--DepthLow,1,0.03904561895467724,2.496018897700143e-05,0.0004916840635509125
3359,33329,107,160,107,160,DepthLow,DepthLow,DepthLow--DepthLow,8,0.21960259747300787,2.495989615116126e-05,0.000491678295253279
3360,2800,7,281,7,281,DepthHigh,DepthLow,DepthHigh--DepthLow,2,0.0975306675307891,2.4958192948997654e-05,0.0004916447443309834
3361,45830,161,268,161,268,DepthHigh,DepthLow,DepthHigh--DepthLow,7,0.1790586090674486,2.495804844040743e-05,0.0004916418976950495
3362,61871,269,271,269,271,DepthHigh,DepthHigh,DepthHigh--DepthHigh,10,0.5657298819648247,2.4955020846101877e-05,0.0004915822579274055
3363,16780,49,170,49,170,DepthHigh,DepthLow,DepthHigh--DepthLow,3,0.11306194569649862,2.495436543918951e-05,0.0004915693472425446
3364,1147,3,62,3,62,DepthHigh,DepthHigh,DepthHigh--DepthHigh,7,0.18248485419123192,2.4954325333085143e-05,0.0004915685572031588
3365,34118,110,184,110,184,DepthLow,DepthLow,DepthLow--DepthLow,10,0.2768848087258539,2.4953694886762023e-05,0.0004915561382102462
3366,60799,258,299,258,299,DepthMid,DepthHigh,DepthHigh--DepthMid,4,0.13130061616634675,2.495320291060189e-05,0.0004915464469039101
3367,18108,53,248,53,248,DepthHigh,DepthHigh,DepthHigh--DepthHigh,8,0.22369181528725005,2.4951995142916153e-05,0.0004915226554124235
3368,40741,137,327,137,327,DepthLow,DepthLow,DepthLow--DepthLow,7,0.1964455423701396,2.495176738693557e-05,0.0004915181689084899
3369,42981,147,352,147,352,DepthLow,DepthMid,DepthLow--DepthMid,4,0.13075044913718384,2.49503275006724e-05,0.0004914898049754451
3370,44476,154,356,154,356,DepthHigh,DepthMid,DepthHigh--DepthMid,7,0.18696418560931874,2.49488284478563e-05,0.0004914602755363541
3371,26474,81,312,81,312,DepthHigh,DepthMid,DepthHigh--DepthMid,7,0.18562986778912308,2.494877042816469e-05,0.0004914591326220211
3372,43697,151,210,151,210,DepthMid,DepthMid,DepthMid--DepthMid,5,0.14863558132759183,2.4948484845279463e-05,0.0004914535070014131
3373,37873,125,249,125,249,DepthLow,DepthHigh,DepthHigh--DepthLow,10,0.3540264880787785,2.4947701631355768e-05,0.0004914380786805383
3374,60481,255,302,255,302,DepthLow,DepthHigh,DepthHigh--DepthLow,5,0.14411083255475843,2.49446478259415e-05,0.0004913779225872985
3375,46712,165,348,165,348,DepthLow,DepthMid,DepthLow--DepthMid,10,0.3039639821584221,2.4944556953989944e-05,0.0004913761325251141
3376,20136,60,127,60,127,DepthHigh,DepthLow,DepthHigh--DepthLow,5,0.14588671096104758,2.4943351201087666e-05,0.0004913523807223062
3377,22614,68,209,68,209,DepthMid,DepthLow,DepthLow--DepthMid,1,0.06290772279500387,2.4940647337252126e-05,0.0004912991180343045
3378,52482,197,278,197,278,DepthMid,DepthMid,DepthMid--DepthMid,7,0.18053804030428677,2.494021046688505e-05,0.0004912905122421958
3379,7005,19,280,19,280,DepthMid,DepthLow,DepthLow--DepthMid,8,0.21642770602481226,2.4938950381035335e-05,0.0004912656901492388
3380,48500,175,201,175,201,DepthMid,DepthLow,DepthLow--DepthMid,4,0.12677003572162063,2.493853452147778e-05,0.0004912574982434278
3381,11771,33,321,33,321,DepthMid,DepthHigh,DepthHigh--DepthMid,9,0.2636451294786259,2.4937729021530035e-05,0.0004912416309161467
3382,37650,124,265,124,265,DepthLow,DepthMid,DepthLow--DepthMid,6,0.17539871251961184,2.4934331772173864e-05,0.0004911747094128729
3383,15689,45,345,45,345,DepthMid,DepthMid,DepthMid--DepthMid,10,0.35875963804493244,2.493232655668118e-05,0.0004911352092110656
3384,48570,175,271,175,271,DepthMid,DepthHigh,DepthHigh--DepthMid,6,0.17609588412312296,2.4931999133619168e-05,0.0004911287593920448
3385,52084,195,215,195,215,DepthMid,DepthMid,DepthMid--DepthMid,6,0.17485103036918972,2.4931943057428216e-05,0.0004911276547622096
3386,37399,123,254,123,254,DepthLow,DepthLow,DepthLow--DepthLow,8,0.22757506290671725,2.4931268179964136e-05,0.0004911143605321761
3387,60335,254,265,254,265,DepthLow,DepthMid,DepthLow--DepthMid,3,0.12031368960648528,2.493078690984443e-05,0.0004911048801212569
3388,59618,247,339,247,339,DepthLow,DepthHigh,DepthHigh--DepthLow,3,0.1165940567248324,2.493064876208529e-05,0.0004911021587856273
3389,46336,164,171,164,171,DepthLow,DepthLow,DepthLow--DepthLow,8,0.21261625075198445,2.493062669822906e-05,0.0004911017241556453
3390,59746,248,351,248,351,DepthHigh,DepthMid,DepthHigh--DepthMid,10,0.3290214895462529,2.493059853343549e-05,0.0004911011693449359
3391,28511,89,121,89,121,DepthLow,DepthLow,DepthLow--DepthLow,3,0.10536875962252762,2.4929656579780726e-05,0.0004910826140527032
3392,5514,15,175,15,175,DepthHigh,DepthMid,DepthHigh--DepthMid,7,0.19241512856367435,2.4929236388090957e-05,0.0004910743368093824
3393,17946,53,86,53,86,DepthHigh,DepthHigh,DepthHigh--DepthHigh,10,0.3872576923192393,2.4929165207592355e-05,0.0004910729346438447
3394,46517,164,352,164,352,DepthLow,DepthMid,DepthLow--DepthMid,9,0.25486266450103695,2.4928423516453813e-05,0.0004910583242691703
3395,20321,60,312,60,312,DepthHigh,DepthMid,DepthHigh--DepthMid,9,0.26291342233992204,2.4928037212904595e-05,0.0004910507145792349
3396,42125,144,150,144,150,DepthLow,DepthMid,DepthLow--DepthMid,10,0.30410435663956487,2.4927791454421234e-05,0.0004910458734488307
3397,65591,323,346,323,346,DepthLow,DepthMid,DepthLow--DepthMid,8,0.201807808495283,2.4926587992958615e-05,0.0004910221667844776
3398,64782,307,313,307,313,DepthHigh,DepthHigh,DepthHigh--DepthHigh,10,0.27211292125574227,2.492583972094989e-05,0.0004910074267750077
3399,12168,35,59,35,59,DepthMid,DepthHigh,DepthHigh--DepthMid,2,0.0916165398515541,2.4925578289916095e-05,0.0004910022769152389
3400,11933,34,153,34,153,DepthMid,DepthHigh,DepthHigh--DepthMid,5,0.15326888261859128,2.4924881800322174e-05,0.0004909885569536603
3401,51430,191,243,191,243,DepthMid,DepthLow,DepthLow--DepthMid,4,0.12532567925144378,2.4923533866149478e-05,0.0004909620043601667
3402,63242,284,337,284,337,DepthLow,DepthHigh,DepthHigh--DepthLow,6,0.1632109820901727,2.4923328632366e-05,0.000490957961514949
3403,49391,179,346,179,346,DepthLow,DepthMid,DepthLow--DepthMid,4,0.12124139569065394,2.4922475830136492e-05,0.0004909411623927149
3404,57490,230,336,230,336,DepthMid,DepthHigh,DepthHigh--DepthMid,2,0.09643402719020121,2.492159787807429e-05,0.0004909238678506766
3405,19677,58,277,58,277,DepthHigh,DepthHigh,DepthHigh--DepthHigh,9,0.2343749867057262,2.4920371839726356e-05,0.0004908997164503191
3406,45984,162,220,162,220,DepthHigh,DepthHigh,DepthHigh--DepthHigh,10,0.7557570353260362,2.4919487587129343e-05,0.0004908822977957366
3407,31705,100,356,100,356,DepthLow,DepthMid,DepthLow--DepthMid,1,0.07148822133398854,2.4919301712605305e-05,0.0004908786363033748
3408,61879,269,279,269,279,DepthHigh,DepthHigh,DepthHigh--DepthHigh,8,0.21949624334680007,2.4917770083856294e-05,0.0004908484651597244
3409,32241,103,106,103,106,DepthLow,DepthLow,DepthLow--DepthLow,10,0.292222748651842,2.491578631331733e-05,0.0004908093873963049
3410,4168,11,231,11,231,DepthHigh,DepthMid,DepthHigh--DepthMid,8,0.21479269476635773,2.4915110243529628e-05,0.0004907960696790085
3411,62435,275,286,275,286,DepthHigh,DepthLow,DepthHigh--DepthLow,9,0.2512658792790142,2.4913534523761113e-05,0.0004907650299981986
3412,31386,99,301,99,301,DepthLow,DepthHigh,DepthHigh--DepthLow,3,0.1007165452555415,2.4911019440164914e-05,0.0004907154860414645
3413,2519,6,357,6,357,DepthHigh,DepthMid,DepthHigh--DepthMid,9,0.23923545811111396,2.4909655601908246e-05,0.0004906886201576893
3414,14606,42,222,42,222,DepthMid,DepthMid,DepthMid--DepthMid,4,0.13565721368646835,2.4909015686887e-05,0.0004906760146434336
3415,10697,30,243,30,243,DepthHigh,DepthLow,DepthHigh--DepthLow,7,0.1932653147925833,2.4906493590590165e-05,0.0004906263325453919
3416,11191,32,72,32,72,DepthMid,DepthMid,DepthMid--DepthMid,10,0.3203483258140164,2.4905977573205426e-05,0.0004906161676574248
3417,23941,72,362,72,362,DepthMid,DepthHigh,DepthHigh--DepthMid,5,0.14292001627192988,2.4904666250863755e-05,0.0004905903362705642
3418,19461,58,61,58,61,DepthHigh,DepthHigh,DepthHigh--DepthHigh,10,0.6856138048042442,2.4903562094440426e-05,0.0004905685857895274
3419,20386,61,74,61,74,DepthHigh,DepthMid,DepthHigh--DepthMid,9,0.24241038270938228,2.490147698944772e-05,0.0004905275118659009
3420,39554,132,285,132,285,DepthLow,DepthLow,DepthLow--DepthLow,3,0.11306423355955399,2.4901233043042035e-05,0.0004905227064311285
3421,63299,285,315,285,315,DepthLow,DepthMid,DepthLow--DepthMid,7,0.19544281473109748,2.4900608860214977e-05,0.0004905104108211438
3422,43116,148,271,148,271,DepthMid,DepthHigh,DepthHigh--DepthMid,6,0.17291643046054117,2.490028562031695e-05,0.0004905040434051474
3423,64155,297,301,297,301,DepthHigh,DepthHigh,DepthHigh--DepthHigh,3,0.12002699781874063,2.489985735537804e-05,0.0004904956071290586
3424,45197,158,247,158,247,DepthHigh,DepthLow,DepthHigh--DepthLow,9,0.23385742626952216,2.4899803434224098e-05,0.0004904945449507191
3425,59006,242,322,242,322,DepthHigh,DepthLow,DepthHigh--DepthLow,8,0.22808048425914434,2.4897415429961582e-05,0.0004904475042956723
3426,53106,201,244,201,244,DepthLow,DepthLow,DepthLow--DepthLow,6,0.17619008503064995,2.489541850904091e-05,0.0004904081674864129
3427,6623,18,243,18,243,DepthHigh,DepthLow,DepthHigh--DepthLow,6,0.16173831997365276,2.48948781387712e-05,0.0004903975228775008
3428,4156,11,219,11,219,DepthHigh,DepthMid,DepthHigh--DepthMid,9,0.2308064803045808,2.4893724141218554e-05,0.0004903747905894345
3429,33175,106,263,106,263,DepthLow,DepthMid,DepthLow--DepthMid,8,0.21826313716399934,2.4892562024137795e-05,0.0004903518983569632
3430,8786,24,351,24,351,DepthMid,DepthMid,DepthMid--DepthMid,9,0.26284108817216073,2.4892262190293803e-05,0.0004903459920105434
3431,19357,57,263,57,263,DepthHigh,DepthMid,DepthHigh--DepthMid,9,0.2468097211317161,2.489191051567619e-05,0.0004903390644666375
3432,28599,89,209,89,209,DepthLow,DepthLow,DepthLow--DepthLow,2,0.07403167718966568,2.4891755900594826e-05,0.0004903360187456471
3433,29563,92,354,92,354,DepthLow,DepthMid,DepthLow--DepthMid,4,0.1393142997029332,2.4891512455334968e-05,0.0004903312231828118
3434,46350,164,185,164,185,DepthLow,DepthLow,DepthLow--DepthLow,6,0.15917262394786713,2.4885782703078745e-05,0.0004902183543309343
3435,42977,147,348,147,348,DepthLow,DepthMid,DepthLow--DepthMid,5,0.1426309022158931,2.4878529844549885e-05,0.0004900754822173812
3436,36335,119,160,119,160,DepthLow,DepthLow,DepthLow--DepthLow,10,0.36169133487979954,2.4872468506956827e-05,0.0004899560815549482
3437,12825,37,61,37,61,DepthMid,DepthHigh,DepthHigh--DepthMid,7,0.19204229192645578,2.4872060125222955e-05,0.0004899480369527789
3438,14953,43,248,43,248,DepthMid,DepthHigh,DepthHigh--DepthMid,9,0.2505712274167937,2.4871722108078705e-05,0.0004899413784437753
3439,11687,33,237,33,237,DepthMid,DepthHigh,DepthHigh--DepthMid,10,0.3181721345266287,2.4870507545360704e-05,0.0004899174530987719
3440,14079,40,340,40,340,DepthMid,DepthMid,DepthMid--DepthMid,9,0.26361937731436014,2.486921857655618e-05,0.00048989206204824
3441,35408,115,219,115,219,DepthLow,DepthMid,DepthLow--DepthMid,6,0.16634520537956912,2.4868874556285877e-05,0.0004898852852852675
3442,34593,112,154,112,154,DepthLow,DepthHigh,DepthHigh--DepthLow,5,0.14407286539779587,2.4868182224358063e-05,0.0004898716472244377
3443,47479,169,329,169,329,DepthLow,DepthLow,DepthLow--DepthLow,3,0.11086184443886454,2.4866839640942158e-05,0.000489845200034066
3444,39394,131,357,131,357,DepthLow,DepthMid,DepthLow--DepthMid,9,0.2432162619765632,2.4865075717207877e-05,0.0004898104529738468
3445,44189,153,279,153,279,DepthHigh,DepthHigh,DepthHigh--DepthHigh,10,0.2971644857712007,2.4864480189243106e-05,0.0004897987218283036
3446,42197,144,222,144,222,DepthLow,DepthMid,DepthLow--DepthMid,8,0.2045199818715135,2.4864164072678286e-05,0.0004897924947329362
3447,47756,171,219,171,219,DepthLow,DepthMid,DepthLow--DepthMid,4,0.13890743539051295,2.4863556803046943e-05,0.0004897805322914545
3448,55065,213,325,213,325,DepthHigh,DepthLow,DepthHigh--DepthLow,7,0.19655661658970058,2.4862980833061374e-05,0.0004897691864132943
3449,42231,144,256,144,256,DepthLow,DepthLow,DepthLow--DepthLow,8,0.21701881156502914,2.4860651357251894e-05,0.0004897232986945353
3450,7389,20,320,20,320,DepthMid,DepthHigh,DepthHigh--DepthMid,5,0.15140687251470517,2.4859941650922334e-05,0.0004897093183800286
3451,31011,98,191,98,191,DepthLow,DepthMid,DepthLow--DepthMid,1,0.06094626110957867,2.4858674232880405e-05,0.0004896843518521851
3452,40434,136,247,136,247,DepthLow,DepthLow,DepthLow--DepthLow,9,0.2326732424354621,2.4856891742550818e-05,0.0004896492390535881
3453,5059,14,69,14,69,DepthHigh,DepthMid,DepthHigh--DepthMid,6,0.16337884648876624,2.4856496192684543e-05,0.0004896414472229347
3454,48261,173,341,173,341,DepthMid,DepthHigh,DepthHigh--DepthMid,6,0.17665090041524947,2.485612496534617e-05,0.0004896341345152304
3455,47409,169,259,169,259,DepthLow,DepthMid,DepthLow--DepthMid,2,0.09789610413325758,2.4855292925150233e-05,0.0004896177443787233
3456,40965,138,325,138,325,DepthLow,DepthLow,DepthLow--DepthLow,9,0.2547473423994551,2.4854470238524378e-05,0.0004896015384956828
3457,55882,219,257,219,257,DepthMid,DepthLow,DepthLow--DepthMid,8,0.217099314186852,2.485345684784416e-05,0.0004895815759846588
3458,63580,289,290,289,290,DepthHigh,DepthHigh,DepthHigh--DepthHigh,10,0.4808071594187981,2.4853274070444983e-05,0.0004895779755017284
3459,31747,101,135,101,135,DepthLow,DepthLow,DepthLow--DepthLow,3,0.10698591879654269,2.4850081418706877e-05,0.0004895150843120206
3460,31794,101,182,101,182,DepthLow,DepthLow,DepthLow--DepthLow,8,0.20678550867824377,2.484635425588457e-05,0.0004894416639319235
3461,2480,6,318,6,318,DepthHigh,DepthHigh,DepthHigh--DepthHigh,8,0.21518689129929072,2.4844095371584028e-05,0.0004893971667763528
3462,51891,193,361,193,361,DepthMid,DepthHigh,DepthHigh--DepthMid,4,0.12621156266668054,2.4843687143344712e-05,0.0004893891251978316
3463,54105,207,286,207,286,DepthLow,DepthLow,DepthLow--DepthLow,6,0.17845787681455327,2.4842653061588328e-05,0.0004893687550988515
3464,5627,15,288,15,288,DepthHigh,DepthHigh,DepthHigh--DepthHigh,4,0.12729584182685386,2.484263493204867e-05,0.0004893683979699156
3465,40589,137,175,137,175,DepthLow,DepthMid,DepthLow--DepthMid,6,0.1727799673426226,2.4839282940699638e-05,0.0004893023679919777
3466,19524,58,124,58,124,DepthHigh,DepthLow,DepthHigh--DepthLow,2,0.09034644705205457,2.4839040190976578e-05,0.0004892975861303351
3467,4169,11,232,11,232,DepthHigh,DepthMid,DepthHigh--DepthMid,2,0.09225476947256324,2.4839002063281783e-05,0.0004892968350631085
3468,51197,189,357,189,357,DepthLow,DepthMid,DepthLow--DepthMid,10,0.27087108872678173,2.483865852419325e-05,0.0004892900677788065
3469,12337,35,228,35,228,DepthMid,DepthMid,DepthMid--DepthMid,9,0.23221720808894317,2.4838584498354138e-05,0.0004892886095636698
3470,5280,14,290,14,290,DepthHigh,DepthHigh,DepthHigh--DepthHigh,6,0.1757665016598834,2.483721479857603e-05,0.0004892616282153569
3471,1376,3,291,3,291,DepthHigh,DepthHigh,DepthHigh--DepthHigh,7,0.1809089322790269,2.4835236302785426e-05,0.0004892226543577895
3472,27057,83,332,83,332,DepthHigh,DepthMid,DepthHigh--DepthMid,10,0.29723845181727226,2.4832200159879843e-05,0.0004891628461935679
3473,26723,82,279,82,279,DepthHigh,DepthHigh,DepthHigh--DepthHigh,9,0.25257556686925264,2.4830255408560594e-05,0.0004891245370592851
3474,8771,24,336,24,336,DepthMid,DepthHigh,DepthHigh--DepthMid,7,0.18408320848470738,2.482897653470841e-05,0.00048909934486651
3475,58143,235,334,235,334,DepthHigh,DepthHigh,DepthHigh--DepthHigh,10,0.2758344999431974,2.482295565663171e-05,0.0004889807412052307
3476,58946,242,262,242,262,DepthHigh,DepthMid,DepthHigh--DepthMid,4,0.1338360117286628,2.482219656091257e-05,0.0004889657879823943
3477,49339,179,294,179,294,DepthLow,DepthLow,DepthLow--DepthLow,4,0.13318315607637113,2.482024101966445e-05,0.0004889272663001987
3478,6558,18,178,18,178,DepthHigh,DepthLow,DepthHigh--DepthLow,2,0.07761225502807372,2.4819351388124622e-05,0.0004889097416872653
3479,65202,314,362,314,362,DepthMid,DepthHigh,DepthHigh--DepthMid,5,0.15675498249468384,2.4817468672455062e-05,0.0004888726545765958
3480,5577,15,238,15,238,DepthHigh,DepthMid,DepthHigh--DepthMid,6,0.1664750282572949,2.4817174449706725e-05,0.0004888668587616433
3481,36210,118,280,118,280,DepthLow,DepthLow,DepthLow--DepthLow,7,0.19184137929120454,2.481606981960491e-05,0.0004888450989497411
3482,64621,304,326,304,326,DepthHigh,DepthLow,DepthHigh--DepthLow,7,0.18729403044176365,2.4815537934488467e-05,0.0004888346214875858
3483,41510,141,198,141,198,DepthLow,DepthLow,DepthLow--DepthLow,1,0.05602016053655676,2.4812900821778065e-05,0.0004887826737120828
3484,2298,6,136,6,136,DepthHigh,DepthLow,DepthHigh--DepthLow,4,0.13822581111333462,2.481272155253751e-05,0.0004887791423354275
3485,3798,10,214,10,214,DepthHigh,DepthHigh,DepthHigh--DepthHigh,4,0.12987864937500418,2.4811676717850488e-05,0.0004887585604173528
3486,16279,47,300,47,300,DepthHigh,DepthHigh,DepthHigh--DepthHigh,5,0.14891043123757172,2.4811471408764455e-05,0.0004887545160887702
3487,26537,82,93,82,93,DepthHigh,DepthLow,DepthHigh--DepthLow,7,0.18408433849032382,2.4811083704156677e-05,0.0004887468787997583
3488,61966,270,272,270,272,DepthHigh,DepthHigh,DepthHigh--DepthHigh,10,0.7119826867531479,2.480960559768911e-05,0.0004887177619771652
3489,49338,179,293,179,293,DepthLow,DepthLow,DepthLow--DepthLow,3,0.10511108737095054,2.480960433712511e-05,0.0004887177371456533
3490,34484,111,297,111,297,DepthLow,DepthHigh,DepthHigh--DepthLow,2,0.0819003157519128,2.480920447530333e-05,0.0004887098603749456
3491,6684,18,304,18,304,DepthHigh,DepthHigh,DepthHigh--DepthHigh,8,0.227865732031047,2.4807838208524374e-05,0.0004886829466523616
3492,1517,4,72,4,72,DepthHigh,DepthMid,DepthHigh--DepthMid,7,0.19418553914420378,2.4805519972230485e-05,0.0004886372803378036
3493,16992,50,68,50,68,DepthHigh,DepthMid,DepthHigh--DepthMid,9,0.2575813902508186,2.480464700622137e-05,0.0004886200840146869
3494,46451,164,286,164,286,DepthLow,DepthLow,DepthLow--DepthLow,10,0.5640344184797015,2.480344360695653e-05,0.0004885963785755511
3495,20667,61,355,61,355,DepthHigh,DepthMid,DepthHigh--DepthMid,9,0.23725682832878123,2.4802703453050866e-05,0.0004885817984824146
3496,17511,51,274,51,274,DepthHigh,DepthHigh,DepthHigh--DepthHigh,7,0.20047326486209466,2.4802210591418243e-05,0.0004885720897333935
3497,27461,85,177,85,177,DepthHigh,DepthMid,DepthHigh--DepthMid,9,0.2326920421972384,2.4802090205170957e-05,0.0004885697182770189
3498,31232,99,147,99,147,DepthLow,DepthLow,DepthLow--DepthLow,5,0.1582226266561368,2.4801054329055013e-05,0.0004885493128314315
3499,17496,51,259,51,259,DepthHigh,DepthMid,DepthHigh--DepthMid,3,0.10298393661045473,2.4798972293613086e-05,0.0004885082993740619
3500,50298,184,343,184,343,DepthLow,DepthHigh,DepthHigh--DepthLow,3,0.10536875004564746,2.4798864493048543e-05,0.0004885061758396738
3501,44586,155,257,155,257,DepthMid,DepthLow,DepthLow--DepthMid,7,0.19968228790538853,2.479748839031174e-05,0.000488479068361196
3502,17789,52,240,52,240,DepthHigh,DepthHigh,DepthHigh--DepthHigh,10,0.35912206839177613,2.4796358699318093e-05,0.0004884568148815118
3503,52661,198,291,198,291,DepthLow,DepthHigh,DepthHigh--DepthLow,6,0.17432100278075627,2.4794825621260652e-05,0.0004884266151883237
3504,36767,120,348,120,348,DepthLow,DepthMid,DepthLow--DepthMid,8,0.20791401241245303,2.479434674582081e-05,0.0004884171819495604
3505,20323,60,314,60,314,DepthHigh,DepthMid,DepthHigh--DepthMid,8,0.2105541371488979,2.4793649960451858e-05,0.0004884034561615889
3506,57941,234,261,234,261,DepthLow,DepthMid,DepthLow--DepthMid,9,0.2695555479527836,2.479349868256058e-05,0.0004884004761790102
3507,8887,25,113,25,113,DepthHigh,DepthLow,DepthHigh--DepthLow,6,0.17183152190664366,2.4793263442461098e-05,0.000488395842247427
3508,9697,27,248,27,248,DepthMid,DepthHigh,DepthHigh--DepthMid,7,0.1971079226137166,2.4791876697262506e-05,0.0004883685251259508
3509,56749,225,275,225,275,DepthHigh,DepthHigh,DepthHigh--DepthHigh,4,0.12775807468682288,2.4789607807511667e-05,0.0004883238308757002
3510,47627,170,283,170,283,DepthLow,DepthLow,DepthLow--DepthLow,8,0.20959584027445596,2.4787405113232953e-05,0.0004882804405922887
3511,3167,8,292,8,292,DepthHigh,DepthHigh,DepthHigh--DepthHigh,1,0.06982255457176623,2.4786691630240438e-05,0.000488266385882312
3512,24539,75,90,75,90,DepthMid,DepthLow,DepthLow--DepthMid,2,0.08897251101477985,2.4783968081830167e-05,0.0004882127354331558
3513,24862,76,125,76,125,DepthMid,DepthLow,DepthLow--DepthMid,3,0.11012106234093973,2.478365142913954e-05,0.0004882064977767901
3514,32882,105,228,105,228,DepthLow,DepthMid,DepthLow--DepthMid,9,0.23973019276467067,2.477547396461343e-05,0.00048804541209785366
3515,19868,59,163,59,163,DepthHigh,DepthLow,DepthHigh--DepthLow,6,0.162059987610384,2.4774841594367628e-05,0.00048803295520610454
3516,32555,104,160,104,160,DepthLow,DepthLow,DepthLow--DepthLow,9,0.23215780707713835,2.4772393830454735e-05,0.00048798473736174394
3517,31442,99,357,99,357,DepthLow,DepthMid,DepthLow--DepthMid,3,0.11151313781675683,2.477085880955094e-05,0.0004879544993969469
3518,23247,70,253,70,253,DepthHigh,DepthLow,DepthHigh--DepthLow,6,0.1600348524983045,2.4770353024186278e-05,0.000487944536066797
3519,239,0,240,0,240,DepthHigh,DepthHigh,DepthHigh--DepthHigh,7,0.19993073938456557,2.477021673817281e-05,0.00048794185140519573
3520,30193,95,174,95,174,DepthLow,DepthMid,DepthLow--DepthMid,4,0.1244518104831779,2.4769514649261205e-05,0.00048792802114416085
3521,177,0,178,0,178,DepthHigh,DepthLow,DepthHigh--DepthLow,2,0.07587002601242251,2.4768085147963456e-05,0.0004878998617817628
3522,10286,29,166,29,166,DepthMid,DepthMid,DepthMid--DepthMid,10,0.3276043823588751,2.4766929980864066e-05,0.0004878771064551091
3523,46151,163,186,163,186,DepthLow,DepthMid,DepthLow--DepthMid,10,0.3333790984441774,2.476616555362817e-05,0.0004878620482081551
3524,7769,21,357,21,357,DepthMid,DepthMid,DepthMid--DepthMid,10,0.27631764445159107,2.47655204727309e-05,0.00048784934093269413
3525,6128,17,94,17,94,DepthHigh,DepthLow,DepthHigh--DepthLow,4,0.1372522119474303,2.4764211343789426e-05,0.0004878235527530353
3526,37731,124,346,124,346,DepthLow,DepthMid,DepthLow--DepthMid,9,0.24160877608355305,2.4762554113573637e-05,0.00048779090741980134
3527,1653,4,208,4,208,DepthHigh,DepthMid,DepthHigh--DepthMid,7,0.18978287159584764,2.4758482148313566e-05,0.00048771069486902476
3528,43450,150,176,150,176,DepthMid,DepthMid,DepthMid--DepthMid,9,0.25423313356800264,2.4756210616665813e-05,0.00048766594857675585
3529,11782,33,332,33,332,DepthMid,DepthMid,DepthMid--DepthMid,10,0.44885877011873426,2.4754611509242945e-05,0.00048763444818881996
3530,4024,11,87,11,87,DepthHigh,DepthMid,DepthHigh--DepthMid,4,0.13519155401241953,2.475401374892576e-05,0.0004876226730687656
3531,54334,208,359,208,359,DepthMid,DepthHigh,DepthHigh--DepthMid,4,0.12983352810457646,2.4753253714789607e-05,0.00048760770136030434
3532,31196,99,111,99,111,DepthLow,DepthLow,DepthLow--DepthLow,6,0.16304704068919884,2.4752356805768765e-05,0.0004875900333902257
3533,9850,28,65,28,65,DepthHigh,DepthMid,DepthHigh--DepthMid,10,0.32246274035038336,2.4750970471816144e-05,0.0004875627243697735
3534,56051,220,282,220,282,DepthHigh,DepthHigh,DepthHigh--DepthHigh,8,0.20545601090688462,2.4750434846932973e-05,0.0004875521732389572
3535,34045,110,111,110,111,DepthLow,DepthLow,DepthLow--DepthLow,10,0.5960815101105343,2.4750099182413532e-05,0.00048754556107367833
3536,15960,46,298,46,298,DepthHigh,DepthHigh,DepthHigh--DepthHigh,9,0.2630305947230504,2.474957565681334e-05,0.00048753524828339004
3537,63441,287,302,287,302,DepthHigh,DepthHigh,DepthHigh--DepthHigh,7,0.1865513866960899,2.4748820966343576e-05,0.0004875203818383788
3538,40325,136,138,136,138,DepthLow,DepthLow,DepthLow--DepthLow,10,0.5161823061340903,2.4747849586004164e-05,0.00048750124687778313
3539,35724,116,287,116,287,DepthLow,DepthHigh,DepthHigh--DepthLow,5,0.14469764476634123,2.4746941236158143e-05,0.0004874833535379599
3540,60535,255,356,255,356,DepthLow,DepthMid,DepthLow--DepthMid,6,0.16183537348646584,2.4745947093158596e-05,0.00048746377018183155
3541,5019,14,29,14,29,DepthHigh,DepthMid,DepthHigh--DepthMid,5,0.14106649190474385,2.4744066403005154e-05,0.00048742672297126045
3542,29242,91,305,91,305,DepthLow,DepthMid,DepthLow--DepthMid,1,0.03656096717090304,2.4742729377374837e-05,0.0004874003852622154
3543,22157,66,345,66,345,DepthMid,DepthMid,DepthMid--DepthMid,10,0.34495730835866323,2.473957026448417e-05,0.00048733815474526177
3544,40524,136,337,136,337,DepthLow,DepthHigh,DepthHigh--DepthLow,2,0.08481868715929547,2.4738542571439064e-05,0.0004873179104957905
3545,3812,10,228,10,228,DepthHigh,DepthMid,DepthHigh--DepthMid,7,0.19621801325637742,2.473822346446146e-05,0.00048731162449308434
3546,45121,158,171,158,171,DepthHigh,DepthLow,DepthHigh--DepthLow,4,0.12973355894396627,2.473611762590778e-05,0.00048727014214460494
3547,5593,15,254,15,254,DepthHigh,DepthLow,DepthHigh--DepthLow,1,0.05889974071643977,2.473269643842024e-05,0.0004872027490905061
3548,41042,139,177,139,177,DepthLow,DepthMid,DepthLow--DepthMid,8,0.21377567501209696,2.473126459990227e-05,0.00048717454368783417
3549,60511,255,332,255,332,DepthLow,DepthMid,DepthLow--DepthMid,9,0.2488660452366471,2.473011063834849e-05,0.0004871518121089
3550,18948,56,161,56,161,DepthHigh,DepthHigh,DepthHigh--DepthHigh,2,0.0959829479360967,2.4729653632441093e-05,0.00048714280967218675
3551,46172,163,207,163,207,DepthLow,DepthLow,DepthLow--DepthLow,8,0.20993745955637433,2.4728988819653685e-05,0.00048712971370351777
3552,10818,30,364,30,364,DepthHigh,DepthHigh,DepthHigh--DepthHigh,9,0.23595865620494766,2.4726410517870033e-05,0.0004870789244286764
3553,42377,145,183,145,183,DepthLow,DepthMid,DepthLow--DepthMid,10,0.27509839309786777,2.472574773468234e-05,0.0004870658684405475
3554,55880,219,255,219,255,DepthMid,DepthLow,DepthLow--DepthMid,7,0.18792589019200862,2.4724821810756683e-05,0.00048704762891364626
3555,41434,140,345,140,345,DepthLow,DepthMid,DepthLow--DepthMid,7,0.1891574512844766,2.4724145287671748e-05,0.0004870343022669693
3556,41711,142,177,142,177,DepthLow,DepthMid,DepthLow--DepthMid,8,0.21906829149043552,2.4722997657841798e-05,0.0004870116954149634
3557,40543,136,356,136,356,DepthLow,DepthMid,DepthLow--DepthMid,3,0.10460627180424516,2.4722968511306705e-05,0.00048701112126519133
3558,30116,95,97,95,97,DepthLow,DepthLow,DepthLow--DepthLow,10,0.290510748295793,2.4719807693311042e-05,0.000486948857159832
3559,20623,61,311,61,311,DepthHigh,DepthMid,DepthHigh--DepthMid,10,0.2727464416059942,2.471953960278486e-05,0.00048694357611651
3560,41945,143,190,143,190,DepthLow,DepthMid,DepthLow--DepthMid,2,0.08356873952142976,2.471734596023184e-05,0.00048690036414061346
3561,25306,77,282,77,282,DepthMid,DepthHigh,DepthHigh--DepthMid,4,0.12728192696177468,2.4717004899113478e-05,0.00048689364566918084
3562,58697,240,258,240,258,DepthHigh,DepthMid,DepthHigh--DepthMid,6,0.17848106557548593,2.471673246477993e-05,0.0004868882790583633
3563,5573,15,234,15,234,DepthHigh,DepthLow,DepthHigh--DepthLow,7,0.1793257256070534,2.471567411788881e-05,0.00048686743096700664
3564,51931,194,231,194,231,DepthMid,DepthMid,DepthMid--DepthMid,5,0.15046925822708607,2.471371670166065e-05,0.00048682887235008244
3565,48998,177,324,177,324,DepthMid,DepthMid,DepthMid--DepthMid,4,0.1315768642427526,2.4712606875318502e-05,0.0004868070101788366
3566,22835,69,135,69,135,DepthMid,DepthLow,DepthLow--DepthMid,8,0.21966561339702076,2.4712058925247927e-05,0.00048679621625746154
3567,41232,140,143,140,143,DepthLow,DepthLow,DepthLow--DepthLow,10,0.6776587511055708,2.471180125613907e-05,0.0004867911405028424
3568,24476,74,316,74,316,DepthMid,DepthHigh,DepthHigh--DepthMid,9,0.2678506527902972,2.4711563334641682e-05,0.00048678645375112154
3569,45311,158,361,158,361,DepthHigh,DepthHigh,DepthHigh--DepthHigh,2,0.09972854845395683,2.471125155979472e-05,0.000486780312182089
3570,48873,177,199,177,199,DepthMid,DepthLow,DepthLow--DepthMid,3,0.11963916911260734,2.4710179858550226e-05,0.00048675920102690944
3571,41566,141,254,141,254,DepthLow,DepthLow,DepthLow--DepthLow,6,0.15906371211699621,2.470713557189704e-05,0.0004866992324411895
3572,26693,82,249,82,249,DepthHigh,DepthHigh,DepthHigh--DepthHigh,10,0.33246974010827796,2.470693072329549e-05,0.0004866951971835672
3573,41576,141,264,141,264,DepthLow,DepthMid,DepthLow--DepthMid,7,0.19010629176835714,2.4706099916634472e-05,0.00048667883134613347
3574,36924,121,262,121,262,DepthLow,DepthMid,DepthLow--DepthMid,4,0.1344884389908933,2.470576161047921e-05,0.0004866721671439795
3575,65178,314,338,314,338,DepthMid,DepthHigh,DepthHigh--DepthMid,5,0.15730775962686233,2.4703813955838627e-05,0.00048663380081794894
3576,53603,204,258,204,258,DepthLow,DepthMid,DepthLow--DepthMid,1,0.06710390268480489,2.4703268749930798e-05,0.0004866230609530994
3577,42169,144,194,144,194,DepthLow,DepthMid,DepthLow--DepthMid,8,0.21321628688937502,2.4701976737959437e-05,0.00048659760995604077
3578,37041,122,137,122,137,DepthLow,DepthLow,DepthLow--DepthLow,4,0.13469239871569902,2.4700826495250102e-05,0.0004865749516336251
3579,41213,139,348,139,348,DepthLow,DepthMid,DepthLow--DepthMid,9,0.24627681624586384,2.4699557827761534e-05,0.0004865499604932676
3580,25288,77,264,77,264,DepthMid,DepthMid,DepthMid--DepthMid,9,0.26209628535641816,2.4699280530160765e-05,0.0004865444980822545
3581,62991,281,329,281,329,DepthLow,DepthLow,DepthLow--DepthLow,5,0.15751351533984437,2.4697668091141624e-05,0.0004865127350787816
3582,53707,204,362,204,362,DepthLow,DepthHigh,DepthHigh--DepthLow,5,0.14024935108647865,2.4696243244328612e-05,0.00048648466740382917
3583,19651,58,251,58,251,DepthHigh,DepthLow,DepthHigh--DepthLow,9,0.2697173994699549,2.4696088139156145e-05,0.0004864816120286657
3584,32330,103,195,103,195,DepthLow,DepthMid,DepthLow--DepthMid,2,0.07976386723226411,2.469571109000557e-05,0.00048647418463864533
3585,48351,174,241,174,241,DepthMid,DepthHigh,DepthHigh--DepthMid,8,0.20374980212846622,2.469544274396103e-05,0.0004864688985619358
3586,61277,262,363,262,363,DepthMid,DepthMid,DepthMid--DepthMid,4,0.12115671143888535,2.4695264766078223e-05,0.0004864653926233901
3587,59664,248,269,248,269,DepthHigh,DepthHigh,DepthHigh--DepthHigh,10,0.29936823754614184,2.469488630750028e-05,0.0004864579374694384
3588,57491,230,337,230,337,DepthMid,DepthHigh,DepthHigh--DepthMid,3,0.11345926232827538,2.4693946465024795e-05,0.0004864394237647597
3589,42927,147,298,147,298,DepthLow,DepthHigh,DepthHigh--DepthLow,6,0.1676322515185155,2.4692492425437147e-05,0.00048641078102917477
3590,43395,149,335,149,335,DepthMid,DepthHigh,DepthHigh--DepthMid,4,0.13945561570309725,2.4692394458942723e-05,0.00048640885121349446
3591,50405,185,271,185,271,DepthLow,DepthHigh,DepthHigh--DepthLow,8,0.20980621447706346,2.4691997798338614e-05,0.00048640103750271455
3592,26961,83,236,83,236,DepthHigh,DepthMid,DepthHigh--DepthMid,5,0.14778291810141367,2.4691969341163616e-05,0.00048640047693246195
3593,48554,175,255,175,255,DepthMid,DepthLow,DepthLow--DepthMid,8,0.2145997959937665,2.4689965910407607e-05,0.00048636101188770343
3594,33453,107,284,107,284,DepthLow,DepthLow,DepthLow--DepthLow,10,0.2961275460050569,2.4689044308832215e-05,0.00048634285750562
3595,44016,152,317,152,317,DepthLow,DepthMid,DepthLow--DepthMid,8,0.22686478246636582,2.468891126158165e-05,0.00048634023664353987
3596,18209,53,349,53,349,DepthHigh,DepthMid,DepthHigh--DepthMid,7,0.19822378011788566,2.468758463045873e-05,0.0004863141036931062
3597,55172,214,282,214,282,DepthHigh,DepthHigh,DepthHigh--DepthHigh,5,0.14205045660813198,2.4687366016849525e-05,0.0004863097972822926
3598,32748,104,353,104,353,DepthLow,DepthHigh,DepthHigh--DepthLow,7,0.19488594840725929,2.4687223862822505e-05,0.0004863069970282673
3599,45976,162,212,162,212,DepthHigh,DepthLow,DepthHigh--DepthLow,1,0.03564997024984707,2.4686535764566264e-05,0.00048629344236539746
3600,26757,82,313,82,313,DepthHigh,DepthHigh,DepthHigh--DepthHigh,8,0.2135274963404826,2.4685741664295416e-05,0.00048627779959729194
3601,22709,68,304,68,304,DepthMid,DepthHigh,DepthHigh--DepthMid,10,0.35966913007724216,2.468350532442431e-05,0.000486233746538386
3602,24722,75,273,75,273,DepthMid,DepthHigh,DepthHigh--DepthMid,2,0.08133212703519,2.468125448851775e-05,0.0004861894079259683
3603,30202,95,183,95,183,DepthLow,DepthMid,DepthLow--DepthMid,1,0.050247100326965756,2.468051565338859e-05,0.0004861748538110562
3604,46020,162,256,162,256,DepthHigh,DepthLow,DepthHigh--DepthLow,1,0.0023482406606540477,2.467854887336896e-05,0.0004861361107393169
3605,34385,111,198,111,198,DepthLow,DepthLow,DepthLow--DepthLow,6,0.165730928249787,2.4678415797530622e-05,0.00048613348931409394
3606,50812,187,323,187,323,DepthLow,DepthLow,DepthLow--DepthLow,6,0.16320595140046623,2.4674190319041408e-05,0.0004860502527474182
3607,6278,17,244,17,244,DepthHigh,DepthLow,DepthHigh--DepthLow,9,0.2283416927819204,2.4673426077772113e-05,0.00048603519816377034
3608,32419,103,284,103,284,DepthLow,DepthLow,DepthLow--DepthLow,10,0.286428693450111,2.467326413551892e-05,0.00048603200810678863
3609,52615,198,245,198,245,DepthLow,DepthLow,DepthLow--DepthLow,4,0.1364761787982701,2.4672892151599176e-05,0.000486024680495391
3610,36833,121,171,121,171,DepthLow,DepthLow,DepthLow--DepthLow,4,0.12807750747041105,2.4672414707861415e-05,0.00048601527545934274
3611,34252,110,318,110,318,DepthLow,DepthHigh,DepthHigh--DepthLow,4,0.1250109521381254,2.467232789492787e-05,0.0004860135653546647
3612,12702,36,265,36,265,DepthMid,DepthMid,DepthMid--DepthMid,10,0.2849088930502882,2.4672165791282694e-05,0.00048601037211846564
3613,39259,131,222,131,222,DepthLow,DepthMid,DepthLow--DepthMid,7,0.18926459187746517,2.4671269476773508e-05,0.0004859927158595126
3614,618,1,256,1,256,DepthHigh,DepthLow,DepthHigh--DepthLow,2,0.09957951978395341,2.466974229897503e-05,0.00048596263239394216
3615,24965,76,228,76,228,DepthMid,DepthMid,DepthMid--DepthMid,9,0.26761479455694004,2.4669515480922325e-05,0.000485958164365998
3616,60402,254,332,254,332,DepthLow,DepthMid,DepthLow--DepthMid,5,0.14211488102686692,2.4667284437752034e-05,0.00048591421564537986
3617,36693,120,274,120,274,DepthLow,DepthHigh,DepthHigh--DepthLow,9,0.2648257736969531,2.46672656952304e-05,0.0004859138464414765
3618,15026,43,321,43,321,DepthMid,DepthHigh,DepthHigh--DepthMid,10,0.2801816651936576,2.4667265401161517e-05,0.0004859138406486925
3619,23729,72,150,72,150,DepthMid,DepthMid,DepthMid--DepthMid,9,0.2615702947049156,2.466604932139919e-05,0.00048588988541984013
3620,61086,261,274,261,274,DepthMid,DepthHigh,DepthHigh--DepthMid,3,0.11285523410866904,2.4665411702536773e-05,0.000485877325137001
3621,27487,85,203,85,203,DepthHigh,DepthLow,DepthHigh--DepthLow,5,0.15208756409232224,2.466432373886014e-05,0.0004858558936325354
3622,17110,50,186,50,186,DepthHigh,DepthMid,DepthHigh--DepthMid,3,0.11520452656162505,2.4663985109951614e-05,0.00048584922307255154
3623,16616,48,321,48,321,DepthHigh,DepthHigh,DepthHigh--DepthHigh,1,0.07011842857938543,2.4662387231678487e-05,0.0004858177468973064
3624,58710,240,271,240,271,DepthHigh,DepthHigh,DepthHigh--DepthHigh,7,0.18293156204859018,2.4662333486268323e-05,0.0004858166881808964
3625,63098,282,354,282,354,DepthHigh,DepthMid,DepthHigh--DepthMid,7,0.19617996090154768,2.466183507260912e-05,0.0004858068700639938
3626,42943,147,314,147,314,DepthLow,DepthMid,DepthLow--DepthMid,10,0.3033888456782398,2.4661121940239725e-05,0.0004857928222608479
3627,13631,39,216,39,216,DepthMid,DepthMid,DepthMid--DepthMid,8,0.224810591417582,2.4660374887355738e-05,0.00048577810626658903
3628,19312,57,218,57,218,DepthHigh,DepthHigh,DepthHigh--DepthHigh,2,0.09060471149128899,2.466009600625625e-05,0.00048577261266265963
3629,34314,111,127,111,127,DepthLow,DepthLow,DepthLow--DepthLow,5,0.15196538885535826,2.4659856782775836e-05,0.00048576790026352455
3630,9699,27,250,27,250,DepthMid,DepthLow,DepthLow--DepthMid,5,0.14740681124962796,2.4658038234031037e-05,0.00048573207715988406
3631,21665,65,151,65,151,DepthMid,DepthMid,DepthMid--DepthMid,9,0.2505404540928393,2.4657965196418973e-05,0.0004857306384115667
3632,31753,101,141,101,141,DepthLow,DepthLow,DepthLow--DepthLow,3,0.10796177073391067,2.4657865387343868e-05,0.00048572867229938413
3633,65741,327,342,327,342,DepthLow,DepthMid,DepthLow--DepthMid,10,0.2772493648370923,2.4657357323009416e-05,0.00048571866407642005
3634,24511,74,351,74,351,DepthMid,DepthMid,DepthMid--DepthMid,7,0.19575537666830795,2.4656213705634358e-05,0.00048569613626468615
3635,47405,169,255,169,255,DepthLow,DepthLow,DepthLow--DepthLow,6,0.15960982901789086,2.465381157729549e-05,0.00048564881738325004
3636,25824,79,229,79,229,DepthMid,DepthMid,DepthMid--DepthMid,10,0.29637898383589417,2.4653071354370552e-05,0.00048563423593052135
3637,22836,69,136,69,136,DepthMid,DepthLow,DepthLow--DepthMid,9,0.2444376526460187,2.4651009375339364e-05,0.000485593617559004
3638,66226,344,351,344,351,DepthHigh,DepthMid,DepthHigh--DepthMid,2,0.08068265091739467,2.4650938321685585e-05,0.0004855922178921484
3639,2871,7,352,7,352,DepthHigh,DepthMid,DepthHigh--DepthMid,5,0.14583956975129947,2.4650530171495917e-05,0.0004855841778511063
3640,20395,61,83,61,83,DepthHigh,DepthHigh,DepthHigh--DepthHigh,10,0.32528338998237133,2.4647811384904468e-05,0.00048553062120374103
3641,50332,185,198,185,198,DepthLow,DepthLow,DepthLow--DepthLow,5,0.15437472729590965,2.4647702884080586e-05,0.00048552848387513206
3642,50488,185,354,185,354,DepthLow,DepthMid,DepthLow--DepthMid,7,0.19078150445948297,2.4645824945150204e-05,0.00048549149086016567
3643,48705,176,218,176,218,DepthMid,DepthHigh,DepthHigh--DepthMid,2,0.09642046466978456,2.46456903285244e-05,0.00048548883908338395
3644,16979,50,55,50,55,DepthHigh,DepthHigh,DepthHigh--DepthHigh,10,0.3009259040229904,2.464563139667622e-05,0.0004854876782007235
3645,32794,105,140,105,140,DepthLow,DepthLow,DepthLow--DepthLow,8,0.21472149302221324,2.46451914625072e-05,0.0004854790120556026
3646,47949,172,220,172,220,DepthLow,DepthHigh,DepthHigh--DepthLow,3,0.10372827136732153,2.4644984562585458e-05,0.00048547493638957445
3647,40445,136,258,136,258,DepthLow,DepthMid,DepthLow--DepthMid,3,0.11288803254339369,2.4643107656725126e-05,0.00048543796372477763
3648,28754,89,364,89,364,DepthLow,DepthHigh,DepthHigh--DepthLow,4,0.12669209904904957,2.4642214260786466e-05,0.00048542036495796204
3649,42070,143,315,143,315,DepthLow,DepthMid,DepthLow--DepthMid,7,0.18776786753322977,2.4641854127028846e-05,0.0004854132707797276
3650,9760,27,311,27,311,DepthMid,DepthMid,DepthMid--DepthMid,10,0.3067014643953896,2.464166973516637e-05,0.0004854096384939179
3651,24665,75,216,75,216,DepthMid,DepthMid,DepthMid--DepthMid,6,0.16114100590909014,2.4637706408262633e-05,0.00048533156598096514
3652,43605,150,331,150,331,DepthMid,DepthMid,DepthMid--DepthMid,7,0.18299805644124906,2.463226052489905e-05,0.0004852242889862157
3653,31185,99,100,99,100,DepthLow,DepthLow,DepthLow--DepthLow,10,0.9542468142722981,2.463183441023182e-05,0.0004852158950677516
3654,20930,62,316,62,316,DepthHigh,DepthHigh,DepthHigh--DepthHigh,9,0.2672399488067108,2.4629863188787593e-05,0.00048517706450558115
3655,29220,91,283,91,283,DepthLow,DepthLow,DepthLow--DepthLow,2,0.09073985694325933,2.4629580782384212e-05,0.00048517150145763654
3656,54109,207,290,207,290,DepthLow,DepthHigh,DepthHigh--DepthLow,5,0.1438789608627527,2.4628167027862768e-05,0.0004851436522867585
3657,13562,39,147,39,147,DepthMid,DepthLow,DepthLow--DepthMid,5,0.15094802133646043,2.4627428694647286e-05,0.00048512910805890926
3658,15992,46,330,46,330,DepthHigh,DepthMid,DepthHigh--DepthMid,8,0.22557789399200104,2.4626123024580602e-05,0.0004851033880146966
3659,59005,242,321,242,321,DepthHigh,DepthHigh,DepthHigh--DepthHigh,4,0.13350822265169784,2.4625523336901937e-05,0.0004850915749280658
3660,30767,97,213,97,213,DepthLow,DepthHigh,DepthHigh--DepthLow,6,0.16595493490176758,2.4623946205060994e-05,0.00048506050743122014
3661,66424,361,362,361,362,DepthHigh,DepthHigh,DepthHigh--DepthHigh,10,0.595837403685527,2.462051200865662e-05,0.0004849928581179601
3662,38070,126,208,126,208,DepthLow,DepthMid,DepthLow--DepthMid,2,0.09081193671360428,2.4620106016463872e-05,0.0004849848605867201
3663,7069,19,344,19,344,DepthMid,DepthHigh,DepthHigh--DepthMid,3,0.11985490776841749,2.461986110979008e-05,0.00048498003623588396
3664,43304,149,244,149,244,DepthMid,DepthLow,DepthLow--DepthMid,10,0.2809008611564577,2.461882281688191e-05,0.0004849595831825551
3665,15871,46,209,46,209,DepthHigh,DepthLow,DepthHigh--DepthLow,2,0.0806079846042184,2.46178858818052e-05,0.0004849411267499446
3666,12778,36,341,36,341,DepthMid,DepthHigh,DepthHigh--DepthMid,3,0.11579364732999298,2.4616838436602874e-05,0.0004849204934080295
3667,12285,35,176,35,176,DepthMid,DepthMid,DepthMid--DepthMid,9,0.23056887139094415,2.4616599251466496e-05,0.0004849157817642233
3668,59021,242,337,242,337,DepthHigh,DepthHigh,DepthHigh--DepthHigh,6,0.17308008203079508,2.46139680580178e-05,0.0004848639505906679
3669,57893,233,343,233,343,DepthMid,DepthHigh,DepthHigh--DepthMid,2,0.09727838423636605,2.4612334578664064e-05,0.00048483177311929094
3670,60325,254,255,254,255,DepthLow,DepthLow,DepthLow--DepthLow,10,0.8182893943813153,2.461167076808455e-05,0.00048481869689284625
3671,64024,295,305,295,305,DepthHigh,DepthMid,DepthHigh--DepthMid,5,0.15237434068368597,2.4610030157069577e-05,0.0004847863789367887
3672,42586,146,174,146,174,DepthLow,DepthMid,DepthLow--DepthMid,6,0.16830258086438163,2.4608811028162013e-05,0.00048476236364364267
3673,1508,4,63,4,63,DepthHigh,DepthMid,DepthHigh--DepthMid,9,0.2312480605939915,2.4606171570308306e-05,0.00048471036967179097
3674,60634,256,347,256,347,DepthLow,DepthMid,DepthLow--DepthMid,5,0.15283381044347846,2.460498808677823e-05,0.00048468705654736914
3675,30920,98,100,98,100,DepthLow,DepthLow,DepthLow--DepthLow,5,0.14520839593204965,2.4604935018247097e-05,0.00048468601116461753
3676,18375,54,205,54,205,DepthHigh,DepthLow,DepthHigh--DepthLow,5,0.1528629457579976,2.4604763227620817e-05,0.0004846826271071776
3677,26182,80,303,80,303,DepthHigh,DepthHigh,DepthHigh--DepthHigh,10,0.3698589481800439,2.4604593312292983e-05,0.00048467927999073845
3678,7941,22,187,22,187,DepthMid,DepthLow,DepthLow--DepthMid,8,0.21818618393644032,2.460313036179796e-05,0.00048465046172158077
3679,66405,357,361,357,361,DepthMid,DepthHigh,DepthHigh--DepthMid,4,0.12414060716626037,2.4602983392785954e-05,0.0004846475666184585
3680,43103,148,258,148,258,DepthMid,DepthMid,DepthMid--DepthMid,6,0.15988250207053228,2.460296568129225e-05,0.00048464721772449766
3681,6732,18,352,18,352,DepthHigh,DepthMid,DepthHigh--DepthMid,5,0.15715926786515658,2.4602782781646647e-05,0.00048464361483346765
3682,46553,165,189,165,189,DepthLow,DepthLow,DepthLow--DepthLow,9,0.22988361267641363,2.4602226981563508e-05,0.000484632666276802
3683,11802,33,352,33,352,DepthMid,DepthMid,DepthMid--DepthMid,10,0.3283234383714851,2.4601820002123793e-05,0.00048462464929804893
3684,52274,196,237,196,237,DepthMid,DepthHigh,DepthHigh--DepthMid,5,0.15379810319436701,2.459878876267511e-05,0.00048456493772570876
3685,48255,173,335,173,335,DepthMid,DepthHigh,DepthHigh--DepthMid,6,0.17561784224068017,2.459789684039661e-05,0.0004845473679881291
3686,65903,332,334,332,334,DepthMid,DepthHigh,DepthHigh--DepthMid,10,0.4734416743870534,2.459562844220384e-05,0.00048450268342094895
3687,16512,48,217,48,217,DepthHigh,DepthLow,DepthHigh--DepthLow,7,0.17885145571139513,2.459455884590328e-05,0.000484481613730495
3688,52470,197,266,197,266,DepthMid,DepthMid,DepthMid--DepthMid,6,0.17055146674364605,2.4593809458699108e-05,0.0004844668517530893
3689,24783,75,334,75,334,DepthMid,DepthHigh,DepthHigh--DepthMid,2,0.09702568152726765,2.4593264206406315e-05,0.00048445611097451476
3690,25373,77,349,77,349,DepthMid,DepthMid,DepthMid--DepthMid,4,0.13106899582192566,2.4592579785417075e-05,0.0004844426287491406
3691,14559,42,175,42,175,DepthMid,DepthMid,DepthMid--DepthMid,3,0.11853634647377717,2.459251957708207e-05,0.0004844414427213088
3692,57485,230,331,230,331,DepthMid,DepthMid,DepthMid--DepthMid,4,0.13671398249552105,2.459103342893764e-05,0.0004844121674878814
3693,59779,249,269,249,269,DepthHigh,DepthHigh,DepthHigh--DepthHigh,10,0.3012876520182953,2.4590572693937087e-05,0.00048440309159276295
3694,54168,207,349,207,349,DepthLow,DepthMid,DepthLow--DepthMid,5,0.14897618897835357,2.458861364042499e-05,0.0004843645007234218
3695,19562,58,162,58,162,DepthHigh,DepthHigh,DepthHigh--DepthHigh,2,0.08303591307064885,2.458837243297399e-05,0.00048435974924258265
3696,46362,164,197,164,197,DepthLow,DepthMid,DepthLow--DepthMid,8,0.22655903443793202,2.4587956997953143e-05,0.0004843515656996063
3697,2867,7,348,7,348,DepthHigh,DepthMid,DepthHigh--DepthMid,5,0.14034522941241112,2.458559215757424e-05,0.00048430498134368575
3698,10843,31,56,31,56,DepthHigh,DepthHigh,DepthHigh--DepthHigh,8,0.2016696373277064,2.4581883032834276e-05,0.00048423191629093143
3699,52196,195,327,195,327,DepthMid,DepthLow,DepthLow--DepthMid,2,0.08896102578195625,2.4581417634953493e-05,0.0004842227485429868
3700,28258,88,143,88,143,DepthLow,DepthLow,DepthLow--DepthLow,2,0.09033659926369426,2.458066030152539e-05,0.00048420783003504857
3701,31756,101,144,101,144,DepthLow,DepthLow,DepthLow--DepthLow,4,0.12276729080681521,2.4579095011835266e-05,0.0004841769958135536
3702,32026,102,152,102,152,DepthLow,DepthLow,DepthLow--DepthLow,4,0.12381018329098188,2.4579054360059697e-05,0.0004841761950251372
3703,54144,207,325,207,325,DepthLow,DepthLow,DepthLow--DepthLow,4,0.12613877135597568,2.4578494949157916e-05,0.0004841651753399243
3704,48817,176,330,176,330,DepthMid,DepthMid,DepthMid--DepthMid,3,0.10299615219558239,2.457790110217698e-05,0.00048415347730763046
3705,4074,11,137,11,137,DepthHigh,DepthLow,DepthHigh--DepthLow,4,0.12533708110063582,2.4577497090855225e-05,0.0004841455187970364
3706,47875,171,338,171,338,DepthLow,DepthHigh,DepthHigh--DepthLow,3,0.11571447106409191,2.4576893690261405e-05,0.00048413363257068646
3707,25573,78,263,78,263,DepthMid,DepthMid,DepthMid--DepthMid,9,0.24014637839119102,2.4576448633894272e-05,0.0004841248655247598
3708,55834,218,354,218,354,DepthHigh,DepthMid,DepthHigh--DepthMid,2,0.09693577382363763,2.4576136225769932e-05,0.0004841187114809661
3709,66361,352,362,352,362,DepthMid,DepthHigh,DepthHigh--DepthMid,6,0.16082552335719902,2.4575602772317216e-05,0.00048410820312457556
3710,15093,44,68,44,68,DepthMid,DepthMid,DepthMid--DepthMid,10,0.5775645139707677,2.4574240012235806e-05,0.00048408135847948533
3711,28859,90,195,90,195,DepthLow,DepthMid,DepthLow--DepthMid,2,0.09609547294190965,2.4571418810600867e-05,0.0004840257843856657
3712,48688,176,201,176,201,DepthMid,DepthLow,DepthLow--DepthMid,3,0.10809793246588882,2.4571080713993224e-05,0.00048401912431133404
3713,9475,26,363,26,363,DepthHigh,DepthMid,DepthHigh--DepthMid,8,0.2189640205694734,2.4571003611629756e-05,0.0004840176054925697
3714,27671,86,109,86,109,DepthHigh,DepthLow,DepthHigh--DepthLow,3,0.11275005047107048,2.4569968553862982e-05,0.00048399721616742295
3715,43097,148,252,148,252,DepthMid,DepthLow,DepthLow--DepthMid,8,0.2066110201745345,2.456894819268432e-05,0.00048397711634642096
3716,57430,230,276,230,276,DepthMid,DepthHigh,DepthHigh--DepthMid,2,0.08776740374703064,2.4568186689704642e-05,0.00048396211570360533
3717,54549,210,265,210,265,DepthMid,DepthMid,DepthMid--DepthMid,8,0.22037971125629346,2.4567907092264587e-05,0.0004839566079886753
3718,24972,76,235,76,235,DepthMid,DepthHigh,DepthHigh--DepthMid,7,0.1938196509363268,2.4567082883910463e-05,0.00048394037212951804
3719,18518,54,348,54,348,DepthHigh,DepthMid,DepthHigh--DepthMid,10,0.33765509281312356,2.4566609756522734e-05,0.00048393105212009063
3720,39291,131,254,131,254,DepthLow,DepthLow,DepthLow--DepthLow,6,0.17187379765167257,2.4564869284020438e-05,0.0004838967670193963
3721,12913,37,149,37,149,DepthMid,DepthMid,DepthMid--DepthMid,9,0.23061762683887685,2.4564662107826865e-05,0.00048389268591116346
3722,1090,3,5,3,5,DepthHigh,DepthHigh,DepthHigh--DepthHigh,7,0.18036717795901205,2.4564013824754534e-05,0.0004838799155569154
3723,6621,18,241,18,241,DepthHigh,DepthHigh,DepthHigh--DepthHigh,9,0.24736837433256567,2.4563253185644913e-05,0.00048386493193124417
3724,55449,216,262,216,262,DepthMid,DepthMid,DepthMid--DepthMid,5,0.1572314204364446,2.456080096359646e-05,0.0004838166262672676
3725,56129,220,360,220,360,DepthHigh,DepthMid,DepthHigh--DepthMid,2,0.07798483684747974,2.4560052288263843e-05,0.0004838018783128287
3726,65762,327,363,327,363,DepthLow,DepthMid,DepthLow--DepthMid,7,0.19515934227934423,2.4558800978855542e-05,0.0004837772291046356
3727,63033,282,289,282,289,DepthHigh,DepthHigh,DepthHigh--DepthHigh,4,0.13821162452774577,2.4558300634806516e-05,0.00048376737296150203
3728,47022,167,263,167,263,DepthLow,DepthMid,DepthLow--DepthMid,3,0.11900328453945927,2.4555883526190196e-05,0.0004837197589876009
3729,37394,123,249,123,249,DepthLow,DepthHigh,DepthHigh--DepthLow,10,0.37094558523502386,2.4555641089831366e-05,0.0004837149832988363
3730,32954,105,300,105,300,DepthLow,DepthHigh,DepthHigh--DepthLow,8,0.22619589998966705,2.455521276113323e-05,0.00048370654576677155
3731,36809,121,147,121,147,DepthLow,DepthLow,DepthLow--DepthLow,7,0.19051109338043976,2.4554516803103495e-05,0.00048369283627633315
3732,56074,220,305,220,305,DepthHigh,DepthMid,DepthHigh--DepthMid,4,0.12166164400760933,2.455423355395404e-05,0.0004836872566273598
3733,16193,47,214,47,214,DepthHigh,DepthHigh,DepthHigh--DepthHigh,6,0.1684447491607704,2.4553243898266506e-05,0.00048366776166558636
3734,12445,35,336,35,336,DepthMid,DepthHigh,DepthHigh--DepthMid,8,0.22748420079535894,2.4552953860507837e-05,0.0004836620482896221
3735,43925,152,226,152,226,DepthLow,DepthMid,DepthLow--DepthMid,7,0.18747932613699134,2.455285330949397e-05,0.0004836600675621869
3736,17742,52,193,52,193,DepthHigh,DepthMid,DepthHigh--DepthMid,2,0.08788245804216466,2.4550630593171332e-05,0.00048361628286990586
3737,36456,119,281,119,281,DepthLow,DepthLow,DepthLow--DepthLow,10,0.2977064909344182,2.455033495809023e-05,0.0004836104592337892
3738,55157,214,267,214,267,DepthHigh,DepthHigh,DepthHigh--DepthHigh,5,0.15032691916430346,2.4549454975955082e-05,0.00048359312470188883
3739,54487,209,357,209,357,DepthLow,DepthMid,DepthLow--DepthMid,1,0.056132350363730966,2.4547704966156456e-05,0.00048355865172855375
3740,8926,25,152,25,152,DepthHigh,DepthLow,DepthHigh--DepthLow,6,0.1747881831933665,2.454739516599122e-05,0.0004835525490582466
3741,54794,211,357,211,357,DepthLow,DepthMid,DepthLow--DepthMid,3,0.10950785182109406,2.4546672006278242e-05,0.00048353830372915065
3742,10491,30,37,30,37,DepthHigh,DepthMid,DepthHigh--DepthMid,5,0.15650199039023027,2.4546162069650962e-05,0.0004835282586243926
3743,52441,197,237,197,237,DepthMid,DepthHigh,DepthHigh--DepthMid,6,0.16373687193627826,2.454608369074226e-05,0.0004835267146593063
3744,36660,120,241,120,241,DepthLow,DepthHigh,DepthHigh--DepthLow,10,0.36352193043767767,2.4545800549120724e-05,0.0004835211371284966
3745,49133,178,273,178,273,DepthLow,DepthHigh,DepthHigh--DepthLow,1,0.0016080050000580274,2.454556075241075e-05,0.00048351641343746625
3746,7662,21,250,21,250,DepthMid,DepthLow,DepthLow--DepthMid,5,0.1456103621547305,2.4544157566125685e-05,0.0004834887724474403
3747,53608,204,263,204,263,DepthLow,DepthMid,DepthLow--DepthMid,4,0.1328965553198228,2.4542641852002615e-05,0.000483458914801735
3748,29480,92,271,92,271,DepthLow,DepthHigh,DepthHigh--DepthLow,2,0.08109249575437347,2.4540419528161833e-05,0.0004834151378408486
3749,56840,226,228,226,228,DepthMid,DepthMid,DepthMid--DepthMid,10,0.300289624278847,2.4540348114244674e-05,0.0004834137310772614
3750,35945,117,261,117,261,DepthLow,DepthMid,DepthLow--DepthMid,4,0.13753145633003117,2.4535158538084883e-05,0.0004833115030093288
3751,1019,2,295,2,295,DepthHigh,DepthHigh,DepthHigh--DepthHigh,6,0.16319841646386848,2.453512388057109e-05,0.00048331082030026633
3752,32469,103,334,103,334,DepthLow,DepthHigh,DepthHigh--DepthLow,8,0.2278639711948243,2.453492430191748e-05,0.00048330688885393416
3753,7141,20,72,20,72,DepthMid,DepthMid,DepthMid--DepthMid,8,0.21615010872483562,2.4534788679687157e-05,0.00048330421726801884
3754,65648,324,363,324,363,DepthMid,DepthMid,DepthMid--DepthMid,5,0.15092404204011498,2.4534629255089515e-05,0.00048330107680565813
3755,43983,152,284,152,284,DepthLow,DepthLow,DepthLow--DepthLow,7,0.1822674040452476,2.453427302616977e-05,0.00048329405954777697
3756,51677,192,318,192,318,DepthMid,DepthHigh,DepthHigh--DepthMid,4,0.13916996787258912,2.4529873975705627e-05,0.0004832074038333524
3757,59078,243,273,243,273,DepthLow,DepthHigh,DepthHigh--DepthLow,8,0.22185350762479242,2.4529414419317295e-05,0.00048319835115539974
3758,66401,356,364,356,364,DepthMid,DepthHigh,DepthHigh--DepthMid,2,0.08948558390234274,2.4527330339936877e-05,0.00048315729743503446
3759,37153,122,249,122,249,DepthLow,DepthHigh,DepthHigh--DepthLow,10,0.34809444730638206,2.452653771936075e-05,0.00048314168381503804
3760,20399,61,87,61,87,DepthHigh,DepthMid,DepthHigh--DepthMid,9,0.2437738430222947,2.4525446260747258e-05,0.00048312018346474933
3761,22473,67,364,67,364,DepthMid,DepthHigh,DepthHigh--DepthMid,4,0.13443700039433673,2.4524525878555404e-05,0.00048310205310297494
3762,9184,26,72,26,72,DepthHigh,DepthMid,DepthHigh--DepthMid,7,0.1796979377022629,2.452384197292958e-05,0.00048308858102960643
3763,3221,8,346,8,346,DepthHigh,DepthMid,DepthHigh--DepthMid,4,0.13761837138644922,2.4523068451307274e-05,0.00048307334363477535
3764,58367,237,303,237,303,DepthHigh,DepthHigh,DepthHigh--DepthHigh,9,0.2336546733044067,2.4522817506664394e-05,0.0004830684003436067
3765,27809,86,247,86,247,DepthHigh,DepthLow,DepthHigh--DepthLow,10,0.30255881334076007,2.4522475101390694e-05,0.0004830616553940188
3766,52645,198,275,198,275,DepthLow,DepthHigh,DepthHigh--DepthLow,4,0.12854583272919384,2.452161932976045e-05,0.00048304479777835663
3767,66352,352,353,352,353,DepthMid,DepthHigh,DepthHigh--DepthMid,9,0.2352669313839283,2.452083226520129e-05,0.0004830292936048473
3768,40588,137,174,137,174,DepthLow,DepthMid,DepthLow--DepthMid,5,0.1494061217793171,2.4518693804220372e-05,0.0004829871686359293
3769,48929,177,255,177,255,DepthMid,DepthLow,DepthLow--DepthMid,8,0.2140794250655571,2.4517729147781557e-05,0.00048296816612764686
3770,59568,247,289,247,289,DepthLow,DepthHigh,DepthHigh--DepthLow,7,0.1836626755379807,2.4517563992690592e-05,0.00048296491278183623
3771,40498,136,311,136,311,DepthLow,DepthMid,DepthLow--DepthMid,7,0.18683490876656014,2.45167222955265e-05,0.00048294833241530527
3772,22218,67,109,67,109,DepthMid,DepthLow,DepthLow--DepthMid,2,0.08506816616030403,2.4515396702086113e-05,0.0004829222199059013
3773,61882,269,282,269,282,DepthHigh,DepthHigh,DepthHigh--DepthHigh,7,0.18979279121905263,2.4514705691176786e-05,0.0004829086078674601
3774,28088,87,249,87,249,DepthMid,DepthHigh,DepthHigh--DepthMid,7,0.19514241380884542,2.4511981065305606e-05,0.0004828549361936906
3775,12968,37,204,37,204,DepthMid,DepthLow,DepthLow--DepthMid,6,0.17473908806629343,2.451058555285048e-05,0.0004828274463683811
3776,44584,155,255,155,255,DepthMid,DepthLow,DepthLow--DepthMid,6,0.1731448898584169,2.4510011330414865e-05,0.0004828161349147384
3777,11450,32,331,32,331,DepthMid,DepthMid,DepthMid--DepthMid,8,0.20540647778459192,2.4509734562751424e-05,0.00048281068294281837
3778,15223,44,198,44,198,DepthMid,DepthLow,DepthLow--DepthMid,8,0.22182590301691496,2.450858572615394e-05,0.0004827880523190227
3779,30376,95,357,95,357,DepthLow,DepthMid,DepthLow--DepthMid,3,0.1081170448759731,2.450842407530172e-05,0.0004827848680022706
3780,32462,103,327,103,327,DepthLow,DepthLow,DepthLow--DepthLow,10,0.291269033445188,2.4505795895309707e-05,0.00048273309618998957
3781,59490,246,328,246,328,DepthLow,DepthLow,DepthLow--DepthLow,7,0.17882256174791017,2.450518584660316e-05,0.00048272107900425125
3782,48459,174,349,174,349,DepthMid,DepthMid,DepthMid--DepthMid,4,0.13816358176568258,2.4504403985920445e-05,0.0004827056773405074
3783,27254,84,249,84,249,DepthHigh,DepthHigh,DepthHigh--DepthHigh,6,0.16612367324298438,2.4504233756255713e-05,0.00048270232403203005
3784,56771,225,297,225,297,DepthHigh,DepthHigh,DepthHigh--DepthHigh,7,0.1981184678581936,2.4503583861629423e-05,0.00048268952193221307
3785,48480,175,181,175,181,DepthMid,DepthMid,DepthMid--DepthMid,6,0.16827582997250395,2.4503542236740445e-05,0.0004826887019746969
3786,22217,67,108,67,108,DepthMid,DepthLow,DepthLow--DepthMid,6,0.16407707026073248,2.450320691268815e-05,0.00048268209651618893
3787,11458,32,339,32,339,DepthMid,DepthHigh,DepthHigh--DepthMid,7,0.1860828220655313,2.4502499322360294e-05,0.00048266815788423185
3788,35022,113,332,113,332,DepthLow,DepthMid,DepthLow--DepthMid,9,0.2514168307406485,2.450079232652595e-05,0.00048263453223143456
3789,63379,286,317,286,317,DepthLow,DepthMid,DepthLow--DepthMid,9,0.2318145422506535,2.4499464801996273e-05,0.000482608381682021
3790,14214,41,152,41,152,DepthMid,DepthLow,DepthLow--DepthMid,8,0.22546520115722715,2.4495960545151467e-05,0.00048253935226694856
3791,61131,261,319,261,319,DepthMid,DepthHigh,DepthHigh--DepthMid,2,0.09948138377186543,2.449455212257448e-05,0.00048251160812861336
3792,23535,71,248,71,248,DepthMid,DepthHigh,DepthHigh--DepthMid,3,0.12037425437263721,2.4491284991640702e-05,0.00048244724979321963
3793,12849,37,85,37,85,DepthMid,DepthHigh,DepthHigh--DepthMid,10,0.2746340654083423,2.4489378307596325e-05,0.0004824096905359676
3794,11375,32,256,32,256,DepthMid,DepthLow,DepthLow--DepthMid,10,0.3058383189823794,2.448577446676475e-05,0.0004823386994426673
3795,26068,80,189,80,189,DepthHigh,DepthLow,DepthHigh--DepthLow,10,0.3064040413628328,2.4485251260958227e-05,0.0004823283929519087
3796,62903,280,324,280,324,DepthLow,DepthMid,DepthLow--DepthMid,9,0.23203021947009872,2.4484652653432896e-05,0.0004823166011429285
3797,52006,194,306,194,306,DepthMid,DepthHigh,DepthHigh--DepthMid,8,0.2129782991479966,2.4482952319846168e-05,0.0004822831067279589
3798,57185,228,300,228,300,DepthMid,DepthHigh,DepthHigh--DepthMid,6,0.17713565792373037,2.4482671382856164e-05,0.00048227757262559395
3799,14064,40,325,40,325,DepthMid,DepthLow,DepthLow--DepthMid,6,0.16757784301653972,2.4480906433842745e-05,0.0004822428053686763
3800,15827,46,165,46,165,DepthHigh,DepthLow,DepthHigh--DepthLow,10,0.2872442679465794,2.4480284507553597e-05,0.00048223055420962616
3801,22223,67,114,67,114,DepthMid,DepthLow,DepthLow--DepthMid,7,0.1946883113678899,2.447923554464666e-05,0.00048220989097085535
3802,62434,275,285,275,285,DepthHigh,DepthLow,DepthHigh--DepthLow,9,0.2402946726718835,2.447847124379627e-05,0.00048219483521353546
3803,10611,30,157,30,157,DepthHigh,DepthMid,DepthHigh--DepthMid,8,0.21632251572546743,2.4477847847281294e-05,0.0004821825550929014
3804,33628,108,203,108,203,DepthLow,DepthLow,DepthLow--DepthLow,8,0.2053046531103099,2.4476241254963914e-05,0.00048215090726203734
3805,46359,164,194,164,194,DepthLow,DepthMid,DepthLow--DepthMid,9,0.23911626303310893,2.4475708469486038e-05,0.0004821404120639039
3806,5076,14,86,14,86,DepthHigh,DepthHigh,DepthHigh--DepthHigh,4,0.13790817073891276,2.447351595187221e-05,0.00048209722224788255
3807,25303,77,279,77,279,DepthMid,DepthHigh,DepthHigh--DepthMid,5,0.1417629213519738,2.4471944696093606e-05,0.0004820662705020118
3808,45246,158,296,158,296,DepthHigh,DepthHigh,DepthHigh--DepthHigh,4,0.13337188976238368,2.4471556881193997e-05,0.0004820586310403907
3809,20388,61,76,61,76,DepthHigh,DepthMid,DepthHigh--DepthMid,5,0.14285006595967795,2.44714817268492e-05,0.0004820571505951234
3810,59375,245,331,245,331,DepthLow,DepthMid,DepthLow--DepthMid,10,0.28942612068747864,2.4469443283661276e-05,0.0004820169958498656
3811,36828,121,166,121,166,DepthLow,DepthMid,DepthLow--DepthMid,9,0.26795248137724864,2.4467831704075207e-05,0.00048198524977613417
3812,54847,212,258,212,258,DepthLow,DepthMid,DepthLow--DepthMid,1,0.020288620753122825,2.4466745565550174e-05,0.00048196385422484013
3813,8057,22,303,22,303,DepthMid,DepthHigh,DepthHigh--DepthMid,10,0.3683185767863289,2.4465931520700955e-05,0.00048194781857383826
3814,35039,113,349,113,349,DepthLow,DepthMid,DepthLow--DepthMid,8,0.21998893654916452,2.446568264732277e-05,0.0004819429160839569
3815,23728,72,149,72,149,DepthMid,DepthMid,DepthMid--DepthMid,9,0.2640607975366723,2.4462972113906696e-05,0.00048188952201367826
3816,42526,145,332,145,332,DepthLow,DepthMid,DepthLow--DepthMid,9,0.23073462476711518,2.4462181303787722e-05,0.00048187394405739146
3817,12793,36,356,36,356,DepthMid,DepthMid,DepthMid--DepthMid,8,0.222750761655857,2.446162964537372e-05,0.00048186307708635457
3818,62099,271,312,271,312,DepthHigh,DepthMid,DepthHigh--DepthMid,10,0.3350024365935925,2.4460212402861368e-05,0.0004818351592064798
3819,10593,30,139,30,139,DepthHigh,DepthLow,DepthHigh--DepthLow,8,0.2121081636992063,2.445971631792265e-05,0.0004818253869624171
3820,27696,86,134,86,134,DepthHigh,DepthLow,DepthHigh--DepthLow,4,0.1285702901810169,2.4459367070749584e-05,0.0004818185072360899
3821,23093,70,99,70,99,DepthHigh,DepthLow,DepthHigh--DepthLow,7,0.19535005281054507,2.4457949109202035e-05,0.0004817905751921338
3822,38010,126,148,126,148,DepthLow,DepthMid,DepthLow--DepthMid,7,0.17997506381718664,2.445662835214411e-05,0.00048176455795333
3823,33920,109,240,109,240,DepthLow,DepthHigh,DepthHigh--DepthLow,1,0.06819143624870397,2.4455716125074468e-05,0.00048174658823711924
3824,25670,78,360,78,360,DepthMid,DepthMid,DepthMid--DepthMid,9,0.24153761680408342,2.4452766567532838e-05,0.00048168848569474335
3825,17693,52,144,52,144,DepthHigh,DepthLow,DepthHigh--DepthLow,7,0.18965933156606843,2.4452479235896957e-05,0.0004816828256259656
3826,24657,75,208,75,208,DepthMid,DepthMid,DepthMid--DepthMid,7,0.1832659646984039,2.4451538689386033e-05,0.00048166429805268174
3827,58151,235,342,235,342,DepthHigh,DepthMid,DepthHigh--DepthMid,8,0.22490271901866596,2.4450825181528913e-05,0.00048165024285290394
3828,48682,176,195,176,195,DepthMid,DepthMid,DepthMid--DepthMid,3,0.11799531793948559,2.4450299865510628e-05,0.00048163989479365016
3829,19661,58,261,58,261,DepthHigh,DepthMid,DepthHigh--DepthMid,7,0.18421489839555572,2.4448171404090577e-05,0.0004815979668033979
3830,42750,146,338,146,338,DepthLow,DepthHigh,DepthHigh--DepthLow,7,0.18123124040931662,2.444742785582714e-05,0.00048158331984571865
3831,22125,66,313,66,313,DepthMid,DepthHigh,DepthHigh--DepthMid,10,0.3907545145913298,2.444729732416057e-05,0.0004815807485374525
3832,555,1,193,1,193,DepthHigh,DepthMid,DepthHigh--DepthMid,2,0.07410399469841877,2.4446648752560837e-05,0.00048156797249958056
3833,23856,72,277,72,277,DepthMid,DepthHigh,DepthHigh--DepthMid,6,0.16870081403934786,2.4445899599811677e-05,0.0004815532151406412
3834,1457,4,12,4,12,DepthHigh,DepthHigh,DepthHigh--DepthHigh,3,0.10832975818634394,2.444493633142193e-05,0.00048153423997516484
3835,28407,88,292,88,292,DepthLow,DepthHigh,DepthHigh--DepthLow,3,0.11032871389875046,2.444403751275205e-05,0.0004815165343874223
3836,56191,221,279,221,279,DepthMid,DepthHigh,DepthHigh--DepthMid,5,0.14574562316762615,2.4443284676384936e-05,0.0004815017044658815
3837,20470,61,158,61,158,DepthHigh,DepthHigh,DepthHigh--DepthHigh,7,0.18915516762245363,2.4443117660549336e-05,0.0004814984144657617
3838,53242,202,218,202,218,DepthHigh,DepthHigh,DepthHigh--DepthHigh,1,0.0536766895494026,2.4442994108296242e-05,0.0004814959806430884
3839,41998,143,243,143,243,DepthLow,DepthLow,DepthLow--DepthLow,5,0.14880808973436221,2.4442892898306278e-05,0.00048149398693466
3840,10452,29,332,29,332,DepthMid,DepthMid,DepthMid--DepthMid,9,0.23798880540793685,2.4442260945067272e-05,0.00048148153825741587
3841,62134,271,347,271,347,DepthHigh,DepthMid,DepthHigh--DepthMid,8,0.20857078632307025,2.444047606895792e-05,0.0004814463784619836
3842,52892,199,357,199,357,DepthLow,DepthMid,DepthLow--DepthMid,4,0.13791297495665253,2.4440110408046603e-05,0.00048143917540583196
3843,54220,208,245,208,245,DepthMid,DepthLow,DepthLow--DepthMid,9,0.23779564161889644,2.4438677377256834e-05,0.00048141094651691784
3844,58294,236,357,236,357,DepthMid,DepthMid,DepthMid--DepthMid,7,0.18902403171398005,2.4438642207584985e-05,0.0004814102537189913
3845,65843,330,339,330,339,DepthMid,DepthHigh,DepthHigh--DepthMid,2,0.09291849118797806,2.4438370027909466e-05,0.00048140489212461404
3846,17950,53,90,53,90,DepthHigh,DepthLow,DepthHigh--DepthLow,1,0.058853910366233,2.4436135453272267e-05,0.0004813608738385771
3847,11420,32,301,32,301,DepthMid,DepthHigh,DepthHigh--DepthMid,9,0.24958754799580704,2.4435736462614368e-05,0.0004813530142286929
3848,33334,107,165,107,165,DepthLow,DepthLow,DepthLow--DepthLow,10,0.44048197366180036,2.4433383608775e-05,0.00048130666599239755
3849,66006,335,347,335,347,DepthHigh,DepthMid,DepthHigh--DepthMid,6,0.1711683063845273,2.4433316437897835e-05,0.0004813053428113164
3850,45936,162,172,162,172,DepthHigh,DepthLow,DepthHigh--DepthLow,4,0.12164069187951254,2.443270262945892e-05,0.0004812932515636193
3851,5680,15,341,15,341,DepthHigh,DepthHigh,DepthHigh--DepthHigh,6,0.17767398521209204,2.4432475475245777e-05,0.0004812887769137409
3852,24535,75,86,75,86,DepthMid,DepthHigh,DepthHigh--DepthMid,6,0.16150588923603174,2.4432332614509936e-05,0.0004812859627384482
3853,28470,88,355,88,355,DepthLow,DepthMid,DepthLow--DepthMid,3,0.11609310438434842,2.443192793587409e-05,0.000481277991082613
3854,61184,262,270,262,270,DepthMid,DepthHigh,DepthHigh--DepthMid,1,0.06914042801227267,2.4431808443596336e-05,0.0004812756372363043
3855,31517,100,168,100,168,DepthLow,DepthLow,DepthLow--DepthLow,7,0.18611824034584665,2.4431764728472052e-05,0.0004812747761038038
3856,59169,243,364,243,364,DepthLow,DepthHigh,DepthHigh--DepthLow,4,0.13335351893247324,2.443037815372254e-05,0.0004812474623399583
3857,38715,129,145,129,145,DepthLow,DepthLow,DepthLow--DepthLow,10,0.34130814068119275,2.4428900746172986e-05,0.0004812183592851635
3858,20545,61,233,61,233,DepthHigh,DepthMid,DepthHigh--DepthMid,8,0.21862598217229742,2.4428726853978604e-05,0.0004812149338294976
3859,7689,21,277,21,277,DepthMid,DepthHigh,DepthHigh--DepthMid,7,0.20105653999614603,2.442850273306345e-05,0.0004812105189317421
3860,18199,53,339,53,339,DepthHigh,DepthHigh,DepthHigh--DepthHigh,7,0.19079407016641803,2.442821901273017e-05,0.0004812049300010451
3861,35729,116,292,116,292,DepthLow,DepthHigh,DepthHigh--DepthLow,5,0.1481207139334585,2.442674659528692e-05,0.00048117592524501507
3862,45482,159,327,159,327,DepthHigh,DepthLow,DepthHigh--DepthLow,5,0.1454192901942425,2.442462714586588e-05,0.00048113417477971265
3863,31056,98,236,98,236,DepthLow,DepthMid,DepthLow--DepthMid,2,0.09550200247922494,2.4424585709438448e-05,0.0004811333585346498
3864,32156,102,282,102,282,DepthLow,DepthHigh,DepthHigh--DepthLow,3,0.1015852991057292,2.442388681075196e-05,0.0004811195911170033
3865,29523,92,314,92,314,DepthLow,DepthMid,DepthLow--DepthMid,2,0.09180308273056041,2.4423652078217546e-05,0.00048111496718380813
3866,47822,171,285,171,285,DepthLow,DepthLow,DepthLow--DepthLow,8,0.2112235129498468,2.4423376445055497e-05,0.0004811095375601266
3867,66142,340,353,340,353,DepthMid,DepthHigh,DepthHigh--DepthMid,10,0.2752850877508531,2.4422037627996955e-05,0.0004810831645622177
3868,34404,111,217,111,217,DepthLow,DepthLow,DepthLow--DepthLow,3,0.1205853766736227,2.4419509253334355e-05,0.00048103335878833386
3869,42639,146,227,146,227,DepthLow,DepthMid,DepthLow--DepthMid,7,0.18199151115601356,2.441925257773744e-05,0.00048102830260463985
3870,37069,122,165,122,165,DepthLow,DepthLow,DepthLow--DepthLow,10,0.6613732499722326,2.4418883150866e-05,0.00048102102536385044
3871,26194,80,315,80,315,DepthHigh,DepthMid,DepthHigh--DepthMid,8,0.2136805426278183,2.4418450422409557e-05,0.0004810125011621277
3872,62785,279,290,279,290,DepthHigh,DepthHigh,DepthHigh--DepthHigh,4,0.13307523027008025,2.441608164162143e-05,0.00048096583918514344
3873,58941,242,257,242,257,DepthHigh,DepthLow,DepthHigh--DepthLow,3,0.10949854586998463,2.441598372650688e-05,0.0004809639103815815
3874,24301,74,141,74,141,DepthMid,DepthLow,DepthLow--DepthMid,8,0.2065128380355096,2.441497994905314e-05,0.0004809441372389258
3875,45530,160,171,160,171,DepthLow,DepthLow,DepthLow--DepthLow,6,0.16021160788922714,2.4414527549094033e-05,0.00048093522553355173
3876,34659,112,220,112,220,DepthLow,DepthHigh,DepthHigh--DepthLow,3,0.11885400231258285,2.4411932649485707e-05,0.00048088410930261676
3877,65633,324,348,324,348,DepthMid,DepthMid,DepthMid--DepthMid,6,0.1647748401314876,2.4411614300119305e-05,0.00048087783822389036
3878,52329,196,292,196,292,DepthMid,DepthHigh,DepthHigh--DepthMid,6,0.16483446127851678,2.4410886279584944e-05,0.00048086349714277865
3879,14407,41,345,41,345,DepthMid,DepthMid,DepthMid--DepthMid,8,0.2275465288001334,2.4409806185103307e-05,0.00048084222065147326
3880,59212,244,287,244,287,DepthLow,DepthHigh,DepthHigh--DepthLow,7,0.18451793300264063,2.440743276280865e-05,0.00048079546724269756
3881,1322,3,237,3,237,DepthHigh,DepthHigh,DepthHigh--DepthHigh,7,0.18491493435605763,2.4407373076498302e-05,0.0004807942914980894
3882,30778,97,224,97,224,DepthLow,DepthLow,DepthLow--DepthLow,9,0.24620053950221565,2.440702519329247e-05,0.00048078743864018666
3883,43090,148,245,148,245,DepthMid,DepthLow,DepthLow--DepthMid,8,0.22074284024814195,2.4405275449599386e-05,0.00048075297090879323
3884,44465,154,345,154,345,DepthHigh,DepthMid,DepthHigh--DepthMid,9,0.23042780860973386,2.440425891128952e-05,0.0004807329463934575
3885,5164,14,174,14,174,DepthHigh,DepthMid,DepthHigh--DepthMid,5,0.14003966869800452,2.4402375261677463e-05,0.00048069584088530556
3886,54979,213,239,213,239,DepthHigh,DepthHigh,DepthHigh--DepthHigh,3,0.1070604556126674,2.440220990603842e-05,0.00048069258358895213
3887,41568,141,256,141,256,DepthLow,DepthLow,DepthLow--DepthLow,8,0.21080567021090663,2.440103965587631e-05,0.00048066953114509414
3888,26783,82,339,82,339,DepthHigh,DepthHigh,DepthHigh--DepthHigh,5,0.1435756907923048,2.440058447108937e-05,0.00048066056458214394
3889,7828,22,74,22,74,DepthMid,DepthMid,DepthMid--DepthMid,10,0.28059715713518124,2.4400166071963954e-05,0.0004806523226500673
3890,2520,6,358,6,358,DepthHigh,DepthMid,DepthHigh--DepthMid,7,0.19888707908227124,2.4398234764881098e-05,0.00048061427835018885
3891,56487,223,292,223,292,DepthLow,DepthHigh,DepthHigh--DepthLow,1,0.06389500246206901,2.439821327579891e-05,0.0004806138550425263
3892,38704,129,134,129,134,DepthLow,DepthLow,DepthLow--DepthLow,9,0.23028087063360478,2.4394706416488657e-05,0.0004805447743621855
3893,59627,247,348,247,348,DepthLow,DepthMid,DepthLow--DepthMid,10,0.35353043531148365,2.4394576540764613e-05,0.0004805422159751551
3894,7140,20,71,20,71,DepthMid,DepthMid,DepthMid--DepthMid,5,0.1528432315245476,2.4393452872499438e-05,0.00048052008113558264
3895,17198,50,274,50,274,DepthHigh,DepthHigh,DepthHigh--DepthHigh,8,0.20601559377976592,2.4391515024349395e-05,0.0004804819079849773
3896,48438,174,328,174,328,DepthMid,DepthLow,DepthLow--DepthMid,7,0.18862119540092473,2.4389642631474696e-05,0.0004804450242202733
3897,61719,267,310,267,310,DepthHigh,DepthHigh,DepthHigh--DepthHigh,9,0.27062591544627757,2.4388803014213813e-05,0.00048042848482519743
3898,42101,143,346,143,346,DepthLow,DepthMid,DepthLow--DepthMid,4,0.13647886411423715,2.4388350711519336e-05,0.0004804195750358132
3899,20560,61,248,61,248,DepthHigh,DepthHigh,DepthHigh--DepthHigh,7,0.1844100638695752,2.438131565678258e-05,0.00048028099338070395
3900,58020,234,340,234,340,DepthLow,DepthMid,DepthLow--DepthMid,8,0.2218435391733108,2.4381167075950774e-05,0.00048027806652677606
3901,38045,126,183,126,183,DepthLow,DepthMid,DepthLow--DepthMid,9,0.23750002210053806,2.4380561123084582e-05,0.00048026613002389765
3902,25781,79,186,79,186,DepthMid,DepthMid,DepthMid--DepthMid,10,0.3087059190096763,2.43799984170136e-05,0.00048025504542803104
3903,40457,136,270,136,270,DepthLow,DepthHigh,DepthHigh--DepthLow,4,0.1281217895675807,2.4377013170908327e-05,0.0004801962398662185
3904,17494,51,257,51,257,DepthHigh,DepthLow,DepthHigh--DepthLow,2,0.07614587808634664,2.437535824250562e-05,0.00048016363987578254
3905,55499,216,312,216,312,DepthMid,DepthMid,DepthMid--DepthMid,10,0.27327926198377644,2.4374957511291075e-05,0.0004801557459791401
3906,54578,210,294,210,294,DepthMid,DepthLow,DepthLow--DepthMid,3,0.11318761329599929,2.437462078572453e-05,0.00048014911291257916
3907,23120,70,126,70,126,DepthHigh,DepthLow,DepthHigh--DepthLow,8,0.21762871198684056,2.4374589853953903e-05,0.00048014850359593135
3908,32722,104,327,104,327,DepthLow,DepthLow,DepthLow--DepthLow,10,0.2966645629032851,2.437168301810642e-05,0.0004800912426167424
3909,30714,97,160,97,160,DepthLow,DepthLow,DepthLow--DepthLow,9,0.2381006013372179,2.4371061945529653e-05,0.00048007900827474337
3910,60797,258,297,258,297,DepthMid,DepthHigh,DepthHigh--DepthMid,3,0.1075683527673801,2.436803012569535e-05,0.0004800192852695426
3911,49957,182,363,182,363,DepthLow,DepthMid,DepthLow--DepthMid,8,0.20366705905605842,2.4367268269212565e-05,0.0004800042776631642
3912,60628,256,341,256,341,DepthLow,DepthHigh,DepthHigh--DepthLow,3,0.10730933693925843,2.4366227300737047e-05,0.00047998377190455223
3913,3156,8,281,8,281,DepthHigh,DepthLow,DepthHigh--DepthLow,2,0.08790943809839054,2.4365766793879746e-05,0.0004799747005035665
3914,50406,185,272,185,272,DepthLow,DepthHigh,DepthHigh--DepthLow,8,0.21402451533014274,2.4365568244032613e-05,0.00047997078932341693
3915,62071,271,284,271,284,DepthHigh,DepthLow,DepthHigh--DepthLow,6,0.16825592576920775,2.436434585857837e-05,0.00047994670988043186
3916,5296,14,306,14,306,DepthHigh,DepthHigh,DepthHigh--DepthHigh,5,0.14504255660316376,2.436093462839303e-05,0.0004798795129725567
3917,61018,260,309,260,309,DepthMid,DepthHigh,DepthHigh--DepthMid,5,0.14609415639688794,2.4360467501896296e-05,0.00047987031117307035
3918,27191,84,186,84,186,DepthHigh,DepthMid,DepthHigh--DepthMid,7,0.18426765724076,2.4357552567526455e-05,0.000479812890663263
3919,36031,117,347,117,347,DepthLow,DepthMid,DepthLow--DepthMid,2,0.09735340880662695,2.4356981444178543e-05,0.00047980164025771726
3920,2285,6,123,6,123,DepthHigh,DepthLow,DepthHigh--DepthLow,9,0.26342935281515406,2.4356370936199297e-05,0.0004797896140248893
3921,33632,108,207,108,207,DepthLow,DepthLow,DepthLow--DepthLow,7,0.18463237828724954,2.435609217886482e-05,0.0004797841228589736
3922,42086,143,331,143,331,DepthLow,DepthMid,DepthLow--DepthMid,6,0.17457986587846938,2.43557489591345e-05,0.0004797773618656234
3923,9534,27,85,27,85,DepthMid,DepthHigh,DepthHigh--DepthMid,7,0.1869959617704623,2.435573554323988e-05,0.0004797770975895159
3924,37837,125,213,125,213,DepthLow,DepthHigh,DepthHigh--DepthLow,4,0.12655822064026878,2.4355460583937177e-05,0.0004797716812400088
3925,38358,127,259,127,259,DepthLow,DepthMid,DepthLow--DepthMid,10,0.27755731245563203,2.4353507967177783e-05,0.0004797332171665316
3926,35379,115,190,115,190,DepthLow,DepthMid,DepthLow--DepthMid,4,0.13383023574526248,2.4351916058545234e-05,0.00047970185858563403
3927,66224,344,349,344,349,DepthHigh,DepthMid,DepthHigh--DepthMid,2,0.09039200595310325,2.4350948267928182e-05,0.00047968279433801566
3928,63097,282,353,282,353,DepthHigh,DepthHigh,DepthHigh--DepthHigh,10,0.27321416833305656,2.4350536379090495e-05,0.00047967468065034964
3929,47324,169,174,169,174,DepthLow,DepthMid,DepthLow--DepthMid,2,0.09654008993235609,2.4350151520797058e-05,0.00047966709943012
3930,61693,267,284,267,284,DepthHigh,DepthLow,DepthHigh--DepthLow,7,0.18389279951416182,2.43492555010027e-05,0.00047964944897667513
3931,1298,3,213,3,213,DepthHigh,DepthHigh,DepthHigh--DepthHigh,4,0.1393294112042593,2.4348818225940495e-05,0.00047964083521258576
3932,37353,123,208,123,208,DepthLow,DepthMid,DepthLow--DepthMid,5,0.15288504956907698,2.434852952729203e-05,0.000479635148215394
3933,15808,46,146,46,146,DepthHigh,DepthLow,DepthHigh--DepthLow,7,0.20011843713417518,2.4348258486546188e-05,0.0004796298090564867
3934,57094,227,345,227,345,DepthMid,DepthMid,DepthMid--DepthMid,9,0.25799110376978657,2.4347648796797783e-05,0.00047961779894176854
3935,41559,141,247,141,247,DepthLow,DepthLow,DepthLow--DepthLow,8,0.226681780052962,2.4345885422596717e-05,0.0004795830627066567
3936,25369,77,345,77,345,DepthMid,DepthMid,DepthMid--DepthMid,6,0.16225254189338983,2.434470024309259e-05,0.0004795597161736972
3937,13318,38,228,38,228,DepthMid,DepthMid,DepthMid--DepthMid,9,0.2629776138491191,2.434450316810812e-05,0.0004795558340464714
3938,17239,50,315,50,315,DepthHigh,DepthMid,DepthHigh--DepthMid,7,0.18668928447520702,2.4340256079211436e-05,0.00047947217178217897
3939,46118,162,354,162,354,DepthHigh,DepthMid,DepthHigh--DepthMid,2,0.07964948572162327,2.433898681412461e-05,0.0004794471688698938
3940,46645,165,281,165,281,DepthLow,DepthLow,DepthLow--DepthLow,10,0.32789907393106094,2.4338892046108682e-05,0.00047944530206018297
3941,17191,50,267,50,267,DepthHigh,DepthHigh,DepthHigh--DepthHigh,7,0.19008202077248995,2.4337548293469066e-05,0.0004794188318375872
3942,22681,68,276,68,276,DepthMid,DepthHigh,DepthHigh--DepthMid,9,0.2282571240773887,2.433727716810142e-05,0.0004794134910117377
3943,41887,142,353,142,353,DepthLow,DepthHigh,DepthHigh--DepthLow,7,0.19198724040619536,2.433682113485953e-05,0.00047940450773530124
3944,25653,78,343,78,343,DepthMid,DepthHigh,DepthHigh--DepthMid,3,0.10369953349083028,2.4336801862003082e-05,0.0004794041280844748
3945,58906,241,344,241,344,DepthHigh,DepthHigh,DepthHigh--DepthHigh,5,0.15754815059453384,2.4336168042565925e-05,0.0004793916426454941
3946,52642,198,272,198,272,DepthLow,DepthHigh,DepthHigh--DepthLow,1,0.06023645400755268,2.4335422660016713e-05,0.0004793769595547116
3947,5550,15,211,15,211,DepthHigh,DepthLow,DepthHigh--DepthLow,4,0.13713811940216888,2.4334787758650294e-05,0.0004793644528030968
3948,3204,8,329,8,329,DepthHigh,DepthLow,DepthHigh--DepthLow,5,0.1483664586427164,2.4334552700925006e-05,0.0004793598224640539
3949,32255,103,120,103,120,DepthLow,DepthLow,DepthLow--DepthLow,3,0.11403258733230534,2.4334369003191915e-05,0.00047935620385171265
3950,46611,165,247,165,247,DepthLow,DepthLow,DepthLow--DepthLow,10,0.2713291858067658,2.433384884493575e-05,0.0004793459573938306
3951,52427,197,223,197,223,DepthMid,DepthLow,DepthLow--DepthMid,3,0.1135914927795622,2.4333354449187922e-05,0.00047933621842468586
3952,17276,50,352,50,352,DepthHigh,DepthMid,DepthHigh--DepthMid,3,0.11943357787978057,2.4333116599147295e-05,0.0004793315330805725
3953,52900,200,201,200,201,DepthLow,DepthLow,DepthLow--DepthLow,10,0.8227061353339645,2.4332935346028695e-05,0.000479327962624036
3954,23940,72,361,72,361,DepthMid,DepthHigh,DepthHigh--DepthMid,4,0.12186814784012562,2.4332542895258378e-05,0.0004793202318416421
3955,40557,137,143,137,143,DepthLow,DepthLow,DepthLow--DepthLow,5,0.15517022066679548,2.4332516463067012e-05,0.00047931971116099855
3956,64224,298,304,298,304,DepthHigh,DepthHigh,DepthHigh--DepthHigh,9,0.2327048617364414,2.4331442063413142e-05,0.00047929854685057694
3957,16737,49,127,49,127,DepthHigh,DepthLow,DepthHigh--DepthLow,4,0.12439840204992834,2.4330453265206014e-05,0.0004792790687800799
3958,58431,238,241,238,241,DepthMid,DepthHigh,DepthHigh--DepthMid,4,0.13813949779482826,2.433005281231122e-05,0.0004792711803659836
3959,59777,249,267,249,267,DepthHigh,DepthHigh,DepthHigh--DepthHigh,10,0.3488796595437258,2.4328397540921428e-05,0.0004792385736191371
3960,53704,204,359,204,359,DepthLow,DepthHigh,DepthHigh--DepthLow,3,0.10207121900301275,2.432837856639942e-05,0.0004792381998451207
3961,34196,110,262,110,262,DepthLow,DepthMid,DepthLow--DepthMid,4,0.12484775856234084,2.4326825266647524e-05,0.00047920760181020084
3962,54209,208,234,208,234,DepthMid,DepthLow,DepthLow--DepthMid,6,0.17809429181684888,2.432468424483344e-05,0.0004791654263961176
3963,9368,26,256,26,256,DepthHigh,DepthLow,DepthHigh--DepthLow,9,0.2629584949404,2.4324637792203778e-05,0.00047916451133823344
3964,58206,236,269,236,269,DepthMid,DepthHigh,DepthHigh--DepthMid,4,0.13871329914654795,2.43231922561746e-05,0.0004791360361119645
3965,47330,169,180,169,180,DepthLow,DepthMid,DepthLow--DepthMid,2,0.09026661667726713,2.4322046737681046e-05,0.0004791134708506076
3966,27838,86,276,86,276,DepthHigh,DepthHigh,DepthHigh--DepthHigh,9,0.26711002883168194,2.4321091703907383e-05,0.00047909465789662336
3967,26830,83,105,83,105,DepthHigh,DepthLow,DepthHigh--DepthLow,5,0.1504114366051063,2.4318741924640786e-05,0.00047904837022551185
3968,10105,28,320,28,320,DepthHigh,DepthHigh,DepthHigh--DepthHigh,2,0.07837454942832014,2.4318305564123842e-05,0.0004790397744768041
3969,29433,92,224,92,224,DepthLow,DepthLow,DepthLow--DepthLow,4,0.12825040811184027,2.4316934382600097e-05,0.00047901276393998155
3970,15105,44,80,44,80,DepthMid,DepthHigh,DepthHigh--DepthMid,9,0.2622149038101305,2.4316021262378088e-05,0.0004789947766298021
3971,9444,26,332,26,332,DepthHigh,DepthMid,DepthHigh--DepthMid,9,0.23115147821279772,2.4315641896921176e-05,0.00047898730361148486
3972,15411,45,67,45,67,DepthMid,DepthMid,DepthMid--DepthMid,10,0.6037253586040814,2.431417215628933e-05,0.00047895835158524435
3973,58049,235,240,235,240,DepthHigh,DepthHigh,DepthHigh--DepthHigh,9,0.2516167417189663,2.4311327351823503e-05,0.0004789023125455938
3974,55963,219,338,219,338,DepthMid,DepthHigh,DepthHigh--DepthMid,8,0.22289510639142815,2.431017812979225e-05,0.00047887967432924184
3975,18942,56,155,56,155,DepthHigh,DepthMid,DepthHigh--DepthMid,7,0.1851307063039354,2.4306393142845163e-05,0.00047880511488723016
3976,35302,114,362,114,362,DepthLow,DepthHigh,DepthHigh--DepthLow,5,0.14054952017149927,2.4306223912192953e-05,0.0004788017812580324
3977,66304,348,359,348,359,DepthMid,DepthHigh,DepthHigh--DepthMid,4,0.12186177332176593,2.430493369132551e-05,0.0004787763655434491
3978,56689,224,354,224,354,DepthLow,DepthMid,DepthLow--DepthMid,8,0.22219027546353065,2.430378420058575e-05,0.00047875372203388033
3979,43835,151,348,151,348,DepthMid,DepthMid,DepthMid--DepthMid,9,0.23786497177038785,2.4302592573192228e-05,0.00047873024848567823
3980,49553,180,324,180,324,DepthMid,DepthMid,DepthMid--DepthMid,5,0.1493602908192865,2.4300806962622027e-05,0.0004786950742222989
3981,5237,14,247,14,247,DepthHigh,DepthLow,DepthHigh--DepthLow,3,0.10694229259010925,2.430063803982353e-05,0.0004786917466574288
3982,18396,54,226,54,226,DepthHigh,DepthMid,DepthHigh--DepthMid,10,0.36777615497485183,2.4294249823979705e-05,0.0004785659069080652
3983,25694,79,99,79,99,DepthMid,DepthLow,DepthLow--DepthMid,4,0.1276614187170288,2.4292283789230936e-05,0.0004785271785172166
3984,53664,204,319,204,319,DepthLow,DepthHigh,DepthHigh--DepthLow,1,0.04687815490421647,2.42907334756006e-05,0.00047849663930510383
3985,9015,25,241,25,241,DepthHigh,DepthHigh,DepthHigh--DepthHigh,9,0.23276657625228242,2.428775193353599e-05,0.00047843790670819427
3986,28248,88,133,88,133,DepthLow,DepthLow,DepthLow--DepthLow,5,0.1532777072214446,2.4287385648123627e-05,0.00047843069135016403
3987,63219,284,314,284,314,DepthLow,DepthMid,DepthLow--DepthMid,8,0.2053738588551152,2.4286826590649217e-05,0.000478419678627022
3988,43392,149,332,149,332,DepthMid,DepthMid,DepthMid--DepthMid,10,0.28223066378572503,2.4283861077340918e-05,0.00047836126177628095
3989,44051,152,352,152,352,DepthLow,DepthMid,DepthLow--DepthMid,4,0.13635252386752045,2.4283683213885146e-05,0.0004783577580918027
3990,30775,97,221,97,221,DepthLow,DepthMid,DepthLow--DepthMid,6,0.16771263904254144,2.427997790583208e-05,0.0004782847682229392
3991,2194,6,32,6,32,DepthHigh,DepthMid,DepthHigh--DepthMid,10,0.2962449733951753,2.427974865025056e-05,0.00047828025217876917
3992,65909,332,340,332,340,DepthMid,DepthMid,DepthMid--DepthMid,10,0.3078529987689628,2.427943136277887e-05,0.00047827400201802165
3993,32902,105,248,105,248,DepthLow,DepthHigh,DepthHigh--DepthLow,7,0.17981615336578133,2.427915274872901e-05,0.00047826851367463116
3994,8584,24,149,24,149,DepthMid,DepthMid,DepthMid--DepthMid,10,0.3144590658128533,2.4278322712467413e-05,0.0004782521630130888
3995,7449,21,37,21,37,DepthMid,DepthMid,DepthMid--DepthMid,10,0.2858587471653964,2.4276866164600973e-05,0.00047822347086759313
3996,24247,74,87,74,87,DepthMid,DepthMid,DepthMid--DepthMid,10,0.352450808363002,2.4276735145814946e-05,0.0004782208899636915
3997,55509,216,322,216,322,DepthMid,DepthLow,DepthLow--DepthMid,4,0.13812721304204736,2.4274356945651745e-05,0.00047817404243696577
3998,48894,177,220,177,220,DepthMid,DepthHigh,DepthHigh--DepthMid,1,0.06933774181674437,2.4274027184898282e-05,0.00047816754656838836
3999,49922,182,328,182,328,DepthLow,DepthLow,DepthLow--DepthLow,10,0.3101289575191586,2.4273750388911398e-05,0.00047816209403853246
4000,9143,26,31,26,31,DepthHigh,DepthHigh,DepthHigh--DepthHigh,8,0.21283067796277186,2.427315983509112e-05,0.0004781504608773265
4001,7590,21,178,21,178,DepthMid,DepthLow,DepthLow--DepthMid,1,-0.01273924835497894,2.427257478534124e-05,0.00047813893613932613
4002,32037,102,163,102,163,DepthLow,DepthLow,DepthLow--DepthLow,9,0.2583585528337296,2.427175646249845e-05,0.0004781228162172771
4003,47771,171,234,171,234,DepthLow,DepthLow,DepthLow--DepthLow,9,0.2345520480245878,2.4271269506083884e-05,0.00047811322379356154
4004,29124,91,187,91,187,DepthLow,DepthLow,DepthLow--DepthLow,3,0.11291923953048082,2.427029070183196e-05,0.0004780939425913058
4005,7073,19,348,19,348,DepthMid,DepthMid,DepthMid--DepthMid,7,0.19041130242666462,2.426990983886263e-05,0.00047808644007389347
4006,48617,175,318,175,318,DepthMid,DepthHigh,DepthHigh--DepthMid,6,0.16420560503187742,2.4269349445917482e-05,0.0004780754010436718
4007,58167,235,358,235,358,DepthHigh,DepthMid,DepthHigh--DepthMid,9,0.2640588988229874,2.4269153294913897e-05,0.00047807153711769743
4008,66137,340,348,340,348,DepthMid,DepthMid,DepthMid--DepthMid,10,0.3434028531393988,2.4268355199801042e-05,0.00047805581565627144
4009,43660,151,173,151,173,DepthMid,DepthMid,DepthMid--DepthMid,8,0.20967298457238592,2.4266046756666912e-05,0.0004780103422545391
4010,42778,147,149,147,149,DepthLow,DepthMid,DepthLow--DepthMid,7,0.1887803869409229,2.4265636054080545e-05,0.0004780022519345194
4011,38374,127,275,127,275,DepthLow,DepthHigh,DepthHigh--DepthLow,5,0.14540046162417622,2.4265330766902355e-05,0.00047799623816433283
4012,25740,79,145,79,145,DepthMid,DepthLow,DepthLow--DepthMid,6,0.16759596293523288,2.4264166997135318e-05,0.0004779733133760381
4013,23874,72,295,72,295,DepthMid,DepthHigh,DepthHigh--DepthMid,5,0.14329554524792898,2.4264110768850198e-05,0.0004779722057501407
4014,47115,167,356,167,356,DepthLow,DepthMid,DepthLow--DepthMid,5,0.14648744661390803,2.4263662087977706e-05,0.00047796336730605567
4015,23033,69,333,69,333,DepthMid,DepthMid,DepthMid--DepthMid,10,0.41552923496970795,2.4262414738956685e-05,0.0004779387961124687
4016,37032,122,128,122,128,DepthLow,DepthLow,DepthLow--DepthLow,10,0.38048293466578276,2.4260093467637958e-05,0.00047789307001177097
4017,20405,61,93,61,93,DepthHigh,DepthLow,DepthHigh--DepthLow,6,0.1598529147263295,2.4259982460182154e-05,0.0004778908833056926
4018,40393,136,206,136,206,DepthLow,DepthLow,DepthLow--DepthLow,1,0.05939493356445018,2.425997391133056e-05,0.00047789071490415944
4019,3721,10,137,10,137,DepthHigh,DepthLow,DepthHigh--DepthLow,4,0.12798072922858766,2.425797391159487e-05,0.0004778513174461494
4020,9918,28,133,28,133,DepthHigh,DepthLow,DepthHigh--DepthLow,5,0.14526868316823036,2.4256798893553903e-05,0.00047782817108112547
4021,19255,57,161,57,161,DepthHigh,DepthHigh,DepthHigh--DepthHigh,2,0.08647285090670843,2.425275384333105e-05,0.00047774848872244333
4022,46642,165,278,165,278,DepthLow,DepthMid,DepthLow--DepthMid,10,0.33575640384713323,2.4249984930915866e-05,0.00047769394465992966
4023,12486,36,49,36,49,DepthMid,DepthHigh,DepthHigh--DepthMid,4,0.1366203493667958,2.4247715767403843e-05,0.0004776492450169309
4024,14561,42,177,42,177,DepthMid,DepthMid,DepthMid--DepthMid,4,0.13251573745576303,2.4247448900315378e-05,0.00047764398807378016
4025,57080,227,331,227,331,DepthMid,DepthMid,DepthMid--DepthMid,10,0.5667201984672267,2.424502908941169e-05,0.0004775963208682455
4026,5864,16,177,16,177,DepthMid,DepthMid,DepthMid--DepthMid,6,0.17603947133115622,2.4245028736787807e-05,0.00047759631392200227
4027,28202,87,363,87,363,DepthMid,DepthMid,DepthMid--DepthMid,6,0.17650608816598906,2.4244761512959614e-05,0.0004775910499515314
4028,140,0,141,0,141,DepthHigh,DepthLow,DepthHigh--DepthLow,4,0.1361672264360273,2.4244106239358667e-05,0.00047757814189273626
4029,63382,286,320,286,320,DepthLow,DepthHigh,DepthHigh--DepthLow,5,0.14214427184379588,2.424400562847721e-05,0.0004775761599859856
4030,36721,120,302,120,302,DepthLow,DepthHigh,DepthHigh--DepthLow,10,0.37465687976376716,2.424362798944772e-05,0.00047756872097609886
4031,10177,29,57,29,57,DepthMid,DepthHigh,DepthHigh--DepthMid,9,0.2438651142230475,2.4243508994831704e-05,0.0004775663769330951
4032,5145,14,155,14,155,DepthHigh,DepthMid,DepthHigh--DepthMid,4,0.1227667818344358,2.4242155057336653e-05,0.00047753970608176567
4033,64103,296,316,296,316,DepthHigh,DepthHigh,DepthHigh--DepthHigh,5,0.1580328430167797,2.4241646639012187e-05,0.0004775296908856473
4034,63852,292,343,292,343,DepthHigh,DepthHigh,DepthHigh--DepthHigh,2,0.08719344100028241,2.4241428152025576e-05,0.00047752538696913807
4035,4399,12,110,12,110,DepthHigh,DepthLow,DepthHigh--DepthLow,2,0.07880541488561911,2.4240508648641447e-05,0.0004775072739187612
4036,10178,29,58,29,58,DepthMid,DepthHigh,DepthHigh--DepthMid,9,0.23902849286740066,2.4239020231095373e-05,0.00047747795398099996
4037,53244,202,220,202,220,DepthHigh,DepthHigh,DepthHigh--DepthHigh,1,0.05291208134017733,2.423896004951454e-05,0.0004774767684801914
4038,45844,161,282,161,282,DepthHigh,DepthHigh,DepthHigh--DepthHigh,5,0.15420904747159941,2.4238858715244024e-05,0.0004774747723235937
4039,48571,175,272,175,272,DepthMid,DepthHigh,DepthHigh--DepthMid,8,0.20444744519238908,2.4238766161418848e-05,0.00047747294913063227
4040,26679,82,235,82,235,DepthHigh,DepthHigh,DepthHigh--DepthHigh,5,0.14316921052548665,2.4238736205552918e-05,0.00047747235903806924
4041,41208,139,343,139,343,DepthLow,DepthHigh,DepthHigh--DepthLow,2,0.08558728555458202,2.423827136827556e-05,0.000477463202333301
4042,62759,278,349,278,349,DepthMid,DepthMid,DepthMid--DepthMid,10,0.28396852312755666,2.4236217366816898e-05,0.00047742274110984377
4043,55804,218,324,218,324,DepthHigh,DepthMid,DepthHigh--DepthMid,1,0.027898491224992654,2.423571916875247e-05,0.0004774129272398848
4044,58818,241,256,241,256,DepthHigh,DepthLow,DepthHigh--DepthLow,4,0.12760047391249552,2.4234310830170947e-05,0.0004773851847561537
4045,16839,49,229,49,229,DepthHigh,DepthMid,DepthHigh--DepthMid,7,0.19135580329599278,2.422810442082865e-05,0.0004772629263642684
4046,42232,144,257,144,257,DepthLow,DepthLow,DepthLow--DepthLow,8,0.21241797940874585,2.422789461389484e-05,0.00047725879343378974
4047,7984,22,230,22,230,DepthMid,DepthMid,DepthMid--DepthMid,3,0.11923586391592766,2.4224811854028903e-05,0.00047719806697457776
4048,43556,150,282,150,282,DepthMid,DepthHigh,DepthHigh--DepthMid,8,0.20696961695181265,2.4224487196232776e-05,0.0004771916716277873
4049,65556,322,352,322,352,DepthLow,DepthMid,DepthLow--DepthMid,1,0.0386157674714355,2.4223630387007583e-05,0.0004771747935728207
4050,22825,69,125,69,125,DepthMid,DepthLow,DepthLow--DepthMid,9,0.23815079791372032,2.4220997495776867e-05,0.0004771229289551129
4051,4552,12,263,12,263,DepthHigh,DepthMid,DepthHigh--DepthMid,4,0.13251852965096936,2.4220697057622762e-05,0.0004771170107045503
4052,62831,279,336,279,336,DepthHigh,DepthHigh,DepthHigh--DepthHigh,8,0.2064103729610468,2.422063817678416e-05,0.0004771158508267138
4053,64367,300,318,300,318,DepthHigh,DepthHigh,DepthHigh--DepthHigh,4,0.12420390733393188,2.4219560153013244e-05,0.00047709461512578316
4054,23949,73,79,73,79,DepthMid,DepthMid,DepthMid--DepthMid,5,0.15280250938879844,2.4219358865347255e-05,0.0004770906500140748
4055,9629,27,180,27,180,DepthMid,DepthMid,DepthMid--DepthMid,9,0.26387335667509887,2.421935448662476e-05,0.00047709056375879556
4056,25916,79,321,79,321,DepthMid,DepthHigh,DepthHigh--DepthMid,9,0.22930795586493977,2.4217335020191793e-05,0.0004770507828315405
4057,19953,59,248,59,248,DepthHigh,DepthHigh,DepthHigh--DepthHigh,3,0.11267736315480223,2.4215889564203963e-05,0.0004770223091819846
4058,25682,79,87,79,87,DepthMid,DepthMid,DepthMid--DepthMid,10,0.40255309915762544,2.421443763332502e-05,0.0004769937079852865
4059,62309,273,339,273,339,DepthHigh,DepthHigh,DepthHigh--DepthHigh,6,0.17381506303398753,2.4213880031770682e-05,0.0004769827239419232
4060,41627,141,315,141,315,DepthLow,DepthMid,DepthLow--DepthMid,6,0.16414012046536222,2.421370367298258e-05,0.0004769792498974896
4061,45373,159,218,159,218,DepthHigh,DepthHigh,DepthHigh--DepthHigh,1,0.06421251807105943,2.421323590727095e-05,0.0004769700355062806
4062,46549,165,185,165,185,DepthLow,DepthLow,DepthLow--DepthLow,7,0.1855377616152325,2.4211919222492038e-05,0.0004769440984862081
4063,18632,55,153,55,153,DepthHigh,DepthHigh,DepthHigh--DepthHigh,10,0.30060586178117366,2.421122095752207e-05,0.0004769303435519732
4064,28115,87,276,87,276,DepthMid,DepthHigh,DepthHigh--DepthMid,8,0.209860009321312,2.4210971573387075e-05,0.0004769254310008305
4065,18647,55,168,55,168,DepthHigh,DepthLow,DepthHigh--DepthLow,9,0.23863633622504773,2.4209303624380407e-05,0.00047689257452101185
4066,18368,54,198,54,198,DepthHigh,DepthLow,DepthHigh--DepthLow,8,0.22284772427282437,2.420926180325867e-05,0.00047689175069795916
4067,62849,279,354,279,354,DepthHigh,DepthMid,DepthHigh--DepthMid,9,0.23955449916881152,2.4208664380776068e-05,0.00047687998223281764
4068,22957,69,257,69,257,DepthMid,DepthLow,DepthLow--DepthMid,10,0.2839432284919653,2.4207531274081074e-05,0.00047685766146814937
4069,37960,125,336,125,336,DepthLow,DepthHigh,DepthHigh--DepthLow,7,0.19893730210558733,2.4206782968016463e-05,0.0004768429207878217
4070,20172,60,163,60,163,DepthHigh,DepthLow,DepthHigh--DepthLow,6,0.17036906712460703,2.420571474231649e-05,0.0004768218780964608
4071,62006,270,312,270,312,DepthHigh,DepthMid,DepthHigh--DepthMid,10,0.31800630770760924,2.420512092199719e-05,0.0004768101805893674
4072,26271,81,109,81,109,DepthHigh,DepthLow,DepthHigh--DepthLow,4,0.13987744262522114,2.4204986743929137e-05,0.00047680753745161706
4073,5758,16,71,16,71,DepthMid,DepthMid,DepthMid--DepthMid,5,0.15779130073261396,2.4204553519029735e-05,0.0004767990034705977
4074,22195,67,86,67,86,DepthMid,DepthHigh,DepthHigh--DepthMid,10,0.4006525778680929,2.4203923216245885e-05,0.0004767865873052267
4075,62455,275,306,275,306,DepthHigh,DepthHigh,DepthHigh--DepthHigh,9,0.25154570225422307,2.420337158039488e-05,0.0004767757207786522
4076,62059,271,272,271,272,DepthHigh,DepthHigh,DepthHigh--DepthHigh,10,0.8822795209568359,2.4201209585941248e-05,0.0004767331322301714
4077,44510,155,181,155,181,DepthMid,DepthMid,DepthMid--DepthMid,7,0.17950216791384999,2.4200401977121662e-05,0.00047671722336078986
4078,45027,157,283,157,283,DepthMid,DepthLow,DepthLow--DepthMid,10,0.361286319825657,2.4199937412795835e-05,0.0004767080720328206
4079,56562,224,227,224,227,DepthLow,DepthMid,DepthLow--DepthMid,6,0.1723288585982199,2.4198559113065912e-05,0.00047668092127636503
4080,24974,76,237,76,237,DepthMid,DepthHigh,DepthHigh--DepthMid,5,0.14604198903304905,2.4198524670998082e-05,0.00047668024281131483
4081,8781,24,346,24,346,DepthMid,DepthMid,DepthMid--DepthMid,10,0.31230573086454055,2.4198308374712977e-05,0.0004766759820488466
4082,17523,51,286,51,286,DepthHigh,DepthLow,DepthHigh--DepthLow,4,0.13238949071035302,2.419820854441237e-05,0.00047667401551854864
4083,11449,32,330,32,330,DepthMid,DepthMid,DepthMid--DepthMid,6,0.1730981618950543,2.419704041903033e-05,0.00047665100493016297
4084,9648,27,199,27,199,DepthMid,DepthLow,DepthLow--DepthMid,5,0.1546168799539518,2.4196580962975532e-05,0.00047664195422865365
4085,65235,315,346,315,346,DepthMid,DepthMid,DepthMid--DepthMid,6,0.1683236828733131,2.4195727944257557e-05,0.0004766251508418714
4086,9088,25,314,25,314,DepthHigh,DepthMid,DepthHigh--DepthMid,7,0.18900911060436806,2.419560113631367e-05,0.000476622652886219
4087,55791,218,311,218,311,DepthHigh,DepthMid,DepthHigh--DepthMid,4,0.122043518453314,2.4195247103631456e-05,0.00047661567889143146
4088,25668,78,358,78,358,DepthMid,DepthMid,DepthMid--DepthMid,7,0.19534229578409407,2.4194669170668475e-05,0.00047660429434510606
4089,26178,80,299,80,299,DepthHigh,DepthHigh,DepthHigh--DepthHigh,9,0.2585726562215732,2.419400631470698e-05,0.0004765912369234256
4090,28387,88,272,88,272,DepthLow,DepthHigh,DepthHigh--DepthLow,1,0.05066952877710442,2.4193638846476384e-05,0.00047658399826537654
4091,48926,177,252,177,252,DepthMid,DepthLow,DepthLow--DepthMid,7,0.18692222152971663,2.419212323643652e-05,0.0004765541426699784
4092,56687,224,352,224,352,DepthLow,DepthMid,DepthLow--DepthMid,8,0.22379213620377808,2.419056757897986e-05,0.0004765234981912651
4093,29529,92,320,92,320,DepthLow,DepthHigh,DepthHigh--DepthLow,1,0.0420943911267327,2.4186163998510022e-05,0.0004764367532414742
4094,9671,27,222,27,222,DepthMid,DepthMid,DepthMid--DepthMid,9,0.25983165205689446,2.418447178547532e-05,0.0004764034187910794
4095,48753,176,266,176,266,DepthMid,DepthMid,DepthMid--DepthMid,8,0.22176741174052458,2.418337198043616e-05,0.0004763817540267916
4096,65885,331,348,331,348,DepthMid,DepthMid,DepthMid--DepthMid,10,0.27242788247562383,2.418297397337493e-05,0.0004763739137925142
4097,30175,95,156,95,156,DepthLow,DepthLow,DepthLow--DepthLow,2,0.0951201863456008,2.418223823213733e-05,0.0004763594206233415
4098,16741,49,131,49,131,DepthHigh,DepthLow,DepthHigh--DepthLow,6,0.16851530622815772,2.4182224731373457e-05,0.0004763591546754175
4099,52769,199,234,199,234,DepthLow,DepthLow,DepthLow--DepthLow,4,0.12990012177147423,2.4181982206936184e-05,0.00047635437725161917
4100,47981,172,252,172,252,DepthLow,DepthLow,DepthLow--DepthLow,4,0.13552679802090922,2.4175399588381245e-05,0.0004762247080154255
4101,36009,117,325,117,325,DepthLow,DepthLow,DepthLow--DepthLow,5,0.1449066558652945,2.4172905531162503e-05,0.0004761755782516577
4102,20087,60,78,60,78,DepthHigh,DepthMid,DepthHigh--DepthMid,9,0.2696321742174899,2.4172301487007385e-05,0.00047616367934796643
4103,6290,17,256,17,256,DepthHigh,DepthLow,DepthHigh--DepthLow,3,0.1158067469954953,2.4168619523063217e-05,0.00047609114932843877
4104,8019,22,265,22,265,DepthMid,DepthMid,DepthMid--DepthMid,9,0.2685331604153865,2.4167803153979203e-05,0.00047607506789295944
4105,19865,59,160,59,160,DepthHigh,DepthLow,DepthHigh--DepthLow,7,0.18174130939068509,2.416698835957243e-05,0.00047605901747662445
4106,23554,71,267,71,267,DepthMid,DepthHigh,DepthHigh--DepthMid,3,0.10357701757668174,2.4166858325673833e-05,0.000476056455973756
4107,26789,82,345,82,345,DepthHigh,DepthMid,DepthHigh--DepthMid,10,0.2823044826578915,2.4165453797645545e-05,0.0004760287885530904
4108,178,0,179,0,179,DepthHigh,DepthLow,DepthHigh--DepthLow,3,0.11610518736196468,2.4165214636176213e-05,0.000476024077375495
4109,65231,315,342,315,342,DepthMid,DepthMid,DepthMid--DepthMid,8,0.22066529875979252,2.4164889288662475e-05,0.0004760176684421425
4110,3594,9,364,9,364,DepthHigh,DepthHigh,DepthHigh--DepthHigh,5,0.15809085585494567,2.4164101241161306e-05,0.00047600214490592233
4111,59057,243,252,243,252,DepthLow,DepthLow,DepthLow--DepthLow,6,0.16834215194192315,2.416224189649654e-05,0.00047596551817440374
4112,45611,160,252,160,252,DepthLow,DepthLow,DepthLow--DepthLow,8,0.2269007165450243,2.4161913485186404e-05,0.0004759590488881482
4113,5518,15,179,15,179,DepthHigh,DepthLow,DepthHigh--DepthLow,1,0.07105233679237301,2.416128922693598e-05,0.0004759467517924189
4114,39038,130,234,130,234,DepthLow,DepthLow,DepthLow--DepthLow,10,0.33919543645132455,2.4161224941907075e-05,0.000475945485458888
4115,62782,279,287,279,287,DepthHigh,DepthHigh,DepthHigh--DepthHigh,9,0.25565442476808126,2.415956229937595e-05,0.0004759127335099068
4116,1582,4,137,4,137,DepthHigh,DepthLow,DepthHigh--DepthLow,4,0.13807621703081369,2.4158739852323274e-05,0.0004758965323461541
4117,49938,182,344,182,344,DepthLow,DepthHigh,DepthHigh--DepthLow,4,0.13620980605608465,2.4158659071362303e-05,0.00047589494106368486
4118,65945,333,345,333,345,DepthMid,DepthMid,DepthMid--DepthMid,10,0.5162759141710374,2.4157138548752826e-05,0.0004758649886968964
4119,65465,320,346,320,346,DepthHigh,DepthMid,DepthHigh--DepthMid,2,0.07780950947426155,2.4156014743765308e-05,0.00047584285116406715
4120,46902,166,340,166,340,DepthMid,DepthMid,DepthMid--DepthMid,10,0.37178810005480223,2.4155976626976994e-05,0.0004758421003116844
4121,31262,99,177,99,177,DepthLow,DepthMid,DepthLow--DepthMid,6,0.16160006142355074,2.415560575103908e-05,0.00047583479452612345
4122,40439,136,252,136,252,DepthLow,DepthLow,DepthLow--DepthLow,3,0.10781897531113263,2.4152080194898406e-05,0.0004757653455419382
4123,22359,67,250,67,250,DepthMid,DepthLow,DepthLow--DepthMid,9,0.2526723940051555,2.4149997067333925e-05,0.0004757243105711396
4124,16389,48,94,48,94,DepthHigh,DepthLow,DepthHigh--DepthLow,3,0.10671984582603279,2.414833009672608e-05,0.00047569147336453673
4125,41633,141,321,141,321,DepthLow,DepthHigh,DepthHigh--DepthLow,6,0.16117393262448226,2.4148321934368927e-05,0.0004756913125764539
4126,32382,103,247,103,247,DepthLow,DepthLow,DepthLow--DepthLow,6,0.164774156327889,2.414795494164113e-05,0.00047568408328520684
4127,42468,145,274,145,274,DepthLow,DepthHigh,DepthHigh--DepthLow,1,0.04768002576416983,2.4146044449254863e-05,0.00047564644900845003
4128,26113,80,234,80,234,DepthHigh,DepthLow,DepthHigh--DepthLow,8,0.21462674116004005,2.4145912509768722e-05,0.00047564384996792394
4129,47605,170,261,170,261,DepthLow,DepthMid,DepthLow--DepthMid,4,0.12126272126780605,2.4144992876272533e-05,0.00047562573435450453
4130,41394,140,305,140,305,DepthLow,DepthMid,DepthLow--DepthMid,1,0.03510336794509482,2.4144628632314956e-05,0.00047561855921054427
4131,53599,204,254,204,254,DepthLow,DepthLow,DepthLow--DepthLow,2,0.08638576290475522,2.4144414173885446e-05,0.00047561433465150016
4132,52592,198,222,198,222,DepthLow,DepthMid,DepthLow--DepthMid,6,0.17312326758660732,2.414412078306487e-05,0.0004756085552244693
4133,54284,208,309,208,309,DepthMid,DepthHigh,DepthHigh--DepthMid,8,0.20519499688198037,2.4141982654450572e-05,0.0004755664368027522
4134,43411,149,351,149,351,DepthMid,DepthMid,DepthMid--DepthMid,6,0.1729325856208594,2.4141598890127413e-05,0.00047555887713234945
4135,55260,215,221,215,221,DepthMid,DepthMid,DepthMid--DepthMid,10,0.5475528244726225,2.4139345773291893e-05,0.00047551449358852434
4136,64195,297,341,297,341,DepthHigh,DepthHigh,DepthHigh--DepthHigh,4,0.12662978532614808,2.413849047839814e-05,0.00047549764536396633
4137,41903,143,148,143,148,DepthLow,DepthMid,DepthLow--DepthMid,5,0.14272839143788804,2.4136004015536595e-05,0.00047544866519940273
4138,17272,50,348,50,348,DepthHigh,DepthMid,DepthHigh--DepthMid,6,0.167496376797127,2.4135961689981598e-05,0.00047544783143965464
4139,9609,27,160,27,160,DepthMid,DepthLow,DepthLow--DepthMid,9,0.23382576516839526,2.413576283285014e-05,0.0004754439142063936
4140,24300,74,140,74,140,DepthMid,DepthLow,DepthLow--DepthMid,7,0.19697121537988846,2.4135426446812164e-05,0.00047543728782811474
4141,45727,161,165,161,165,DepthHigh,DepthLow,DepthHigh--DepthLow,4,0.12518393935446787,2.4135227397520076e-05,0.0004754333668095331
4142,14425,41,363,41,363,DepthMid,DepthMid,DepthMid--DepthMid,5,0.15388353246492342,2.4135216926577384e-05,0.0004754331605452433
4143,6324,17,290,17,290,DepthHigh,DepthHigh,DepthHigh--DepthHigh,6,0.17295550813055763,2.4134831103208084e-05,0.00047542556031424327
4144,31307,99,222,99,222,DepthLow,DepthMid,DepthLow--DepthMid,8,0.21891305671875202,2.4133008497787236e-05,0.0004753896572992301
4145,9753,27,304,27,304,DepthMid,DepthHigh,DepthHigh--DepthMid,10,0.32916193184573717,2.4131670902610712e-05,0.00047536330837084716
4146,19367,57,273,57,273,DepthHigh,DepthHigh,DepthHigh--DepthHigh,7,0.1787658471139328,2.4131333555781614e-05,0.0004753566630662019
4147,2548,7,29,7,29,DepthHigh,DepthMid,DepthHigh--DepthMid,3,0.10158847497266241,2.413106518320877e-05,0.00047535137646691835
4148,49367,179,322,179,322,DepthLow,DepthLow,DepthLow--DepthLow,7,0.18467367111440663,2.4125982695464116e-05,0.00047525125790493384
4149,41777,142,243,142,243,DepthLow,DepthLow,DepthLow--DepthLow,7,0.20071248627485716,2.4125295070353073e-05,0.0004752377125624243
4150,65167,314,327,314,327,DepthMid,DepthLow,DepthLow--DepthMid,8,0.20765808164301328,2.412467808003361e-05,0.00047522555863571626
4151,47120,167,361,167,361,DepthLow,DepthHigh,DepthHigh--DepthLow,3,0.10916936048007715,2.4124297334049896e-05,0.0004752180584227721
4152,5311,14,321,14,321,DepthHigh,DepthHigh,DepthHigh--DepthHigh,5,0.15767019553054992,2.412365150719385e-05,0.0004752053364528694
4153,7909,22,155,22,155,DepthMid,DepthMid,DepthMid--DepthMid,10,0.27160252808696955,2.4122922646583884e-05,0.0004751909788233338
4154,6847,19,122,19,122,DepthMid,DepthLow,DepthLow--DepthMid,8,0.2044963086913621,2.4120564065313876e-05,0.0004751445177639195
4155,57128,228,243,228,243,DepthMid,DepthLow,DepthLow--DepthMid,10,0.2984977019727789,2.4120503662903115e-05,0.0004751433279130414
4156,24697,75,248,75,248,DepthMid,DepthHigh,DepthHigh--DepthMid,1,0.04898711169022754,2.4119887565323576e-05,0.00047513119157217756
4157,130,0,131,0,131,DepthHigh,DepthLow,DepthHigh--DepthLow,7,0.19236682204855357,2.4119184722238625e-05,0.00047511734645488436
4158,33146,106,234,106,234,DepthLow,DepthLow,DepthLow--DepthLow,10,0.31064571206115554,2.411892172993318e-05,0.00047511216584004436
4159,27012,83,287,83,287,DepthHigh,DepthHigh,DepthHigh--DepthHigh,2,0.08334568062330916,2.4117645586966565e-05,0.0004750870274422512
4160,49182,178,322,178,322,DepthLow,DepthLow,DepthLow--DepthLow,7,0.19485488650738836,2.41171609435959e-05,0.00047507748058256665
4161,65392,318,362,318,362,DepthHigh,DepthHigh,DepthHigh--DepthHigh,5,0.1477914724970758,2.4115321977879592e-05,0.0004750412552904842
4162,34796,112,357,112,357,DepthLow,DepthMid,DepthLow--DepthMid,10,0.3105464847208199,2.4114225272225583e-05,0.00047501965158015254
4163,57584,231,297,231,297,DepthMid,DepthHigh,DepthHigh--DepthMid,8,0.207420035601628,2.4114047573161868e-05,0.00047501615113398936
4164,9191,26,79,26,79,DepthHigh,DepthMid,DepthHigh--DepthMid,9,0.26741869715854805,2.411372423832133e-05,0.00047500978184774603
4165,57876,233,326,233,326,DepthMid,DepthLow,DepthLow--DepthMid,7,0.19579816973982953,2.4113628420455858e-05,0.0004750078943573308
4166,28442,88,327,88,327,DepthLow,DepthLow,DepthLow--DepthLow,1,0.06074488704790616,2.4112727238216403e-05,0.0004749901422102656
4167,41091,139,226,139,226,DepthLow,DepthMid,DepthLow--DepthMid,10,0.2896901968904596,2.4112284831850216e-05,0.0004749814273659963
4168,619,1,257,1,257,DepthHigh,DepthLow,DepthHigh--DepthLow,2,0.09733137834443163,2.4111485032692223e-05,0.00047496567233704237
4169,25375,77,351,77,351,DepthMid,DepthMid,DepthMid--DepthMid,6,0.168434273740209,2.4110504718651453e-05,0.0004749463613938614
4170,28240,88,125,88,125,DepthLow,DepthLow,DepthLow--DepthLow,1,0.05240804919958144,2.4109123228395847e-05,0.00047491914778809667
4171,9758,27,309,27,309,DepthMid,DepthHigh,DepthHigh--DepthMid,10,0.2880753684570245,2.4108249917283974e-05,0.00047490194466689333
4172,45865,161,303,161,303,DepthHigh,DepthHigh,DepthHigh--DepthHigh,9,0.25408107087486503,2.4108166982862887e-05,0.0004749003109639913
4173,29512,92,303,92,303,DepthLow,DepthHigh,DepthHigh--DepthLow,5,0.14082800177625024,2.4106602681462356e-05,0.0004748694962105477
4174,12032,34,252,34,252,DepthMid,DepthLow,DepthLow--DepthMid,7,0.18278411979927708,2.410642514589994e-05,0.0004748659989851527
4175,34643,112,204,112,204,DepthLow,DepthLow,DepthLow--DepthLow,6,0.16826284220671314,2.4103380223133736e-05,0.00047480601786881323
4176,47934,172,205,172,205,DepthLow,DepthLow,DepthLow--DepthLow,7,0.1819505397619455,2.4102194685697597e-05,0.0004747826642850471
4177,8337,23,242,23,242,DepthHigh,DepthHigh,DepthHigh--DepthHigh,3,0.11892684245187196,2.4101932899741288e-05,0.0004747775074337549
4178,13979,40,240,40,240,DepthMid,DepthHigh,DepthHigh--DepthMid,2,0.0794168904046454,2.4100807575567328e-05,0.00047475533997487973
4179,24112,73,242,73,242,DepthMid,DepthHigh,DepthHigh--DepthMid,6,0.16738506450381982,2.4100530883200322e-05,0.000474749889486204
4180,27943,87,104,87,104,DepthMid,DepthLow,DepthLow--DepthMid,3,0.10839843773566571,2.409957418148844e-05,0.00047473104367595244
4181,25799,79,204,79,204,DepthMid,DepthLow,DepthLow--DepthMid,7,0.20081391908843096,2.409683936849131e-05,0.00047467717132872303
4182,62039,270,345,270,345,DepthHigh,DepthMid,DepthHigh--DepthMid,10,0.2766842235227832,2.4095853948939256e-05,0.0004746577598134455
4183,38703,129,133,129,133,DepthLow,DepthLow,DepthLow--DepthLow,8,0.22579509250308724,2.4091619355740265e-05,0.00047457434369854815
4184,32200,102,326,102,326,DepthLow,DepthLow,DepthLow--DepthLow,8,0.20562683589786232,2.4089827035213607e-05,0.00047453903725753745
4185,45374,159,219,159,219,DepthHigh,DepthMid,DepthHigh--DepthMid,7,0.19206762849379283,2.408953029672391e-05,0.00047453319188567105
4186,42083,143,328,143,328,DepthLow,DepthLow,DepthLow--DepthLow,8,0.21274899701340305,2.40893438295852e-05,0.00047452951871955186
4187,45864,161,302,161,302,DepthHigh,DepthHigh,DepthHigh--DepthHigh,9,0.2309551455506778,2.4088234463356147e-05,0.0004745076656119504
4188,31264,99,179,99,179,DepthLow,DepthLow,DepthLow--DepthLow,4,0.12314871314000927,2.4087278294993304e-05,0.00047448883030799837
4189,25643,78,333,78,333,DepthMid,DepthMid,DepthMid--DepthMid,9,0.23127661186504325,2.4087241656032087e-05,0.00047448810856693497
4190,48981,177,307,177,307,DepthMid,DepthHigh,DepthHigh--DepthMid,7,0.1843139260788112,2.4084130829048944e-05,0.0004744268292211141
4191,32941,105,287,105,287,DepthLow,DepthHigh,DepthHigh--DepthLow,6,0.16243500200694996,2.408366556562434e-05,0.00047441766412178565
4192,48296,174,186,174,186,DepthMid,DepthMid,DepthMid--DepthMid,7,0.18767906713665566,2.408253545766352e-05,0.00047439540242837704
4193,14009,40,270,40,270,DepthMid,DepthHigh,DepthHigh--DepthMid,6,0.17600811387389162,2.4081837513567035e-05,0.0004743816538149428
4194,56057,220,288,220,288,DepthHigh,DepthHigh,DepthHigh--DepthHigh,1,0.03780279314414941,2.4081504169157244e-05,0.00047437508735288114
4195,43085,148,240,148,240,DepthMid,DepthHigh,DepthHigh--DepthMid,4,0.13112991805655103,2.4081307053376837e-05,0.0004743712044220272
4196,1227,3,142,3,142,DepthHigh,DepthLow,DepthHigh--DepthLow,3,0.11244704456122656,2.4079181920046553e-05,0.000474329341990922
4197,13886,40,147,40,147,DepthMid,DepthLow,DepthLow--DepthMid,5,0.14153329939632964,2.407737072030628e-05,0.0004742936636533493
4198,59666,248,271,248,271,DepthHigh,DepthHigh,DepthHigh--DepthHigh,9,0.2290630387003882,2.4074790272182912e-05,0.00047424283209833787
4199,23599,71,312,71,312,DepthMid,DepthMid,DepthMid--DepthMid,2,0.09316473575744481,2.4074354740921673e-05,0.00047423425268491566
4200,13421,38,331,38,331,DepthMid,DepthMid,DepthMid--DepthMid,10,0.2909559010452659,2.4074212200398654e-05,0.00047423144481740945
4201,32480,103,345,103,345,DepthLow,DepthMid,DepthLow--DepthMid,6,0.1664608907676163,2.4073781878512667e-05,0.00047422296802207217
4202,30393,96,106,96,106,DepthLow,DepthLow,DepthLow--DepthLow,9,0.25553069294759323,2.4073352992515258e-05,0.00047421451951191866
4203,47629,170,285,170,285,DepthLow,DepthLow,DepthLow--DepthLow,8,0.22383740497635557,2.4071977834969382e-05,0.0004741874306525033
4204,14705,42,321,42,321,DepthMid,DepthHigh,DepthHigh--DepthMid,4,0.12475272074406828,2.4066758852289098e-05,0.0004740846233134159
4205,50804,187,315,187,315,DepthLow,DepthMid,DepthLow--DepthMid,5,0.1436418212516463,2.406649772566067e-05,0.00047407947945004675
4206,25173,77,149,77,149,DepthMid,DepthMid,DepthMid--DepthMid,8,0.22365732184063966,2.40641729749653e-05,0.0004740336848100424
4207,42090,143,335,143,335,DepthLow,DepthHigh,DepthHigh--DepthLow,9,0.22838409838642396,2.406171186742325e-05,0.0004739852041131123
4208,37283,123,138,123,138,DepthLow,DepthLow,DepthLow--DepthLow,9,0.2491975331251059,2.405990775846668e-05,0.00047394966545498467
4209,45621,160,262,160,262,DepthLow,DepthMid,DepthLow--DepthMid,8,0.21535876216362262,2.4059240636478345e-05,0.0004739365239979865
4210,65141,313,351,313,351,DepthHigh,DepthMid,DepthHigh--DepthMid,7,0.1979874378556512,2.405611273273097e-05,0.0004738749082615703
4211,17206,50,282,50,282,DepthHigh,DepthHigh,DepthHigh--DepthHigh,8,0.21973773777759092,2.405601260525674e-05,0.00047387293587732883
4212,12390,35,281,35,281,DepthMid,DepthLow,DepthLow--DepthMid,5,0.14996150260290214,2.4054824538212315e-05,0.00047384953246348794
4213,66250,345,356,345,356,DepthMid,DepthMid,DepthMid--DepthMid,10,0.2824893322987236,2.4051284559479323e-05,0.0004737797993725276
4214,17610,52,61,52,61,DepthHigh,DepthHigh,DepthHigh--DepthHigh,10,0.31694809577371774,2.404869677834638e-05,0.00047372882336652863
4215,35205,114,265,114,265,DepthLow,DepthMid,DepthLow--DepthMid,6,0.1707140986421958,2.4047052900756243e-05,0.00047369644106308364
4216,27857,86,295,86,295,DepthHigh,DepthHigh,DepthHigh--DepthHigh,9,0.2632527236700982,2.4044746780611344e-05,0.00047365101342129273
4217,44292,154,172,154,172,DepthHigh,DepthLow,DepthHigh--DepthLow,1,0.035734502004049866,2.404358121109907e-05,0.00047362805318029955
4218,9689,27,240,27,240,DepthMid,DepthHigh,DepthHigh--DepthMid,10,0.29383706972525214,2.4040074877837017e-05,0.0004735589828624411
4219,60889,259,284,259,284,DepthMid,DepthLow,DepthLow--DepthMid,10,0.28306894866865134,2.4039717938502717e-05,0.00047355195161029426
4220,45455,159,300,159,300,DepthHigh,DepthHigh,DepthHigh--DepthHigh,5,0.1550013695751256,2.403916058665806e-05,0.000473540972485895
4221,25750,79,155,79,155,DepthMid,DepthMid,DepthMid--DepthMid,8,0.22341345484273584,2.4039116236745918e-05,0.0004735400988488788
4222,10708,30,254,30,254,DepthHigh,DepthLow,DepthHigh--DepthLow,2,0.09157118723171095,2.403771723843087e-05,0.0004735125403565502
4223,63892,293,312,293,312,DepthLow,DepthMid,DepthLow--DepthMid,1,0.06764735833013091,2.4037326178944335e-05,0.00047350483698068205
4224,53699,204,354,204,354,DepthLow,DepthMid,DepthLow--DepthMid,7,0.18660354207190308,2.4036094258098825e-05,0.0004734805697025837
4225,21754,65,240,65,240,DepthMid,DepthHigh,DepthHigh--DepthMid,9,0.24264990108197582,2.4035382611204546e-05,0.00047346655116141335
4226,26389,81,227,81,227,DepthHigh,DepthMid,DepthHigh--DepthMid,8,0.20816102374102488,2.4032839142654444e-05,0.0004734164480570907
4227,41358,140,269,140,269,DepthLow,DepthHigh,DepthHigh--DepthLow,5,0.14839619493405454,2.4031637914945972e-05,0.000473392785394861
4228,25116,77,92,77,92,DepthMid,DepthLow,DepthLow--DepthMid,2,0.09487871383990668,2.403086325657996e-05,0.0004733775256076208
4229,36761,120,342,120,342,DepthLow,DepthMid,DepthLow--DepthMid,10,0.27674099936763447,2.4029917589006195e-05,0.0004733588971558945
4230,10328,29,208,29,208,DepthMid,DepthMid,DepthMid--DepthMid,7,0.17991537625021176,2.402853809640376e-05,0.0004733317229013635
4231,36517,119,342,119,342,DepthLow,DepthMid,DepthLow--DepthMid,8,0.2117303618479297,2.4027832266965332e-05,0.0004733178189566947
4232,19487,58,87,58,87,DepthHigh,DepthMid,DepthHigh--DepthMid,6,0.1763765473060095,2.402778540581011e-05,0.00047331689585137506
4233,65043,311,356,311,356,DepthMid,DepthMid,DepthMid--DepthMid,7,0.18898745233319303,2.4027680110101915e-05,0.00047331482165947984
4234,10264,29,144,29,144,DepthMid,DepthLow,DepthLow--DepthMid,7,0.17907639949198936,2.402755019987631e-05,0.00047331226259281244
4235,16283,47,304,47,304,DepthHigh,DepthHigh,DepthHigh--DepthHigh,10,0.3251792207191415,2.4027284842314326e-05,0.00047330703538541873
4236,59287,244,362,244,362,DepthLow,DepthHigh,DepthHigh--DepthLow,7,0.19605016444768245,2.402607013058249e-05,0.0004732831071050318
4237,57507,230,353,230,353,DepthMid,DepthHigh,DepthHigh--DepthMid,3,0.11152238882831239,2.402601861496323e-05,0.0004732820923126743
4238,52893,199,358,199,358,DepthLow,DepthMid,DepthLow--DepthMid,3,0.10968553185370322,2.4025110679296296e-05,0.0004732642071316538
4239,37379,123,234,123,234,DepthLow,DepthLow,DepthLow--DepthLow,10,0.39888059636052586,2.4025089370526483e-05,0.00047326378737591634
4240,13367,38,277,38,277,DepthMid,DepthHigh,DepthHigh--DepthMid,5,0.1575936313391775,2.4024707825187408e-05,0.0004732562714166855
4241,2156,5,352,5,352,DepthHigh,DepthMid,DepthHigh--DepthMid,8,0.22410249380192795,2.402372594761534e-05,0.00047323692967392105
4242,54029,207,210,207,210,DepthLow,DepthMid,DepthLow--DepthMid,8,0.20999264905089993,2.402358968162044e-05,0.0004732342454066603
4243,38442,127,343,127,343,DepthLow,DepthHigh,DepthHigh--DepthLow,1,0.062253643869302475,2.4022780874197292e-05,0.00047321831292630886
4244,42123,144,148,144,148,DepthLow,DepthMid,DepthLow--DepthMid,7,0.1906529656780128,2.4022310501148964e-05,0.000473209047173874
4245,26467,81,305,81,305,DepthHigh,DepthMid,DepthHigh--DepthMid,1,0.054649980252819474,2.402188947926127e-05,0.0004732007535767071
4246,19627,58,227,58,227,DepthHigh,DepthMid,DepthHigh--DepthMid,8,0.22776337390305046,2.4019697768851835e-05,0.00047315757966158846
4247,37073,122,169,122,169,DepthLow,DepthLow,DepthLow--DepthLow,8,0.21643080915563753,2.4017961497020735e-05,0.0004731233773087886
4248,8039,22,285,22,285,DepthMid,DepthLow,DepthLow--DepthMid,9,0.2629604390052213,2.4017936214015713e-05,0.00047312287926565836
4249,1094,3,9,3,9,DepthHigh,DepthHigh,DepthHigh--DepthHigh,6,0.15964022621348264,2.4016897334534476e-05,0.0004731024146575841
4250,31220,99,135,99,135,DepthLow,DepthLow,DepthLow--DepthLow,4,0.13212592870990678,2.401415382036836e-05,0.00047304837090836213
4251,42290,144,315,144,315,DepthLow,DepthMid,DepthLow--DepthMid,8,0.21751488195018026,2.401276601985572e-05,0.00047302103299853783
4252,62793,279,298,279,298,DepthHigh,DepthHigh,DepthHigh--DepthHigh,9,0.253379168614173,2.401197878712974e-05,0.0004730055255123554
4253,46816,166,254,166,254,DepthMid,DepthLow,DepthLow--DepthMid,7,0.1968226804251401,2.40113137660574e-05,0.00047299242544073753
4254,53867,205,363,205,363,DepthLow,DepthMid,DepthLow--DepthMid,5,0.1408660113405357,2.4008736251745603e-05,0.0004729416516780928
4255,63017,281,355,281,355,DepthLow,DepthMid,DepthLow--DepthMid,6,0.17743230671618404,2.4008324851774337e-05,0.00047293354762047515
4256,34198,110,264,110,264,DepthLow,DepthMid,DepthLow--DepthMid,5,0.15184941021507922,2.400796381584459e-05,0.00047292643567059414
4257,24710,75,261,75,261,DepthMid,DepthMid,DepthMid--DepthMid,7,0.18764971212500167,2.400735346745402e-05,0.0004729144125814607
4258,31879,101,267,101,267,DepthLow,DepthHigh,DepthHigh--DepthLow,4,0.12468520951156958,2.40065557893184e-05,0.0004728986993339573
4259,26551,82,107,82,107,DepthHigh,DepthLow,DepthHigh--DepthLow,3,0.11857962293262955,2.4005409459898213e-05,0.0004728761180983743
4260,24111,73,241,73,241,DepthMid,DepthHigh,DepthHigh--DepthMid,8,0.21221681516163754,2.4005083886571553e-05,0.0004728697047167936
4261,13115,37,351,37,351,DepthMid,DepthMid,DepthMid--DepthMid,10,0.2960902867169919,2.400479535567464e-05,0.00047286402102409466
4262,23603,71,316,71,316,DepthMid,DepthHigh,DepthHigh--DepthMid,3,0.10837389887905176,2.4003112163539707e-05,0.00047283086427398337
4263,19176,57,82,57,82,DepthHigh,DepthHigh,DepthHigh--DepthHigh,10,0.2860806974868335,2.4002436446214545e-05,0.0004728175534997519
4264,6378,17,344,17,344,DepthHigh,DepthHigh,DepthHigh--DepthHigh,6,0.16721938343931017,2.400212999184886e-05,0.00047281151673745205
4265,7601,21,189,21,189,DepthMid,DepthLow,DepthLow--DepthMid,9,0.2604222937713942,2.40013218089531e-05,0.00047279559655949806
4266,62489,275,340,275,340,DepthHigh,DepthMid,DepthHigh--DepthMid,10,0.27894512347306943,2.400102995419619e-05,0.0004727898473909731
4267,8280,23,185,23,185,DepthHigh,DepthLow,DepthHigh--DepthLow,3,0.11900398556795407,2.4000170488961406e-05,0.00047277291701598636
4268,59477,246,315,246,315,DepthLow,DepthMid,DepthLow--DepthMid,9,0.2480944396039601,2.3999666724689497e-05,0.0004727629934988002
4269,46983,167,224,167,224,DepthLow,DepthLow,DepthLow--DepthLow,2,0.07795083289141665,2.399737857019273e-05,0.00047271791975749
4270,34274,110,340,110,340,DepthLow,DepthMid,DepthLow--DepthMid,4,0.13023403062728986,2.399589895034056e-05,0.0004726887731231398
4271,54518,210,234,210,234,DepthMid,DepthLow,DepthLow--DepthMid,6,0.17666812363864137,2.399578709523287e-05,0.0004726865697193943
4272,13909,40,170,40,170,DepthMid,DepthLow,DepthLow--DepthMid,4,0.13345944065671228,2.3994521067908528e-05,0.00047266163058692337
4273,61147,261,335,261,335,DepthMid,DepthHigh,DepthHigh--DepthMid,2,0.07465203842054419,2.3992995377004985e-05,0.00047263157641129716
4274,45629,160,270,160,270,DepthLow,DepthHigh,DepthHigh--DepthLow,7,0.19293017320603792,2.399176350327858e-05,0.00047260731006138536
4275,66403,357,359,357,359,DepthMid,DepthHigh,DepthHigh--DepthMid,6,0.16505301728950672,2.3991246788012316e-05,0.0004725971314260373
4276,9129,25,355,25,355,DepthHigh,DepthMid,DepthHigh--DepthMid,9,0.2593191368917946,2.3988727602011645e-05,0.0004725475066571387
4277,10179,29,59,29,59,DepthMid,DepthHigh,DepthHigh--DepthMid,10,0.2976690704200705,2.3988160666916384e-05,0.0004725363387548578
4278,4179,11,242,11,242,DepthHigh,DepthHigh,DepthHigh--DepthHigh,6,0.1742473230706864,2.398770541059042e-05,0.00047252737078267966
4279,24903,76,166,76,166,DepthMid,DepthMid,DepthMid--DepthMid,9,0.2461189262894571,2.398688028828193e-05,0.0004725111169197806
4280,42239,144,264,144,264,DepthLow,DepthMid,DepthLow--DepthMid,9,0.24231553953603288,2.3985870522146814e-05,0.00047249122580769786
4281,59594,247,315,247,315,DepthLow,DepthMid,DepthLow--DepthMid,10,0.2858707815594446,2.398541586926354e-05,0.0004724822697225753
4282,53552,204,207,204,207,DepthLow,DepthLow,DepthLow--DepthLow,4,0.13544209903005247,2.3984175769257188e-05,0.00047245784132538265
4283,55137,214,247,214,247,DepthHigh,DepthLow,DepthHigh--DepthLow,5,0.1525885136223025,2.3984158460352945e-05,0.00047245750036192357
4284,31105,98,285,98,285,DepthLow,DepthLow,DepthLow--DepthLow,10,0.30945461116838635,2.39835369135912e-05,0.0004724452566790819
4285,46019,162,255,162,255,DepthHigh,DepthLow,DepthHigh--DepthLow,1,-0.012331764530339663,2.3982284496239262e-05,0.0004724205856458045
4286,7660,21,248,21,248,DepthMid,DepthHigh,DepthHigh--DepthMid,10,0.3382676183908137,2.398212028539683e-05,0.0004724173509004923
4287,30118,95,99,95,99,DepthLow,DepthLow,DepthLow--DepthLow,1,0.07318872901914193,2.398106811034304e-05,0.0004723966243865026
4288,14401,41,339,41,339,DepthMid,DepthHigh,DepthHigh--DepthMid,4,0.13425312703514772,2.397920123408968e-05,0.0004723598492922418
4289,6305,17,271,17,271,DepthHigh,DepthHigh,DepthHigh--DepthHigh,7,0.20055227998366892,2.3979024303199883e-05,0.0004723563639781304
4290,62815,279,320,279,320,DepthHigh,DepthHigh,DepthHigh--DepthHigh,3,0.10377242891063046,2.3978570666128755e-05,0.00047234742790321874
4291,58428,237,364,237,364,DepthHigh,DepthHigh,DepthHigh--DepthHigh,2,0.09427529621085833,2.3978453215457188e-05,0.0004723451142739623
4292,40520,136,333,136,333,DepthLow,DepthMid,DepthLow--DepthMid,7,0.19362798344636253,2.397832702905153e-05,0.0004723426285618246
4293,22144,66,332,66,332,DepthMid,DepthMid,DepthMid--DepthMid,10,0.37083744736291707,2.397773148906017e-05,0.00047233089717937276
4294,32495,103,360,103,360,DepthLow,DepthMid,DepthLow--DepthMid,6,0.1760383549211966,2.3976581796497852e-05,0.0004723082496941556
4295,17805,52,256,52,256,DepthHigh,DepthLow,DepthHigh--DepthLow,3,0.12097835159040468,2.397395418576074e-05,0.00047225648909547414
4296,32887,105,233,105,233,DepthLow,DepthMid,DepthLow--DepthMid,8,0.2051094658476363,2.397298363789735e-05,0.00047223737053360014
4297,17707,52,158,52,158,DepthHigh,DepthHigh,DepthHigh--DepthHigh,9,0.2325937141514745,2.3968478536844545e-05,0.00047214862575709255
4298,30924,98,104,98,104,DepthLow,DepthLow,DepthLow--DepthLow,10,0.35264348412560553,2.3967674198954544e-05,0.000472132781320875
4299,4536,12,247,12,247,DepthHigh,DepthLow,DepthHigh--DepthLow,3,0.11570286449356466,2.3967137726689655e-05,0.00047212221349771365
4300,34036,109,356,109,356,DepthLow,DepthMid,DepthLow--DepthMid,1,0.01866613849507882,2.396691442237209e-05,0.000472117814685895
4301,65143,313,353,313,353,DepthHigh,DepthHigh,DepthHigh--DepthHigh,10,0.3473294702190377,2.3966698052576392e-05,0.0004721135524753614
4302,34391,111,204,111,204,DepthLow,DepthLow,DepthLow--DepthLow,3,0.10533824193466247,2.3966603603632436e-05,0.00047211169195096375
4303,25861,79,266,79,266,DepthMid,DepthMid,DepthMid--DepthMid,10,0.32797061673888706,2.3966269659918693e-05,0.0004721051136833744
4304,59797,249,287,249,287,DepthHigh,DepthHigh,DepthHigh--DepthHigh,8,0.20125460250155636,2.3965823730247344e-05,0.0004720963294344623
4305,15380,44,355,44,355,DepthMid,DepthMid,DepthMid--DepthMid,9,0.25680194852401617,2.3965430624079427e-05,0.00047208858574156697
4306,13284,38,194,38,194,DepthMid,DepthMid,DepthMid--DepthMid,4,0.1395650872922848,2.3965385725511233e-05,0.00047208770129672246
4307,31044,98,224,98,224,DepthLow,DepthLow,DepthLow--DepthLow,9,0.2584762597702034,2.3965095690248977e-05,0.0004720819879699344
4308,854,2,130,2,130,DepthHigh,DepthLow,DepthHigh--DepthLow,1,0.05326061946903075,2.3964301594596353e-05,0.000472066345292802
4309,33922,109,242,109,242,DepthLow,DepthHigh,DepthHigh--DepthLow,1,0.04652814253033912,2.396246984633934e-05,0.0004720302621755131
4310,10071,28,286,28,286,DepthHigh,DepthLow,DepthHigh--DepthLow,9,0.23259465958862996,2.3961765944199636e-05,0.00047201639619618455
4311,37833,125,209,125,209,DepthLow,DepthLow,DepthLow--DepthLow,1,0.07158746313126217,2.396132733115265e-05,0.00047200775607549207
4312,48143,173,223,173,223,DepthMid,DepthLow,DepthLow--DepthMid,7,0.19311344005471637,2.396090132562289e-05,0.00047199936430689766
4313,54255,208,280,208,280,DepthMid,DepthLow,DepthLow--DepthMid,6,0.17021677938033294,2.3960254353872336e-05,0.0004719866197840253
4314,55450,216,263,216,263,DepthMid,DepthMid,DepthMid--DepthMid,7,0.18890927886804437,2.395979931073633e-05,0.00047197765601141896
4315,52640,198,270,198,270,DepthLow,DepthHigh,DepthHigh--DepthLow,1,0.06578079732579704,2.395900017337647e-05,0.00047196191401904883
4316,474,1,112,1,112,DepthHigh,DepthLow,DepthHigh--DepthLow,4,0.12382015275586816,2.3958656611611637e-05,0.00047195514628805256
4317,14472,42,88,42,88,DepthMid,DepthLow,DepthLow--DepthMid,3,0.11412369715826212,2.3956430245089053e-05,0.0004719112896914624
4318,61247,262,333,262,333,DepthMid,DepthMid,DepthMid--DepthMid,8,0.22106418869414154,2.3954755490886432e-05,0.00047187829915791503
4319,12144,34,364,34,364,DepthMid,DepthHigh,DepthHigh--DepthMid,4,0.1330411985195445,2.395072671480302e-05,0.0004717989373791379
4320,8146,23,51,23,51,DepthHigh,DepthHigh,DepthHigh--DepthHigh,4,0.13736276374256137,2.3948417027699894e-05,0.00047175343947279425
4321,7343,20,274,20,274,DepthMid,DepthHigh,DepthHigh--DepthMid,5,0.14829661915379683,2.394609371077762e-05,0.00047170767307630127
4322,21398,64,183,64,183,DepthMid,DepthMid,DepthMid--DepthMid,4,0.1370725572128484,2.3945703413148365e-05,0.00047169998470805523
4323,46078,162,314,162,314,DepthHigh,DepthMid,DepthHigh--DepthMid,4,0.13030138273957023,2.39446662410816e-05,0.0004716795537338804
4324,12224,35,115,35,115,DepthMid,DepthLow,DepthLow--DepthMid,8,0.20690579414740548,2.3944257404369727e-05,0.0004716715001692216
4325,12522,36,85,36,85,DepthMid,DepthHigh,DepthHigh--DepthMid,9,0.251624864923738,2.394292333038394e-05,0.00047164522060382994
4326,63071,282,327,282,327,DepthHigh,DepthLow,DepthHigh--DepthLow,8,0.21076863840697316,2.3941566800878537e-05,0.00047161849869318417
4327,16144,47,165,47,165,DepthHigh,DepthLow,DepthHigh--DepthLow,9,0.2481296942145427,2.3940340974623317e-05,0.0004715943514707842
4328,5842,16,155,16,155,DepthMid,DepthMid,DepthMid--DepthMid,7,0.1931831513310091,2.3938752941148737e-05,0.0004715630692255834
4329,2257,6,95,6,95,DepthHigh,DepthLow,DepthHigh--DepthLow,5,0.14314982803522827,2.3937900676313626e-05,0.0004715462806893373
4330,37783,125,159,125,159,DepthLow,DepthHigh,DepthHigh--DepthLow,5,0.1576275333565702,2.393378526626235e-05,0.0004714652123312791
4331,15850,46,188,46,188,DepthHigh,DepthMid,DepthHigh--DepthMid,5,0.15530505321056423,2.3933465366478743e-05,0.0004714589107113003
4332,49183,178,323,178,323,DepthLow,DepthLow,DepthLow--DepthLow,9,0.23802355809768128,2.3932727103565396e-05,0.00047144436786831384
4333,32418,103,283,103,283,DepthLow,DepthLow,DepthLow--DepthLow,10,0.28469485315727694,2.3932350301665778e-05,0.00047143694534882374
4334,60522,255,343,255,343,DepthLow,DepthHigh,DepthHigh--DepthLow,2,0.09493512245160937,2.3929795039937758e-05,0.00047138660993385447
4335,47311,168,356,168,356,DepthLow,DepthMid,DepthLow--DepthMid,7,0.19966432176759374,2.3927957765608528e-05,0.0004713504179599521
4336,25000,76,263,76,263,DepthMid,DepthMid,DepthMid--DepthMid,8,0.21209081467588675,2.3927545713853294e-05,0.00047134230106301705
4337,53084,201,222,201,222,DepthLow,DepthMid,DepthLow--DepthMid,6,0.177811373261863,2.392713703718172e-05,0.00047133425065094906
4338,5244,14,254,14,254,DepthHigh,DepthLow,DepthHigh--DepthLow,1,0.07160161984227009,2.3926463122172327e-05,0.00047132097538005223
4339,33040,106,128,106,128,DepthLow,DepthLow,DepthLow--DepthLow,10,0.2912746243253994,2.392411290917152e-05,0.00047127467916492703
4340,30387,96,100,96,100,DepthLow,DepthLow,DepthLow--DepthLow,4,0.12506669410788668,2.39240410836218e-05,0.0004712732642927004
4341,1091,3,6,3,6,DepthHigh,DepthHigh,DepthHigh--DepthHigh,7,0.19036289577581442,2.3923676438410224e-05,0.0004712660812445453
4342,27839,86,277,86,277,DepthHigh,DepthHigh,DepthHigh--DepthHigh,10,0.29533972031807093,2.3923385737912262e-05,0.00047126035481345757
4343,10538,30,84,30,84,DepthHigh,DepthHigh,DepthHigh--DepthHigh,6,0.1695658486545936,2.3922029123398574e-05,0.00047123363122825645
4344,23328,70,334,70,334,DepthHigh,DepthHigh,DepthHigh--DepthHigh,10,0.3033059111149421,2.3921474842616385e-05,0.0004712227125998925
4345,38659,128,324,128,324,DepthLow,DepthMid,DepthLow--DepthMid,7,0.18201970558139663,2.392028122330838e-05,0.00047119919981350163
4346,32754,104,359,104,359,DepthLow,DepthHigh,DepthHigh--DepthLow,5,0.14449677491922752,2.3919655632130884e-05,0.00047118687646079956
4347,24350,74,190,74,190,DepthMid,DepthMid,DepthMid--DepthMid,4,0.13621659923802124,2.391961487976204e-05,0.00047118607369082337
4348,29304,92,95,92,95,DepthLow,DepthLow,DepthLow--DepthLow,10,0.6161934800122303,2.391679303250502e-05,0.0004711304868790676
4349,35292,114,352,114,352,DepthLow,DepthMid,DepthLow--DepthMid,4,0.13038142173037567,2.3916170331312242e-05,0.0004711182204553989
4350,53945,206,283,206,283,DepthLow,DepthLow,DepthLow--DepthLow,6,0.17626885814594864,2.3915379332427568e-05,0.0004711026387806672
4351,3452,9,222,9,222,DepthHigh,DepthMid,DepthHigh--DepthMid,5,0.15072500544092646,2.391265513470279e-05,0.0004710489755408388
4352,46013,162,249,162,249,DepthHigh,DepthHigh,DepthHigh--DepthHigh,8,0.2166226836706978,2.390951829281479e-05,0.0004709871837343893
4353,63334,285,350,285,350,DepthLow,DepthMid,DepthLow--DepthMid,3,0.11848686519362801,2.3908300526004383e-05,0.0004709631952728296
4354,5266,14,276,14,276,DepthHigh,DepthHigh,DepthHigh--DepthHigh,3,0.11726912167835511,2.3907343318601623e-05,0.00047094433950110913
4355,52200,195,331,195,331,DepthMid,DepthMid,DepthMid--DepthMid,8,0.20215338047542933,2.3907049395276718e-05,0.0004709385495844184
4356,48485,175,186,175,186,DepthMid,DepthMid,DepthMid--DepthMid,8,0.2274027735480124,2.3906814977767578e-05,0.0004709339318568216
4357,12946,37,182,37,182,DepthMid,DepthLow,DepthLow--DepthMid,10,0.29970366423315525,2.3906527979453575e-05,0.000470928278354062
4358,42626,146,214,146,214,DepthLow,DepthHigh,DepthHigh--DepthLow,1,0.042701228186038914,2.3903064874141884e-05,0.00047086005957199564
4359,40436,136,249,136,249,DepthLow,DepthHigh,DepthHigh--DepthLow,8,0.20957795176592553,2.3902889104872373e-05,0.0004708565971403306
4360,66339,351,352,351,352,DepthMid,DepthMid,DepthMid--DepthMid,10,0.6431349753768247,2.3902774108697265e-05,0.0004708543318615411
4361,31103,98,283,98,283,DepthLow,DepthLow,DepthLow--DepthLow,10,0.2928528704891722,2.3902535461770053e-05,0.00047084963081977285
4362,1599,4,154,4,154,DepthHigh,DepthHigh,DepthHigh--DepthHigh,4,0.13262381222987885,2.3901199043268633e-05,0.000470823305070397
4363,3831,10,247,10,247,DepthHigh,DepthLow,DepthHigh--DepthLow,9,0.229941227861137,2.3900665631056965e-05,0.0004708127975264027
4364,18377,54,207,54,207,DepthHigh,DepthLow,DepthHigh--DepthLow,6,0.1586853287283196,2.389978870898999e-05,0.00047079552327396396
4365,45605,160,246,160,246,DepthLow,DepthLow,DepthLow--DepthLow,10,0.3004644910249697,2.3898965140213684e-05,0.0004707793000136785
4366,36566,120,147,120,147,DepthLow,DepthLow,DepthLow--DepthLow,8,0.21529940797000646,2.3898637580242807e-05,0.00047077284749772656
4367,32518,104,123,104,123,DepthLow,DepthLow,DepthLow--DepthLow,10,0.2810990560850088,2.3898007033447196e-05,0.00047076042652563336
4368,5213,14,223,14,223,DepthHigh,DepthLow,DepthHigh--DepthLow,6,0.1704888588748834,2.3897816642026353e-05,0.00047075667605613367
4369,25474,78,164,78,164,DepthMid,DepthLow,DepthLow--DepthMid,9,0.2669557229557084,2.389702755425142e-05,0.00047074113202783983
4370,41414,140,325,140,325,DepthLow,DepthLow,DepthLow--DepthLow,7,0.19135834369932414,2.3896995649170528e-05,0.00047074050353821436
4371,47117,167,358,167,358,DepthLow,DepthMid,DepthLow--DepthMid,4,0.13997622265144358,2.3896354857981486e-05,0.00047072788076456447
4372,12805,37,41,37,41,DepthMid,DepthMid,DepthMid--DepthMid,9,0.23158808361049904,2.3895889534983352e-05,0.00047071871449171304
4373,8893,25,119,25,119,DepthHigh,DepthLow,DepthHigh--DepthLow,9,0.2525509245789772,2.3895608537363947e-05,0.00047071317919502583
4374,48836,176,349,176,349,DepthMid,DepthMid,DepthMid--DepthMid,5,0.15463088823214202,2.3894973944940493e-05,0.0004707006785291955
4375,16714,49,104,49,104,DepthHigh,DepthLow,DepthHigh--DepthLow,2,0.07944054291385762,2.3894814146882254e-05,0.00047069753071013476
4376,17803,52,254,52,254,DepthHigh,DepthLow,DepthHigh--DepthLow,2,0.07645697229239243,2.3892814004230737e-05,0.00047065813043686416
4377,35042,113,352,113,352,DepthLow,DepthMid,DepthLow--DepthMid,7,0.19673205838723173,2.389147462766979e-05,0.0004706317464174676
4378,23823,72,244,72,244,DepthMid,DepthLow,DepthLow--DepthMid,10,0.292714470697063,2.3891383331303025e-05,0.0004706299479948419
4379,1338,3,253,3,253,DepthHigh,DepthLow,DepthHigh--DepthLow,4,0.125976994467255,2.389132935842111e-05,0.0004706288847975269
4380,65812,329,342,329,342,DepthLow,DepthMid,DepthLow--DepthMid,9,0.23100613733273875,2.389121995408251e-05,0.00047062672967082406
4381,8911,25,137,25,137,DepthHigh,DepthLow,DepthHigh--DepthLow,7,0.1976423805019296,2.3890104081634736e-05,0.0004706047483989662
4382,58149,235,340,235,340,DepthHigh,DepthMid,DepthHigh--DepthMid,7,0.1908251598296132,2.3889084416791792e-05,0.0004705846622948946
4383,42312,144,337,144,337,DepthLow,DepthHigh,DepthHigh--DepthLow,8,0.21978295953355054,2.3886351955358603e-05,0.00047053083627049213
4384,20272,60,263,60,263,DepthHigh,DepthMid,DepthHigh--DepthMid,9,0.2468538442135794,2.3885886181496378e-05,0.00047052166111619
4385,50599,186,287,186,287,DepthMid,DepthHigh,DepthHigh--DepthMid,5,0.14538370881392665,2.388543162567427e-05,0.0004705127069430493
4386,53548,203,363,203,363,DepthLow,DepthMid,DepthLow--DepthMid,8,0.20831972211280658,2.38847166376522e-05,0.00047049862258589936
4387,52646,198,276,198,276,DepthLow,DepthHigh,DepthHigh--DepthLow,5,0.14327016878216262,2.3884467242534303e-05,0.0004704937098184075
4388,10832,31,45,31,45,DepthHigh,DepthMid,DepthHigh--DepthMid,7,0.1806343124628787,2.388363285988092e-05,0.00047047727353845986
4389,11285,32,166,32,166,DepthMid,DepthMid,DepthMid--DepthMid,10,0.38654879308175166,2.3883090349888353e-05,0.00047046658677972144
4390,25333,77,309,77,309,DepthMid,DepthHigh,DepthHigh--DepthMid,7,0.20094022621390153,2.388286967323234e-05,0.0004704622397295024
4391,50094,183,319,183,319,DepthMid,DepthHigh,DepthHigh--DepthMid,4,0.1328489119379167,2.388091536993438e-05,0.0004704237424333547
4392,65916,332,347,332,347,DepthMid,DepthMid,DepthMid--DepthMid,8,0.21765489048550207,2.3880233902286688e-05,0.00047041031838506304
4393,40215,135,256,135,256,DepthLow,DepthLow,DepthLow--DepthLow,6,0.166516384182117,2.3879406993317208e-05,0.0004703940293272087
4394,65042,311,355,311,355,DepthMid,DepthMid,DepthMid--DepthMid,7,0.19361546460985266,2.3879291529619997e-05,0.0004703917548388269
4395,55194,214,304,214,304,DepthHigh,DepthHigh,DepthHigh--DepthHigh,3,0.12086305027262319,2.3877507397541275e-05,0.00047035660969985436
4396,19469,58,69,58,69,DepthHigh,DepthMid,DepthHigh--DepthMid,9,0.2543590716789644,2.38745549694312e-05,0.00047029845061092115
4397,36724,120,305,120,305,DepthLow,DepthMid,DepthLow--DepthMid,7,0.19444196802219502,2.3874235381751625e-05,0.0004702921551389958
4398,27300,84,295,84,295,DepthHigh,DepthHigh,DepthHigh--DepthHigh,5,0.15766476520484482,2.3872929453243226e-05,0.0004702664300038092
4399,6369,17,335,17,335,DepthHigh,DepthHigh,DepthHigh--DepthHigh,8,0.22475096931461688,2.3872316809831025e-05,0.0004702543617056607
4400,15874,46,212,46,212,DepthHigh,DepthLow,DepthHigh--DepthLow,2,0.09689551084173413,2.3871735346866968e-05,0.00047024290762279154
4401,8845,25,71,25,71,DepthHigh,DepthMid,DepthHigh--DepthMid,9,0.26010098442276547,2.387141653614623e-05,0.00047023662745596985
4402,5016,14,26,14,26,DepthHigh,DepthHigh,DepthHigh--DepthHigh,4,0.13148948484923234,2.3871336042519226e-05,0.0004702350418336153
4403,8998,25,224,25,224,DepthHigh,DepthLow,DepthHigh--DepthLow,8,0.22148425707115224,2.3870695105123787e-05,0.00047022241617988484
4404,47957,172,228,172,228,DepthLow,DepthMid,DepthLow--DepthMid,8,0.21404462347465109,2.3869777918934494e-05,0.0004702043487753071
4405,46124,162,360,162,360,DepthHigh,DepthMid,DepthHigh--DepthMid,1,0.0552539724449248,2.3869333479885543e-05,0.0004701955938897655
4406,63806,292,297,292,297,DepthHigh,DepthHigh,DepthHigh--DepthHigh,8,0.21060594833293816,2.386868583271495e-05,0.00047018283606197516
4407,26623,82,179,82,179,DepthHigh,DepthLow,DepthHigh--DepthLow,1,0.0493535951395825,2.386784831939256e-05,0.000470166338111819
4408,11838,34,58,34,58,DepthMid,DepthHigh,DepthHigh--DepthMid,4,0.12618314578924325,2.3867333607537147e-05,0.0004701561989411236
4409,30173,95,154,95,154,DepthLow,DepthHigh,DepthHigh--DepthLow,4,0.13082598760963812,2.3867239759147195e-05,0.000470154350246878
4410,63465,287,326,287,326,DepthHigh,DepthLow,DepthHigh--DepthLow,2,0.0817871170514807,2.3865956033603794e-05,0.0004701290624819399
4411,20121,60,112,60,112,DepthHigh,DepthLow,DepthHigh--DepthLow,6,0.16330513044876446,2.3865558593964394e-05,0.0004701212334251528
4412,3820,10,236,10,236,DepthHigh,DepthMid,DepthHigh--DepthMid,6,0.1741198389289818,2.3865554860491188e-05,0.0004701211598804662
4413,2982,8,107,8,107,DepthHigh,DepthLow,DepthHigh--DepthLow,2,0.0814664796004974,2.3862886345634213e-05,0.0004700685935225058
4414,44572,155,243,155,243,DepthMid,DepthLow,DepthLow--DepthMid,5,0.14297636370941655,2.3862289462792358e-05,0.0004700568356876025
4415,13270,38,180,38,180,DepthMid,DepthMid,DepthMid--DepthMid,8,0.2065715163896376,2.3861782523875377e-05,0.00047004684963393504
4416,32415,103,280,103,280,DepthLow,DepthLow,DepthLow--DepthLow,9,0.25312478139589484,2.3859626750557072e-05,0.0004700043836339294
4417,23727,72,148,72,148,DepthMid,DepthMid,DepthMid--DepthMid,6,0.17709358579437107,2.3858406549969197e-05,0.0004699803472300405
4418,47121,167,362,167,362,DepthLow,DepthHigh,DepthHigh--DepthLow,4,0.13273173326981808,2.3857442537081123e-05,0.0004699613573988914
4419,8946,25,172,25,172,DepthHigh,DepthLow,DepthHigh--DepthLow,9,0.23438937018635755,2.38571925463352e-05,0.0004699564328982829
4420,20170,60,161,60,161,DepthHigh,DepthHigh,DepthHigh--DepthHigh,2,0.09550114286805148,2.3856988603032675e-05,0.00046995241547390315
4421,21813,65,299,65,299,DepthMid,DepthHigh,DepthHigh--DepthMid,10,0.29289176319993476,2.385696121521726e-05,0.00046995187596867794
4422,54529,210,245,210,245,DepthMid,DepthLow,DepthLow--DepthMid,7,0.18334358576091409,2.3856938198084465e-05,0.00046995142256035663
4423,55835,218,355,218,355,DepthHigh,DepthMid,DepthHigh--DepthMid,3,0.10317401447761852,2.385556407539651e-05,0.0004699243540863297
4424,15815,46,153,46,153,DepthHigh,DepthHigh,DepthHigh--DepthHigh,8,0.20640641715440758,2.385555560479321e-05,0.0004699241872261887
4425,66186,342,352,342,352,DepthMid,DepthMid,DepthMid--DepthMid,9,0.2431742820359751,2.3855312780208683e-05,0.0004699194038898702
4426,28267,88,152,88,152,DepthLow,DepthLow,DepthLow--DepthLow,6,0.15900257663992853,2.385482288128199e-05,0.0004699097535023981
4427,43868,152,169,152,169,DepthLow,DepthLow,DepthLow--DepthLow,3,0.11734600322497583,2.3852093583453983e-05,0.00046985598979700497
4428,66383,354,363,354,363,DepthMid,DepthMid,DepthMid--DepthMid,9,0.2389722875970929,2.38496640692485e-05,0.0004698081314487326
4429,58778,240,339,240,339,DepthHigh,DepthHigh,DepthHigh--DepthHigh,4,0.1383567664757679,2.3847146808603997e-05,0.0004697585446069083
4430,24043,73,173,73,173,DepthMid,DepthMid,DepthMid--DepthMid,8,0.22508967311363162,2.384601592347179e-05,0.0004697362676042091
4431,36239,118,309,118,309,DepthLow,DepthHigh,DepthHigh--DepthLow,4,0.13159935183241445,2.3844385432521935e-05,0.00046970414900059814
4432,37276,123,131,123,131,DepthLow,DepthLow,DepthLow--DepthLow,7,0.18010790196095267,2.384399563776435e-05,0.0004696964705382862
4433,48673,176,186,176,186,DepthMid,DepthMid,DepthMid--DepthMid,8,0.20843948290542025,2.384365995773382e-05,0.00046968985806745847
4434,7575,21,163,21,163,DepthMid,DepthLow,DepthLow--DepthMid,7,0.2004285716241103,2.3843609536369107e-05,0.0004696888648305277
4435,24358,74,198,74,198,DepthMid,DepthLow,DepthLow--DepthMid,4,0.12429921201929477,2.384284633223024e-05,0.00046967383067703376
4436,20966,62,352,62,352,DepthHigh,DepthMid,DepthHigh--DepthMid,8,0.2084298277718282,2.3842500975086556e-05,0.0004696670275793513
4437,40622,137,208,137,208,DepthLow,DepthMid,DepthLow--DepthMid,4,0.13379891383287473,2.3841608269316095e-05,0.0004696494424079738
4438,17786,52,237,52,237,DepthHigh,DepthHigh,DepthHigh--DepthHigh,9,0.22841679361640096,2.384137962320168e-05,0.00046964493836953265
4439,16713,49,103,49,103,DepthHigh,DepthLow,DepthHigh--DepthLow,2,0.07517316204927245,2.3840370139029102e-05,0.0004696250528117542
4440,52199,195,330,195,330,DepthMid,DepthMid,DepthMid--DepthMid,4,0.1256284128728074,2.384007915686376e-05,0.00046961932083217637
4441,54289,208,314,208,314,DepthMid,DepthMid,DepthMid--DepthMid,3,0.1019551844530582,2.3840033409186027e-05,0.00046961841966095094
4442,62859,279,364,279,364,DepthHigh,DepthHigh,DepthHigh--DepthHigh,7,0.1875537794947311,2.383968609947915e-05,0.0004696115781002503
4443,28873,90,209,90,209,DepthLow,DepthLow,DepthLow--DepthLow,1,0.06016500261151578,2.383905162132365e-05,0.0004695990796853537
4444,35299,114,359,114,359,DepthLow,DepthHigh,DepthHigh--DepthLow,3,0.11957147123900892,2.3835478749973128e-05,0.0004695286986515487
4445,34257,110,323,110,323,DepthLow,DepthLow,DepthLow--DepthLow,9,0.23751073374137158,2.383199628441106e-05,0.0004694600984971063
4446,18063,53,203,53,203,DepthHigh,DepthLow,DepthHigh--DepthLow,5,0.15077334451180666,2.382896069908714e-05,0.0004694003013165362
4447,14393,41,331,41,331,DepthMid,DepthMid,DepthMid--DepthMid,9,0.2557956427560825,2.3828509488469513e-05,0.0004693914130396808
4448,1320,3,235,3,235,DepthHigh,DepthHigh,DepthHigh--DepthHigh,7,0.19206681099037656,2.3825159626216382e-05,0.0004693254250022315
4449,35853,117,169,117,169,DepthLow,DepthLow,DepthLow--DepthLow,4,0.12816497594071583,2.3823474410369227e-05,0.0004692922283875563
4450,18603,55,124,55,124,DepthHigh,DepthLow,DepthHigh--DepthLow,7,0.19825316253153216,2.382335141079467e-05,0.0004692898054519492
4451,26687,82,243,82,243,DepthHigh,DepthLow,DepthHigh--DepthLow,5,0.15278888444406216,2.382283911913867e-05,0.00046927971395611246
4452,65588,323,343,323,343,DepthLow,DepthHigh,DepthHigh--DepthLow,2,0.09333518076425433,2.382226700067403e-05,0.00046926844394802933
4453,32903,105,249,105,249,DepthLow,DepthHigh,DepthHigh--DepthLow,9,0.22963352091041464,2.3821476196997586e-05,0.00046925286611865225
4454,63216,284,311,284,311,DepthLow,DepthMid,DepthLow--DepthMid,7,0.19919466734194932,2.3821116422132583e-05,0.0004692457790101471
4455,9969,28,184,28,184,DepthHigh,DepthLow,DepthHigh--DepthLow,7,0.19915092059222375,2.3819583887014496e-05,0.00046921559001217555
4456,34970,113,280,113,280,DepthLow,DepthLow,DepthLow--DepthLow,9,0.2666901270489888,2.381888358299414e-05,0.00046920179491123437
4457,19675,58,275,58,275,DepthHigh,DepthHigh,DepthHigh--DepthHigh,4,0.13461232694173964,2.3817891523441523e-05,0.0004691822525963679
4458,4637,12,348,12,348,DepthHigh,DepthMid,DepthHigh--DepthMid,4,0.13676439716528602,2.3817369212571e-05,0.00046917196373471334
4459,42460,145,266,145,266,DepthLow,DepthMid,DepthLow--DepthMid,9,0.23340493462745987,2.3817220628353385e-05,0.0004691690368140893
4460,59218,244,293,244,293,DepthLow,DepthLow,DepthLow--DepthLow,6,0.16181651959283624,2.3814026444407397e-05,0.00046910611544182966
4461,19276,57,182,57,182,DepthHigh,DepthLow,DepthHigh--DepthLow,8,0.20963024911510472,2.3813258804720378e-05,0.0004690909939136632
4462,19829,59,124,59,124,DepthHigh,DepthLow,DepthHigh--DepthLow,5,0.14952957762859645,2.381320472463587e-05,0.0004690899286045931
4463,6574,18,194,18,194,DepthHigh,DepthMid,DepthHigh--DepthMid,4,0.12271799628591332,2.381245781697427e-05,0.00046907521547103105
4464,874,2,150,2,150,DepthHigh,DepthMid,DepthHigh--DepthMid,3,0.10842481642827466,2.3811838712619225e-05,0.0004690630199005035
4465,46535,165,171,165,171,DepthLow,DepthLow,DepthLow--DepthLow,7,0.196468612840744,2.3811009881823302e-05,0.0004690466929851059
4466,49173,178,313,178,313,DepthLow,DepthHigh,DepthHigh--DepthLow,1,0.04464371866481771,2.381080571237072e-05,0.00046904267110585684
4467,39219,131,182,131,182,DepthLow,DepthLow,DepthLow--DepthLow,8,0.20300467828321878,2.380877297902354e-05,0.00046900262883721943
4468,1546,4,101,4,101,DepthHigh,DepthLow,DepthHigh--DepthLow,3,0.10727199357093758,2.3807890424811935e-05,0.0004689852436386753
4469,18055,53,195,53,195,DepthHigh,DepthMid,DepthHigh--DepthMid,8,0.2141211566465403,2.3806913069713674e-05,0.0004689659909829086
4470,38156,126,294,126,294,DepthLow,DepthLow,DepthLow--DepthLow,7,0.1796355065987325,2.380558771917503e-05,0.00046893988325836096
4471,30839,97,285,97,285,DepthLow,DepthLow,DepthLow--DepthLow,10,0.2924474614327061,2.3805099106784655e-05,0.00046893025821402243
4472,31147,98,327,98,327,DepthLow,DepthLow,DepthLow--DepthLow,10,0.30365451142018657,2.3804703615383582e-05,0.0004689224675350593
4473,60506,255,327,255,327,DepthLow,DepthLow,DepthLow--DepthLow,5,0.1421849839544854,2.380386206570782e-05,0.00046890589007386133
4474,11635,33,185,33,185,DepthMid,DepthLow,DepthLow--DepthMid,8,0.21948192187045576,2.380384832706258e-05,0.0004689056194399762
4475,62143,271,356,271,356,DepthHigh,DepthMid,DepthHigh--DepthMid,8,0.20781408412042987,2.3803846959270915e-05,0.0004689055924962152
4476,49868,182,274,182,274,DepthLow,DepthHigh,DepthHigh--DepthLow,8,0.21385199857340284,2.380323499963069e-05,0.0004688935376675073
4477,8473,24,38,24,38,DepthMid,DepthMid,DepthMid--DepthMid,10,0.3237726630307417,2.380268592318721e-05,0.00046888272155801473
4478,37349,123,204,123,204,DepthLow,DepthLow,DepthLow--DepthLow,6,0.1650263902898262,2.38014460382275e-05,0.0004688582973969682
4479,58102,235,293,235,293,DepthHigh,DepthLow,DepthHigh--DepthLow,4,0.13702496489618002,2.380016917125798e-05,0.0004688331447372362
4480,54795,211,358,211,358,DepthLow,DepthMid,DepthLow--DepthMid,3,0.1025211293523659,2.3799664450067026e-05,0.0004688232023699585
4481,64839,308,314,308,314,DepthHigh,DepthMid,DepthHigh--DepthMid,8,0.21822675477316217,2.379761168127592e-05,0.00046878276542848855
4482,40314,135,355,135,355,DepthLow,DepthMid,DepthLow--DepthMid,4,0.13035883096174,2.3796587365281416e-05,0.0004687625877026307
4483,59243,244,318,244,318,DepthLow,DepthHigh,DepthHigh--DepthLow,9,0.24115261952744593,2.3796417715501295e-05,0.0004687592458171447
4484,39728,133,228,133,228,DepthLow,DepthMid,DepthLow--DepthMid,7,0.1993699626054927,2.3795754109500253e-05,0.0004687461736206365
4485,43349,149,289,149,289,DepthMid,DepthHigh,DepthHigh--DepthMid,8,0.20853505210377501,2.3794848116457976e-05,0.0004687283267068577
4486,36944,121,282,121,282,DepthLow,DepthHigh,DepthHigh--DepthLow,8,0.2081574818385652,2.3794677278590625e-05,0.0004687249614175602
4487,64640,304,345,304,345,DepthHigh,DepthMid,DepthHigh--DepthMid,10,0.27181691474749725,2.3793143905692102e-05,0.0004686947559163767
4488,62418,274,358,274,358,DepthHigh,DepthMid,DepthHigh--DepthMid,7,0.1790722181828019,2.37911226727306e-05,0.00046865494019075017
4489,47157,168,202,168,202,DepthLow,DepthHigh,DepthHigh--DepthLow,2,0.09850250171523185,2.379056777353359e-05,0.00046864400938039863
4490,59908,250,284,250,284,DepthLow,DepthLow,DepthLow--DepthLow,6,0.15925974706558774,2.37898520208228e-05,0.0004686299099598509
4491,63243,284,338,284,338,DepthLow,DepthHigh,DepthHigh--DepthLow,5,0.15431858502731868,2.378921422259483e-05,0.00046861734614373786
4492,10770,30,316,30,316,DepthHigh,DepthHigh,DepthHigh--DepthHigh,8,0.22717036841827962,2.3788931222958144e-05,0.0004686117714098495
4493,35388,115,199,115,199,DepthLow,DepthLow,DepthLow--DepthLow,2,0.09025815071138683,2.3788788846402255e-05,0.0004686089667722877
4494,59709,248,314,248,314,DepthHigh,DepthMid,DepthHigh--DepthMid,10,0.27257717124957803,2.3788044116696268e-05,0.00046859429654168874
4495,19756,58,356,58,356,DepthHigh,DepthMid,DepthHigh--DepthMid,4,0.13449550219308876,2.3787919323158172e-05,0.00046859183826727534
4496,31982,102,108,102,108,DepthLow,DepthLow,DepthLow--DepthLow,9,0.25617740471273065,2.378693910705478e-05,0.00046857252925333647
4497,40196,135,237,135,237,DepthLow,DepthHigh,DepthHigh--DepthLow,4,0.12965550871033887,2.3786221894228756e-05,0.00046855840107037054
4498,15963,46,301,46,301,DepthHigh,DepthHigh,DepthHigh--DepthHigh,5,0.15252743405363484,2.3786071391916303e-05,0.0004685554363657111
4499,2470,6,308,6,308,DepthHigh,DepthHigh,DepthHigh--DepthHigh,8,0.21656477668059404,2.378579915876738e-05,0.0004685500737179756
4500,27893,86,331,86,331,DepthHigh,DepthMid,DepthHigh--DepthMid,8,0.22801187655540428,2.37855936683673e-05,0.0004685460258177363
4501,37881,125,257,125,257,DepthLow,DepthLow,DepthLow--DepthLow,6,0.16797091161920608,2.37852116947409e-05,0.00046853850142178843
4502,7535,21,123,21,123,DepthMid,DepthLow,DepthLow--DepthMid,8,0.22068122526286238,2.3784025610156416e-05,0.0004685151370598939
4503,65090,312,351,312,351,DepthMid,DepthMid,DepthMid--DepthMid,5,0.14870379183433602,2.378370303251491e-05,0.00046850878268951104
4504,35313,115,124,115,124,DepthLow,DepthLow,DepthLow--DepthLow,9,0.2368046537596937,2.378237915661784e-05,0.0004684827040135319
4505,17292,51,55,51,55,DepthHigh,DepthHigh,DepthHigh--DepthHigh,10,0.3229437464444613,2.3781941693868718e-05,0.00046847408655224836
4506,920,2,196,2,196,DepthHigh,DepthMid,DepthHigh--DepthMid,4,0.13169431868387593,2.378138474250681e-05,0.0004684631153168512
4507,59099,243,294,243,294,DepthLow,DepthLow,DepthLow--DepthLow,3,0.1173444906081314,2.3779496523536527e-05,0.00046842591979813784
4508,9922,28,137,28,137,DepthHigh,DepthLow,DepthHigh--DepthLow,6,0.16724812822304422,2.3778221866344688e-05,0.0004684008106682232
4509,63108,282,364,282,364,DepthHigh,DepthHigh,DepthHigh--DepthHigh,6,0.17651264822064258,2.377808487998648e-05,0.0004683981122107189
4510,61842,268,337,268,337,DepthLow,DepthHigh,DepthHigh--DepthLow,3,0.1188422884933326,2.377575738625842e-05,0.0004683522635364498
4511,5074,14,84,14,84,DepthHigh,DepthHigh,DepthHigh--DepthHigh,5,0.14080513308252574,2.3772990003893157e-05,0.00046829774961397886
4512,46154,163,189,163,189,DepthLow,DepthLow,DepthLow--DepthLow,8,0.20707372803224627,2.3768916273746133e-05,0.0004682175022971679
4513,33144,106,232,106,232,DepthLow,DepthMid,DepthLow--DepthMid,8,0.20731635344074759,2.3768802941463806e-05,0.00046821526979495576
4514,61576,265,362,265,362,DepthMid,DepthHigh,DepthHigh--DepthMid,5,0.14156033054471992,2.3768514610431393e-05,0.00046820959003933394
4515,27264,84,259,84,259,DepthHigh,DepthMid,DepthHigh--DepthMid,7,0.18681520260072662,2.3768181989783317e-05,0.0004682030378344601
4516,45614,160,255,160,255,DepthLow,DepthLow,DepthLow--DepthLow,10,0.3170006894929812,2.376688607190053e-05,0.0004681775098959007
4517,12035,34,255,34,255,DepthMid,DepthLow,DepthLow--DepthMid,7,0.1799412631642592,2.376667359171885e-05,0.00046817332430582965
4518,36513,119,338,119,338,DepthLow,DepthHigh,DepthHigh--DepthLow,5,0.14767489858286972,2.3765717140942442e-05,0.00046815448343868863
4519,65226,315,337,315,337,DepthMid,DepthHigh,DepthHigh--DepthMid,4,0.12587009775634625,2.3765449932777044e-05,0.0004681492197767549
4520,31837,101,225,101,225,DepthLow,DepthHigh,DepthHigh--DepthLow,4,0.13665409879586088,2.37644768893651e-05,0.00046813005205573974
4521,9599,27,150,27,150,DepthMid,DepthMid,DepthMid--DepthMid,7,0.1927256906100385,2.3764212144834622e-05,0.00046812483692428914
4522,61695,267,286,267,286,DepthHigh,DepthLow,DepthHigh--DepthLow,6,0.17185004284504532,2.376388084386246e-05,0.0004681183107153569
4523,29827,93,347,93,347,DepthLow,DepthMid,DepthLow--DepthMid,6,0.16975186648157564,2.3763376977445526e-05,0.0004681083851860433
4524,50470,185,336,185,336,DepthLow,DepthHigh,DepthHigh--DepthLow,9,0.22979826700823827,2.3762015040874176e-05,0.00046808155676305674
4525,15922,46,260,46,260,DepthHigh,DepthMid,DepthHigh--DepthMid,4,0.12847836355776504,2.3760811817238754e-05,0.00046805785478359777
4526,12505,36,68,36,68,DepthMid,DepthMid,DepthMid--DepthMid,10,0.29188921990739203,2.3759602388332013e-05,0.0004680340305681645
4527,6650,18,270,18,270,DepthHigh,DepthHigh,DepthHigh--DepthHigh,7,0.1916655959357144,2.375941438353595e-05,0.0004680303271121458
4528,12974,37,210,37,210,DepthMid,DepthMid,DepthMid--DepthMid,6,0.171882272942375,2.375925352018345e-05,0.00046802715830813926
4529,14417,41,355,41,355,DepthMid,DepthMid,DepthMid--DepthMid,5,0.15268884900012442,2.3759016932317992e-05,0.00046802249782727583
4530,21728,65,214,65,214,DepthMid,DepthHigh,DepthHigh--DepthMid,9,0.24104753898152975,2.3758799757010036e-05,0.0004680182197491725
4531,8545,24,110,24,110,DepthMid,DepthLow,DepthLow--DepthMid,2,0.08933013267542098,2.3758069273799596e-05,0.00046800383015646564
4532,53342,202,318,202,318,DepthHigh,DepthHigh,DepthHigh--DepthHigh,2,0.09738454559328177,2.375772524847595e-05,0.0004679970532939486
4533,60045,251,308,251,308,DepthLow,DepthHigh,DepthHigh--DepthLow,10,0.31861255308616965,2.3755502155115052e-05,0.0004679532611744921
4534,11400,32,281,32,281,DepthMid,DepthLow,DepthLow--DepthMid,8,0.2223129273164535,2.3754369293415414e-05,0.00046793094523592157
4535,33292,107,123,107,123,DepthLow,DepthLow,DepthLow--DepthLow,10,0.3933331935837582,2.375221175310833e-05,0.00046788844442847814
4536,63235,284,330,284,330,DepthLow,DepthMid,DepthLow--DepthMid,6,0.16000358290815372,2.3752176870465802e-05,0.0004678877572846652
4537,25737,79,142,79,142,DepthMid,DepthLow,DepthLow--DepthMid,9,0.25887682073917706,2.375162219213526e-05,0.00046787683082510293
4538,14847,43,142,43,142,DepthMid,DepthLow,DepthLow--DepthMid,10,0.27386909973987034,2.375005944557454e-05,0.0004678460467000315
4539,45929,162,165,162,165,DepthHigh,DepthLow,DepthHigh--DepthLow,4,0.12277142680754297,2.3747712375352512e-05,0.00046779981239366186
4540,20184,60,175,60,175,DepthHigh,DepthMid,DepthHigh--DepthMid,8,0.22029479114215386,2.3747620925026244e-05,0.00046779801093822923
4541,39285,131,248,131,248,DepthLow,DepthHigh,DepthHigh--DepthLow,5,0.1500112659361651,2.3745553865040102e-05,0.0004677572924783439
4542,19525,58,125,58,125,DepthHigh,DepthLow,DepthHigh--DepthLow,3,0.12020953810072646,2.374537433046726e-05,0.00046775375587497904
4543,51418,191,231,191,231,DepthMid,DepthMid,DepthMid--DepthMid,4,0.12825854913107917,2.3745231970663392e-05,0.00046775095156741087
4544,61790,268,285,268,285,DepthLow,DepthLow,DepthLow--DepthLow,5,0.1434499291235981,2.374479217158596e-05,0.00046774228808342294
4545,58909,241,347,241,347,DepthHigh,DepthMid,DepthHigh--DepthMid,10,0.3734789607519781,2.374295153041431e-05,0.0004677060297869954
4546,34212,110,278,110,278,DepthLow,DepthMid,DepthLow--DepthMid,3,0.1210166231464836,2.3742178455459995e-05,0.0004676908011909572
4547,12364,35,255,35,255,DepthMid,DepthLow,DepthLow--DepthMid,8,0.21478806672664622,2.373892711233904e-05,0.000467626753855451
4548,43284,149,224,149,224,DepthMid,DepthLow,DepthLow--DepthMid,8,0.2273600032393399,2.3737308287353426e-05,0.00046759486505653855
4549,4638,12,349,12,349,DepthHigh,DepthMid,DepthHigh--DepthMid,2,0.09852657921960437,2.3734384451415137e-05,0.00046753726919712343
4550,17831,52,282,52,282,DepthHigh,DepthHigh,DepthHigh--DepthHigh,9,0.25491489717278787,2.3733783595911558e-05,0.000467525433105823
4551,12366,35,257,35,257,DepthMid,DepthLow,DepthLow--DepthMid,9,0.2598588405584211,2.3733145630088922e-05,0.00046751286598830765
4552,10368,29,248,29,248,DepthMid,DepthHigh,DepthHigh--DepthMid,6,0.16957136250445928,2.3732509060391296e-05,0.0004675003263726841
4553,46271,163,306,163,306,DepthLow,DepthHigh,DepthHigh--DepthLow,10,0.27293482708496,2.3731696693610565e-05,0.00046748432377750296
4554,61259,262,345,262,345,DepthMid,DepthMid,DepthMid--DepthMid,5,0.1500467805643308,2.3731555388025802e-05,0.000467481540236714
4555,5364,15,25,15,25,DepthHigh,DepthHigh,DepthHigh--DepthHigh,8,0.20956544582930337,2.3731385049500548e-05,0.0004674781847838224
4556,10275,29,155,29,155,DepthMid,DepthMid,DepthMid--DepthMid,10,0.27191159809999926,2.3728664368298698e-05,0.0004674245908150354
4557,17297,51,60,51,60,DepthHigh,DepthHigh,DepthHigh--DepthHigh,10,0.29568989409774493,2.3728649469551365e-05,0.0004674242973286104
4558,18238,54,68,54,68,DepthHigh,DepthMid,DepthHigh--DepthMid,10,0.4932228920544842,2.372857183365619e-05,0.00046742276799994814
4559,17293,51,56,51,56,DepthHigh,DepthHigh,DepthHigh--DepthHigh,9,0.24672743268543404,2.3728358309486882e-05,0.00046741856184464507
4560,38008,126,146,126,146,DepthLow,DepthLow,DepthLow--DepthLow,2,0.0969017334991309,2.3728280071214837e-05,0.00046741702064992255
4561,48387,174,277,174,277,DepthMid,DepthHigh,DepthHigh--DepthMid,7,0.19967046704122543,2.3726681463286465e-05,0.0004673855301013946
4562,56820,225,346,225,346,DepthHigh,DepthMid,DepthHigh--DepthMid,4,0.139532278422817,2.372588988470254e-05,0.000467369937007323
4563,62945,281,283,281,283,DepthLow,DepthLow,DepthLow--DepthLow,9,0.26527479534788506,2.372432466917028e-05,0.0004673391042466438
4564,5300,14,310,14,310,DepthHigh,DepthHigh,DepthHigh--DepthHigh,5,0.15173098628303405,2.3724198983164742e-05,0.0004673366283917538
4565,57321,229,301,229,301,DepthMid,DepthHigh,DepthHigh--DepthMid,8,0.20323487121962716,2.372371505168643e-05,0.00046732709555544574
4566,61791,268,286,268,286,DepthLow,DepthLow,DepthLow--DepthLow,7,0.1877453811810582,2.37235564071063e-05,0.0004673239704584406
4567,51854,193,324,193,324,DepthMid,DepthMid,DepthMid--DepthMid,9,0.2512252004715657,2.37235563447423e-05,0.0004673239692299489
4568,3418,9,188,9,188,DepthHigh,DepthMid,DepthHigh--DepthMid,1,0.06445676122010224,2.37233262384368e-05,0.0004673194364275955
4569,6029,16,342,16,342,DepthMid,DepthMid,DepthMid--DepthMid,9,0.24263719745322343,2.3722979354990853e-05,0.0004673126032636944
4570,31690,100,341,100,341,DepthLow,DepthHigh,DepthHigh--DepthLow,4,0.12622337415234486,2.3722049681517795e-05,0.00046729428987546525
4571,49710,181,298,181,298,DepthMid,DepthHigh,DepthHigh--DepthMid,5,0.1573100004935819,2.3720702221553536e-05,0.0004672677466232764
4572,1759,4,314,4,314,DepthHigh,DepthMid,DepthHigh--DepthMid,5,0.15161494058597677,2.3719426368329627e-05,0.00046724261393304696
4573,12414,35,305,35,305,DepthMid,DepthMid,DepthMid--DepthMid,6,0.1601281097451313,2.3718824200212473e-05,0.00046723075198492405
4574,6236,17,202,17,202,DepthHigh,DepthHigh,DepthHigh--DepthHigh,2,0.09781001189939724,2.3718716657569425e-05,0.0004672286335312622
4575,11402,32,283,32,283,DepthMid,DepthLow,DepthLow--DepthMid,10,0.3077294586509396,2.3718549932957935e-05,0.000467225349267888
4576,28009,87,170,87,170,DepthMid,DepthLow,DepthLow--DepthMid,3,0.11123704908134902,2.371843264720405e-05,0.00046722303888730067
4577,512,1,150,1,150,DepthHigh,DepthMid,DepthHigh--DepthMid,3,0.10135878358507848,2.3718141060116542e-05,0.0004672172949915234
4578,8500,24,65,24,65,DepthMid,DepthMid,DepthMid--DepthMid,10,0.5786444365432026,2.3717547171618172e-05,0.0004672055961413888
4579,26822,83,97,83,97,DepthHigh,DepthLow,DepthHigh--DepthLow,9,0.2678604275541364,2.371707811681807e-05,0.000467196356356772
4580,64822,307,353,307,353,DepthHigh,DepthHigh,DepthHigh--DepthHigh,8,0.2237145274162082,2.3717051211220008e-05,0.000467195826350617
4581,61684,267,275,267,275,DepthHigh,DepthHigh,DepthHigh--DepthHigh,10,0.27628726698989026,2.371693342154981e-05,0.0004671935060435175
4582,652,1,290,1,290,DepthHigh,DepthHigh,DepthHigh--DepthHigh,6,0.16805037872353876,2.371677145022764e-05,0.0004671903154139139
4583,12471,35,362,35,362,DepthMid,DepthHigh,DepthHigh--DepthMid,7,0.19266138650279369,2.371592199435347e-05,0.0004671735822106355
4584,33160,106,248,106,248,DepthLow,DepthHigh,DepthHigh--DepthLow,9,0.2543846479290616,2.3715735836285376e-05,0.00046716991513281536
4585,18426,54,256,54,256,DepthHigh,DepthLow,DepthHigh--DepthLow,10,0.33200900068812195,2.3714906187874962e-05,0.00046715357211144935
4586,31900,101,288,101,288,DepthLow,DepthHigh,DepthHigh--DepthLow,3,0.11870039463406709,2.3714572613420998e-05,0.0004671470011178093
4587,2509,6,347,6,347,DepthHigh,DepthMid,DepthHigh--DepthMid,5,0.14594689811514594,2.371344373565853e-05,0.0004671247636577479
4588,24084,73,214,73,214,DepthMid,DepthHigh,DepthHigh--DepthMid,2,0.08637323225425982,2.37122383780652e-05,0.00046710101964202486
4589,47021,167,262,167,262,DepthLow,DepthMid,DepthLow--DepthMid,5,0.14712442671465467,2.371073786955936e-05,0.00046707146152769226
4590,56026,220,257,220,257,DepthHigh,DepthLow,DepthHigh--DepthLow,1,0.034989826810516815,2.3710535812119122e-05,0.00046706748125240755
4591,20965,62,351,62,351,DepthHigh,DepthMid,DepthHigh--DepthMid,7,0.1795951571930185,2.3710269801512195e-05,0.0004670622411808567
4592,56536,223,341,223,341,DepthLow,DepthHigh,DepthHigh--DepthLow,7,0.18064573666270103,2.3709771490667604e-05,0.00046705242508927164
4593,2133,5,329,5,329,DepthHigh,DepthLow,DepthHigh--DepthLow,6,0.17784430429934311,2.3708713496507825e-05,0.00046703158394627493
4594,4237,11,300,11,300,DepthHigh,DepthHigh,DepthHigh--DepthHigh,9,0.25263149309705696,2.370667316937092e-05,0.0004669913920896119
4595,60620,256,333,256,333,DepthLow,DepthMid,DepthLow--DepthMid,9,0.24309833292771008,2.3706366147452574e-05,0.0004669853441472445
4596,62089,271,302,271,302,DepthHigh,DepthHigh,DepthHigh--DepthHigh,10,0.3389742996194325,2.3705887049586068e-05,0.0004669759065269581
4597,23049,69,349,69,349,DepthMid,DepthMid,DepthMid--DepthMid,9,0.2375280284081273,2.3705587081582412e-05,0.000466969997537763
4598,37094,122,190,122,190,DepthLow,DepthMid,DepthLow--DepthMid,4,0.13191216659084504,2.3705519813429653e-05,0.00046696867244047603
4599,21567,64,352,64,352,DepthMid,DepthMid,DepthMid--DepthMid,5,0.14060779543190532,2.370466904334991e-05,0.00046695191334901476
4600,29961,94,211,94,211,DepthLow,DepthLow,DepthLow--DepthLow,2,0.08455424334552165,2.3703980959265728e-05,0.00046693835896531653
4601,2270,6,108,6,108,DepthHigh,DepthLow,DepthHigh--DepthLow,7,0.19231430198432978,2.3703814391680493e-05,0.0004669350777951603
4602,10917,31,130,31,130,DepthHigh,DepthLow,DepthHigh--DepthLow,6,0.16270168841332175,2.370237754657106e-05,0.0004669067737689869
4603,36541,120,122,120,122,DepthLow,DepthLow,DepthLow--DepthLow,7,0.1867870252410219,2.370204637594726e-05,0.0004669002501277521
4604,64298,299,313,299,313,DepthHigh,DepthHigh,DepthHigh--DepthHigh,9,0.26553720936565667,2.3701872232352665e-05,0.00046689681971982084
4605,65196,314,356,314,356,DepthMid,DepthMid,DepthMid--DepthMid,8,0.2102400768250639,2.3700727065211605e-05,0.0004668742613796624
4606,27064,83,339,83,339,DepthHigh,DepthHigh,DepthHigh--DepthHigh,3,0.11298441616664395,2.3700576318112414e-05,0.00046687129185301473
4607,46560,165,196,165,196,DepthLow,DepthMid,DepthLow--DepthMid,8,0.22290429608305873,2.3700466676241884e-05,0.00046686913204723417
4608,5245,14,255,14,255,DepthHigh,DepthLow,DepthHigh--DepthLow,2,0.07595725178160831,2.370037350074905e-05,0.0004668672966082083
4609,36184,118,254,118,254,DepthLow,DepthLow,DepthLow--DepthLow,4,0.12684265652641083,2.3699987989562213e-05,0.0004668597025268068
4610,49870,182,276,182,276,DepthLow,DepthHigh,DepthHigh--DepthLow,6,0.1762490659888247,2.3699612197322548e-05,0.00046685229989633717
4611,47260,168,305,168,305,DepthLow,DepthMid,DepthLow--DepthMid,3,0.10174106333404533,2.3698938590709114e-05,0.00046683903070044954
4612,55409,216,222,216,222,DepthMid,DepthMid,DepthMid--DepthMid,10,0.3227388694343564,2.3697320396513777e-05,0.00046680715432730546
4613,23202,70,208,70,208,DepthHigh,DepthMid,DepthHigh--DepthMid,7,0.1978570403436043,2.3696264793849992e-05,0.0004667863602937465
4614,9614,27,165,27,165,DepthMid,DepthLow,DepthLow--DepthMid,7,0.19921291132404062,2.3695460652012127e-05,0.00046677051971950737
4615,59824,249,314,249,314,DepthHigh,DepthMid,DepthHigh--DepthMid,10,0.31706650569600614,2.369319384172604e-05,0.0004667258664320748
4616,13655,39,240,39,240,DepthMid,DepthHigh,DepthHigh--DepthMid,2,0.08536402573345812,2.3692762638626058e-05,0.00046671737227793955
4617,51038,189,198,189,198,DepthLow,DepthLow,DepthLow--DepthLow,4,0.13352324368758212,2.369104084374264e-05,0.00046668345510264656
4618,59727,248,332,248,332,DepthHigh,DepthMid,DepthHigh--DepthMid,10,0.45920251781044774,2.3689031531642965e-05,0.0004666438742028777
4619,48631,175,332,175,332,DepthMid,DepthMid,DepthMid--DepthMid,10,0.277524522628557,2.368839002745694e-05,0.00046663123738409156
4620,6839,19,114,19,114,DepthMid,DepthLow,DepthLow--DepthMid,3,0.11646283456411151,2.3687985864370925e-05,0.0004666232758839342
4621,47883,171,346,171,346,DepthLow,DepthMid,DepthLow--DepthMid,5,0.14086952786518064,2.3687069959645264e-05,0.00046660523372256456
4622,54963,213,223,213,223,DepthHigh,DepthLow,DepthHigh--DepthLow,6,0.17728226188288682,2.368646680988358e-05,0.0004665933524372896
4623,26413,81,251,81,251,DepthHigh,DepthLow,DepthHigh--DepthLow,8,0.2240641805138566,2.368516084420016e-05,0.00046656762656980215
4624,23234,70,240,70,240,DepthHigh,DepthHigh,DepthHigh--DepthHigh,10,0.28519680591291685,2.3684977728920726e-05,0.00046656401943105923
4625,41754,142,220,142,220,DepthLow,DepthHigh,DepthHigh--DepthLow,1,0.0702752780359944,2.3684940628636642e-05,0.0004665632886025205
4626,57486,230,332,230,332,DepthMid,DepthMid,DepthMid--DepthMid,3,0.10818353456806612,2.368376920726712e-05,0.000466540213087362
4627,11100,31,313,31,313,DepthHigh,DepthHigh,DepthHigh--DepthHigh,9,0.22826476776076257,2.3680282113066127e-05,0.0004664715217546037
4628,57170,228,285,228,285,DepthMid,DepthLow,DepthLow--DepthMid,9,0.2640802069107831,2.3678806476460645e-05,0.00046644245358516093
4629,36576,120,157,120,157,DepthLow,DepthMid,DepthLow--DepthMid,10,0.368056898143834,2.3677165278326843e-05,0.00046641012406360705
4630,19027,56,240,56,240,DepthHigh,DepthHigh,DepthHigh--DepthHigh,10,0.2848976760090775,2.3677161831854704e-05,0.00046641005617247737
4631,19127,56,340,56,340,DepthHigh,DepthMid,DepthHigh--DepthMid,9,0.2538198816137346,2.3676611147530374e-05,0.0004663992083897715
4632,19991,59,286,59,286,DepthHigh,DepthLow,DepthHigh--DepthLow,8,0.21434945306062955,2.367427998259726e-05,0.00046635328739741937
4633,55667,217,333,217,333,DepthLow,DepthMid,DepthLow--DepthMid,9,0.2640047733166975,2.3673286715408436e-05,0.00046633372129365136
4634,6837,19,112,19,112,DepthMid,DepthLow,DepthLow--DepthMid,8,0.20332167497952372,2.367310107774022e-05,0.0004663300644670488
4635,50242,184,287,184,287,DepthLow,DepthHigh,DepthHigh--DepthLow,2,0.09541087966515699,2.3672968227969347e-05,0.0004663274474950682
4636,58087,235,278,235,278,DepthHigh,DepthMid,DepthHigh--DepthMid,10,0.2750964242469761,2.3671040509776717e-05,0.00046628947389177504
4637,46039,162,275,162,275,DepthHigh,DepthHigh,DepthHigh--DepthHigh,6,0.16120725808230874,2.366767048034735e-05,0.0004662230885865338
4638,32202,102,328,102,328,DepthLow,DepthLow,DepthLow--DepthLow,9,0.23496753990856126,2.3667437658649477e-05,0.00046621850229439484
4639,23765,72,186,72,186,DepthMid,DepthMid,DepthMid--DepthMid,9,0.258091126783111,2.3667176503339554e-05,0.00046621335786603654
4640,55201,214,311,214,311,DepthHigh,DepthMid,DepthHigh--DepthMid,2,0.08630857556730948,2.3665561738556954e-05,0.00046618154904797356
4641,60215,253,255,253,255,DepthLow,DepthLow,DepthLow--DepthLow,9,0.22839075609354587,2.366423348438255e-05,0.00046615538412548435
4642,59887,250,263,250,263,DepthLow,DepthMid,DepthLow--DepthMid,4,0.12334683216659874,2.366383182509127e-05,0.0004661474719469074
4643,23192,70,198,70,198,DepthHigh,DepthLow,DepthHigh--DepthLow,8,0.2116346151287979,2.3663783965508756e-05,0.0004661465291738366
4644,31617,100,268,100,268,DepthLow,DepthLow,DepthLow--DepthLow,9,0.23195117432224605,2.3663425420428604e-05,0.00046613946629053317
4645,60890,259,285,259,285,DepthMid,DepthLow,DepthLow--DepthMid,10,0.30401704625975184,2.3662009402372488e-05,0.0004661115725308932
4646,54245,208,270,208,270,DepthMid,DepthHigh,DepthHigh--DepthMid,4,0.12585443622280196,2.3661978889341987e-05,0.0004661109714628948
4647,22632,68,227,68,227,DepthMid,DepthMid,DepthMid--DepthMid,9,0.24670201820007656,2.366179636479006e-05,0.0004661073759607345
4648,61664,266,352,266,352,DepthMid,DepthMid,DepthMid--DepthMid,10,0.3104546002591196,2.3657954756746334e-05,0.00046603170115493673
4649,10489,30,35,30,35,DepthHigh,DepthMid,DepthHigh--DepthMid,6,0.1746241291132398,2.3657645311822828e-05,0.00046602560548244105
4650,38250,127,151,127,151,DepthLow,DepthMid,DepthLow--DepthMid,10,0.28654675213403435,2.3657306574455943e-05,0.0004660189327859651
4651,40395,136,208,136,208,DepthLow,DepthMid,DepthLow--DepthMid,4,0.12658920043119307,2.3655912477754705e-05,0.00046599147084921136
4652,24600,75,151,75,151,DepthMid,DepthMid,DepthMid--DepthMid,2,0.07526852301623967,2.3655120625354794e-05,0.00046597587236131213
4653,64296,299,311,299,311,DepthHigh,DepthMid,DepthHigh--DepthMid,9,0.2380506891862612,2.3654748286363683e-05,0.0004659685377554589
4654,63505,288,290,288,290,DepthHigh,DepthHigh,DepthHigh--DepthHigh,10,0.6179052464460024,2.3653734386080087e-05,0.0004659485652058947
4655,45940,162,176,162,176,DepthHigh,DepthMid,DepthHigh--DepthMid,3,0.10148573357764297,2.3652375669130694e-05,0.000465921800205377
4656,14394,41,332,41,332,DepthMid,DepthMid,DepthMid--DepthMid,9,0.24641364579008188,2.3650714145624265e-05,0.0004658890702997629
4657,33183,106,271,106,271,DepthLow,DepthHigh,DepthHigh--DepthLow,5,0.15328038150438375,2.3650561674450076e-05,0.00046588606681102453
4658,34161,110,227,110,227,DepthLow,DepthMid,DepthLow--DepthMid,8,0.21943019659899443,2.3649917593667465e-05,0.0004658733792365538
4659,33957,109,277,109,277,DepthLow,DepthHigh,DepthHigh--DepthLow,1,0.06747087529606098,2.3649467397282844e-05,0.00046586451093880214
4660,33889,109,209,109,209,DepthLow,DepthLow,DepthLow--DepthLow,1,0.04607670325431824,2.3648083362022378e-05,0.0004658372471996698
4661,37967,125,343,125,343,DepthLow,DepthHigh,DepthHigh--DepthLow,5,0.14224051533046583,2.364598952868461e-05,0.0004657960013387165
4662,35854,117,170,117,170,DepthLow,DepthLow,DepthLow--DepthLow,4,0.12610342724670492,2.3643725503154752e-05,0.00046575140290744946
4663,65376,318,346,318,346,DepthHigh,DepthMid,DepthHigh--DepthMid,9,0.2553229765547662,2.3642129639543836e-05,0.00046571996641849456
4664,33139,106,227,106,227,DepthLow,DepthMid,DepthLow--DepthMid,9,0.2507183075047124,2.364147181978738e-05,0.0004657070082036655
4665,39916,134,186,134,186,DepthLow,DepthMid,DepthLow--DepthMid,8,0.2229412771483474,2.3640861616735957e-05,0.0004656949879775289
4666,44999,157,255,157,255,DepthMid,DepthLow,DepthLow--DepthMid,10,0.33172396243426905,2.3640813791427916e-05,0.0004656940458796217
4667,17528,51,291,51,291,DepthHigh,DepthHigh,DepthHigh--DepthHigh,2,0.09409411342043263,2.363990744209565e-05,0.000465676191947382
4668,10722,30,268,30,268,DepthHigh,DepthLow,DepthHigh--DepthLow,9,0.23740725789252112,2.3639286589139757e-05,0.00046566396193163564
4669,9394,26,282,26,282,DepthHigh,DepthHigh,DepthHigh--DepthHigh,7,0.17960515005282496,2.3638499628764132e-05,0.00046564845981040984
4670,51820,193,290,193,290,DepthMid,DepthHigh,DepthHigh--DepthMid,4,0.12886503813512795,2.3638009499344724e-05,0.0004656388048825236
4671,17380,51,143,51,143,DepthHigh,DepthLow,DepthHigh--DepthLow,6,0.17603716387142934,2.3637818331069226e-05,0.0004656350391099725
4672,41954,143,199,143,199,DepthLow,DepthLow,DepthLow--DepthLow,1,0.05018555920578466,2.3636953422969953e-05,0.0004656180015174591
4673,37580,124,195,124,195,DepthLow,DepthMid,DepthLow--DepthMid,3,0.11641309310549164,2.3636471868176947e-05,0.000465608515498837
4674,24465,74,305,74,305,DepthMid,DepthMid,DepthMid--DepthMid,3,0.11144587948323548,2.3636443274957124e-05,0.00046560795224867384
4675,14605,42,221,42,221,DepthMid,DepthMid,DepthMid--DepthMid,2,0.08835313240734473,2.363575781883481e-05,0.0004655944496324911
4676,53579,204,234,204,234,DepthLow,DepthLow,DepthLow--DepthLow,4,0.13507247625574054,2.363445755689796e-05,0.00046556883612157657
4677,40770,137,356,137,356,DepthLow,DepthMid,DepthLow--DepthMid,3,0.11285638276864811,2.363296071816571e-05,0.00046553935029712903
4678,57934,234,254,234,254,DepthLow,DepthLow,DepthLow--DepthLow,9,0.26300589122198476,2.363214714661639e-05,0.00046552332396953487
4679,57731,232,312,232,312,DepthMid,DepthMid,DepthMid--DepthMid,8,0.21855778297481163,2.3631607639816906e-05,0.0004655126963698909
4680,33652,108,227,108,227,DepthLow,DepthMid,DepthLow--DepthMid,7,0.20054290291294025,2.3630695832700117e-05,0.00046549473492621873
4681,29398,92,189,92,189,DepthLow,DepthLow,DepthLow--DepthLow,6,0.16825997436557258,2.3630623897779355e-05,0.00046549331789952136
4682,5582,15,243,15,243,DepthHigh,DepthLow,DepthHigh--DepthLow,4,0.13284462980556458,2.3630412775706325e-05,0.0004654891590624682
4683,28793,90,129,90,129,DepthLow,DepthLow,DepthLow--DepthLow,4,0.13088658878824477,2.3630241709059258e-05,0.00046548578926650043
4684,18079,53,219,53,219,DepthHigh,DepthMid,DepthHigh--DepthMid,9,0.2517005817338785,2.3629287123612216e-05,0.000465466985143982
4685,15301,44,276,44,276,DepthMid,DepthHigh,DepthHigh--DepthMid,8,0.22573189221716228,2.362877409757161e-05,0.00046545687918170004
4686,65096,312,357,312,357,DepthMid,DepthMid,DepthMid--DepthMid,9,0.2526866425938061,2.3628051183692245e-05,0.00046544263869521444
4687,7803,22,49,22,49,DepthMid,DepthHigh,DepthHigh--DepthMid,9,0.25972605435489304,2.362794972289642e-05,0.0004654406400462287
4688,9391,26,279,26,279,DepthHigh,DepthHigh,DepthHigh--DepthHigh,7,0.19583075479687845,2.3627622358048752e-05,0.00046543419137395653
4689,39791,133,291,133,291,DepthLow,DepthHigh,DepthHigh--DepthLow,2,0.0820421976190725,2.362646830694476e-05,0.00046541145803099675
4690,49309,179,264,179,264,DepthLow,DepthMid,DepthLow--DepthMid,4,0.13918168900530029,2.362642284371684e-05,0.00046541056246307186
4691,62250,273,280,273,280,DepthHigh,DepthLow,DepthHigh--DepthLow,10,0.29682790707471574,2.3625963009193813e-05,0.00046540150430621853
4692,37100,122,196,122,196,DepthLow,DepthMid,DepthLow--DepthMid,9,0.23440860194970434,2.362595715390469e-05,0.00046540138896444957
4693,33223,106,311,106,311,DepthLow,DepthMid,DepthLow--DepthMid,9,0.2369911888680672,2.3624792715244456e-05,0.0004653784509998073
4694,48635,175,336,175,336,DepthMid,DepthHigh,DepthHigh--DepthMid,4,0.1349664857072371,2.3624560929705228e-05,0.00046537388511867935
4695,24960,76,223,76,223,DepthMid,DepthLow,DepthLow--DepthMid,4,0.1227612319097957,2.3624041349647667e-05,0.0004653636500505764
4696,23884,72,305,72,305,DepthMid,DepthMid,DepthMid--DepthMid,1,-0.012855494276412163,2.3623632813983436e-05,0.0004653556024161743
4697,30923,98,103,98,103,DepthLow,DepthLow,DepthLow--DepthLow,10,0.33435506909738966,2.3623466744543318e-05,0.0004653523310588451
4698,25310,77,286,77,286,DepthMid,DepthLow,DepthLow--DepthMid,7,0.19608165733036254,2.362316706487515e-05,0.0004653464277494933
4699,38249,127,150,127,150,DepthLow,DepthMid,DepthLow--DepthMid,10,0.2892357518239218,2.3622060634906718e-05,0.00046532463248250184
4700,52097,195,228,195,228,DepthMid,DepthMid,DepthMid--DepthMid,6,0.17760524511231798,2.3621223190164216e-05,0.00046530813588328243
4701,52585,198,215,198,215,DepthLow,DepthMid,DepthLow--DepthMid,8,0.22102888438892196,2.3621155170118596e-05,0.0004653067959746598
4702,63768,291,331,291,331,DepthHigh,DepthMid,DepthHigh--DepthMid,3,0.11519669261412266,2.3619745290558064e-05,0.0004652790231355968
4703,14962,43,257,43,257,DepthMid,DepthLow,DepthLow--DepthMid,9,0.2518017320709965,2.3619614420372092e-05,0.0004652764451589279
4704,30388,96,101,96,101,DepthLow,DepthLow,DepthLow--DepthLow,3,0.11623173126537949,2.361914327843751e-05,0.0004652671642604091
4705,33660,108,235,108,235,DepthLow,DepthHigh,DepthHigh--DepthLow,8,0.21907850892057948,2.3618738552581376e-05,0.00046525919167439417
4706,46809,166,247,166,247,DepthMid,DepthLow,DepthLow--DepthMid,10,0.329500476933277,2.3618399727686233e-05,0.00046525251725372253
4707,18384,54,214,54,214,DepthHigh,DepthHigh,DepthHigh--DepthHigh,8,0.214993352072749,2.361824992245747e-05,0.00046524956628072765
4708,60428,254,358,254,358,DepthLow,DepthMid,DepthLow--DepthMid,4,0.12358696993053679,2.3617506326410362e-05,0.0004652349183817706
4709,27714,86,152,86,152,DepthHigh,DepthLow,DepthHigh--DepthLow,8,0.2211745072318313,2.3616367566291683e-05,0.00046521248625182646
4710,58510,238,320,238,320,DepthMid,DepthHigh,DepthHigh--DepthMid,3,0.1129692030109059,2.361449962100083e-05,0.00046517569009888295
4711,24228,73,358,73,358,DepthMid,DepthMid,DepthMid--DepthMid,6,0.15921755284267475,2.3614101050603694e-05,0.00046516783876760274
4712,13508,39,93,39,93,DepthMid,DepthLow,DepthLow--DepthMid,4,0.12416432714486705,2.361262447846373e-05,0.00046513875216931726
4713,26664,82,220,82,220,DepthHigh,DepthHigh,DepthHigh--DepthHigh,4,0.1338701811559079,2.361229319454714e-05,0.00046513222629635816
4714,17766,52,217,52,217,DepthHigh,DepthLow,DepthHigh--DepthLow,9,0.2404437052910269,2.3612125033599583e-05,0.0004651289137389853
4715,63217,284,312,284,312,DepthLow,DepthMid,DepthLow--DepthMid,8,0.21657680669413876,2.3611847283362663e-05,0.0004651234424116141
4716,20381,61,69,61,69,DepthHigh,DepthMid,DepthHigh--DepthMid,10,0.39778603540496554,2.361120723028104e-05,0.00046511083417774405
4717,45735,161,173,161,173,DepthHigh,DepthMid,DepthHigh--DepthMid,3,0.10807396042796598,2.3610502535105484e-05,0.00046509695257661516
4718,29498,92,289,92,289,DepthLow,DepthHigh,DepthHigh--DepthLow,1,0.06725913890636487,2.361030564600024e-05,0.0004650930741109744
4719,18257,54,87,54,87,DepthHigh,DepthMid,DepthHigh--DepthMid,10,0.38243455030732787,2.3609694716812835e-05,0.0004650810395808799
4720,59066,243,261,243,261,DepthLow,DepthMid,DepthLow--DepthMid,6,0.16151431391276405,2.360962001241178e-05,0.0004650795679989336
4721,25764,79,169,79,169,DepthMid,DepthLow,DepthLow--DepthMid,3,0.1168645491852346,2.3606751127127843e-05,0.00046502305459771026
4722,46931,167,172,167,172,DepthLow,DepthLow,DepthLow--DepthLow,6,0.16831195590840503,2.3603758020416812e-05,0.0004649640941919346
4723,2094,5,290,5,290,DepthHigh,DepthHigh,DepthHigh--DepthHigh,7,0.1951712171434395,2.3603037959910613e-05,0.0004649499099132812
4724,52789,199,254,199,254,DepthLow,DepthLow,DepthLow--DepthLow,2,0.08740339571109408,2.3602590622279174e-05,0.00046494109792934125
4725,31106,98,286,98,286,DepthLow,DepthLow,DepthLow--DepthLow,10,0.27929219966877544,2.3602019070723898e-05,0.0004649298390886535
4726,1910,5,106,5,106,DepthHigh,DepthLow,DepthHigh--DepthLow,9,0.23721981265399558,2.360036678684817e-05,0.0004648972911920448
4727,19617,58,217,58,217,DepthHigh,DepthLow,DepthHigh--DepthLow,8,0.2068427939467379,2.3600272675181917e-05,0.00046489543731159004
4728,29691,93,211,93,211,DepthLow,DepthLow,DepthLow--DepthLow,2,0.08158867149915959,2.3600156754893907e-05,0.00046489315382894857
4729,19103,56,316,56,316,DepthHigh,DepthHigh,DepthHigh--DepthHigh,8,0.22240949711539304,2.360013394269413e-05,0.0004648927044575478
4730,4267,11,330,11,330,DepthHigh,DepthMid,DepthHigh--DepthMid,5,0.1424052573625339,2.360007021211148e-05,0.0004648914490459049
4731,18870,56,83,56,83,DepthHigh,DepthHigh,DepthHigh--DepthHigh,9,0.26005844827084457,2.359903498470192e-05,0.0004648710563790104
4732,30868,97,314,97,314,DepthLow,DepthMid,DepthLow--DepthMid,8,0.20835382875011,2.359844452722764e-05,0.0004648594251156985
4733,55967,219,342,219,342,DepthMid,DepthMid,DepthMid--DepthMid,10,0.33526166439960675,2.3598121353049022e-05,0.0004648530589942911
4734,12645,36,208,36,208,DepthMid,DepthMid,DepthMid--DepthMid,4,0.13749583465173762,2.359637788668932e-05,0.0004648187149184032
4735,64482,302,308,302,308,DepthHigh,DepthHigh,DepthHigh--DepthHigh,10,0.29446760979626296,2.3594534920358803e-05,0.0004647824108192952
4736,12363,35,254,35,254,DepthMid,DepthLow,DepthLow--DepthMid,5,0.14757135803796959,2.359436978203126e-05,0.0004647791578037027
4737,34758,112,319,112,319,DepthLow,DepthHigh,DepthHigh--DepthLow,4,0.12738241148337834,2.3594331054233636e-05,0.0004647783949152115
4738,14015,40,276,40,276,DepthMid,DepthHigh,DepthHigh--DepthMid,3,0.10987762081231059,2.359277691305472e-05,0.0004647477803052466
4739,9822,28,37,28,37,DepthHigh,DepthMid,DepthHigh--DepthMid,9,0.24449639654358257,2.359269964235829e-05,0.0004647462581705364
4740,25816,79,221,79,221,DepthMid,DepthMid,DepthMid--DepthMid,3,0.11628953984050734,2.3592206408548172e-05,0.0004647365420900908
4741,60561,256,274,256,274,DepthLow,DepthHigh,DepthHigh--DepthLow,6,0.1635785758759033,2.359191577553012e-05,0.00046473081698827164
4742,17546,51,309,51,309,DepthHigh,DepthHigh,DepthHigh--DepthHigh,9,0.23320197081371044,2.3591867794602797e-05,0.00046472987182486197
4743,12448,35,339,35,339,DepthMid,DepthHigh,DepthHigh--DepthMid,4,0.12902994825995884,2.359042818633214e-05,0.0004647015133679172
4744,45126,158,176,158,176,DepthHigh,DepthMid,DepthHigh--DepthMid,4,0.1309755217032362,2.3589366607771468e-05,0.0004646806016167694
4745,27183,84,178,84,178,DepthHigh,DepthLow,DepthHigh--DepthLow,1,0.07241969739050698,2.3589281320762093e-05,0.000464678921570862
4746,64099,296,312,296,312,DepthHigh,DepthMid,DepthHigh--DepthMid,4,0.12884381620674062,2.3588777630900995e-05,0.00046466899951947446
4747,4767,13,127,13,127,DepthMid,DepthLow,DepthLow--DepthMid,5,0.14249059041160012,2.3587428274740155e-05,0.000464642418914618
4748,51795,193,265,193,265,DepthMid,DepthMid,DepthMid--DepthMid,3,0.11570489141537338,2.3584773030623715e-05,0.0004645901139734137
4749,44290,154,170,154,170,DepthHigh,DepthLow,DepthHigh--DepthLow,2,0.09122318388834623,2.35824016725606e-05,0.0004645434012273811
4750,44489,155,160,155,160,DepthMid,DepthLow,DepthLow--DepthMid,9,0.24074567906966204,2.358009654887753e-05,0.00046449799321462434
4751,40699,137,285,137,285,DepthLow,DepthLow,DepthLow--DepthLow,6,0.16892518580923058,2.357801260210865e-05,0.0004644569421065382
4752,66159,341,347,341,347,DepthHigh,DepthMid,DepthHigh--DepthMid,6,0.16136198634784343,2.357704367875818e-05,0.0004644378555455082
4753,4085,11,148,11,148,DepthHigh,DepthMid,DepthHigh--DepthMid,3,0.10534982769645965,2.3576959960526424e-05,0.00046443620640253014
4754,36008,117,324,117,324,DepthLow,DepthMid,DepthLow--DepthMid,3,0.10525049825201466,2.3576769384777225e-05,0.0004644324523019956
4755,58314,237,250,237,250,DepthHigh,DepthLow,DepthHigh--DepthLow,2,0.09823162173479999,2.3575094358166466e-05,0.00046439945640235346
4756,1676,4,231,4,231,DepthHigh,DepthMid,DepthHigh--DepthMid,10,0.2750922959114042,2.3572389157238163e-05,0.00046434616737532023
4757,40521,136,334,136,334,DepthLow,DepthHigh,DepthHigh--DepthLow,8,0.20699954036893217,2.3572232301714103e-05,0.00046434307752045054
4758,25022,76,285,76,285,DepthMid,DepthLow,DepthLow--DepthMid,6,0.1655506272723737,2.356870261671489e-05,0.0004642735472029891
4759,41071,139,206,139,206,DepthLow,DepthLow,DepthLow--DepthLow,3,0.10788274985917182,2.356829837176135e-05,0.00046426558409014534
4760,28317,88,202,88,202,DepthLow,DepthHigh,DepthHigh--DepthLow,1,0.04280612737795254,2.356759843236717e-05,0.0004642517961718773
4761,13103,37,339,37,339,DepthMid,DepthHigh,DepthHigh--DepthMid,2,0.08762785204539643,2.3566561586729716e-05,0.0004642313716279458
4762,16260,47,281,47,281,DepthHigh,DepthLow,DepthHigh--DepthLow,9,0.26263890725912264,2.3566304139407606e-05,0.00046422630024224424
4763,27069,83,344,83,344,DepthHigh,DepthHigh,DepthHigh--DepthHigh,4,0.12166830147835138,2.3566104811457596e-05,0.000464222373734455
4764,44199,153,289,153,289,DepthHigh,DepthHigh,DepthHigh--DepthHigh,2,0.08605499986600504,2.3565209429882584e-05,0.0004642047358531218
4765,45186,158,236,158,236,DepthHigh,DepthMid,DepthHigh--DepthMid,2,0.09720465755085278,2.3564334946092092e-05,0.00046418750963163704
4766,44788,156,251,156,251,DepthLow,DepthLow,DepthLow--DepthLow,2,0.08905959661907878,2.356431197125627e-05,0.0004641870570565124
4767,36458,119,283,119,283,DepthLow,DepthLow,DepthLow--DepthLow,10,0.4568147208082502,2.356165763579946e-05,0.0004641347700147503
4768,31092,98,272,98,272,DepthLow,DepthHigh,DepthHigh--DepthLow,8,0.20223762253303926,2.356131754164159e-05,0.00046412807059121285
4769,9917,28,132,28,132,DepthHigh,DepthLow,DepthHigh--DepthLow,7,0.19946147128963698,2.356123767588729e-05,0.00046412649733715424
4770,61648,266,336,266,336,DepthMid,DepthHigh,DepthHigh--DepthMid,7,0.18693866110198504,2.3560136231147282e-05,0.00046410480027283944
4771,36955,121,293,121,293,DepthLow,DepthLow,DepthLow--DepthLow,7,0.1982895816128484,2.3559926689841216e-05,0.00046410067257489037
4772,7591,21,179,21,179,DepthMid,DepthLow,DepthLow--DepthMid,1,-0.007133455357404031,2.3559345274667167e-05,0.00046408921943342374
4773,18472,54,302,54,302,DepthHigh,DepthHigh,DepthHigh--DepthHigh,10,0.33333061131523845,2.3558775840016425e-05,0.0004640780022930703
4774,2837,7,318,7,318,DepthHigh,DepthHigh,DepthHigh--DepthHigh,6,0.17367506825660886,2.3558452444483338e-05,0.0004640716318112607
4775,39371,131,334,131,334,DepthLow,DepthHigh,DepthHigh--DepthLow,7,0.18482371137692136,2.3558406858565644e-05,0.00046407073382650295
4776,23602,71,315,71,315,DepthMid,DepthMid,DepthMid--DepthMid,1,0.061467457991927335,2.355798097688274e-05,0.0004640623444975345
4777,23340,70,346,70,346,DepthHigh,DepthMid,DepthHigh--DepthMid,9,0.25482363869825403,2.35579611327749e-05,0.0004640619535937801
4778,22611,68,206,68,206,DepthMid,DepthLow,DepthLow--DepthMid,6,0.1758091306907683,2.3557163260036497e-05,0.00046404623651284877
4779,39063,130,259,130,259,DepthLow,DepthMid,DepthLow--DepthMid,8,0.20949603871928899,2.3554536239006895e-05,0.0004639944875306572
4780,42877,147,248,147,248,DepthLow,DepthHigh,DepthHigh--DepthLow,7,0.19145496966024547,2.355447479451455e-05,0.00046399327715209376
4781,51188,189,348,189,348,DepthLow,DepthMid,DepthLow--DepthMid,9,0.24815212990723,2.3553095080611824e-05,0.0004639660985382276
4782,59758,248,363,248,363,DepthHigh,DepthMid,DepthHigh--DepthMid,10,0.32270048614858754,2.3552936722125184e-05,0.0004639629790769014
4783,63864,292,355,292,355,DepthHigh,DepthMid,DepthHigh--DepthMid,6,0.1659125169491463,2.355194889422742e-05,0.0004639435201202681
4784,7153,20,84,20,84,DepthMid,DepthHigh,DepthHigh--DepthMid,5,0.15786746885414416,2.3551649601051853e-05,0.0004639376244243304
4785,40715,137,301,137,301,DepthLow,DepthHigh,DepthHigh--DepthLow,4,0.12219420258358069,2.3550260244183388e-05,0.0004639102558562704
4786,14166,41,104,41,104,DepthMid,DepthLow,DepthLow--DepthMid,3,0.10050818803721481,2.3549102889774325e-05,0.0004638874574423905
4787,192,0,193,0,193,DepthHigh,DepthMid,DepthHigh--DepthMid,2,0.09321712202800086,2.354867628971356e-05,0.00046387905396228944
4788,2496,6,334,6,334,DepthHigh,DepthHigh,DepthHigh--DepthHigh,9,0.2590007002084735,2.354718386106137e-05,0.0004638496550108254
4789,33397,107,228,107,228,DepthLow,DepthMid,DepthLow--DepthMid,6,0.17443078919508936,2.3546783450724662e-05,0.00046384176743506937
4790,223,0,224,0,224,DepthHigh,DepthLow,DepthHigh--DepthLow,8,0.20624134935275376,2.3545838661249665e-05,0.00046382315628077503
4791,29080,91,143,91,143,DepthLow,DepthLow,DepthLow--DepthLow,1,0.06947872838457944,2.354518845638731e-05,0.0004638103480697011
4792,16756,49,146,49,146,DepthHigh,DepthLow,DepthHigh--DepthLow,7,0.1896815857430845,2.3544970585085623e-05,0.000463806056281404
4793,21860,65,346,65,346,DepthMid,DepthMid,DepthMid--DepthMid,10,0.28970376213387583,2.3543764419420227e-05,0.0004637822963476862
4794,56607,224,272,224,272,DepthLow,DepthHigh,DepthHigh--DepthLow,7,0.18334025799431375,2.3543491998012577e-05,0.0004637769299914925
4795,19870,59,165,59,165,DepthHigh,DepthLow,DepthHigh--DepthLow,5,0.15385556534468212,2.354270600526713e-05,0.0004637614469313539
4796,39620,132,351,132,351,DepthLow,DepthMid,DepthLow--DepthMid,1,0.06856231506138533,2.35423979027269e-05,0.0004637553777021061
4797,61887,269,287,269,287,DepthHigh,DepthHigh,DepthHigh--DepthHigh,4,0.13810436664250578,2.3541776100791378e-05,0.00046374312899266466
4798,42746,146,334,146,334,DepthLow,DepthHigh,DepthHigh--DepthLow,8,0.20666855577514004,2.3541251803714056e-05,0.0004637328010052555
4799,13755,39,340,39,340,DepthMid,DepthMid,DepthMid--DepthMid,10,0.28106026703850767,2.3539674266097802e-05,0.00046370172551515084
4800,26039,80,160,80,160,DepthHigh,DepthLow,DepthHigh--DepthLow,7,0.18370482228334195,2.3537079237318687e-05,0.00046365060673971524
4801,43961,152,262,152,262,DepthLow,DepthMid,DepthLow--DepthMid,8,0.22345254114997004,2.3535743623995193e-05,0.0004636242968513232
4802,42214,144,239,144,239,DepthLow,DepthHigh,DepthHigh--DepthLow,5,0.1544186845674891,2.3535137951401978e-05,0.00046361236586946696
4803,55221,214,331,214,331,DepthHigh,DepthMid,DepthHigh--DepthMid,6,0.17043322416719475,2.3534973248863996e-05,0.00046360912143837604
4804,58476,238,286,238,286,DepthMid,DepthLow,DepthLow--DepthMid,5,0.15808721104642381,2.353475346180614e-05,0.00046360479191211233
4805,16785,49,175,49,175,DepthHigh,DepthMid,DepthHigh--DepthMid,7,0.19910357938615283,2.3534713205211755e-05,0.0004636039989082641
4806,26210,80,331,80,331,DepthHigh,DepthMid,DepthHigh--DepthMid,4,0.12548182036128594,2.35330411694501e-05,0.0004635710619245557
4807,2697,7,178,7,178,DepthHigh,DepthLow,DepthHigh--DepthLow,2,0.08971710548818103,2.3530923800878876e-05,0.0004635293524493553
4808,60902,259,297,259,297,DepthMid,DepthHigh,DepthHigh--DepthMid,8,0.21676258656809552,2.3528084665848736e-05,0.0004634734250903968
4809,60523,255,344,255,344,DepthLow,DepthHigh,DepthHigh--DepthLow,3,0.11344906618756997,2.3527849390649443e-05,0.0004634687904673918
4810,15080,44,55,44,55,DepthMid,DepthHigh,DepthHigh--DepthMid,10,0.44749419092770876,2.3526590171012434e-05,0.00046344398543772644
4811,22089,66,277,66,277,DepthMid,DepthHigh,DepthHigh--DepthMid,10,0.28640939522523834,2.3524032533318145e-05,0.00046339360321923535
4812,9457,26,345,26,345,DepthHigh,DepthMid,DepthHigh--DepthMid,8,0.22547477118500844,2.352358552518916e-05,0.00046338479772607574
4813,66245,345,351,345,351,DepthMid,DepthMid,DepthMid--DepthMid,9,0.27023720896583797,2.352317626824578e-05,0.0004633767358833892
4814,42693,146,281,146,281,DepthLow,DepthLow,DepthLow--DepthLow,5,0.15008330974220507,2.3521413521410735e-05,0.0004633420120065923
4815,43385,149,325,149,325,DepthMid,DepthLow,DepthLow--DepthMid,7,0.19190078135880603,2.3520496890584127e-05,0.000463323955541955
4816,15919,46,257,46,257,DepthHigh,DepthLow,DepthHigh--DepthLow,9,0.2442676146159788,2.3518476096894412e-05,0.00046328414846942556
4817,835,2,111,2,111,DepthHigh,DepthLow,DepthHigh--DepthLow,5,0.1448336879632106,2.351830230079963e-05,0.00046328072490679984
4818,45229,158,279,158,279,DepthHigh,DepthHigh,DepthHigh--DepthHigh,9,0.22935474053290167,2.3515200823914482e-05,0.0004632196297460499
4819,11938,34,158,34,158,DepthMid,DepthHigh,DepthHigh--DepthMid,5,0.14150409651968174,2.3513009051573164e-05,0.00046317645461095173
4820,12988,37,224,37,224,DepthMid,DepthLow,DepthLow--DepthMid,9,0.2366701139726598,2.3513005640832358e-05,0.000463176387423684
4821,63059,282,315,282,315,DepthHigh,DepthMid,DepthHigh--DepthMid,8,0.21711649053156934,2.3512133917914164e-05,0.0004631592155878817
4822,6991,19,266,19,266,DepthMid,DepthMid,DepthMid--DepthMid,8,0.2038871976778216,2.351168048005543e-05,0.00046315028343720145
4823,46044,162,280,162,280,DepthHigh,DepthLow,DepthHigh--DepthLow,2,0.09323294171732553,2.3511465558126432e-05,0.0004631460497478054
4824,36414,119,239,119,239,DepthLow,DepthHigh,DepthHigh--DepthLow,6,0.15892067821150363,2.3510986867196056e-05,0.0004631366201436445
4825,7043,19,318,19,318,DepthMid,DepthHigh,DepthHigh--DepthMid,4,0.13730213413856454,2.3510600566879515e-05,0.0004631290105173888
4826,57309,229,289,229,289,DepthMid,DepthHigh,DepthHigh--DepthMid,9,0.2422458943774144,2.351007417243171e-05,0.00046311864121444135
4827,29864,94,114,94,114,DepthLow,DepthLow,DepthLow--DepthLow,10,0.5059044546419951,2.3509139613232607e-05,0.00046310023158360617
4828,24869,76,132,76,132,DepthMid,DepthLow,DepthLow--DepthMid,6,0.17661726370543962,2.3508757748623277e-05,0.0004630927093351563
4829,32766,105,112,105,112,DepthLow,DepthLow,DepthLow--DepthLow,10,0.5487145095281454,2.350870864400119e-05,0.00046309174203638503
4830,11069,31,282,31,282,DepthHigh,DepthHigh,DepthHigh--DepthHigh,7,0.18081726884948746,2.3508378956852693e-05,0.0004630852476177321
4831,63707,290,343,290,343,DepthHigh,DepthHigh,DepthHigh--DepthHigh,5,0.1489549039271533,2.3506644685888558e-05,0.00046305108467947347
4832,4652,12,363,12,363,DepthHigh,DepthMid,DepthHigh--DepthMid,3,0.10483015802477666,2.3506308886395433e-05,0.0004630444698553842
4833,1394,3,309,3,309,DepthHigh,DepthHigh,DepthHigh--DepthHigh,8,0.22080694245360338,2.3505524090422427e-05,0.00046302901037014463
4834,58375,237,311,237,311,DepthHigh,DepthMid,DepthHigh--DepthMid,7,0.19513970579154952,2.3505194879776968e-05,0.00046302252533799717
4835,3037,8,162,8,162,DepthHigh,DepthHigh,DepthHigh--DepthHigh,1,0.07312223875449161,2.350497874857598e-05,0.00046301826782747677
4836,4474,12,185,12,185,DepthHigh,DepthLow,DepthHigh--DepthLow,3,0.11450842700812068,2.350456783801024e-05,0.0004630101734105271
4837,41654,141,342,141,342,DepthLow,DepthMid,DepthLow--DepthMid,5,0.15214051505514173,2.3504383509981815e-05,0.00046300654238216736
4838,10589,30,135,30,135,DepthHigh,DepthLow,DepthHigh--DepthLow,6,0.16276817314450814,2.350317185233642e-05,0.0004629826742634095
4839,7458,21,46,21,46,DepthMid,DepthHigh,DepthHigh--DepthMid,6,0.17398325636056114,2.3502216804156455e-05,0.0004629638610256394
4840,16609,48,314,48,314,DepthHigh,DepthMid,DepthHigh--DepthMid,5,0.15144901440447478,2.3502162418445592e-05,0.0004629627896961178
4841,37365,123,220,123,220,DepthLow,DepthHigh,DepthHigh--DepthLow,5,0.14425973643631285,2.3501741170368068e-05,0.00046295449164329813
4842,25008,76,271,76,271,DepthMid,DepthHigh,DepthHigh--DepthMid,2,0.08928724953479975,2.3501269260678476e-05,0.00046294519562097946
4843,21718,65,204,65,204,DepthMid,DepthLow,DepthLow--DepthMid,9,0.2318085959629292,2.349952888993399e-05,0.00046291091252478487
4844,33013,105,359,105,359,DepthLow,DepthHigh,DepthHigh--DepthLow,6,0.17284920775793589,2.3499211254182858e-05,0.0004629046555033741
4845,61571,265,357,265,357,DepthMid,DepthMid,DepthMid--DepthMid,9,0.2346004063962313,2.349800056451724e-05,0.0004628808064525902
4846,38627,128,292,128,292,DepthLow,DepthHigh,DepthHigh--DepthLow,2,0.08666929776746572,2.3496150896325203e-05,0.0004628443703353108
4847,20801,62,187,62,187,DepthHigh,DepthLow,DepthHigh--DepthLow,9,0.26613121051533545,2.3494462661265113e-05,0.0004628111142459703
4848,65948,333,348,333,348,DepthMid,DepthMid,DepthMid--DepthMid,10,0.3405844893865146,2.3494036764430326e-05,0.000462802724618529
4849,22485,68,80,68,80,DepthMid,DepthHigh,DepthHigh--DepthMid,10,0.27667545057981974,2.3493837635999008e-05,0.00046279880204100484
4850,29129,91,192,91,192,DepthLow,DepthMid,DepthLow--DepthMid,3,0.10046887404448225,2.3490756597049603e-05,0.00046273810948166573
4851,20017,59,312,59,312,DepthHigh,DepthMid,DepthHigh--DepthMid,9,0.24496552847498915,2.3490216970964155e-05,0.00046272747953223967
4852,47891,171,354,171,354,DepthLow,DepthMid,DepthLow--DepthMid,7,0.1793606066166898,2.3489863650377856e-05,0.00046272051956483843
4853,53852,205,348,205,348,DepthLow,DepthMid,DepthLow--DepthMid,5,0.14660697883798848,2.3489375378475585e-05,0.00046271090122768376
4854,37991,126,129,126,129,DepthLow,DepthLow,DepthLow--DepthLow,10,0.4931484262077452,2.3487949889289405e-05,0.0004626828208987946
4855,65195,314,355,314,355,DepthMid,DepthMid,DepthMid--DepthMid,8,0.20788679153191308,2.348791776680569e-05,0.0004626821881266093
4856,6582,18,202,18,202,DepthHigh,DepthHigh,DepthHigh--DepthHigh,2,0.08283396496315826,2.348768522413689e-05,0.00046267760733098914
4857,42587,146,175,146,175,DepthLow,DepthMid,DepthLow--DepthMid,9,0.23033884622488263,2.348722150398405e-05,0.000462668472632157
4858,50416,185,282,185,282,DepthLow,DepthHigh,DepthHigh--DepthLow,8,0.21021618627274252,2.3486832508419144e-05,0.0004626608099129271
4859,60590,256,303,256,303,DepthLow,DepthHigh,DepthHigh--DepthLow,5,0.15234970931985972,2.348681570192835e-05,0.00046266047884637563
4860,8905,25,131,25,131,DepthHigh,DepthLow,DepthHigh--DepthLow,7,0.18412467972949498,2.348660499821365e-05,0.00046265632825045095
4861,13783,40,44,40,44,DepthMid,DepthMid,DepthMid--DepthMid,6,0.16782645966683174,2.3485372658995323e-05,0.00046263205273093863
4862,19581,58,181,58,181,DepthHigh,DepthMid,DepthHigh--DepthMid,6,0.16185028859872233,2.3484747139789866e-05,0.0004626197307959945
4863,40863,138,223,138,223,DepthLow,DepthLow,DepthLow--DepthLow,6,0.1673556127443396,2.348438687131163e-05,0.0004626126339639348
4864,39539,132,270,132,270,DepthLow,DepthHigh,DepthHigh--DepthLow,5,0.15207238076274848,2.3484229559735903e-05,0.0004626095351254257
4865,10371,29,251,29,251,DepthMid,DepthLow,DepthLow--DepthMid,10,0.2925029971969943,2.3482905270105592e-05,0.00046258344829942647
4866,35555,116,118,116,118,DepthLow,DepthLow,DepthLow--DepthLow,10,0.34248034603021577,2.3482891647439083e-05,0.0004625831799501752
4867,12611,36,174,36,174,DepthMid,DepthMid,DepthMid--DepthMid,8,0.22385167323942162,2.348201168030618e-05,0.00046256584571379995
4868,37842,125,218,125,218,DepthLow,DepthHigh,DepthHigh--DepthLow,7,0.19379077489746765,2.3481258915814743e-05,0.0004625510172081189
4869,63149,283,324,283,324,DepthLow,DepthMid,DepthLow--DepthMid,9,0.248215046323916,2.3478808614142602e-05,0.0004625027493731199
4870,58564,239,249,239,249,DepthHigh,DepthHigh,DepthHigh--DepthHigh,6,0.17611513899711004,2.347743376919254e-05,0.00046247566667144565
4871,19683,58,283,58,283,DepthHigh,DepthLow,DepthHigh--DepthLow,2,0.09145018049431618,2.3477407966131142e-05,0.00046247515838386446
4872,12789,36,352,36,352,DepthMid,DepthMid,DepthMid--DepthMid,7,0.19997951241733894,2.347690415075294e-05,0.00046246523385994916
4873,45946,162,182,162,182,DepthHigh,DepthLow,DepthHigh--DepthLow,8,0.2165339340666855,2.3476267603713515e-05,0.0004624526946906634
4874,59084,243,279,243,279,DepthLow,DepthHigh,DepthHigh--DepthLow,7,0.2008020164515508,2.3475474200617343e-05,0.0004624370656560147
4875,38825,129,255,129,255,DepthLow,DepthLow,DepthLow--DepthLow,6,0.1637603012663192,2.3473408097518253e-05,0.0004623963660455906
4876,12063,34,283,34,283,DepthMid,DepthLow,DepthLow--DepthMid,4,0.12283298545303838,2.347323025435119e-05,0.0004623928627607743
4877,2297,6,135,6,135,DepthHigh,DepthLow,DepthHigh--DepthLow,5,0.15514962440773966,2.347298385305484e-05,0.00046238800896776955
4878,45615,160,256,160,256,DepthLow,DepthLow,DepthLow--DepthLow,10,0.3305736298234407,2.3472919858416652e-05,0.0004623867483545675
4879,9817,28,32,28,32,DepthHigh,DepthMid,DepthHigh--DepthMid,10,0.3195861647732197,2.347083993637543e-05,0.0004623457765285112
4880,19522,58,122,58,122,DepthHigh,DepthLow,DepthHigh--DepthLow,3,0.10138361969039976,2.347015355308434e-05,0.00046233225564827965
4881,14798,43,93,43,93,DepthMid,DepthLow,DepthLow--DepthMid,5,0.15060875226818138,2.3468547873715277e-05,0.0004623006258013394
4882,17785,52,236,52,236,DepthHigh,DepthMid,DepthHigh--DepthMid,5,0.14515605957226377,2.3468253353870553e-05,0.0004622948241339649
4883,52114,195,245,195,245,DepthMid,DepthLow,DepthLow--DepthMid,4,0.13660584026597458,2.3468070815922855e-05,0.0004622912283679248
4884,26626,82,182,82,182,DepthHigh,DepthLow,DepthHigh--DepthLow,10,0.28941246474478177,2.346787225229975e-05,0.0004622873169164061
4885,17392,51,155,51,155,DepthHigh,DepthMid,DepthHigh--DepthMid,10,0.27725666506513713,2.346775098877039e-05,0.0004622849281786874
4886,34534,111,347,111,347,DepthLow,DepthMid,DepthLow--DepthMid,2,0.09532324670762686,2.346552337612644e-05,0.00046224104703508693
4887,25153,77,129,77,129,DepthMid,DepthLow,DepthLow--DepthMid,5,0.1538753003088741,2.3465493981859205e-05,0.0004622404680053058
4888,3466,9,236,9,236,DepthHigh,DepthMid,DepthHigh--DepthMid,3,0.12105969174266744,2.3464475037179742e-05,0.00046222039608754135
4889,7866,22,112,22,112,DepthMid,DepthLow,DepthLow--DepthMid,9,0.25304794836334493,2.346085030182942e-05,0.0004621489933987242
4890,63922,293,342,293,342,DepthLow,DepthMid,DepthLow--DepthMid,5,0.1563635809056863,2.346028130759144e-05,0.0004621377849339435
4891,6468,18,88,18,88,DepthHigh,DepthLow,DepthHigh--DepthLow,1,0.07017790066308426,2.3460237619334205e-05,0.0004621369243306898
4892,50371,185,237,185,237,DepthLow,DepthHigh,DepthHigh--DepthLow,8,0.20662103647475086,2.3458860302200197e-05,0.00046210979293012747
4893,6316,17,282,17,282,DepthHigh,DepthHigh,DepthHigh--DepthHigh,9,0.23309705710806455,2.3458745455444214e-05,0.00046210753059470523
4894,27674,86,112,86,112,DepthHigh,DepthLow,DepthHigh--DepthLow,9,0.26160827602079684,2.3458356800542695e-05,0.00046209987458611197
4895,23600,71,313,71,313,DepthMid,DepthHigh,DepthHigh--DepthMid,6,0.17825185865842083,2.345663085848557e-05,0.00046206587571675714
4896,10413,29,293,29,293,DepthMid,DepthLow,DepthLow--DepthMid,4,0.13582502259351734,2.3456561217847115e-05,0.0004620645038845112
4897,3409,9,179,9,179,DepthHigh,DepthLow,DepthHigh--DepthLow,1,0.0712778132584167,2.3456230209742084e-05,0.00046205798344469003
4898,27253,84,248,84,248,DepthHigh,DepthHigh,DepthHigh--DepthHigh,5,0.15557166695159222,2.345329011634059e-05,0.0004620000673338706
4899,251,0,252,0,252,DepthHigh,DepthLow,DepthHigh--DepthLow,4,0.1351887362450516,2.3452363635847692e-05,0.00046198181684330066
4900,41921,143,166,143,166,DepthLow,DepthMid,DepthLow--DepthMid,10,0.41331672425325544,2.3451999909159252e-05,0.0004619746518888863
4901,43952,152,253,152,253,DepthLow,DepthLow,DepthLow--DepthLow,5,0.15225059513110173,2.3449886970142778e-05,0.000461933029670296
4902,37788,125,164,125,164,DepthLow,DepthLow,DepthLow--DepthLow,10,0.3177241958412006,2.344876180376865e-05,0.00046191086531987733
4903,44235,153,325,153,325,DepthHigh,DepthLow,DepthHigh--DepthLow,7,0.19548160837239695,2.3448528675288507e-05,0.00046190627298451677
4904,14368,41,306,41,306,DepthMid,DepthHigh,DepthHigh--DepthMid,10,0.31394065364006574,2.344699952462153e-05,0.0004618761506559393
4905,10272,29,152,29,152,DepthMid,DepthLow,DepthLow--DepthMid,5,0.1486365423180623,2.3446920226801026e-05,0.00046187458858945607
4906,12625,36,188,36,188,DepthMid,DepthMid,DepthMid--DepthMid,6,0.16659403769991257,2.3446200275316322e-05,0.00046186040645838786
4907,53235,202,211,202,211,DepthHigh,DepthLow,DepthHigh--DepthLow,2,0.07917362356416026,2.344512143065844e-05,0.00046183915458702517
4908,60533,255,354,255,354,DepthLow,DepthMid,DepthLow--DepthMid,9,0.23250021170579954,2.3445068575208195e-05,0.00046183811340169673
4909,22479,68,74,68,74,DepthMid,DepthMid,DepthMid--DepthMid,10,0.36972917303741215,2.3443563986748537e-05,0.000461808474917449
4910,34744,112,305,112,305,DepthLow,DepthMid,DepthLow--DepthMid,2,0.09291098753651289,2.3442811282918917e-05,0.0004617936476067287
4911,65688,325,364,325,364,DepthLow,DepthHigh,DepthHigh--DepthLow,2,0.08097179003220129,2.344173430993159e-05,0.000461772432604902
4912,34646,112,207,112,207,DepthLow,DepthLow,DepthLow--DepthLow,8,0.21439287356376505,2.3440890902213136e-05,0.00046175581854261975
4913,38945,130,141,130,141,DepthLow,DepthLow,DepthLow--DepthLow,6,0.17371737465894116,2.3440884916937554e-05,0.0004617557006402825
4914,44377,154,257,154,257,DepthHigh,DepthLow,DepthHigh--DepthLow,4,0.1371557497712457,2.344000498921563e-05,0.0004617383671802536
4915,18561,55,82,55,82,DepthHigh,DepthHigh,DepthHigh--DepthHigh,10,0.35858021782754645,2.3437506660750473e-05,0.00046168915327834904
4916,42242,144,267,144,267,DepthLow,DepthHigh,DepthHigh--DepthLow,6,0.17287398349515298,2.3435998822880682e-05,0.00046165945078484316
4917,24537,75,88,75,88,DepthMid,DepthLow,DepthLow--DepthMid,3,0.11583767346369699,2.343407527964518e-05,0.00046162155942291
4918,39719,133,219,133,219,DepthLow,DepthMid,DepthLow--DepthMid,4,0.13266003435856188,2.3433569509874587e-05,0.00046161159639994344
4919,30477,96,190,96,190,DepthLow,DepthMid,DepthLow--DepthMid,2,0.08276979692999356,2.3432545562887403e-05,0.0004615914259430618
4920,13404,38,314,38,314,DepthMid,DepthMid,DepthMid--DepthMid,9,0.26944035304467456,2.343150614001002e-05,0.0004615709506307727
4921,53545,203,360,203,360,DepthLow,DepthMid,DepthLow--DepthMid,6,0.17251792529801346,2.343087297298155e-05,0.00046155847804341555
4922,59679,248,284,248,284,DepthHigh,DepthLow,DepthHigh--DepthLow,10,0.2759472353046392,2.3430338264183392e-05,0.0004615479449583121
4923,31912,101,300,101,300,DepthLow,DepthHigh,DepthHigh--DepthLow,2,0.09739169390245324,2.3428582543963023e-05,0.0004615133594969117
4924,23572,71,285,71,285,DepthMid,DepthLow,DepthLow--DepthMid,10,0.30187502828430124,2.3427626937920257e-05,0.000461494535269952
4925,15056,43,351,43,351,DepthMid,DepthMid,DepthMid--DepthMid,7,0.19638929975409386,2.342752896570745e-05,0.0004614926053416268
4926,2865,7,346,7,346,DepthHigh,DepthMid,DepthHigh--DepthMid,5,0.15469668217303448,2.342740560643294e-05,0.00046149017532038684
4927,43816,151,329,151,329,DepthMid,DepthLow,DepthLow--DepthMid,9,0.24358515996089328,2.342674042622321e-05,0.00046147707211396423
4928,6085,17,51,17,51,DepthHigh,DepthHigh,DepthHigh--DepthHigh,9,0.26227189901897036,2.3424098095366544e-05,0.0004614250215475984
4929,21119,63,204,63,204,DepthMid,DepthLow,DepthLow--DepthMid,6,0.17278078700146024,2.342253691987064e-05,0.00046139426837051104
4930,20915,62,301,62,301,DepthHigh,DepthHigh,DepthHigh--DepthHigh,8,0.22563535292049652,2.342231050676574e-05,0.000461389808319525
4931,52544,197,340,197,340,DepthMid,DepthMid,DepthMid--DepthMid,2,0.08869695176830966,2.3421891619825377e-05,0.0004613815567781126
4932,52697,198,327,198,327,DepthLow,DepthLow,DepthLow--DepthLow,5,0.15379407542443563,2.342185483865491e-05,0.0004613808322357074
4933,34135,110,201,110,201,DepthLow,DepthLow,DepthLow--DepthLow,4,0.1257805566376999,2.342101306713133e-05,0.0004613642504043888
4934,63442,287,303,287,303,DepthHigh,DepthHigh,DepthHigh--DepthHigh,5,0.1519306964130658,2.3418122590645546e-05,0.0004613073116838752
4935,8854,25,80,25,80,DepthHigh,DepthHigh,DepthHigh--DepthHigh,8,0.2038597224657907,2.3417443310077845e-05,0.0004612939307182853
4936,7736,21,324,21,324,DepthMid,DepthMid,DepthMid--DepthMid,4,0.12995839421792357,2.3415882760158034e-05,0.00046126318986425356
4937,3858,10,274,10,274,DepthHigh,DepthHigh,DepthHigh--DepthHigh,9,0.2515347491405656,2.341422828771697e-05,0.00046123059885568366
4938,20267,60,258,60,258,DepthHigh,DepthMid,DepthHigh--DepthMid,5,0.14095364704507884,2.3413922556827018e-05,0.0004612245763449381
4939,33755,108,330,108,330,DepthLow,DepthMid,DepthLow--DepthMid,5,0.15320196509797399,2.3413797122061667e-05,0.00046122210543916116
4940,58264,236,327,236,327,DepthMid,DepthLow,DepthLow--DepthMid,3,0.12021028355947581,2.3412671590522278e-05,0.00046119993389545004
4941,55793,218,313,218,313,DepthHigh,DepthHigh,DepthHigh--DepthHigh,2,0.09298638891316709,2.3411336280587744e-05,0.0004611736299834357
4942,58123,235,314,235,314,DepthHigh,DepthMid,DepthHigh--DepthMid,6,0.17446336267991833,2.3410960008359284e-05,0.0004611662178977956
4943,3438,9,208,9,208,DepthHigh,DepthMid,DepthHigh--DepthMid,8,0.20114820271649805,2.341032078962982e-05,0.00046115362609960484
4944,44388,154,268,154,268,DepthHigh,DepthLow,DepthHigh--DepthLow,7,0.18639370910919417,2.341005113930934e-05,0.00046114831433031366
4945,48627,175,328,175,328,DepthMid,DepthLow,DepthLow--DepthMid,8,0.20831745260866674,2.3409496286769427e-05,0.0004611373844390477
4946,14504,42,120,42,120,DepthMid,DepthLow,DepthLow--DepthMid,6,0.16517000794407194,2.3409432719490935e-05,0.0004611361322442896
4947,54171,207,352,207,352,DepthLow,DepthMid,DepthLow--DepthMid,5,0.1491018516759436,2.3409043556155877e-05,0.0004611284662202005
4948,45616,160,257,160,257,DepthLow,DepthLow,DepthLow--DepthLow,10,0.32607825578991445,2.3407179848277338e-05,0.0004610917535389049
4949,4835,13,195,13,195,DepthMid,DepthMid,DepthMid--DepthMid,2,0.09705104397218783,2.3407158013850012e-05,0.00046109132342838114
4950,55526,216,339,216,339,DepthMid,DepthHigh,DepthHigh--DepthMid,3,0.11651771788651127,2.3406620996496e-05,0.0004610807448676554
4951,40880,138,240,138,240,DepthLow,DepthHigh,DepthHigh--DepthLow,4,0.12546189807744648,2.340598210435095e-05,0.00046106815950276345
4952,64576,303,341,303,341,DepthHigh,DepthHigh,DepthHigh--DepthHigh,6,0.16617062863475135,2.340555378890801e-05,0.0004610597222318093
4953,48980,177,306,177,306,DepthMid,DepthHigh,DepthHigh--DepthMid,9,0.2321076014386837,2.340494206219751e-05,0.0004610476719915215
4954,43104,148,259,148,259,DepthMid,DepthMid,DepthMid--DepthMid,8,0.21581369621264235,2.340493232866745e-05,0.00046104748025332525
4955,31303,99,218,99,218,DepthLow,DepthHigh,DepthHigh--DepthLow,4,0.12841942128163597,2.3401837759876924e-05,0.0004609865211732772
4956,62545,276,308,276,308,DepthHigh,DepthHigh,DepthHigh--DepthHigh,10,0.28691035613357196,2.3401719260722957e-05,0.00046098418689024737
4957,62641,277,317,277,317,DepthHigh,DepthMid,DepthHigh--DepthMid,2,0.09334589577768554,2.3400806489296274e-05,0.0004609662064508934
4958,37090,122,186,122,186,DepthLow,DepthMid,DepthLow--DepthMid,10,0.3819197764136548,2.34007454838213e-05,0.0004609650047204153
4959,49158,178,298,178,298,DepthLow,DepthHigh,DepthHigh--DepthLow,1,0.05903956749314319,2.339929718406504e-05,0.0004609364750522283
4960,55180,214,290,214,290,DepthHigh,DepthHigh,DepthHigh--DepthHigh,4,0.13516437560440459,2.3399170314711804e-05,0.0004609339758868896
4961,65926,332,357,332,357,DepthMid,DepthMid,DepthMid--DepthMid,10,0.39566741936853544,2.3399120418047967e-05,0.0004609329929859005
4962,41098,139,233,139,233,DepthLow,DepthMid,DepthLow--DepthMid,9,0.24899310006514894,2.3398611041611507e-05,0.00046092295891619103
4963,42474,145,280,145,280,DepthLow,DepthLow,DepthLow--DepthLow,10,0.3379841688723989,2.3397686175896603e-05,0.00046090474023469943
4964,28854,90,190,90,190,DepthLow,DepthMid,DepthLow--DepthMid,2,0.08274505494987078,2.3397118275909567e-05,0.00046089355332527447
4965,10146,28,361,28,361,DepthHigh,DepthHigh,DepthHigh--DepthHigh,4,0.13408739385594381,2.3397111950496148e-05,0.0004608934287226532
4966,45548,160,189,160,189,DepthLow,DepthLow,DepthLow--DepthLow,9,0.2569019397528843,2.3397102404653923e-05,0.00046089324068166924
4967,7695,21,283,21,283,DepthMid,DepthLow,DepthLow--DepthMid,7,0.17981353278218065,2.339653127404562e-05,0.000460881990133103
4968,18856,56,69,56,69,DepthHigh,DepthMid,DepthHigh--DepthMid,9,0.2455493966538221,2.339638989116684e-05,0.00046087920506971986
4969,61978,270,284,270,284,DepthHigh,DepthLow,DepthHigh--DepthLow,7,0.18195375330202207,2.339602771856884e-05,0.00046087207072891597
4970,31430,99,345,99,345,DepthLow,DepthMid,DepthLow--DepthMid,8,0.21531841779301075,2.339553270183066e-05,0.00046086231952704895
4971,30866,97,312,97,312,DepthLow,DepthMid,DepthLow--DepthMid,9,0.23368366978288097,2.339539379055281e-05,0.00046085958315106925
4972,45827,161,265,161,265,DepthHigh,DepthMid,DepthHigh--DepthMid,1,0.06833626465789162,2.33952684652275e-05,0.00046085711440112216
4973,62145,271,358,271,358,DepthHigh,DepthMid,DepthHigh--DepthMid,8,0.2014553854940393,2.33937797791926e-05,0.0004608277891744717
4974,54502,210,218,210,218,DepthMid,DepthHigh,DepthHigh--DepthMid,1,0.07272899374837226,2.339354599529475e-05,0.00046082318392821355
4975,41855,142,321,142,321,DepthLow,DepthHigh,DepthHigh--DepthLow,9,0.2350722577306506,2.3393283568450982e-05,0.00046081801445225134
4976,65144,313,354,313,354,DepthHigh,DepthMid,DepthHigh--DepthMid,10,0.3117650145555403,2.3393015642850792e-05,0.0004608127366577622
4977,59582,247,303,247,303,DepthLow,DepthHigh,DepthHigh--DepthLow,10,0.2923769367669433,2.3392912647992443e-05,0.00046081070778969055
4978,23708,72,129,72,129,DepthMid,DepthLow,DepthLow--DepthMid,5,0.15268586999569217,2.339288499578864e-05,0.0004608101630763495
4979,11347,32,228,32,228,DepthMid,DepthMid,DepthMid--DepthMid,10,0.30198650259025855,2.339181667176376e-05,0.0004607891184481126
4980,27539,85,255,85,255,DepthHigh,DepthLow,DepthHigh--DepthLow,9,0.24860923001719112,2.3390819976920522e-05,0.0004607694848239003
4981,579,1,217,1,217,DepthHigh,DepthLow,DepthHigh--DepthLow,7,0.17885414015963452,2.3390607024986522e-05,0.0004607652899409069
4982,62617,277,293,277,293,DepthHigh,DepthLow,DepthHigh--DepthLow,5,0.1518130691534922,2.3390596263615063e-05,0.00046076507795553886
4983,47726,171,189,171,189,DepthLow,DepthLow,DepthLow--DepthLow,6,0.16934266961625502,2.3390494455254228e-05,0.00046076307245996326
4984,8291,23,196,23,196,DepthHigh,DepthMid,DepthHigh--DepthMid,9,0.2417724368188961,2.339043395406314e-05,0.00046076188066323804
4985,48325,174,215,174,215,DepthMid,DepthMid,DepthMid--DepthMid,2,0.09620676235844279,2.3389219703197654e-05,0.00046073796146133363
4986,23051,69,351,69,351,DepthMid,DepthMid,DepthMid--DepthMid,8,0.20918771967453087,2.3388176627356845e-05,0.00046071741419029846
4987,30658,97,104,97,104,DepthLow,DepthLow,DepthLow--DepthLow,10,0.31168068143993993,2.338747010364785e-05,0.00046070349656938004
4988,35841,117,157,117,157,DepthLow,DepthMid,DepthLow--DepthMid,8,0.21444413596947728,2.3385048591761637e-05,0.00046065579585664716
4989,9742,27,293,27,293,DepthMid,DepthLow,DepthLow--DepthMid,6,0.16809016127317503,2.338492378600313e-05,0.00046065333734150715
4990,46279,163,314,163,314,DepthLow,DepthMid,DepthLow--DepthMid,7,0.2006494753351726,2.3384368919139346e-05,0.00046064240716807913
4991,46639,165,275,165,275,DepthLow,DepthHigh,DepthHigh--DepthLow,8,0.2155884311964807,2.3383673284207784e-05,0.00046062870404226495
4992,33864,109,184,109,184,DepthLow,DepthLow,DepthLow--DepthLow,9,0.23179384140966003,2.3383229609902153e-05,0.00046061996422119676
4993,13520,39,105,39,105,DepthMid,DepthLow,DepthLow--DepthMid,5,0.1511228608971455,2.3382982861325958e-05,0.0004606151035872196
4994,59852,249,342,249,342,DepthHigh,DepthMid,DepthHigh--DepthMid,10,0.3315993244471913,2.3382886690368675e-05,0.0004606132091413436
4995,5558,15,219,15,219,DepthHigh,DepthMid,DepthHigh--DepthMid,9,0.2511058238434961,2.3382265216719325e-05,0.00046060096689872333
4996,6662,18,282,18,282,DepthHigh,DepthHigh,DepthHigh--DepthHigh,9,0.23730031065850374,2.3380754538811863e-05,0.00046057120846007766
4997,16734,49,124,49,124,DepthHigh,DepthLow,DepthHigh--DepthLow,9,0.2457665564486658,2.337985611299229e-05,0.0004605535106109879
4998,10349,29,229,29,229,DepthMid,DepthMid,DepthMid--DepthMid,10,0.277366324382157,2.337940045320693e-05,0.00046054453469117134
4999,23893,72,314,72,314,DepthMid,DepthMid,DepthMid--DepthMid,9,0.26496706357220196,2.3378894849120376e-05,0.0004605345749319703
5000,37339,123,194,123,194,DepthLow,DepthMid,DepthLow--DepthMid,10,0.2884816499998256,2.3374731488209133e-05,0.0004604525620027912
5001,19877,59,172,59,172,DepthHigh,DepthLow,DepthHigh--DepthLow,3,0.11441043319212438,2.3374640212287156e-05,0.0004604507639829018
5002,56646,224,311,224,311,DepthLow,DepthMid,DepthLow--DepthMid,7,0.18342105880542733,2.3374040243217525e-05,0.00046043894535322585
5003,16762,49,152,49,152,DepthHigh,DepthLow,DepthHigh--DepthLow,6,0.17266657184626713,2.33740154078579e-05,0.00046043845612814217
5004,25863,79,268,79,268,DepthMid,DepthLow,DepthLow--DepthMid,6,0.16649166840792984,2.3373821348703936e-05,0.00046043463340895215
5005,41531,141,219,141,219,DepthLow,DepthMid,DepthLow--DepthMid,7,0.1834153888958002,2.337075063913578e-05,0.000460374144325322
5006,7049,19,324,19,324,DepthMid,DepthMid,DepthMid--DepthMid,8,0.21635489358239476,2.3370591688506725e-05,0.0004603710131995412
5007,66285,347,356,347,356,DepthMid,DepthMid,DepthMid--DepthMid,9,0.2402182791810972,2.3370352827342343e-05,0.0004603663079375724
5008,2655,7,136,7,136,DepthHigh,DepthLow,DepthHigh--DepthLow,3,0.10988725607793386,2.3370180713499342e-05,0.00046036291751317304
5009,49906,182,312,182,312,DepthLow,DepthMid,DepthLow--DepthMid,10,0.3220041283312077,2.3369826998951656e-05,0.0004603559497852322
5010,40744,137,330,137,330,DepthLow,DepthMid,DepthLow--DepthMid,6,0.16406349416833627,2.3368698266309595e-05,0.0004603337151838587
5011,34591,112,152,112,152,DepthLow,DepthLow,DepthLow--DepthLow,9,0.26610157230582343,2.336818606137144e-05,0.0004603236253962535
5012,37511,124,126,124,126,DepthLow,DepthLow,DepthLow--DepthLow,5,0.14849979396680266,2.3367823384493926e-05,0.0004603164811217828
5013,60417,254,347,254,347,DepthLow,DepthMid,DepthLow--DepthMid,3,0.11790552451217114,2.3366912970470928e-05,0.00046029854712029134
5014,39555,132,286,132,286,DepthLow,DepthLow,DepthLow--DepthLow,4,0.12557718334259269,2.336545099281789e-05,0.0004602697480148868
5015,27318,84,313,84,313,DepthHigh,DepthHigh,DepthHigh--DepthHigh,7,0.19745669732212814,2.336522565956355e-05,0.0004602653092355871
5016,41435,140,346,140,346,DepthLow,DepthMid,DepthLow--DepthMid,6,0.1621753669952222,2.3362885448327975e-05,0.00046021921004255073
5017,14792,43,87,43,87,DepthMid,DepthMid,DepthMid--DepthMid,10,0.32004468141416803,2.336281817384103e-05,0.0004602178848204883
5018,5583,15,244,15,244,DepthHigh,DepthLow,DepthHigh--DepthLow,9,0.24103941235768653,2.336253210706206e-05,0.00046021224966778736
5019,40181,135,222,135,222,DepthLow,DepthMid,DepthLow--DepthMid,7,0.19149545520467254,2.3361785028683964e-05,0.0004601975331713269
5020,20131,60,122,60,122,DepthHigh,DepthLow,DepthHigh--DepthLow,6,0.17275053753381225,2.336125394654263e-05,0.00046018707152676273
5021,59007,242,323,242,323,DepthHigh,DepthLow,DepthHigh--DepthLow,7,0.1996055886978455,2.3360193806859053e-05,0.00046016618811966863
5022,22745,68,340,68,340,DepthMid,DepthMid,DepthMid--DepthMid,10,0.4091261859477519,2.3360060820685263e-05,0.0004601635684607235
5023,62208,272,329,272,329,DepthHigh,DepthLow,DepthHigh--DepthLow,3,0.10042755642617972,2.3358260679434472e-05,0.00046012810796136714
5024,36933,121,271,121,271,DepthLow,DepthHigh,DepthHigh--DepthLow,7,0.1842356155386447,2.33579799778557e-05,0.0004601225784963049
5025,41429,140,340,140,340,DepthLow,DepthMid,DepthLow--DepthMid,4,0.13291789976864635,2.335764794801054e-05,0.0004601160379294991
5026,41741,142,207,142,207,DepthLow,DepthLow,DepthLow--DepthLow,5,0.14940969009799446,2.3357352122251594e-05,0.0004601102105372708
5027,24792,75,343,75,343,DepthMid,DepthHigh,DepthHigh--DepthMid,3,0.1015802414871549,2.3357175636607685e-05,0.0004601067339939387
5028,49083,178,223,178,223,DepthLow,DepthLow,DepthLow--DepthLow,2,0.07975931310124047,2.3356908980243764e-05,0.0004601014812017942
5029,27463,85,179,85,179,DepthHigh,DepthLow,DepthHigh--DepthLow,2,0.09640994698477522,2.3356681573648653e-05,0.00046009700158031115
5030,991,2,267,2,267,DepthHigh,DepthHigh,DepthHigh--DepthHigh,8,0.20564610901313884,2.3355130261769367e-05,0.00046006644270396027
5031,61575,265,361,265,361,DepthMid,DepthHigh,DepthHigh--DepthMid,3,0.11354711049906477,2.3354900001209796e-05,0.0004600619068629973
5032,25841,79,246,79,246,DepthMid,DepthLow,DepthLow--DepthMid,9,0.24789321480090548,2.3354158788719282e-05,0.0004600473059170819
5033,32132,102,258,102,258,DepthLow,DepthMid,DepthLow--DepthMid,5,0.15550203529605852,2.3354154680862086e-05,0.00046004722499750554
5034,65690,326,328,326,328,DepthLow,DepthLow,DepthLow--DepthLow,10,0.5133868193396773,2.3353518139956252e-05,0.0004600346859490438
5035,65100,312,361,312,361,DepthMid,DepthHigh,DepthHigh--DepthMid,3,0.1090012907854798,2.335341451402652e-05,0.00046003264464966636
5036,62231,272,352,272,352,DepthHigh,DepthMid,DepthHigh--DepthMid,7,0.1944871306396055,2.3353164835098514e-05,0.0004600277262914753
5037,3997,11,60,11,60,DepthHigh,DepthHigh,DepthHigh--DepthHigh,4,0.13734769748884407,2.3352967687118166e-05,0.0004600238427263233
5038,39765,133,265,133,265,DepthLow,DepthMid,DepthLow--DepthMid,4,0.13710554110036938,2.33527742429132e-05,0.00046002003212084847
5039,45922,161,360,161,360,DepthHigh,DepthMid,DepthHigh--DepthMid,1,0.0663916489569296,2.335263508033592e-05,0.0004600172907945888
5040,26747,82,303,82,303,DepthHigh,DepthHigh,DepthHigh--DepthHigh,10,0.3533414278197068,2.3352528924580694e-05,0.00046001519966085787
5041,16885,49,275,49,275,DepthHigh,DepthHigh,DepthHigh--DepthHigh,10,0.2751915110807624,2.3352499333860456e-05,0.0004600146167612018
5042,60753,257,359,257,359,DepthLow,DepthHigh,DepthHigh--DepthLow,4,0.1270305998308107,2.3352288594706434e-05,0.00046001046546716737
5043,33881,109,201,109,201,DepthLow,DepthLow,DepthLow--DepthLow,4,0.13509149621252245,2.335070081693369e-05,0.00045997918825896843
5044,5575,15,236,15,236,DepthHigh,DepthMid,DepthHigh--DepthMid,5,0.14196914767700708,2.3350217535398655e-05,0.00045996966822571853
5045,18481,54,311,54,311,DepthHigh,DepthMid,DepthHigh--DepthMid,9,0.24262392168423788,2.3348660615400966e-05,0.0004599389988765484
5046,12821,37,57,37,57,DepthMid,DepthHigh,DepthHigh--DepthMid,1,0.051097085151497725,2.3348533986303336e-05,0.0004599365044439404
5047,29479,92,270,92,270,DepthLow,DepthHigh,DepthHigh--DepthLow,2,0.08613418634541664,2.3348143203131388e-05,0.00045992880651111914
5048,62334,273,364,273,364,DepthHigh,DepthHigh,DepthHigh--DepthHigh,6,0.16635857234035542,2.33472666436291e-05,0.00045991153940074485
5049,53220,201,358,201,358,DepthLow,DepthMid,DepthLow--DepthMid,3,0.10152510207423167,2.334678762676953e-05,0.0004599021033761923
5050,53153,201,291,201,291,DepthLow,DepthHigh,DepthHigh--DepthLow,5,0.15148400336972292,2.3346616117449336e-05,0.00045989872486012546
5051,50358,185,224,185,224,DepthLow,DepthLow,DepthLow--DepthLow,8,0.22371189044175122,2.3345203515140732e-05,0.000459870898386379
5052,56304,222,250,222,250,DepthMid,DepthLow,DepthLow--DepthMid,5,0.14779617479508075,2.3345007013592595e-05,0.00045986702755512163
5053,65997,335,338,335,338,DepthHigh,DepthHigh,DepthHigh--DepthHigh,10,0.7382397317620794,2.334442472544119e-05,0.0004598555572171084
5054,23725,72,146,72,146,DepthMid,DepthLow,DepthLow--DepthMid,6,0.1731059352262923,2.3344394392744837e-05,0.000459854959701464
5055,45294,158,344,158,344,DepthHigh,DepthHigh,DepthHigh--DepthHigh,2,0.08292932649360696,2.3343805096824457e-05,0.00045984335131929053
5056,42561,146,149,146,149,DepthLow,DepthMid,DepthLow--DepthMid,5,0.1547092920849382,2.334343387184849e-05,0.00045983603865812264
5057,2469,6,307,6,307,DepthHigh,DepthHigh,DepthHigh--DepthHigh,8,0.20805527694665835,2.3342119744458833e-05,0.0004598101520153747
5058,53138,201,276,201,276,DepthLow,DepthHigh,DepthHigh--DepthLow,7,0.1808591996500314,2.3339809393039013e-05,0.00045976464102283473
5059,9522,27,73,27,73,DepthMid,DepthMid,DepthMid--DepthMid,10,0.29342252232049415,2.3339037315037038e-05,0.0004597494320654931
5060,38820,129,250,129,250,DepthLow,DepthLow,DepthLow--DepthLow,4,0.12633168769963107,2.3338428365712533e-05,0.00045973743653618664
5061,24182,73,312,73,312,DepthMid,DepthMid,DepthMid--DepthMid,9,0.25734143015537786,2.33367649877751e-05,0.00045970467010063396
5062,602,1,240,1,240,DepthHigh,DepthHigh,DepthHigh--DepthHigh,5,0.1459052759428953,2.3336586074422505e-05,0.00045970114573452
5063,49943,182,349,182,349,DepthLow,DepthMid,DepthLow--DepthMid,8,0.2108639754370098,2.333614838979798e-05,0.0004596925239025724
5064,4657,13,17,13,17,DepthMid,DepthHigh,DepthHigh--DepthMid,7,0.18812300556602762,2.333585413245335e-05,0.0004596867274061168
5065,61712,267,303,267,303,DepthHigh,DepthHigh,DepthHigh--DepthHigh,10,0.366711468515398,2.3335393403902424e-05,0.0004596776516380478
5066,55943,219,318,219,318,DepthMid,DepthHigh,DepthHigh--DepthMid,9,0.231789304836304,2.3335161761150745e-05,0.00045967308856965347
5067,46603,165,239,165,239,DepthLow,DepthHigh,DepthHigh--DepthLow,6,0.16936708737512704,2.3334430559835005e-05,0.0004596586848311831
5068,8922,25,148,25,148,DepthHigh,DepthMid,DepthHigh--DepthMid,8,0.2036340167421845,2.333385220720564e-05,0.0004596472920179622
5069,44617,155,288,155,288,DepthMid,DepthHigh,DepthHigh--DepthMid,6,0.16563241213387636,2.333381469020403e-05,0.0004596465529806168
5070,47814,171,277,171,277,DepthLow,DepthHigh,DepthHigh--DepthLow,5,0.14321397982284595,2.3333688180225366e-05,0.0004596440608945013
5071,23421,71,134,71,134,DepthMid,DepthLow,DepthLow--DepthMid,5,0.1428937852725996,2.3333079517570542e-05,0.0004596320710122239
5072,12443,35,334,35,334,DepthMid,DepthHigh,DepthHigh--DepthMid,10,0.46689833595044306,2.3332245196839483e-05,0.0004596156359520675
5073,26811,83,86,83,86,DepthHigh,DepthHigh,DepthHigh--DepthHigh,10,0.3701585738221943,2.333182719382016e-05,0.0004596074018227784
5074,26644,82,200,82,200,DepthHigh,DepthLow,DepthHigh--DepthLow,3,0.10377214037353408,2.3330411614074478e-05,0.000459579516697298
5075,45552,160,193,160,193,DepthLow,DepthMid,DepthLow--DepthMid,8,0.218031786083957,2.3330391374391617e-05,0.0004595791180012175
5076,22764,68,359,68,359,DepthMid,DepthHigh,DepthHigh--DepthMid,5,0.14069527675050278,2.332920865276168e-05,0.00045955581988526206
5077,28119,87,280,87,280,DepthMid,DepthLow,DepthLow--DepthMid,10,0.3150207983410972,2.3328899260942005e-05,0.0004595497252588444
5078,11041,31,254,31,254,DepthHigh,DepthLow,DepthHigh--DepthLow,2,0.0857666786270387,2.3327143465313955e-05,0.0004595151383120084
5079,61524,265,310,265,310,DepthMid,DepthHigh,DepthHigh--DepthMid,7,0.18295132770589306,2.332637123598017e-05,0.00045949992637362206
5080,22586,68,181,68,181,DepthMid,DepthMid,DepthMid--DepthMid,9,0.26408071609128975,2.3326331215145585e-05,0.00045949913801394287
5081,62784,279,289,279,289,DepthHigh,DepthHigh,DepthHigh--DepthHigh,5,0.1565535480461981,2.332459265306883e-05,0.00045946489054620853
5082,43997,152,298,152,298,DepthLow,DepthHigh,DepthHigh--DepthLow,7,0.18884644851258434,2.332242098240407e-05,0.0004594221113886417
5083,62710,278,300,278,300,DepthMid,DepthHigh,DepthHigh--DepthMid,7,0.18812481223475538,2.3322266365551328e-05,0.00045941906563275745
5084,59815,249,305,249,305,DepthHigh,DepthMid,DepthHigh--DepthMid,7,0.18195894723799974,2.332124029782901e-05,0.00045939885340008353
5085,31195,99,110,99,110,DepthLow,DepthLow,DepthLow--DepthLow,5,0.15113908553258404,2.332060654445029e-05,0.00045938636926237024
5086,10566,30,112,30,112,DepthHigh,DepthLow,DepthHigh--DepthLow,8,0.2183249715270981,2.3319083645097283e-05,0.0004593563700767489
5087,35955,117,271,117,271,DepthLow,DepthHigh,DepthHigh--DepthLow,3,0.10047357148596754,2.3318634560250177e-05,0.0004593475236748764
5088,43996,152,297,152,297,DepthLow,DepthHigh,DepthHigh--DepthLow,5,0.15825857770502913,2.3318507064017042e-05,0.0004593450121607988
5089,58351,237,287,237,287,DepthHigh,DepthHigh,DepthHigh--DepthHigh,3,0.11439273589714209,2.3317463388978285e-05,0.00045932445308632404
5090,40549,136,362,136,362,DepthLow,DepthHigh,DepthHigh--DepthLow,4,0.12286941723774132,2.3315171819934545e-05,0.0004592793120827694
5091,50837,187,348,187,348,DepthLow,DepthMid,DepthLow--DepthMid,9,0.2541265601082982,2.331501964980855e-05,0.0004592763145242987
5092,17799,52,250,52,250,DepthHigh,DepthLow,DepthHigh--DepthLow,6,0.1665048092864134,2.3314886734773683e-05,0.00045927369626670006
5093,43100,148,255,148,255,DepthMid,DepthLow,DepthLow--DepthMid,8,0.22682472397706713,2.331460406925183e-05,0.00045926812811445024
5094,58026,234,346,234,346,DepthLow,DepthMid,DepthLow--DepthMid,5,0.15743412839661464,2.331361192612786e-05,0.0004592485841533341
5095,6011,16,324,16,324,DepthMid,DepthMid,DepthMid--DepthMid,7,0.17892506915002804,2.3312625074426687e-05,0.0004592291444265354
5096,48678,176,191,176,191,DepthMid,DepthMid,DepthMid--DepthMid,1,0.06141360032236433,2.3311198203227964e-05,0.00045920103687375216
5097,25228,77,204,77,204,DepthMid,DepthLow,DepthLow--DepthMid,4,0.12702895782370116,2.3311146315737555e-05,0.0004592000147560048
5098,62235,272,356,272,356,DepthHigh,DepthMid,DepthHigh--DepthMid,8,0.2032907374578312,2.3310692018263377e-05,0.0004591910656719906
5099,19158,57,64,57,64,DepthHigh,DepthMid,DepthHigh--DepthMid,6,0.16611990991647485,2.3310494276229574e-05,0.000459187170404739
5100,52205,195,336,195,336,DepthMid,DepthHigh,DepthHigh--DepthMid,1,0.033710737801611435,2.3309531414240114e-05,0.0004591682032448328
5101,40345,136,158,136,158,DepthLow,DepthHigh,DepthHigh--DepthLow,7,0.1853166562694242,2.3309338589412377e-05,0.0004591644048403038
5102,52096,195,227,195,227,DepthMid,DepthMid,DepthMid--DepthMid,4,0.12978426050093025,2.330884745243762e-05,0.0004591547300648551
5103,62552,276,315,276,315,DepthHigh,DepthMid,DepthHigh--DepthMid,4,0.1269080372350324,2.330736899983967e-05,0.00045912560642393245
5104,63160,283,335,283,335,DepthLow,DepthHigh,DepthHigh--DepthLow,5,0.14762070793383622,2.330557815923016e-05,0.00045909032913541244
5105,35909,117,225,117,225,DepthLow,DepthHigh,DepthHigh--DepthLow,2,0.09842572994955412,2.3305314364725804e-05,0.0004590851327182714
5106,13791,40,52,40,52,DepthMid,DepthHigh,DepthHigh--DepthMid,2,0.08497694028984229,2.33044564028187e-05,0.00045906823195693324
5107,62496,275,347,275,347,DepthHigh,DepthMid,DepthHigh--DepthMid,7,0.18106851313992475,2.3303582243489872e-05,0.0004590510121269317
5108,1580,4,135,4,135,DepthHigh,DepthLow,DepthHigh--DepthLow,4,0.13404514935556563,2.3303464067194134e-05,0.0004590486842037995
5109,365,1,3,1,3,DepthHigh,DepthHigh,DepthHigh--DepthHigh,10,0.2931630276858182,2.330242296871022e-05,0.00045902817588418704
5110,60161,252,312,252,312,DepthLow,DepthMid,DepthLow--DepthMid,1,0.025686372151827966,2.330024903867515e-05,0.0004589853522198909
5111,43788,151,301,151,301,DepthMid,DepthHigh,DepthHigh--DepthMid,5,0.1450792889957309,2.32993858462726e-05,0.0004589683484244268
5112,2654,7,135,7,135,DepthHigh,DepthLow,DepthHigh--DepthLow,3,0.10829018726809161,2.3295605692399806e-05,0.00045889388418784847
5113,36136,118,206,118,206,DepthLow,DepthLow,DepthLow--DepthLow,5,0.15160296772791537,2.3293933817541013e-05,0.0004588609503737224
5114,61944,269,344,269,344,DepthHigh,DepthHigh,DepthHigh--DepthHigh,4,0.12124565538188144,2.3293867056960347e-05,0.0004588596352749618
5115,31707,100,358,100,358,DepthLow,DepthMid,DepthLow--DepthMid,1,0.05799628877166218,2.3293682864913543e-05,0.00045885600692526743
5116,61948,269,348,269,348,DepthHigh,DepthMid,DepthHigh--DepthMid,8,0.208480366460618,2.3293588049773506e-05,0.0004588541391872715
5117,25903,79,308,79,308,DepthMid,DepthHigh,DepthHigh--DepthMid,9,0.26376067660311964,2.3292368055550464e-05,0.00045883010684850804
5118,47960,172,231,172,231,DepthLow,DepthMid,DepthLow--DepthMid,7,0.1787473555756393,2.3290096901334076e-05,0.0004587853679911583
5119,22580,68,175,68,175,DepthMid,DepthMid,DepthMid--DepthMid,8,0.22048791986767843,2.3288842028666944e-05,0.0004587606485912859
5120,64691,305,337,305,337,DepthMid,DepthHigh,DepthHigh--DepthMid,3,0.11706937324490761,2.3288689703519412e-05,0.00045875764797908745
5121,45560,160,201,160,201,DepthLow,DepthLow,DepthLow--DepthLow,5,0.14613496344924287,2.3288136033057755e-05,0.0004587467413732638
5122,43231,149,171,149,171,DepthMid,DepthLow,DepthLow--DepthMid,3,0.10262280055023003,2.3286428519967195e-05,0.00045871310553117513
5123,33217,106,305,106,305,DepthLow,DepthMid,DepthLow--DepthMid,3,0.10398833706669244,2.328520663036513e-05,0.0004586890358558491
5124,33212,106,300,106,300,DepthLow,DepthHigh,DepthHigh--DepthLow,9,0.23523250234307216,2.3284929903656338e-05,0.0004586835846906837
5125,26128,80,249,80,249,DepthHigh,DepthHigh,DepthHigh--DepthHigh,10,0.34508112191777773,2.328388225703353e-05,0.0004586629473810407
5126,30918,97,364,97,364,DepthLow,DepthHigh,DepthHigh--DepthLow,6,0.16436616647494398,2.32833252141034e-05,0.00045865197434186573
5127,44095,153,185,153,185,DepthHigh,DepthLow,DepthHigh--DepthLow,5,0.14291545817565227,2.328307399405079e-05,0.00045864702562547474
5128,59769,249,259,249,259,DepthHigh,DepthMid,DepthHigh--DepthMid,6,0.17201584110766083,2.3282955939099693e-05,0.0004586447000926781
5129,41511,141,199,141,199,DepthLow,DepthLow,DepthLow--DepthLow,1,0.051850938546247796,2.3282814021947713e-05,0.00045864190450479054
5130,44663,155,334,155,334,DepthMid,DepthHigh,DepthHigh--DepthMid,9,0.26993949328334976,2.3282555587384518e-05,0.0004586368136716919
5131,29177,91,240,91,240,DepthLow,DepthHigh,DepthHigh--DepthLow,2,0.08979173525807174,2.3281694275158278e-05,0.00045861984691331623
5132,13552,39,137,39,137,DepthMid,DepthLow,DepthLow--DepthMid,4,0.13617734874594,2.3281033080445727e-05,0.0004586068222161328
5133,31398,99,313,99,313,DepthLow,DepthHigh,DepthHigh--DepthLow,6,0.17729123699262728,2.327814976874332e-05,0.000458550024632764
5134,26736,82,292,82,292,DepthHigh,DepthHigh,DepthHigh--DepthHigh,4,0.12123499329470629,2.3277279548697593e-05,0.00045853288240164307
5135,4166,11,229,11,229,DepthHigh,DepthMid,DepthHigh--DepthMid,8,0.22322760289536894,2.3277069389116985e-05,0.0004585287425244697
5136,65979,334,349,334,349,DepthHigh,DepthMid,DepthHigh--DepthMid,10,0.3115615594527353,2.327591218738286e-05,0.0004585059471180925
5137,51087,189,247,189,247,DepthLow,DepthLow,DepthLow--DepthLow,10,0.27798533141298787,2.3275352917367754e-05,0.00045849493020816835
5138,13069,37,305,37,305,DepthMid,DepthMid,DepthMid--DepthMid,6,0.1744254563834125,2.3274276164170716e-05,0.0004584737195359315
5139,63693,290,329,290,329,DepthHigh,DepthLow,DepthHigh--DepthLow,6,0.1598939156110175,2.327329270173898e-05,0.0004584543465734419
5140,51056,189,216,189,216,DepthLow,DepthMid,DepthLow--DepthMid,10,0.30190211497969954,2.327039560651236e-05,0.00045839727747212897
5141,19322,57,228,57,228,DepthHigh,DepthMid,DepthHigh--DepthMid,8,0.21245908485251955,2.3268969759176212e-05,0.0004583691900881397
5142,29146,91,209,91,209,DepthLow,DepthLow,DepthLow--DepthLow,1,0.06176584133861379,2.3266103303063116e-05,0.0004583127245385008
5143,33318,107,149,107,149,DepthLow,DepthMid,DepthLow--DepthMid,2,0.09866451863662723,2.3266099097599247e-05,0.0004583126416961968
5144,9021,25,247,25,247,DepthHigh,DepthLow,DepthHigh--DepthLow,10,0.2953157905122788,2.3263405826720676e-05,0.0004582595876760113
5145,32416,103,281,103,281,DepthLow,DepthLow,DepthLow--DepthLow,4,0.12416048051132492,2.326187779451943e-05,0.00045822948737979006
5146,30179,95,160,95,160,DepthLow,DepthLow,DepthLow--DepthLow,5,0.14542325700762848,2.3261563736337447e-05,0.00045822330083195376
5147,834,2,110,2,110,DepthHigh,DepthLow,DepthHigh--DepthLow,4,0.12455204278977014,2.325775859480818e-05,0.0004581483443702371
5148,57701,232,282,232,282,DepthMid,DepthHigh,DepthHigh--DepthMid,5,0.14395000494153107,2.3257083974243237e-05,0.0004581350552007908
5149,55528,216,341,216,341,DepthMid,DepthHigh,DepthHigh--DepthMid,4,0.12811714977179245,2.325561010245355e-05,0.0004581060217959807
5150,12460,35,351,35,351,DepthMid,DepthMid,DepthMid--DepthMid,10,0.29500273220978446,2.325518627564137e-05,0.00045809767294535913
5151,43732,151,245,151,245,DepthMid,DepthLow,DepthLow--DepthMid,6,0.16480788796175874,2.325433280430206e-05,0.0004580808606425107
5152,25055,76,318,76,318,DepthMid,DepthHigh,DepthHigh--DepthMid,6,0.17627774044419806,2.3254117353075995e-05,0.00045807661652663375
5153,10525,30,71,30,71,DepthHigh,DepthMid,DepthHigh--DepthMid,3,0.1010124686610931,2.3252833857839457e-05,0.00045805133329844864
5154,36695,120,276,120,276,DepthLow,DepthHigh,DepthHigh--DepthLow,9,0.22824991692217442,2.3252662465090143e-05,0.00045804795707868025
5155,41197,139,332,139,332,DepthLow,DepthMid,DepthLow--DepthMid,9,0.2701721492716113,2.3251488210991116e-05,0.0004580248257623436
5156,8343,23,248,23,248,DepthHigh,DepthHigh,DepthHigh--DepthHigh,9,0.2619668079952901,2.325141301489816e-05,0.0004580233444946904
5157,61250,262,336,262,336,DepthMid,DepthHigh,DepthHigh--DepthMid,2,0.08591851925254793,2.3250295470106013e-05,0.00045800133027976966
5158,47513,169,363,169,363,DepthLow,DepthMid,DepthLow--DepthMid,6,0.16369626781753882,2.325023255351761e-05,0.000458000090902781
5159,39386,131,349,131,349,DepthLow,DepthMid,DepthLow--DepthMid,3,0.11807714445144755,2.32500732786022e-05,0.00045799695338897043
5160,37010,121,348,121,348,DepthLow,DepthMid,DepthLow--DepthMid,8,0.20506450738166004,2.3249866500549607e-05,0.0004579928801236099
5161,44177,153,267,153,267,DepthHigh,DepthHigh,DepthHigh--DepthHigh,9,0.2394933963412964,2.324985623611169e-05,0.0004579926779272022
5162,7594,21,182,21,182,DepthMid,DepthLow,DepthLow--DepthMid,10,0.30966191774108687,2.324742785035023e-05,0.0004579448418078458
5163,43674,151,187,151,187,DepthMid,DepthLow,DepthLow--DepthMid,9,0.22897484109648383,2.3247136097840262e-05,0.0004579390946534559
5164,47427,169,277,169,277,DepthLow,DepthHigh,DepthHigh--DepthLow,5,0.15584481459029625,2.3246970398796136e-05,0.0004579358305924579
5165,64890,309,310,309,310,DepthHigh,DepthHigh,DepthHigh--DepthHigh,9,0.2555929376914356,2.3246842164488822e-05,0.00045793330453925514
5166,56336,222,282,222,282,DepthMid,DepthHigh,DepthHigh--DepthMid,9,0.24023391258730134,2.3246100475387204e-05,0.0004579186942047055
5167,7894,22,140,22,140,DepthMid,DepthLow,DepthLow--DepthMid,5,0.1557398455573761,2.3245686074940974e-05,0.0004579105310415369
5168,712,1,350,1,350,DepthHigh,DepthMid,DepthHigh--DepthMid,2,0.07523011591629684,2.324567976324665e-05,0.00045791040670916435
5169,41618,141,306,141,306,DepthLow,DepthHigh,DepthHigh--DepthLow,6,0.17132008593264955,2.3245565628399118e-05,0.0004579081583974357
5170,1799,4,354,4,354,DepthHigh,DepthMid,DepthHigh--DepthMid,8,0.21896424675199042,2.324532755916107e-05,0.0004579034687354112
5171,5204,14,214,14,214,DepthHigh,DepthHigh,DepthHigh--DepthHigh,3,0.12107800251392412,2.3245171379594813e-05,0.0004579003921960528
5172,46544,165,180,165,180,DepthLow,DepthMid,DepthLow--DepthMid,10,0.3193783870469579,2.3244911062254094e-05,0.000457895264274625
5173,51897,194,197,194,197,DepthMid,DepthMid,DepthMid--DepthMid,10,0.5902053769113587,2.3243832861958468e-05,0.0004578740250963814
5174,7452,21,40,21,40,DepthMid,DepthMid,DepthMid--DepthMid,4,0.1330209889005685,2.3243695547457965e-05,0.00045787132017489007
5175,12252,35,143,35,143,DepthMid,DepthLow,DepthLow--DepthMid,8,0.21146113892180562,2.3240384520634305e-05,0.00045780609714614286
5176,27421,85,137,85,137,DepthHigh,DepthLow,DepthHigh--DepthLow,5,0.14320880984623663,2.3239641969807994e-05,0.00045779146983670983
5177,58831,241,269,241,269,DepthHigh,DepthHigh,DepthHigh--DepthHigh,7,0.18534519520166354,2.323952465193289e-05,0.0004577891588233753
5178,47578,170,234,170,234,DepthLow,DepthLow,DepthLow--DepthLow,9,0.25011082500508686,2.3239234980896356e-05,0.0004577834526713719
5179,20433,61,121,61,121,DepthHigh,DepthLow,DepthHigh--DepthLow,8,0.22482593657487437,2.3238638935877652e-05,0.00045777171134052196
5180,4983,13,343,13,343,DepthMid,DepthHigh,DepthHigh--DepthMid,3,0.11607085391975556,2.3237774063837612e-05,0.0004577546744583297
5181,43307,149,247,149,247,DepthMid,DepthLow,DepthLow--DepthMid,9,0.23422937673107488,2.3237707820159443e-05,0.0004577533695418927
5182,51075,189,235,189,235,DepthLow,DepthHigh,DepthHigh--DepthLow,9,0.2578573294481457,2.323723417957032e-05,0.00045774403942304876
5183,11403,32,284,32,284,DepthMid,DepthLow,DepthLow--DepthMid,10,0.34124997492860454,2.3236609930532522e-05,0.00045773174250879643
5184,30724,97,170,97,170,DepthLow,DepthLow,DepthLow--DepthLow,6,0.17609321232292072,2.3234603539969698e-05,0.0004576922191595979
5185,24540,75,91,75,91,DepthMid,DepthLow,DepthLow--DepthMid,2,0.09481638951301573,2.3233845684704556e-05,0.00045767729037213186
5186,37914,125,290,125,290,DepthLow,DepthHigh,DepthHigh--DepthLow,5,0.14326039808618937,2.3233245385274294e-05,0.0004576654652347705
5187,28164,87,325,87,325,DepthMid,DepthLow,DepthLow--DepthMid,8,0.22339256432034094,2.3231954516127483e-05,0.00045764003674990606
5188,12580,36,143,36,143,DepthMid,DepthLow,DepthLow--DepthMid,8,0.20243060448261313,2.3231439397786675e-05,0.0004576298895719639
5189,31785,101,173,101,173,DepthLow,DepthMid,DepthLow--DepthMid,5,0.15701509209740738,2.3231181534820174e-05,0.0004576248099985951
5190,12592,36,155,36,155,DepthMid,DepthMid,DepthMid--DepthMid,9,0.2544433656204765,2.3230840787141556e-05,0.0004576180977015279
5191,9289,26,177,26,177,DepthHigh,DepthMid,DepthHigh--DepthMid,7,0.1980364006032599,2.3225845797358446e-05,0.00045751970273840407
5192,5858,16,171,16,171,DepthMid,DepthLow,DepthLow--DepthMid,2,0.08905438633115695,2.3225521218351566e-05,0.0004575133089436618
5193,54613,210,329,210,329,DepthMid,DepthLow,DepthLow--DepthMid,6,0.17056165625724995,2.3225106835515195e-05,0.00045750514612738507
5194,14386,41,324,41,324,DepthMid,DepthMid,DepthMid--DepthMid,6,0.17139062660139595,2.322423339722627e-05,0.00045748794050095513
5195,28580,89,190,89,190,DepthLow,DepthMid,DepthLow--DepthMid,2,0.07428364005772115,2.3221048543032915e-05,0.00045742520291298857
5196,39280,131,243,131,243,DepthLow,DepthLow,DepthLow--DepthLow,5,0.14571207020523466,2.3220067452014268e-05,0.00045740587666432894
5197,28717,89,327,89,327,DepthLow,DepthLow,DepthLow--DepthLow,2,0.09926672480100494,2.3219898964055085e-05,0.00045740255766524177
5198,33140,106,228,106,228,DepthLow,DepthMid,DepthLow--DepthMid,9,0.2568565275564598,2.3219765452980395e-05,0.00045739992766641465
5199,7957,22,203,22,203,DepthMid,DepthLow,DepthLow--DepthMid,6,0.1672878955446508,2.3219691972218114e-05,0.0004573984801886002
5200,11374,32,255,32,255,DepthMid,DepthLow,DepthLow--DepthMid,10,0.2730885703128402,2.321839221086517e-05,0.0004573728765385536
5201,44478,154,358,154,358,DepthHigh,DepthMid,DepthHigh--DepthMid,4,0.13996407968533145,2.321822169704514e-05,0.0004573695176325773
5202,8910,25,136,25,136,DepthHigh,DepthLow,DepthHigh--DepthLow,8,0.21320191114820722,2.3217667307383584e-05,0.0004573585968594279
5203,30653,97,99,97,99,DepthLow,DepthLow,DepthLow--DepthLow,6,0.16070812084120187,2.3217493077907926e-05,0.0004573551647597487
5204,25837,79,242,79,242,DepthMid,DepthHigh,DepthHigh--DepthMid,5,0.15389406088911203,2.321709011814528e-05,0.0004573472269635354
5205,50445,185,311,185,311,DepthLow,DepthMid,DepthLow--DepthMid,8,0.2185674082925701,2.321626096720662e-05,0.0004573308937417319
5206,17296,51,59,51,59,DepthHigh,DepthHigh,DepthHigh--DepthHigh,10,0.28882772834300846,2.321558177562975e-05,0.0004573175145291485
5207,20239,60,230,60,230,DepthHigh,DepthMid,DepthHigh--DepthMid,6,0.17826671092941784,2.3213862901901726e-05,0.0004572836548969116
5208,34415,111,228,111,228,DepthLow,DepthMid,DepthLow--DepthMid,7,0.19506353812938415,2.3213174456756315e-05,0.00045727009340076506
5209,23242,70,248,70,248,DepthHigh,DepthHigh,DepthHigh--DepthHigh,9,0.2330704013342937,2.3211119751729043e-05,0.0004572296183178986
5210,9739,27,290,27,290,DepthMid,DepthHigh,DepthHigh--DepthMid,5,0.14339012977250057,2.3210382640800863e-05,0.0004572150981675588
5211,64840,308,315,308,315,DepthHigh,DepthMid,DepthHigh--DepthMid,7,0.18142809810485164,2.3209837707344465e-05,0.00045720436366965684
5212,44409,154,289,154,289,DepthHigh,DepthHigh,DepthHigh--DepthHigh,2,0.0848358354322233,2.3207251986547856e-05,0.00045715342824967034
5213,33790,109,110,109,110,DepthLow,DepthLow,DepthLow--DepthLow,10,0.7236271908494628,2.320691847649715e-05,0.00045714685852469287
5214,12476,36,39,36,39,DepthMid,DepthMid,DepthMid--DepthMid,10,0.4752592362609981,2.320690323366111e-05,0.00045714655826015676
5215,56708,225,234,225,234,DepthHigh,DepthLow,DepthHigh--DepthLow,6,0.16898243087999684,2.3206501844136228e-05,0.00045713865139563573
5216,39659,133,159,133,159,DepthLow,DepthHigh,DepthHigh--DepthLow,4,0.12276268218021333,2.3205774097510924e-05,0.00045712431571018493
5217,45811,161,249,161,249,DepthHigh,DepthHigh,DepthHigh--DepthHigh,8,0.22188366441330165,2.3204760005078527e-05,0.00045710433937553316
5218,48703,176,216,176,216,DepthMid,DepthMid,DepthMid--DepthMid,7,0.19081414950872733,2.320407182119301e-05,0.00045709078302587515
5219,20668,61,356,61,356,DepthHigh,DepthMid,DepthHigh--DepthMid,7,0.20006365423109085,2.3203153005845232e-05,0.00045707268352894166
5220,42575,146,163,146,163,DepthLow,DepthLow,DepthLow--DepthLow,2,0.08582708770809364,2.3202375650213046e-05,0.000457057370608979
5221,33376,107,207,107,207,DepthLow,DepthLow,DepthLow--DepthLow,5,0.14273240568152912,2.3201677859699856e-05,0.0004570436250209409
5222,20563,61,251,61,251,DepthHigh,DepthLow,DepthHigh--DepthLow,10,0.3478484945226776,2.3201226530500924e-05,0.0004570347344081841
5223,55165,214,275,214,275,DepthHigh,DepthHigh,DepthHigh--DepthHigh,9,0.2311098136713275,2.3200909721237843e-05,0.00045702849366753963
5224,13159,38,69,38,69,DepthMid,DepthMid,DepthMid--DepthMid,10,0.4708596148358975,2.319968358064053e-05,0.0004570043402529992
5225,17672,52,123,52,123,DepthHigh,DepthLow,DepthHigh--DepthLow,7,0.1904134624121302,2.319861739039077e-05,0.00045698333765742567
5226,29843,93,363,93,363,DepthLow,DepthMid,DepthLow--DepthMid,7,0.19244200978493803,2.3197345665979694e-05,0.0004569582862995722
5227,22779,69,79,69,79,DepthMid,DepthMid,DepthMid--DepthMid,10,0.39144748095165777,2.3196886211726053e-05,0.0004569492356335434
5228,20803,62,189,62,189,DepthHigh,DepthLow,DepthHigh--DepthLow,9,0.2564675049030963,2.319680232179935e-05,0.00045694758310839265
5229,42806,147,177,147,177,DepthLow,DepthMid,DepthLow--DepthMid,7,0.1998977592499727,2.319666735474382e-05,0.00045694492442858976
5230,9352,26,240,26,240,DepthHigh,DepthHigh,DepthHigh--DepthHigh,9,0.24489348874550657,2.31964045324035e-05,0.0004569397471618471
5231,3811,10,227,10,227,DepthHigh,DepthMid,DepthHigh--DepthMid,7,0.19560006112046546,2.3195556475601443e-05,0.0004569230415185148
5232,27536,85,252,85,252,DepthHigh,DepthLow,DepthHigh--DepthLow,7,0.18030590155929394,2.319331667273224e-05,0.0004568789202429388
5233,46357,164,192,164,192,DepthLow,DepthMid,DepthLow--DepthMid,3,0.10448384791704832,2.3193076271709475e-05,0.000456874184647713
5234,36750,120,331,120,331,DepthLow,DepthMid,DepthLow--DepthMid,6,0.16191433273920533,2.3190508946038955e-05,0.00045682361158837833
5235,47631,170,287,170,287,DepthLow,DepthHigh,DepthHigh--DepthLow,3,0.1032276137962925,2.3189821298623258e-05,0.00045681006580649533
5236,24303,74,143,74,143,DepthMid,DepthLow,DepthLow--DepthMid,8,0.21404628360002856,2.3189371846030066e-05,0.0004568012121604914
5237,58278,236,341,236,341,DepthMid,DepthHigh,DepthHigh--DepthMid,6,0.16098134185358,2.3189287254074606e-05,0.0004567995458062646
5238,35839,117,155,117,155,DepthLow,DepthMid,DepthLow--DepthMid,2,0.08787098888986089,2.318857215706655e-05,0.0004567854593022289
5239,37086,122,182,122,182,DepthLow,DepthLow,DepthLow--DepthLow,8,0.22753476462638028,2.3185258914288425e-05,0.00045672019262198946
5240,17741,52,192,52,192,DepthHigh,DepthMid,DepthHigh--DepthMid,2,0.09375385484374132,2.318379346429569e-05,0.0004566913251158971
5241,12689,36,252,36,252,DepthMid,DepthLow,DepthLow--DepthMid,6,0.16772018982901174,2.3183140484619056e-05,0.00045667846224450143
5242,7521,21,109,21,109,DepthMid,DepthLow,DepthLow--DepthMid,1,-0.01205239412795318,2.318263697653718e-05,0.0004566685437739339
5243,3967,11,30,11,30,DepthHigh,DepthHigh,DepthHigh--DepthHigh,6,0.17624943499298507,2.3182162078831705e-05,0.0004566591888914924
5244,37871,125,247,125,247,DepthLow,DepthLow,DepthLow--DepthLow,10,0.3175687536851212,2.3181506477709575e-05,0.00045664627438094543
5245,59710,248,315,248,315,DepthHigh,DepthMid,DepthHigh--DepthMid,9,0.23436234377650558,2.3181268085142045e-05,0.0004566415783497402
5246,60024,251,287,251,287,DepthLow,DepthHigh,DepthHigh--DepthLow,5,0.1503534246623703,2.3179224606979923e-05,0.0004566013244218771
5247,9236,26,124,26,124,DepthHigh,DepthLow,DepthHigh--DepthLow,7,0.186368592334249,2.3178841995274133e-05,0.0004565937874565746
5248,50858,188,193,188,193,DepthMid,DepthMid,DepthMid--DepthMid,9,0.2558958946735785,2.3178637592205097e-05,0.00045658976097537774
5249,52494,197,290,197,290,DepthMid,DepthHigh,DepthHigh--DepthMid,5,0.14024763122815884,2.317863038225334e-05,0.0004565896189484731
5250,46814,166,252,166,252,DepthMid,DepthLow,DepthLow--DepthMid,8,0.20355235057628102,2.3178440165936544e-05,0.00045658587192830107
5251,21260,63,345,63,345,DepthMid,DepthMid,DepthMid--DepthMid,10,0.3650952880358001,2.3178222046958485e-05,0.0004565815752610936
5252,5231,14,241,14,241,DepthHigh,DepthHigh,DepthHigh--DepthHigh,6,0.163816316216035,2.3177207169544603e-05,0.0004565615834633022
5253,48477,175,178,175,178,DepthMid,DepthLow,DepthLow--DepthMid,1,0.0708271984456921,2.3177173245598418e-05,0.0004565609152045912
5254,26154,80,275,80,275,DepthHigh,DepthHigh,DepthHigh--DepthHigh,10,0.295928677387615,2.3174540092667972e-05,0.00045650904543173066
5255,58499,238,309,238,309,DepthMid,DepthHigh,DepthHigh--DepthMid,5,0.15040145673434596,2.317315525907119e-05,0.0004564817659663855
5256,8118,22,364,22,364,DepthMid,DepthHigh,DepthHigh--DepthMid,5,0.15509173780412333,2.3172678461626304e-05,0.00045647237366148714
5257,2452,6,290,6,290,DepthHigh,DepthHigh,DepthHigh--DepthHigh,4,0.13779141664011912,2.3172618998402368e-05,0.0004564712023113983
5258,9158,26,46,26,46,DepthHigh,DepthHigh,DepthHigh--DepthHigh,10,0.28236681498284005,2.317235044587424e-05,0.0004564659121672239
5259,25842,79,247,79,247,DepthMid,DepthLow,DepthLow--DepthMid,9,0.22946044485000566,2.3172149212894845e-05,0.0004564619481327721
5260,30308,95,289,95,289,DepthLow,DepthHigh,DepthHigh--DepthLow,1,0.03315185611959106,2.316935794265707e-05,0.0004564069636495119
5261,31278,99,193,99,193,DepthLow,DepthMid,DepthLow--DepthMid,1,0.04394205603947086,2.316855745178709e-05,0.0004563911949947092
5262,540,1,178,1,178,DepthHigh,DepthLow,DepthHigh--DepthLow,1,0.0686820340297109,2.3167478570151237e-05,0.0004563699423949274
5263,54067,207,248,207,248,DepthLow,DepthHigh,DepthHigh--DepthLow,4,0.12303934572550192,2.3166777808915547e-05,0.00045635613828742404
5264,14974,43,269,43,269,DepthMid,DepthHigh,DepthHigh--DepthMid,9,0.23029914473306143,2.3165993170318165e-05,0.0004563406819022847
5265,47133,168,178,168,178,DepthLow,DepthLow,DepthLow--DepthLow,2,0.092305791132969,2.3164352935405772e-05,0.00045630837135497086
5266,10424,29,304,29,304,DepthMid,DepthHigh,DepthHigh--DepthMid,10,0.30094833183478426,2.3163988664769944e-05,0.0004563011956854829
5267,35981,117,297,117,297,DepthLow,DepthHigh,DepthHigh--DepthLow,4,0.12322637205348712,2.31634319030229e-05,0.00045629022818525805
5268,57169,228,284,228,284,DepthMid,DepthLow,DepthLow--DepthMid,9,0.26505162485253536,2.3163401884705604e-05,0.0004562896368624823
5269,2611,7,92,7,92,DepthHigh,DepthLow,DepthHigh--DepthLow,5,0.14800738026001445,2.3162364763869625e-05,0.000456269206897489
5270,41657,141,345,141,345,DepthLow,DepthMid,DepthLow--DepthMid,7,0.17928209613449003,2.3161491318066978e-05,0.0004562520011230482
5271,36613,120,194,120,194,DepthLow,DepthMid,DepthLow--DepthMid,4,0.13396209175996976,2.315967015162585e-05,0.0004562161264541103
5272,33372,107,203,107,203,DepthLow,DepthLow,DepthLow--DepthLow,6,0.17611510553498008,2.315919565590078e-05,0.0004562067794901729
5273,10689,30,235,30,235,DepthHigh,DepthHigh,DepthHigh--DepthHigh,6,0.17395241610480272,2.3155835911108647e-05,0.00045614059677924024
5274,19369,57,275,57,275,DepthHigh,DepthHigh,DepthHigh--DepthHigh,7,0.19081908150317248,2.3155052161802585e-05,0.0004561251579120119
5275,65575,323,330,323,330,DepthLow,DepthMid,DepthLow--DepthMid,5,0.15218250954605764,2.3154942056045266e-05,0.00045612298896824995
5276,46112,162,348,162,348,DepthHigh,DepthMid,DepthHigh--DepthMid,2,0.08722827318231931,2.3154691477415395e-05,0.00045611805288707334
5277,35387,115,198,115,198,DepthLow,DepthLow,DepthLow--DepthLow,5,0.14408152614764588,2.315315515541321e-05,0.0004560877892922883
5278,25809,79,214,79,214,DepthMid,DepthHigh,DepthHigh--DepthMid,6,0.1761595269040925,2.3152222848826948e-05,0.0004560694240350689
5279,24502,74,342,74,342,DepthMid,DepthMid,DepthMid--DepthMid,10,0.32279987927533677,2.315184607899342e-05,0.0004560620021472401
5280,36224,118,294,118,294,DepthLow,DepthLow,DepthLow--DepthLow,3,0.1010262300174208,2.3151833496675917e-05,0.0004560617542915446
5281,1564,4,119,4,119,DepthHigh,DepthLow,DepthHigh--DepthLow,7,0.1990854394587881,2.315171643121492e-05,0.00045605944825044786
5282,33662,108,237,108,237,DepthLow,DepthHigh,DepthHigh--DepthLow,9,0.24329928313432933,2.315136291160683e-05,0.0004560524843625698
5283,59374,245,330,245,330,DepthLow,DepthMid,DepthLow--DepthMid,8,0.21252220727643403,2.3151323928736833e-05,0.0004560517164494764
5284,48435,174,325,174,325,DepthMid,DepthLow,DepthLow--DepthMid,8,0.20629253105099113,2.315129914464983e-05,0.00045605122823439836
5285,17564,51,327,51,327,DepthHigh,DepthLow,DepthHigh--DepthLow,9,0.23446987322086182,2.3149822766030543e-05,0.00045602214544822475
5286,54081,207,262,207,262,DepthLow,DepthMid,DepthLow--DepthMid,3,0.11409748978227759,2.314965591529597e-05,0.00045601885870038574
5287,42453,145,259,145,259,DepthLow,DepthMid,DepthLow--DepthMid,10,0.28390279848926675,2.314947421240666e-05,0.00045601527938393677
5288,32142,102,268,102,268,DepthLow,DepthLow,DepthLow--DepthLow,3,0.11420807540338318,2.314904630334185e-05,0.0004560068501181163
5289,30439,96,152,96,152,DepthLow,DepthLow,DepthLow--DepthLow,6,0.17495254296505824,2.3149040323127224e-05,0.00045600673231547346
5290,43331,149,271,149,271,DepthMid,DepthHigh,DepthHigh--DepthMid,8,0.2068166547076954,2.3148549179388396e-05,0.0004559970574067812
5291,9655,27,206,27,206,DepthMid,DepthLow,DepthLow--DepthMid,3,0.10022718470013961,2.3148472671777047e-05,0.00045599555030387923
5292,25818,79,223,79,223,DepthMid,DepthLow,DepthLow--DepthMid,6,0.17156474509917463,2.3147503709822137e-05,0.0004559764629823908
5293,51143,189,303,189,303,DepthLow,DepthHigh,DepthHigh--DepthLow,10,0.3699243614876295,2.3147441018300635e-05,0.0004559752280389346
5294,40951,138,311,138,311,DepthLow,DepthMid,DepthLow--DepthMid,7,0.19403461542249356,2.314728451728705e-05,0.00045597214516747154
5295,47047,167,288,167,288,DepthLow,DepthHigh,DepthHigh--DepthLow,5,0.1458133311515286,2.3146950673623782e-05,0.0004559655688707497
5296,66154,341,342,341,342,DepthHigh,DepthMid,DepthHigh--DepthMid,7,0.19673883576882406,2.3145259227483395e-05,0.00045593224952720026
5297,37233,122,329,122,329,DepthLow,DepthLow,DepthLow--DepthLow,9,0.25403723537250117,2.314507995614587e-05,0.0004559287181092373
5298,62052,270,358,270,358,DepthHigh,DepthMid,DepthHigh--DepthMid,8,0.20302778089261328,2.3144720588015405e-05,0.0004559216390128867
5299,65550,322,346,322,346,DepthLow,DepthMid,DepthLow--DepthMid,7,0.1954744167206047,2.3144703776621718e-05,0.00045592130784975445
5300,31131,98,311,98,311,DepthLow,DepthMid,DepthLow--DepthMid,7,0.17936705280142934,2.314470036832542e-05,0.00045592124071064047
5301,44396,154,276,154,276,DepthHigh,DepthHigh,DepthHigh--DepthHigh,6,0.176783265880382,2.3144633932064195e-05,0.0004559199320005615
5302,8170,23,75,23,75,DepthHigh,DepthMid,DepthHigh--DepthMid,4,0.12796185052830958,2.314445506535356e-05,0.0004559164085532351
5303,64480,302,306,302,306,DepthHigh,DepthHigh,DepthHigh--DepthHigh,10,0.2758635175463402,2.3144399514107906e-05,0.00045591531426415646
5304,30375,95,356,95,356,DepthLow,DepthMid,DepthLow--DepthMid,4,0.13002419269967827,2.3143945118345008e-05,0.0004559063632439791
5305,20313,60,304,60,304,DepthHigh,DepthHigh,DepthHigh--DepthHigh,10,0.48571719595623053,2.3142840459660007e-05,0.0004558846028690245
5306,13845,40,106,40,106,DepthMid,DepthLow,DepthLow--DepthMid,5,0.14051313556766779,2.314177073819187e-05,0.000455863530712928
5307,21656,65,142,65,142,DepthMid,DepthLow,DepthLow--DepthMid,10,0.2812564582664392,2.314046248466857e-05,0.00045583775977789685
5308,65986,334,356,334,356,DepthHigh,DepthMid,DepthHigh--DepthMid,10,0.3293071481761142,2.3140099597982272e-05,0.00045583061137045925
5309,56495,223,300,223,300,DepthLow,DepthHigh,DepthHigh--DepthLow,5,0.15539921872908719,2.31388060865289e-05,0.000455805130835507
5310,15431,45,87,45,87,DepthMid,DepthMid,DepthMid--DepthMid,10,0.3800401436837367,2.3138784031886012e-05,0.00045580469638701606
5311,56300,222,246,222,246,DepthMid,DepthLow,DepthLow--DepthMid,7,0.1795664483985067,2.313863159092539e-05,0.0004558016934934466
5312,47980,172,251,172,251,DepthLow,DepthLow,DepthLow--DepthLow,9,0.23872718196099385,2.313770119879358e-05,0.00045578336594855165
5313,52949,200,250,200,250,DepthLow,DepthLow,DepthLow--DepthLow,3,0.1081338674448224,2.3137579140929297e-05,0.0004557809615634424
5314,27394,85,110,85,110,DepthHigh,DepthLow,DepthHigh--DepthLow,2,0.09625511601330813,2.3137364523972187e-05,0.00045577673388160574
5315,48354,174,244,174,244,DepthMid,DepthLow,DepthLow--DepthMid,7,0.19654814845401045,2.313716759035982e-05,0.000455772854539231
5316,55991,220,222,220,222,DepthHigh,DepthMid,DepthHigh--DepthMid,6,0.16249375946236233,2.313600176073421e-05,0.00045574988917433516
5317,19783,59,78,59,78,DepthHigh,DepthMid,DepthHigh--DepthMid,9,0.2642419784608257,2.313530506441626e-05,0.00045573616514055535
5318,64193,297,339,297,339,DepthHigh,DepthHigh,DepthHigh--DepthHigh,7,0.1889690819523838,2.3135271954948407e-05,0.0004557355129260344
5319,26762,82,318,82,318,DepthHigh,DepthHigh,DepthHigh--DepthHigh,8,0.22574863932043757,2.3135181538807954e-05,0.00045573373184275057
5320,65085,312,346,312,346,DepthMid,DepthMid,DepthMid--DepthMid,9,0.2444440190309174,2.313442072721428e-05,0.00045571874481936225
5321,56258,221,346,221,346,DepthMid,DepthMid,DepthMid--DepthMid,4,0.13529163397215205,2.3134266264345708e-05,0.0004557157020967708
5322,62422,274,362,274,362,DepthHigh,DepthHigh,DepthHigh--DepthHigh,4,0.12762222991450992,2.3134212218141988e-05,0.0004557146374551093
5323,32673,104,278,104,278,DepthLow,DepthMid,DepthLow--DepthMid,7,0.19889762297977442,2.313395413254743e-05,0.0004557095534962501
5324,16614,48,319,48,319,DepthHigh,DepthHigh,DepthHigh--DepthHigh,1,0.06471936909820886,2.3133586721206765e-05,0.0004557023159588605
5325,25991,80,112,80,112,DepthHigh,DepthLow,DepthHigh--DepthLow,7,0.18350830502294446,2.313334365557753e-05,0.000455697527874267
5326,28443,88,328,88,328,DepthLow,DepthLow,DepthLow--DepthLow,3,0.11798564644917851,2.313301766784037e-05,0.00045569110632932505
5327,58820,241,258,241,258,DepthHigh,DepthMid,DepthHigh--DepthMid,7,0.18943196326413525,2.313279912379284e-05,0.00045568680128878816
5328,1455,4,10,4,10,DepthHigh,DepthHigh,DepthHigh--DepthHigh,6,0.16631300660244097,2.3132660147157108e-05,0.00045568406362534104
5329,66360,352,361,352,361,DepthMid,DepthHigh,DepthHigh--DepthMid,3,0.11746933939329912,2.3130874759144288e-05,0.0004556488937460598
5330,24240,74,80,74,80,DepthMid,DepthHigh,DepthHigh--DepthMid,7,0.18789457201541004,2.3130732228863294e-05,0.00045564608608030844
5331,51217,190,203,190,203,DepthMid,DepthLow,DepthLow--DepthMid,3,0.11168763483036868,2.3129039331757745e-05,0.00045561273815458573
5332,24997,76,260,76,260,DepthMid,DepthMid,DepthMid--DepthMid,5,0.14787618250204038,2.3128554475028676e-05,0.0004556031870920113
5333,46414,164,249,164,249,DepthLow,DepthHigh,DepthHigh--DepthLow,10,0.33378858679182,2.31268192983383e-05,0.00045556900631209463
5334,58521,238,331,238,331,DepthMid,DepthMid,DepthMid--DepthMid,6,0.17268389994889174,2.3126778605779902e-05,0.00045556820472030825
5335,7447,21,35,21,35,DepthMid,DepthMid,DepthMid--DepthMid,10,0.36330584555151363,2.3126299011185503e-05,0.00045555875731511237
5336,25073,76,336,76,336,DepthMid,DepthHigh,DepthHigh--DepthMid,1,0.04968917450149218,2.312540353297382e-05,0.0004555411175301594
5337,25271,77,247,77,247,DepthMid,DepthLow,DepthLow--DepthMid,1,0.06548029104916732,2.3125311327673002e-05,0.00045553930120268565
5338,49060,178,200,178,200,DepthLow,DepthLow,DepthLow--DepthLow,2,0.09866241323565163,2.3124016667448354e-05,0.0004555137980383964
5339,12584,36,147,36,147,DepthMid,DepthLow,DepthLow--DepthMid,9,0.23591288136245034,2.3123906754022072e-05,0.00045551163288331186
5340,20871,62,257,62,257,DepthHigh,DepthLow,DepthHigh--DepthLow,9,0.22878447648992745,2.3123455707051124e-05,0.0004555027478300884
5341,44992,157,248,157,248,DepthMid,DepthHigh,DepthHigh--DepthMid,10,0.2845718476697311,2.312268704677303e-05,0.0004554876061975723
5342,10579,30,125,30,125,DepthHigh,DepthLow,DepthHigh--DepthLow,8,0.22657359739948443,2.312227524802059e-05,0.0004554794942844713
5343,1766,4,321,4,321,DepthHigh,DepthHigh,DepthHigh--DepthHigh,8,0.21621331193820287,2.312192800016774e-05,0.00045547265394221646
5344,6056,17,22,17,22,DepthHigh,DepthMid,DepthHigh--DepthMid,10,0.275039083797457,2.312005440012151e-05,0.00045543574639776447
5345,62252,273,282,273,282,DepthHigh,DepthHigh,DepthHigh--DepthHigh,10,0.2907470987804491,2.3119478654875545e-05,0.0004554244049466894
5346,57231,228,346,228,346,DepthMid,DepthMid,DepthMid--DepthMid,9,0.27072488938919637,2.3119443581333774e-05,0.0004554237140424035
5347,47563,170,219,170,219,DepthLow,DepthMid,DepthLow--DepthMid,5,0.1531796633391613,2.31182569671405e-05,0.0004554003392478876
5348,17527,51,290,51,290,DepthHigh,DepthHigh,DepthHigh--DepthHigh,5,0.1431749773899851,2.3116544668272802e-05,0.0004553666091320596
5349,20102,60,93,60,93,DepthHigh,DepthLow,DepthHigh--DepthLow,7,0.19021064120255116,2.3116264293555117e-05,0.0004553610861057461
5350,518,1,156,1,156,DepthHigh,DepthLow,DepthHigh--DepthLow,2,0.09955259110666333,2.311594847870473e-05,0.00045535486495377044
5351,26036,80,157,80,157,DepthHigh,DepthMid,DepthHigh--DepthMid,9,0.23819381770931702,2.311534860735653e-05,0.00045534304824908277
5352,49767,181,355,181,355,DepthMid,DepthMid,DepthMid--DepthMid,8,0.2041353894331419,2.311494931117705e-05,0.00045533518262081096
5353,37772,125,148,125,148,DepthLow,DepthMid,DepthLow--DepthMid,6,0.1663697494303494,2.3114855155175448e-05,0.00045533332786700605
5354,63429,287,290,287,290,DepthHigh,DepthHigh,DepthHigh--DepthHigh,6,0.16283824756419857,2.3113901645210575e-05,0.00045531454493012214
5355,43149,148,304,148,304,DepthMid,DepthHigh,DepthHigh--DepthMid,9,0.24044547080803222,2.311286197099847e-05,0.0004552940646668578
5356,53752,205,248,205,248,DepthLow,DepthHigh,DepthHigh--DepthLow,5,0.15553728986980886,2.3112060444495937e-05,0.00045527827561140744
5357,55640,217,306,217,306,DepthLow,DepthHigh,DepthHigh--DepthLow,9,0.24467345049772737,2.311133824974135e-05,0.0004552640492907679
5358,14427,42,43,42,43,DepthMid,DepthMid,DepthMid--DepthMid,10,0.5530792751338595,2.3111045970552387e-05,0.0004552582917614698
5359,58458,238,268,238,268,DepthMid,DepthLow,DepthLow--DepthMid,4,0.13259197688216884,2.311057356358404e-05,0.00045524898594339046
5360,41740,142,206,142,206,DepthLow,DepthLow,DepthLow--DepthLow,3,0.10670989041444524,2.3109726778574363e-05,0.0004552323053527549
5361,14221,41,159,41,159,DepthMid,DepthHigh,DepthHigh--DepthMid,5,0.15572490263193237,2.310919888863244e-05,0.00045522190659047024
5362,30657,97,103,97,103,DepthLow,DepthLow,DepthLow--DepthLow,10,0.2938763144311186,2.310849260289673e-05,0.0004552079936573237
5363,61374,263,359,263,359,DepthMid,DepthHigh,DepthHigh--DepthMid,3,0.12083610861034755,2.3108451009491123e-05,0.00045520717431998993
5364,4826,13,186,13,186,DepthMid,DepthMid,DepthMid--DepthMid,6,0.16968153958641533,2.3108298135118182e-05,0.0004552041628887476
5365,32290,103,155,103,155,DepthLow,DepthMid,DepthLow--DepthMid,2,0.08112378787036503,2.3108029786096613e-05,0.00045519887675339436
5366,42658,146,246,146,246,DepthLow,DepthLow,DepthLow--DepthLow,5,0.1408903953699579,2.310648580322413e-05,0.00045516846224918147
5367,64548,303,313,303,313,DepthHigh,DepthHigh,DepthHigh--DepthHigh,10,0.2847473658081171,2.3106293659149385e-05,0.0004551646772546229
5368,34742,112,303,112,303,DepthLow,DepthHigh,DepthHigh--DepthLow,8,0.2273214429240876,2.310558244983292e-05,0.00045515066733318055
5369,41206,139,341,139,341,DepthLow,DepthHigh,DepthHigh--DepthLow,5,0.15229559268613105,2.310558125400809e-05,0.0004551506437769482
5370,15657,45,313,45,313,DepthMid,DepthHigh,DepthHigh--DepthMid,10,0.38815906667916394,2.3105333932297375e-05,0.0004551457718529479
5371,12169,35,60,35,60,DepthMid,DepthHigh,DepthHigh--DepthMid,5,0.14508254010217322,2.3103370001155246e-05,0.00045510708490048183
5372,24842,76,105,76,105,DepthMid,DepthLow,DepthLow--DepthMid,9,0.24483699367705442,2.3102546128077206e-05,0.00045509085564583826
5373,43767,151,280,151,280,DepthMid,DepthLow,DepthLow--DepthMid,10,0.31648759257918,2.310207035714044e-05,0.0004550814835618478
5374,9724,27,275,27,275,DepthMid,DepthHigh,DepthHigh--DepthMid,8,0.22817476898058897,2.310011368360262e-05,0.00045504293957498125
5375,23416,71,129,71,129,DepthMid,DepthLow,DepthLow--DepthMid,6,0.1588785922548678,2.309969099679759e-05,0.00045503461318105454
5376,34654,112,215,112,215,DepthLow,DepthMid,DepthLow--DepthMid,8,0.21471366563484454,2.3098181260380967e-05,0.0004550048732885842
5377,17466,51,229,51,229,DepthHigh,DepthMid,DepthHigh--DepthMid,8,0.22659524847677295,2.309722921196831e-05,0.00045498611914242514
5378,9833,28,48,28,48,DepthHigh,DepthHigh,DepthHigh--DepthHigh,6,0.1766089905772921,2.309680177484131e-05,0.00045497769917318096
5379,40910,138,270,138,270,DepthLow,DepthHigh,DepthHigh--DepthLow,4,0.13046721595349128,2.309665128555217e-05,0.0004549747347250642
5380,44475,154,355,154,355,DepthHigh,DepthMid,DepthHigh--DepthMid,8,0.20193314776508917,2.3095990795302527e-05,0.0004549617239049066
5381,10756,30,302,30,302,DepthHigh,DepthHigh,DepthHigh--DepthHigh,10,0.2977153118239749,2.3095905798911746e-05,0.00045496004958381695
5382,19117,56,330,56,330,DepthHigh,DepthMid,DepthHigh--DepthMid,7,0.1971980133596977,2.3095701352840884e-05,0.0004549560222555387
5383,50314,184,359,184,359,DepthLow,DepthHigh,DepthHigh--DepthLow,3,0.10431495755098509,2.3094250023667957e-05,0.0004549274329116858
5384,950,2,226,2,226,DepthHigh,DepthMid,DepthHigh--DepthMid,8,0.22102706480863693,2.3093856220243642e-05,0.00045491967548372383
5385,41305,140,216,140,216,DepthLow,DepthMid,DepthLow--DepthMid,7,0.1898246605897132,2.3093364206996244e-05,0.0004549099834468156
5386,22646,68,241,68,241,DepthMid,DepthHigh,DepthHigh--DepthMid,10,0.3167695736612823,2.309212776335672e-05,0.0004548856270754118
5387,22757,68,352,68,352,DepthMid,DepthMid,DepthMid--DepthMid,10,0.358717054476754,2.3092116104175026e-05,0.00045488539740432086
5388,3890,10,306,10,306,DepthHigh,DepthHigh,DepthHigh--DepthHigh,8,0.2035212209137956,2.3092109158280585e-05,0.00045488526057901044
5389,5271,14,281,14,281,DepthHigh,DepthLow,DepthHigh--DepthLow,2,0.09974442296160144,2.309121582890633e-05,0.00045486766312342924
5390,66208,343,353,343,353,DepthHigh,DepthHigh,DepthHigh--DepthHigh,7,0.19438373169015322,2.3090307048248004e-05,0.00045484976129714995
5391,44569,155,240,155,240,DepthMid,DepthHigh,DepthHigh--DepthMid,9,0.24824350801762468,2.3088981133077495e-05,0.0004548236424500707
5392,59555,247,276,247,276,DepthLow,DepthHigh,DepthHigh--DepthLow,2,0.09321134118578747,2.3088914782530406e-05,0.0004548223354284516
5393,11427,32,308,32,308,DepthMid,DepthHigh,DepthHigh--DepthMid,10,0.3269723715309303,2.3087969770821153e-05,0.00045480371989642425
5394,17880,52,331,52,331,DepthHigh,DepthMid,DepthHigh--DepthMid,8,0.22167843347095337,2.308745799846306e-05,0.0004547936386300976
5395,12002,34,222,34,222,DepthMid,DepthMid,DepthMid--DepthMid,7,0.19119242841147394,2.30871533332307e-05,0.00045478763711145496
5396,45232,158,282,158,282,DepthHigh,DepthHigh,DepthHigh--DepthHigh,8,0.20118890678707965,2.308563619935032e-05,0.00045475775149833147
5397,49956,182,362,182,362,DepthLow,DepthHigh,DepthHigh--DepthLow,6,0.17472104384312423,2.3082833612647908e-05,0.0004547025440950716
5398,56574,224,239,224,239,DepthLow,DepthHigh,DepthHigh--DepthLow,4,0.1374576030176541,2.3082542447635862e-05,0.00045469680851364556
5399,28310,88,195,88,195,DepthLow,DepthMid,DepthLow--DepthMid,2,0.07880114562617287,2.308191997538174e-05,0.00045468454659977804
5400,52528,197,324,197,324,DepthMid,DepthMid,DepthMid--DepthMid,8,0.20301966256230256,2.3080611545274225e-05,0.0004546587721862618
5401,25514,78,204,78,204,DepthMid,DepthLow,DepthLow--DepthMid,4,0.13129189057113777,2.3079422705852238e-05,0.00045463535355756273
5402,59888,250,264,250,264,DepthLow,DepthMid,DepthLow--DepthMid,10,0.292206733621774,2.3078254367779154e-05,0.0004546123387794333
5403,31501,100,152,100,152,DepthLow,DepthLow,DepthLow--DepthLow,9,0.2452089132084263,2.3077963825785096e-05,0.00045460661547067137
5404,63251,284,346,284,346,DepthLow,DepthMid,DepthLow--DepthMid,4,0.12399260694970955,2.307723269276666e-05,0.0004545922130775712
5405,57086,227,337,227,337,DepthMid,DepthHigh,DepthHigh--DepthMid,4,0.12393478905332017,2.307706203983986e-05,0.00045458885143136803
5406,45771,161,209,161,209,DepthHigh,DepthLow,DepthHigh--DepthLow,1,0.04946743807591269,2.3076289710430132e-05,0.0004545736375216126
5407,58303,237,239,237,239,DepthHigh,DepthHigh,DepthHigh--DepthHigh,3,0.10117464375925965,2.307593234986585e-05,0.0004545665979717693
5408,63084,282,340,282,340,DepthHigh,DepthMid,DepthHigh--DepthMid,9,0.24169795309640865,2.3075770550841126e-05,0.0004545634107362068
5409,20763,62,149,62,149,DepthHigh,DepthMid,DepthHigh--DepthMid,9,0.23867986964948845,2.3074102438630623e-05,0.00045453055104147956
5410,6731,18,351,18,351,DepthHigh,DepthMid,DepthHigh--DepthMid,3,0.11725084600836647,2.3073872020774845e-05,0.00045452601210198084
5411,30216,95,197,95,197,DepthLow,DepthMid,DepthLow--DepthMid,2,0.09246828869723044,2.307351935774716e-05,0.0004545190650876503
5412,52108,195,239,195,239,DepthMid,DepthHigh,DepthHigh--DepthMid,5,0.15788610200577152,2.307351643177836e-05,0.0004545190074497762
5413,36813,121,151,121,151,DepthLow,DepthMid,DepthLow--DepthMid,8,0.20284439070362426,2.307197832436625e-05,0.00045448870868468035
5414,55432,216,245,216,245,DepthMid,DepthLow,DepthLow--DepthMid,9,0.25263025102538894,2.3071751113169152e-05,0.00045448423291229027
5415,60426,254,356,254,356,DepthLow,DepthMid,DepthLow--DepthMid,4,0.12162605465036593,2.3071174649004453e-05,0.000454472877299428
5416,52591,198,221,198,221,DepthLow,DepthMid,DepthLow--DepthMid,4,0.13726897100582247,2.3071051902899675e-05,0.00045447045935685405
5417,14768,43,63,43,63,DepthMid,DepthMid,DepthMid--DepthMid,10,0.4583122772035263,2.3071028230768773e-05,0.0004544699930459008
5418,16045,47,66,47,66,DepthHigh,DepthMid,DepthHigh--DepthMid,10,0.3540286017081519,2.3068353495119197e-05,0.0004544173041462166
5419,43854,152,155,152,155,DepthLow,DepthMid,DepthLow--DepthMid,3,0.10947192871208178,2.306609624549236e-05,0.00045437283919164454
5420,54575,210,291,210,291,DepthMid,DepthHigh,DepthHigh--DepthMid,3,0.11141377406454349,2.3066077001770976e-05,0.00045437246011474186
5421,52466,197,262,197,262,DepthMid,DepthMid,DepthMid--DepthMid,6,0.17314507378548707,2.3065735930525236e-05,0.00045436574144381274
5422,9113,25,339,25,339,DepthHigh,DepthHigh,DepthHigh--DepthHigh,5,0.1532697465683443,2.3065506622712908e-05,0.000454361224370762
5423,38733,129,163,129,163,DepthLow,DepthLow,DepthLow--DepthLow,9,0.26839069201538296,2.306545291830569e-05,0.000454360166462058
5424,63187,283,362,283,362,DepthLow,DepthHigh,DepthHigh--DepthLow,5,0.14853800305207568,2.3064364531700142e-05,0.0004543387266264292
5425,58953,242,269,242,269,DepthHigh,DepthHigh,DepthHigh--DepthHigh,6,0.17604318229614405,2.3063637202415645e-05,0.00045432439916206303
5426,33182,106,270,106,270,DepthLow,DepthHigh,DepthHigh--DepthLow,6,0.16163350183211656,2.306362457568761e-05,0.00045432415043153635
5427,44351,154,231,154,231,DepthHigh,DepthMid,DepthHigh--DepthMid,7,0.18728719554545584,2.3063426359795708e-05,0.0004543202458298813
5428,32153,102,279,102,279,DepthLow,DepthHigh,DepthHigh--DepthLow,4,0.12129881842181887,2.3063233805076952e-05,0.0004543164527461566
5429,2848,7,329,7,329,DepthHigh,DepthLow,DepthHigh--DepthLow,5,0.14949453055282516,2.3063221206872744e-05,0.0004543162045775132
5430,11529,33,79,33,79,DepthMid,DepthMid,DepthMid--DepthMid,9,0.2628068050164576,2.3063209578696583e-05,0.00045431597551719193
5431,17660,52,111,52,111,DepthHigh,DepthLow,DepthHigh--DepthLow,1,0.06915503036042431,2.3063134349754574e-05,0.0004543144936024541
5432,16002,46,340,46,340,DepthHigh,DepthMid,DepthHigh--DepthMid,10,0.3113844261383501,2.3062949056419357e-05,0.00045431084355877484
5433,22554,68,149,68,149,DepthMid,DepthMid,DepthMid--DepthMid,10,0.32911038262452336,2.3062846842589414e-05,0.00045430883007597215
5434,40311,135,352,135,352,DepthLow,DepthMid,DepthLow--DepthMid,2,0.08557178778488883,2.3061220333849583e-05,0.00045427678991684763
5435,26755,82,311,82,311,DepthHigh,DepthMid,DepthHigh--DepthMid,10,0.2755447874118293,2.305915550617508e-05,0.00045423611543067013
5436,63220,284,315,284,315,DepthLow,DepthMid,DepthLow--DepthMid,7,0.1868120792373506,2.3058897359422553e-05,0.00045423103026707653
5437,9638,27,189,27,189,DepthMid,DepthLow,DepthLow--DepthMid,8,0.22269503632617443,2.305778240008036e-05,0.0004542090669822405
5438,59886,250,262,250,262,DepthLow,DepthMid,DepthLow--DepthMid,6,0.1605604150288121,2.3057669572051232e-05,0.00045420684441317683
5439,63841,292,332,292,332,DepthHigh,DepthMid,DepthHigh--DepthMid,5,0.15382131939034355,2.3057275001952447e-05,0.00045419907188270017
5440,41008,139,143,139,143,DepthLow,DepthLow,DepthLow--DepthLow,10,0.2869567840722565,2.3056174223051673e-05,0.00045417738793457373
5441,44004,152,305,152,305,DepthLow,DepthMid,DepthLow--DepthMid,5,0.14715362149760436,2.305531355411793e-05,0.00045416043384824433
5442,27779,86,217,86,217,DepthHigh,DepthLow,DepthHigh--DepthLow,9,0.2514044343635047,2.3054945101272104e-05,0.00045415317579452407
5443,20238,60,229,60,229,DepthHigh,DepthMid,DepthHigh--DepthMid,10,0.2889487426373595,2.3053860404134923e-05,0.00045413180863674245
5444,37413,123,268,123,268,DepthLow,DepthLow,DepthLow--DepthLow,6,0.17559471067033544,2.305311925737127e-05,0.0004541172089855628
5445,62668,277,344,277,344,DepthHigh,DepthHigh,DepthHigh--DepthHigh,6,0.16537478573097836,2.3052921878488432e-05,0.0004541133208719247
5446,55252,214,362,214,362,DepthHigh,DepthHigh,DepthHigh--DepthHigh,6,0.16160943190786248,2.305196683345985e-05,0.00045409450769623276
5447,11338,32,219,32,219,DepthMid,DepthMid,DepthMid--DepthMid,10,0.34062182261487306,2.305175396902537e-05,0.000454090314536869
5448,38875,129,305,129,305,DepthLow,DepthMid,DepthLow--DepthMid,1,0.06885642818039245,2.3051749218215225e-05,0.000454090220951935
5449,23632,71,345,71,345,DepthMid,DepthMid,DepthMid--DepthMid,3,0.11453683657345581,2.3051201151634523e-05,0.0004540794247354583
5450,8106,22,352,22,352,DepthMid,DepthMid,DepthMid--DepthMid,10,0.2716374187194852,2.3050277543360023e-05,0.0004540612308239477
5451,17744,52,195,52,195,DepthHigh,DepthMid,DepthHigh--DepthMid,6,0.16431403864138522,2.3049957668713603e-05,0.0004540549296991396
5452,53133,201,271,201,271,DepthLow,DepthHigh,DepthHigh--DepthLow,2,0.08693155249771978,2.3049736711857743e-05,0.00045405057712933895
5453,24713,75,264,75,264,DepthMid,DepthMid,DepthMid--DepthMid,9,0.25532325097832154,2.3049660398921227e-05,0.00045404907386128427
5454,51581,192,222,192,222,DepthMid,DepthMid,DepthMid--DepthMid,3,0.10232568481938495,2.30493398307756e-05,0.0004540427590754214
5455,43409,149,349,149,349,DepthMid,DepthMid,DepthMid--DepthMid,7,0.18523232666264614,2.3048116442258705e-05,0.00045401865987337436
5456,38765,129,195,129,195,DepthLow,DepthMid,DepthLow--DepthMid,3,0.1110862651894725,2.3047332385126274e-05,0.000454003214942357
5457,21621,65,107,65,107,DepthMid,DepthLow,DepthLow--DepthMid,5,0.14431684141144224,2.3046497673133667e-05,0.00045398677217484444
5458,20529,61,217,61,217,DepthHigh,DepthLow,DepthHigh--DepthLow,9,0.22951297588059058,2.3046418985683465e-05,0.0004539852221318819
5459,38864,129,294,129,294,DepthLow,DepthLow,DepthLow--DepthLow,8,0.2015669933814537,2.304623986988308e-05,0.00045398169377780333
5460,38848,129,278,129,278,DepthLow,DepthMid,DepthLow--DepthMid,6,0.16751217158849263,2.304487910131085e-05,0.00045395488836291796
5461,13708,39,293,39,293,DepthMid,DepthLow,DepthLow--DepthMid,2,0.09859167178702578,2.3044768599508618e-05,0.00045395271161757355
5462,56663,224,328,224,328,DepthLow,DepthLow,DepthLow--DepthLow,6,0.16289400832813614,2.304106567500498e-05,0.0004538797687016105
5463,53284,202,260,202,260,DepthHigh,DepthMid,DepthHigh--DepthMid,2,0.08071669018582982,2.304069415418131e-05,0.00045387245021261813
5464,64985,310,351,310,351,DepthHigh,DepthMid,DepthHigh--DepthMid,6,0.16885861246294287,2.3039711572533224e-05,0.0004538530946004492
5465,51416,191,229,191,229,DepthMid,DepthMid,DepthMid--DepthMid,2,0.08768844327431598,2.303949131975819e-05,0.00045384875590014784
5466,47350,169,200,169,200,DepthLow,DepthLow,DepthLow--DepthLow,1,0.03397446923851364,2.3039154495132895e-05,0.0004538421208822551
5467,43959,152,260,152,260,DepthLow,DepthMid,DepthLow--DepthMid,1,0.06281035904223425,2.3037878873013337e-05,0.00045381699274448824
5468,52327,196,290,196,290,DepthMid,DepthHigh,DepthHigh--DepthMid,6,0.1735734292431812,2.3037363071166847e-05,0.0004538068321023512
5469,43537,150,263,150,263,DepthMid,DepthMid,DepthMid--DepthMid,3,0.12086895030050408,2.303653815646375e-05,0.0004537905823290151
5470,21502,64,287,64,287,DepthMid,DepthHigh,DepthHigh--DepthMid,2,0.09916939840655109,2.303510264038625e-05,0.00045376230448308504
5471,62891,280,312,280,312,DepthLow,DepthMid,DepthLow--DepthMid,9,0.2534552968420206,2.3034665340655065e-05,0.000453753690233048
5472,42515,145,321,145,321,DepthLow,DepthHigh,DepthHigh--DepthLow,9,0.2519558713174877,2.30339781036175e-05,0.0004537401525350937
5473,27089,83,364,83,364,DepthHigh,DepthHigh,DepthHigh--DepthHigh,5,0.15087544025953006,2.3033846441175612e-05,0.0004537375589519881
5474,26741,82,297,82,297,DepthHigh,DepthHigh,DepthHigh--DepthHigh,3,0.11469759247161344,2.3033478024285023e-05,0.00045373030160654037
5475,47140,168,185,168,185,DepthLow,DepthLow,DepthLow--DepthLow,2,0.09853780918145343,2.303166889424957e-05,0.00045369466403952745
5476,8031,22,277,22,277,DepthMid,DepthHigh,DepthHigh--DepthMid,8,0.22730713535565947,2.3031461933978865e-05,0.0004536905871847012
5477,44219,153,309,153,309,DepthHigh,DepthHigh,DepthHigh--DepthHigh,9,0.2642212740957484,2.3031308973340965e-05,0.0004536875740541486
5478,56756,225,282,225,282,DepthHigh,DepthHigh,DepthHigh--DepthHigh,4,0.1272404307515877,2.30307141824312e-05,0.0004536758574276541
5479,10407,29,287,29,287,DepthMid,DepthHigh,DepthHigh--DepthMid,2,0.08202655750151099,2.3030036338723522e-05,0.00045366250476638415
5480,33019,106,107,106,107,DepthLow,DepthLow,DepthLow--DepthLow,10,0.51600626970825,2.3029596917036212e-05,0.00045365384871650294
5481,21244,63,329,63,329,DepthMid,DepthLow,DepthLow--DepthMid,6,0.16995227879185426,2.302844867675859e-05,0.0004536312298394522
5482,30203,95,184,95,184,DepthLow,DepthLow,DepthLow--DepthLow,4,0.1320680454443397,2.3028400889028927e-05,0.0004536302884817914
5483,59690,248,295,248,295,DepthHigh,DepthHigh,DepthHigh--DepthHigh,5,0.141281733126743,2.3027999123211118e-05,0.000453622374204777
5484,38161,126,299,126,299,DepthLow,DepthHigh,DepthHigh--DepthLow,5,0.15156237363949832,2.3027739901685173e-05,0.00045361726786951034
5485,56393,222,339,222,339,DepthMid,DepthHigh,DepthHigh--DepthMid,3,0.11051854065184959,2.302678259057158e-05,0.000453598410054818
5486,10916,31,129,31,129,DepthHigh,DepthLow,DepthHigh--DepthLow,5,0.14967341913872478,2.302663824690604e-05,0.0004535955666676912
5487,37796,125,172,125,172,DepthLow,DepthLow,DepthLow--DepthLow,8,0.22109848900241239,2.302468301025503e-05,0.00045355705098567217
5488,24698,75,249,75,249,DepthMid,DepthHigh,DepthHigh--DepthMid,2,0.08402561219564347,2.3024223861116105e-05,0.0004535480063300163
5489,21771,65,257,65,257,DepthMid,DepthLow,DepthLow--DepthMid,10,0.35037903436595585,2.302412233588984e-05,0.00045354600641183264
5490,44492,155,163,155,163,DepthMid,DepthLow,DepthLow--DepthMid,9,0.23113437561794548,2.302286179332395e-05,0.00045352117532214626
5491,27640,85,356,85,356,DepthHigh,DepthMid,DepthHigh--DepthMid,9,0.26434700578786474,2.3021359741921272e-05,0.00045349158681470304
5492,60678,257,284,257,284,DepthLow,DepthLow,DepthLow--DepthLow,10,0.32917961744708063,2.3019944054282537e-05,0.00045346369956386634
5493,6398,17,364,17,364,DepthHigh,DepthHigh,DepthHigh--DepthHigh,7,0.18137078007996374,2.301894323577412e-05,0.0004534439847086804
5494,41393,140,304,140,304,DepthLow,DepthHigh,DepthHigh--DepthLow,3,0.11632872549288271,2.3018540477878522e-05,0.0004534360508889919
5495,45275,158,325,158,325,DepthHigh,DepthLow,DepthHigh--DepthLow,6,0.1739734391244205,2.3018068250887396e-05,0.0004534267486162355
5496,42633,146,221,146,221,DepthLow,DepthMid,DepthLow--DepthMid,3,0.10386435974806964,2.3017738356163848e-05,0.00045342025010861736
5497,32514,104,119,104,119,DepthLow,DepthLow,DepthLow--DepthLow,9,0.24302360495511102,2.3014914272738846e-05,0.00045336461924718873
5498,27009,83,284,83,284,DepthHigh,DepthLow,DepthHigh--DepthLow,8,0.20508113370047415,2.3014569146935144e-05,0.00045335782070661046
5499,65704,326,342,326,342,DepthLow,DepthMid,DepthLow--DepthMid,8,0.22536149384787946,2.3014465938443736e-05,0.0004533557876302385
5500,45676,160,317,160,317,DepthLow,DepthMid,DepthLow--DepthMid,7,0.188966813396906,2.3013140883400884e-05,0.00045332968572658314
5501,28191,87,352,87,352,DepthMid,DepthMid,DepthMid--DepthMid,8,0.20827283680916805,2.3013121369135877e-05,0.0004533293013203142
5502,33586,108,161,108,161,DepthLow,DepthHigh,DepthHigh--DepthLow,5,0.14222401027249978,2.301278629164069e-05,0.00045332270071866856
5503,27743,86,181,86,181,DepthHigh,DepthMid,DepthHigh--DepthMid,8,0.20825219086460134,2.301257014731732e-05,0.0004533184429496538
5504,48412,174,302,174,302,DepthMid,DepthHigh,DepthHigh--DepthMid,7,0.19578071016567053,2.301253508135271e-05,0.00045331775219462837
5505,35777,116,340,116,340,DepthLow,DepthMid,DepthLow--DepthMid,8,0.21230567657215513,2.3012407893462915e-05,0.0004533152467545235
5506,55378,215,339,215,339,DepthMid,DepthHigh,DepthHigh--DepthMid,4,0.13047490215245622,2.3012201230112572e-05,0.0004533111757486518
5507,51558,192,199,192,199,DepthMid,DepthLow,DepthLow--DepthMid,2,0.08750233536280788,2.3012099875248157e-05,0.0004533091791863805
5508,43394,149,334,149,334,DepthMid,DepthHigh,DepthHigh--DepthMid,9,0.23763494724422585,2.3010999324956412e-05,0.00045328749974156196
5509,12930,37,166,37,166,DepthMid,DepthMid,DepthMid--DepthMid,10,0.3003238591293925,2.301084341366483e-05,0.0004532844284868744
5510,65026,311,339,311,339,DepthMid,DepthHigh,DepthHigh--DepthMid,2,0.09054085081894131,2.301081184131061e-05,0.0004532838065515423
5511,34756,112,317,112,317,DepthLow,DepthMid,DepthLow--DepthMid,9,0.23899240327645419,2.3010455518288635e-05,0.0004532767874399666
5512,57671,232,252,232,252,DepthMid,DepthLow,DepthLow--DepthMid,7,0.19267003792646817,2.300881084633165e-05,0.0004532443894885022
5513,17949,53,89,53,89,DepthHigh,DepthLow,DepthHigh--DepthLow,3,0.11654029222343473,2.3008809523797175e-05,0.00045324436343625055
5514,51505,191,318,191,318,DepthMid,DepthHigh,DepthHigh--DepthMid,3,0.11788857037677498,2.300759356280343e-05,0.0004532204105469886
5515,24508,74,348,74,348,DepthMid,DepthMid,DepthMid--DepthMid,10,0.33537542892776284,2.300643179487286e-05,0.0004531975251923331
5516,34723,112,284,112,284,DepthLow,DepthLow,DepthLow--DepthLow,10,0.5386671650128255,2.300551709605475e-05,0.00045317950678581276
5517,17061,50,137,50,137,DepthHigh,DepthLow,DepthHigh--DepthLow,7,0.19650186891812804,2.3005322195324807e-05,0.0004531756674886433
5518,55840,218,360,218,360,DepthHigh,DepthMid,DepthHigh--DepthMid,2,0.07390945445796239,2.30046817059483e-05,0.0004531630506603175
5519,30841,97,287,97,287,DepthLow,DepthHigh,DepthHigh--DepthLow,2,0.09529692880314374,2.3004163521009106e-05,0.00045315284307427685
5520,32827,105,173,105,173,DepthLow,DepthMid,DepthLow--DepthMid,8,0.2158016390294316,2.300337840006792e-05,0.00045313737718757636
5521,27805,86,243,86,243,DepthHigh,DepthLow,DepthHigh--DepthLow,7,0.1999657938612773,2.3002910219743857e-05,0.00045312815462902835
5522,60495,255,316,255,316,DepthLow,DepthHigh,DepthHigh--DepthLow,3,0.11224329487426794,2.3001975796826295e-05,0.00045310974768276665
5523,44699,156,162,156,162,DepthLow,DepthHigh,DepthHigh--DepthLow,1,0.07217939774325108,2.300118651388049e-05,0.00045309419980985423
5524,52154,195,285,195,285,DepthMid,DepthLow,DepthLow--DepthMid,6,0.17266788505743486,2.300019676828902e-05,0.00045307470307708736
5525,16441,48,146,48,146,DepthHigh,DepthLow,DepthHigh--DepthLow,9,0.23134205233103564,2.3000078837271814e-05,0.00045307237998563107
5526,14165,41,103,41,103,DepthMid,DepthLow,DepthLow--DepthMid,2,0.07887500284614066,2.2999232589125183e-05,0.00045305570997051657
5527,19723,58,323,58,323,DepthHigh,DepthLow,DepthHigh--DepthLow,6,0.17046640005414335,2.299799254831563e-05,0.0004530312827394258
5528,41760,142,226,142,226,DepthLow,DepthMid,DepthLow--DepthMid,9,0.26239760450135047,2.2997454406125036e-05,0.0004530206820208462
5529,26090,80,211,80,211,DepthHigh,DepthLow,DepthHigh--DepthLow,5,0.14181169294074977,2.29971989713126e-05,0.00045301565027903263
5530,45890,161,328,161,328,DepthHigh,DepthLow,DepthHigh--DepthLow,6,0.173018349866467,2.299709374420104e-05,0.0004530135774384041
5531,46404,164,239,164,239,DepthLow,DepthHigh,DepthHigh--DepthLow,6,0.15994018976613278,2.299641392930825e-05,0.0004530001859472877
5532,56506,223,311,223,311,DepthLow,DepthMid,DepthLow--DepthMid,9,0.2514637334070367,2.2996287169356296e-05,0.0004529976889370154
5533,47983,172,254,172,254,DepthLow,DepthLow,DepthLow--DepthLow,8,0.2180885422934122,2.299463263148743e-05,0.0004529650966396008
5534,31474,100,125,100,125,DepthLow,DepthLow,DepthLow--DepthLow,9,0.2448321772375068,2.299456655992813e-05,0.00045296379511368726
5535,11066,31,279,31,279,DepthHigh,DepthHigh,DepthHigh--DepthHigh,7,0.19667573629139365,2.2994516026915948e-05,0.0004529627996774429
5536,9781,27,332,27,332,DepthMid,DepthMid,DepthMid--DepthMid,9,0.25170609005745886,2.2992418042575582e-05,0.0004529214720470036
5537,2105,5,301,5,301,DepthHigh,DepthHigh,DepthHigh--DepthHigh,10,0.3543126999112082,2.2990592418332244e-05,0.0004528855095650164
5538,19512,58,112,58,112,DepthHigh,DepthLow,DepthHigh--DepthLow,4,0.12916301663279228,2.2990580154486157e-05,0.00045288526798280385
5539,26026,80,147,80,147,DepthHigh,DepthLow,DepthHigh--DepthLow,8,0.21454712027121792,2.299044705324302e-05,0.00045288264605713855
5540,41048,139,183,139,183,DepthLow,DepthMid,DepthLow--DepthMid,10,0.27503441262919015,2.299039412169952e-05,0.0004528816033728696
5541,62191,272,312,272,312,DepthHigh,DepthMid,DepthHigh--DepthMid,10,0.2928039649272067,2.299007955275985e-05,0.00045287540676375467
5542,25681,79,86,79,86,DepthMid,DepthHigh,DepthHigh--DepthMid,9,0.25991635336677843,2.2989623751323903e-05,0.00045286642805360126
5543,35751,116,314,116,314,DepthLow,DepthMid,DepthLow--DepthMid,6,0.1695822451417649,2.29894919077241e-05,0.0004528638309019145
5544,14408,41,346,41,346,DepthMid,DepthMid,DepthMid--DepthMid,8,0.20983957933656872,2.298856727430117e-05,0.00045284561679628007
5545,44435,154,315,154,315,DepthHigh,DepthMid,DepthHigh--DepthMid,8,0.20989977644502372,2.2988197089260704e-05,0.0004528383246205225
5546,36033,117,349,117,349,DepthLow,DepthMid,DepthLow--DepthMid,6,0.1619257160817304,2.298805622481575e-05,0.0004528355497696282
5547,44013,152,314,152,314,DepthLow,DepthMid,DepthLow--DepthMid,1,0.0700690766507169,2.298643108878074e-05,0.00045280353665104754
5548,48936,177,262,177,262,DepthMid,DepthMid,DepthMid--DepthMid,4,0.13747629863877964,2.2986081999629783e-05,0.0004527966600375555
5549,33728,108,303,108,303,DepthLow,DepthHigh,DepthHigh--DepthLow,5,0.14468651061477614,2.2985979609627243e-05,0.0004527946430843761
5550,54807,212,218,212,218,DepthLow,DepthHigh,DepthHigh--DepthLow,1,0.02048091968204545,2.298567203530929e-05,0.0004527885842604371
5551,42194,144,219,144,219,DepthLow,DepthMid,DepthLow--DepthMid,8,0.22209391075056223,2.2985586531237364e-05,0.00045278689993867284
5552,14819,43,114,43,114,DepthMid,DepthLow,DepthLow--DepthMid,6,0.17178791031085736,2.298485081866833e-05,0.00045277240733423453
5553,17476,51,239,51,239,DepthHigh,DepthHigh,DepthHigh--DepthHigh,4,0.12856137888242963,2.2984156741050652e-05,0.00045275873488552856
5554,25905,79,310,79,310,DepthMid,DepthHigh,DepthHigh--DepthMid,10,0.2864000883795802,2.2983877063159983e-05,0.0004527532255858235
5555,16664,49,54,49,54,DepthHigh,DepthHigh,DepthHigh--DepthHigh,10,0.40114337162518154,2.2980929847228295e-05,0.0004526951691701934
5556,41680,142,146,142,146,DepthLow,DepthLow,DepthLow--DepthLow,2,0.08168727762517071,2.2979342092883563e-05,0.0004526638924234966
5557,50793,187,304,187,304,DepthLow,DepthHigh,DepthHigh--DepthLow,8,0.22008905568499468,2.2979268313106764e-05,0.0004526624390554753
5558,64189,297,335,297,335,DepthHigh,DepthHigh,DepthHigh--DepthHigh,1,0.07112228960429864,2.2979230772188493e-05,0.00045266169954700196
5559,59485,246,323,246,323,DepthLow,DepthLow,DepthLow--DepthLow,1,0.02753075780537862,2.2979128915211044e-05,0.0004526596930937407
5560,10288,29,168,29,168,DepthMid,DepthLow,DepthLow--DepthMid,6,0.16166859129653516,2.2978675831335244e-05,0.0004526507679160753
5561,19036,56,249,56,249,DepthHigh,DepthHigh,DepthHigh--DepthHigh,3,0.10210548484838564,2.2978280664561053e-05,0.00045264298363184997
5562,8009,22,255,22,255,DepthMid,DepthLow,DepthLow--DepthMid,7,0.19190146615856762,2.297820963095628e-05,0.0004526415843599344
5563,10676,30,222,30,222,DepthHigh,DepthMid,DepthHigh--DepthMid,8,0.21816069415087863,2.2977715920928908e-05,0.0004526318588986128
5564,17298,51,61,51,61,DepthHigh,DepthHigh,DepthHigh--DepthHigh,9,0.2499239059877188,2.2977288502513258e-05,0.0004526234392979585
5565,48476,175,177,175,177,DepthMid,DepthMid,DepthMid--DepthMid,10,0.683848892439788,2.2977272791516773e-05,0.0004526231298112554
5566,17064,50,140,50,140,DepthHigh,DepthLow,DepthHigh--DepthLow,4,0.12171644291211463,2.297683106041569e-05,0.0004526144282688522
5567,19963,59,258,59,258,DepthHigh,DepthMid,DepthHigh--DepthMid,5,0.15286213391974604,2.297662896929863e-05,0.00045261044733017674
5568,3257,9,27,9,27,DepthHigh,DepthMid,DepthHigh--DepthMid,6,0.16049532732365046,2.297656191182706e-05,0.00045260912638304203
5569,59686,248,291,248,291,DepthHigh,DepthHigh,DepthHigh--DepthHigh,7,0.18418523805758621,2.2975293321236867e-05,0.0004525841367574849
5570,41782,142,248,142,248,DepthLow,DepthHigh,DepthHigh--DepthLow,7,0.19432367185888594,2.29745474242838e-05,0.00045256944353359906
5571,38117,126,255,126,255,DepthLow,DepthLow,DepthLow--DepthLow,7,0.20015418336229104,2.2973444209254715e-05,0.0004525477115968348
5572,32362,103,227,103,227,DepthLow,DepthMid,DepthLow--DepthMid,5,0.15468853286946427,2.2973312934997267e-05,0.00045254512566047025
5573,14265,41,203,41,203,DepthMid,DepthLow,DepthLow--DepthMid,5,0.15197346888438207,2.297294295759832e-05,0.00045253783757498727
5574,53132,201,270,201,270,DepthLow,DepthHigh,DepthHigh--DepthLow,2,0.08187694699695393,2.297284712956133e-05,0.000452535949884206
5575,28441,88,326,88,326,DepthLow,DepthLow,DepthLow--DepthLow,1,0.06721168346760596,2.2970794290950817e-05,0.00045249551156738234
5576,43881,152,182,152,182,DepthLow,DepthLow,DepthLow--DepthLow,7,0.1983215781305199,2.297077605693703e-05,0.00045249515238043864
5577,34088,110,154,110,154,DepthLow,DepthHigh,DepthHigh--DepthLow,1,0.07116045964567139,2.2970706974095367e-05,0.00045249379153608195
5578,27940,87,101,87,101,DepthMid,DepthLow,DepthLow--DepthMid,4,0.13519180883649762,2.29696804145914e-05,0.0004524735696159333
5579,1625,4,180,4,180,DepthHigh,DepthMid,DepthHigh--DepthMid,7,0.1934398629352831,2.2969049942758045e-05,0.00045246115012050146
5580,27502,85,218,85,218,DepthHigh,DepthHigh,DepthHigh--DepthHigh,1,0.03270193748633994,2.2968856082412365e-05,0.0004524573313175824
5581,41372,140,283,140,283,DepthLow,DepthLow,DepthLow--DepthLow,9,0.24517205387944335,2.2968474512287313e-05,0.00045244981487009924
5582,62219,272,340,272,340,DepthHigh,DepthMid,DepthHigh--DepthMid,9,0.2688910156256851,2.29677165972548e-05,0.0004524348849052919
5583,37673,124,288,124,288,DepthLow,DepthHigh,DepthHigh--DepthLow,5,0.14443053973620987,2.296740499581737e-05,0.0004524287467522072
5584,45500,159,345,159,345,DepthHigh,DepthMid,DepthHigh--DepthMid,9,0.23452013673743516,2.296699195715992e-05,0.0004524206104145502
5585,65667,325,343,325,343,DepthLow,DepthHigh,DepthHigh--DepthLow,3,0.10181083066152755,2.29650113499108e-05,0.0004523815949639283
5586,21559,64,344,64,344,DepthMid,DepthHigh,DepthHigh--DepthMid,2,0.09183763474300237,2.2964203374847977e-05,0.0004523656788800195
5587,25532,78,222,78,222,DepthMid,DepthMid,DepthMid--DepthMid,7,0.19261568349079897,2.2963783912894125e-05,0.0004523574160115707
5588,63105,282,361,282,361,DepthHigh,DepthHigh,DepthHigh--DepthHigh,6,0.17529939073076065,2.2963581352693297e-05,0.0004523534258325401
5589,44298,154,178,154,178,DepthHigh,DepthLow,DepthHigh--DepthLow,1,-0.0055520662364930504,2.2963557251949327e-05,0.0004523529510784531
5590,49924,182,330,182,330,DepthLow,DepthMid,DepthLow--DepthMid,6,0.17404113410479893,2.296274310136151e-05,0.00045233691334453484
5591,33403,107,234,107,234,DepthLow,DepthLow,DepthLow--DepthLow,9,0.26600642236125394,2.2962386212180863e-05,0.0004523298830803514
5592,36215,118,285,118,285,DepthLow,DepthLow,DepthLow--DepthLow,8,0.22437660546685634,2.2962102435796707e-05,0.0004523242930455231
5593,31522,100,173,100,173,DepthLow,DepthMid,DepthLow--DepthMid,6,0.16666204268353324,2.2961027381201665e-05,0.00045230311583359113
5594,11177,32,58,32,58,DepthMid,DepthHigh,DepthHigh--DepthMid,4,0.13952786871311906,2.2960697124032834e-05,0.0004522966101862606
5595,29323,92,114,92,114,DepthLow,DepthLow,DepthLow--DepthLow,2,0.08750162252676723,2.295938717047223e-05,0.0004522708057626509
5596,57634,231,347,231,347,DepthMid,DepthMid,DepthMid--DepthMid,10,0.29454327506855976,2.2958892423823184e-05,0.0004522610598811972
5597,7524,21,112,21,112,DepthMid,DepthLow,DepthLow--DepthMid,8,0.21429238367470674,2.295834593114402e-05,0.00045225029466858447
5598,2204,6,42,6,42,DepthHigh,DepthMid,DepthHigh--DepthMid,1,0.05775840106231929,2.2958233508888193e-05,0.0004522480800927401
5599,27941,87,102,87,102,DepthMid,DepthLow,DepthLow--DepthMid,6,0.16130535137765362,2.2954018562058616e-05,0.0004521650509864009
5600,60510,255,331,255,331,DepthLow,DepthMid,DepthLow--DepthMid,8,0.20222485845305585,2.295377801112293e-05,0.0004521603124380807
5601,63661,290,297,290,297,DepthHigh,DepthHigh,DepthHigh--DepthHigh,9,0.23050015841204147,2.2953079302620787e-05,0.0004521465487668246
5602,44302,154,182,154,182,DepthHigh,DepthLow,DepthHigh--DepthLow,9,0.23453995158937377,2.2952376890571273e-05,0.00045213271214038274
5603,5934,16,247,16,247,DepthMid,DepthLow,DepthLow--DepthMid,6,0.172445107477113,2.2949302401448524e-05,0.000452072148604321
5604,2241,6,79,6,79,DepthHigh,DepthMid,DepthHigh--DepthMid,7,0.18939383940351723,2.2949081248615024e-05,0.00045206779217400945
5605,43990,152,291,152,291,DepthLow,DepthHigh,DepthHigh--DepthLow,6,0.16245103627981414,2.2948836186080675e-05,0.00045206296475291805
5606,17784,52,235,52,235,DepthHigh,DepthHigh,DepthHigh--DepthHigh,9,0.23138228915736705,2.2948511596569173e-05,0.0004520565707512481
5607,27491,85,207,85,207,DepthHigh,DepthLow,DepthHigh--DepthLow,6,0.165920422445626,2.2948495101501532e-05,0.0004520562458193378
5608,12294,35,185,35,185,DepthMid,DepthLow,DepthLow--DepthMid,8,0.2102991067702548,2.294788117463055e-05,0.00045204415223867915
5609,48546,175,247,175,247,DepthMid,DepthLow,DepthLow--DepthMid,10,0.29075533247643676,2.2944125570282114e-05,0.0004519701715965923
5610,58269,236,332,236,332,DepthMid,DepthMid,DepthMid--DepthMid,6,0.17834341780032026,2.29433841903201e-05,0.0004519555673517008
5611,31484,100,135,100,135,DepthLow,DepthLow,DepthLow--DepthLow,4,0.13375006037039,2.294298382527801e-05,0.0004519476806681913
5612,3996,11,59,11,59,DepthHigh,DepthHigh,DepthHigh--DepthHigh,3,0.11823125818481682,2.2942231740112443e-05,0.0004519328655443682
5613,53568,204,223,204,223,DepthLow,DepthLow,DepthLow--DepthLow,3,0.11593242894705591,2.2942204081170394e-05,0.00045193232069829224
5614,19324,57,230,57,230,DepthHigh,DepthMid,DepthHigh--DepthMid,7,0.19860518639850197,2.2941934658543882e-05,0.0004519270134142833
5615,21368,64,153,64,153,DepthMid,DepthHigh,DepthHigh--DepthMid,5,0.1546465493545871,2.2941363373941088e-05,0.0004519157598322209
5616,55368,215,329,215,329,DepthMid,DepthLow,DepthLow--DepthMid,10,0.27215022114126114,2.2940912640608963e-05,0.00045190688095728446
5617,49903,182,309,182,309,DepthLow,DepthHigh,DepthHigh--DepthLow,8,0.22169682258159187,2.2940809306713643e-05,0.0004519048454106145
5618,49837,182,243,182,243,DepthLow,DepthLow,DepthLow--DepthLow,7,0.19679038384609002,2.2939700742196374e-05,0.00045188300809571836
5619,64880,308,355,308,355,DepthHigh,DepthMid,DepthHigh--DepthMid,9,0.25136318827659526,2.293836737684443e-05,0.0004518567424895146
5620,12713,36,276,36,276,DepthMid,DepthHigh,DepthHigh--DepthMid,4,0.12829778576763765,2.293800028383648e-05,0.0004518495112228757
5621,46397,164,232,164,232,DepthLow,DepthMid,DepthLow--DepthMid,9,0.2586804163304664,2.2937958753527247e-05,0.00045184869312846047
5622,14420,41,358,41,358,DepthMid,DepthMid,DepthMid--DepthMid,8,0.21614502561975318,2.293681133025076e-05,0.0004518260903452958
5623,48072,172,343,172,343,DepthLow,DepthHigh,DepthHigh--DepthLow,1,0.07250347567664131,2.29368023444451e-05,0.0004518259133363218
5624,23550,71,263,71,263,DepthMid,DepthMid,DepthMid--DepthMid,7,0.18046853372694638,2.293411747541123e-05,0.0004517730248218201
5625,25730,79,135,79,135,DepthMid,DepthLow,DepthLow--DepthMid,5,0.14455666348995436,2.2934008072830257e-05,0.0004517708697297403
5626,37173,122,269,122,269,DepthLow,DepthHigh,DepthHigh--DepthLow,7,0.18618214125967916,2.293364072322144e-05,0.00045176363340838975
5627,65911,332,342,332,342,DepthMid,DepthMid,DepthMid--DepthMid,10,0.29666063603485043,2.2933544960880766e-05,0.0004517617470117426
5628,58406,237,342,237,342,DepthHigh,DepthMid,DepthHigh--DepthMid,8,0.20934329748635344,2.2933279811105078e-05,0.00045175652389747536
5629,3174,8,299,8,299,DepthHigh,DepthHigh,DepthHigh--DepthHigh,5,0.14587886308457942,2.2932450098409237e-05,0.000451740179609768
5630,19719,58,319,58,319,DepthHigh,DepthHigh,DepthHigh--DepthHigh,1,0.039085552817130186,2.2931502297149642e-05,0.0004517215091271372
5631,60697,257,303,257,303,DepthLow,DepthHigh,DepthHigh--DepthLow,5,0.15612940555023705,2.293081173069143e-05,0.0004517079058438192
5632,65917,332,348,332,348,DepthMid,DepthMid,DepthMid--DepthMid,10,0.3765888763046251,2.293073231982471e-05,0.0004517063415504689
5633,55745,218,265,218,265,DepthHigh,DepthMid,DepthHigh--DepthMid,2,0.07629436420041735,2.2930627377736068e-05,0.0004517042743244303
5634,63327,285,343,285,343,DepthLow,DepthHigh,DepthHigh--DepthLow,1,0.0725027157433806,2.2930581394430882e-05,0.000451703368511643
5635,18598,55,119,55,119,DepthHigh,DepthLow,DepthHigh--DepthLow,7,0.18069974401333466,2.2930280158887746e-05,0.00045169743455352785
5636,20654,61,342,61,342,DepthHigh,DepthMid,DepthHigh--DepthMid,9,0.26123793116895944,2.2929858584485203e-05,0.0004516891300725192
5637,28505,89,115,89,115,DepthLow,DepthLow,DepthLow--DepthLow,6,0.16630466749241002,2.2926893517623935e-05,0.00045163072201621836
5638,29865,94,115,94,115,DepthLow,DepthLow,DepthLow--DepthLow,4,0.13039909867173335,2.2925789154842288e-05,0.00045160896747018447
5639,41217,139,352,139,352,DepthLow,DepthMid,DepthLow--DepthMid,7,0.1956617060682932,2.292577839465244e-05,0.0004516087555080926
5640,54486,209,356,209,356,DepthLow,DepthMid,DepthLow--DepthMid,1,0.06994646997805617,2.2924747701263998e-05,0.0004515884521556632
5641,10851,31,64,31,64,DepthHigh,DepthMid,DepthHigh--DepthMid,6,0.16285292811155314,2.2924527365588098e-05,0.00045158411182231995
5642,49288,179,243,179,243,DepthLow,DepthLow,DepthLow--DepthLow,2,0.0943240026671812,2.2923573958150048e-05,0.00045156533090508444
5643,9178,26,66,26,66,DepthHigh,DepthMid,DepthHigh--DepthMid,10,0.36517680593867424,2.292334700028334e-05,0.00045156086012298173
5644,19680,58,280,58,280,DepthHigh,DepthLow,DepthHigh--DepthLow,4,0.1289285634509582,2.292314359861766e-05,0.00045155685336816084
5645,40753,137,339,137,339,DepthLow,DepthHigh,DepthHigh--DepthLow,2,0.07521580009748065,2.29214005071398e-05,0.0004515225166769697
5646,12419,35,310,35,310,DepthMid,DepthHigh,DepthHigh--DepthMid,10,0.28276099436251406,2.2921344600355598e-05,0.00045152141538423263
5647,16556,48,261,48,261,DepthHigh,DepthMid,DepthHigh--DepthMid,1,0.06742175843378446,2.2921004390118104e-05,0.0004515147136740738
5648,12139,34,359,34,359,DepthMid,DepthHigh,DepthHigh--DepthMid,4,0.1385407001902058,2.2920394019414105e-05,0.0004515026901453942
5649,15675,45,331,45,331,DepthMid,DepthMid,DepthMid--DepthMid,10,0.32231181197943015,2.2920157574378063e-05,0.00045149803247808906
5650,55360,215,321,215,321,DepthMid,DepthHigh,DepthHigh--DepthMid,6,0.17199032778670792,2.291936373752873e-05,0.00045148239489905325
5651,42767,146,355,146,355,DepthLow,DepthMid,DepthLow--DepthMid,2,0.09938334725401053,2.2919148439426138e-05,0.0004514781537995145
5652,12524,36,87,36,87,DepthMid,DepthMid,DepthMid--DepthMid,10,0.3236032797020577,2.2918944024119553e-05,0.00045147412707725345
5653,17734,52,185,52,185,DepthHigh,DepthLow,DepthHigh--DepthLow,10,0.2727410825170472,2.291875360360671e-05,0.00045147037603467826
5654,62860,280,281,280,281,DepthLow,DepthLow,DepthLow--DepthLow,10,0.3544022931357497,2.2918610507430935e-05,0.0004514675572215175
5655,24599,75,150,75,150,DepthMid,DepthMid,DepthMid--DepthMid,1,0.060570126815297165,2.2917595012029134e-05,0.0004514475532501479
5656,14682,42,298,42,298,DepthMid,DepthHigh,DepthHigh--DepthMid,3,0.11395951239430939,2.291666583265327e-05,0.0004514292495950068
5657,36339,119,164,119,164,DepthLow,DepthLow,DepthLow--DepthLow,10,0.5598842929903323,2.2915809099987635e-05,0.00045141237304816635
5658,35240,114,300,114,300,DepthLow,DepthHigh,DepthHigh--DepthLow,5,0.14021359664664523,2.2915483153291426e-05,0.00045140595231167916
5659,49018,177,344,177,344,DepthMid,DepthHigh,DepthHigh--DepthMid,5,0.14909055593138168,2.291522876122626e-05,0.00045140094111066414
5660,34770,112,331,112,331,DepthLow,DepthMid,DepthLow--DepthMid,10,0.27396620992296006,2.2915130838134547e-05,0.0004513990121499622
5661,43811,151,324,151,324,DepthMid,DepthMid,DepthMid--DepthMid,3,0.1025167441396291,2.2914202360180832e-05,0.00045138072231194775
5662,12475,36,38,36,38,DepthMid,DepthMid,DepthMid--DepthMid,10,0.5865394681765638,2.2914100106049797e-05,0.00045137870803526464
5663,36305,119,130,119,130,DepthLow,DepthLow,DepthLow--DepthLow,10,0.2779910949257826,2.2913994474331967e-05,0.0004513766272244058
5664,49169,178,309,178,309,DepthLow,DepthHigh,DepthHigh--DepthLow,3,0.1171710737490944,2.2913488526505337e-05,0.0004513666606939612
5665,20440,61,128,61,128,DepthHigh,DepthLow,DepthHigh--DepthLow,4,0.1375214011135738,2.2913409023158244e-05,0.0004513650945788648
5666,6602,18,222,18,222,DepthHigh,DepthMid,DepthHigh--DepthMid,9,0.2298284419723514,2.2913330412368675e-05,0.0004513635460460196
5667,7906,22,152,22,152,DepthMid,DepthLow,DepthLow--DepthMid,6,0.17830713179844757,2.291323373715702e-05,0.000451361641666972
5668,42768,146,356,146,356,DepthLow,DepthMid,DepthLow--DepthMid,3,0.10923011617816301,2.2913029122627028e-05,0.00045135761102026254
5669,41728,142,194,142,194,DepthLow,DepthMid,DepthLow--DepthMid,10,0.3288315494884121,2.2912117106367155e-05,0.0004513396454567369
5670,58379,237,315,237,315,DepthHigh,DepthMid,DepthHigh--DepthMid,6,0.16200311617621552,2.291207693074124e-05,0.0004513388540478648
5671,62491,275,342,275,342,DepthHigh,DepthMid,DepthHigh--DepthMid,10,0.29316334799425237,2.29116184299625e-05,0.0004513298221640822
5672,63582,289,292,289,292,DepthHigh,DepthHigh,DepthHigh--DepthHigh,10,0.4237138007898455,2.2911599804238034e-05,0.0004513294552609349
5673,60715,257,321,257,321,DepthLow,DepthHigh,DepthHigh--DepthLow,9,0.2648096910939199,2.2910546809397596e-05,0.0004513087125981882
5674,49628,181,216,181,216,DepthMid,DepthMid,DepthMid--DepthMid,7,0.18285353143560532,2.291031301818748e-05,0.0004513041072078877
5675,30390,96,103,96,103,DepthLow,DepthLow,DepthLow--DepthLow,10,0.31366249077691005,2.291024931720833e-05,0.0004513028523793963
5676,60349,254,279,254,279,DepthLow,DepthHigh,DepthHigh--DepthLow,1,0.05991997634912747,2.290977689658531e-05,0.0004512935462923372
5677,1451,4,6,4,6,DepthHigh,DepthHigh,DepthHigh--DepthHigh,7,0.189144290466038,2.2909416231084122e-05,0.0004512864416394289
5678,1903,5,99,5,99,DepthHigh,DepthLow,DepthHigh--DepthLow,5,0.14646279084643438,2.2908988752143286e-05,0.00045127802084650513
5679,37420,123,275,123,275,DepthLow,DepthHigh,DepthHigh--DepthLow,9,0.22922406012539023,2.290866101294822e-05,0.00045127156480006403
5680,49125,178,265,178,265,DepthLow,DepthMid,DepthLow--DepthMid,1,0.048115873008839544,2.290788259347899e-05,0.00045125623092386096
5681,46887,166,325,166,325,DepthMid,DepthLow,DepthLow--DepthMid,9,0.24895118332771665,2.290544744388958e-05,0.000451208261565673
5682,24340,74,180,74,180,DepthMid,DepthMid,DepthMid--DepthMid,9,0.2581920426421465,2.2905309517938747e-05,0.00045120554459938576
5683,14334,41,272,41,272,DepthMid,DepthHigh,DepthHigh--DepthMid,3,0.10907354845056264,2.2903620777548954e-05,0.0004511722785556911
5684,52684,198,314,198,314,DepthLow,DepthMid,DepthLow--DepthMid,1,0.06926134862656647,2.2903543507211778e-05,0.0004511707564280578
5685,15370,44,345,44,345,DepthMid,DepthMid,DepthMid--DepthMid,10,0.32837995735447656,2.2903241486527543e-05,0.0004511648070036589
5686,31678,100,329,100,329,DepthLow,DepthLow,DepthLow--DepthLow,3,0.11825088379221506,2.2903124504716565e-05,0.0004511625026103614
5687,18305,54,135,54,135,DepthHigh,DepthLow,DepthHigh--DepthLow,7,0.18197039919596625,2.290298278995334e-05,0.0004511597110092757
5688,25664,78,354,78,354,DepthMid,DepthMid,DepthMid--DepthMid,10,0.285506826162292,2.2901328035679e-05,0.0004511271144489477
5689,63891,293,311,293,311,DepthLow,DepthMid,DepthLow--DepthMid,3,0.11666594542183342,2.289988492010777e-05,0.0004510986869026303
5690,7758,21,346,21,346,DepthMid,DepthMid,DepthMid--DepthMid,10,0.2726508916701845,2.2899750806094622e-05,0.00045109604502668036
5691,48937,177,263,177,263,DepthMid,DepthMid,DepthMid--DepthMid,5,0.15079760497481237,2.289936098816928e-05,0.000451088366107993
5692,42615,146,203,146,203,DepthLow,DepthLow,DepthLow--DepthLow,5,0.14702756636418488,2.289928893457363e-05,0.0004510869467435508
5693,48497,175,198,175,198,DepthMid,DepthLow,DepthLow--DepthMid,4,0.1370675070871535,2.2898931011818857e-05,0.00045107989611926805
5694,18044,53,184,53,184,DepthHigh,DepthLow,DepthHigh--DepthLow,4,0.12872087983890995,2.2898046272020053e-05,0.0004510624678674282
5695,42417,145,223,145,223,DepthLow,DepthLow,DepthLow--DepthLow,6,0.17181006582791594,2.2897303543366228e-05,0.0004510478370550187
5696,41897,142,363,142,363,DepthLow,DepthMid,DepthLow--DepthMid,5,0.1543546022377764,2.2896465659642833e-05,0.0004510313318084325
5697,61976,270,282,270,282,DepthHigh,DepthHigh,DepthHigh--DepthHigh,9,0.2497132395827706,2.289614273176125e-05,0.00045102497053876444
5698,9517,27,68,27,68,DepthMid,DepthMid,DepthMid--DepthMid,10,0.35962189626861113,2.28958495380462e-05,0.0004510191949944624
5699,48800,176,313,176,313,DepthMid,DepthHigh,DepthHigh--DepthMid,9,0.2653886856930989,2.289538510859733e-05,0.0004510100463233981
5700,12469,35,360,35,360,DepthMid,DepthMid,DepthMid--DepthMid,10,0.31417846126242177,2.289485580994511e-05,0.00045099961981130736
5701,16913,49,303,49,303,DepthHigh,DepthHigh,DepthHigh--DepthHigh,10,0.3287807023659805,2.289448093368304e-05,0.00045099223522443454
5702,3165,8,290,8,290,DepthHigh,DepthHigh,DepthHigh--DepthHigh,2,0.090556957796449,2.2894381354187928e-05,0.0004509902736346866
5703,40358,136,171,136,171,DepthLow,DepthLow,DepthLow--DepthLow,1,0.04263886574277981,2.289409157001404e-05,0.00045098456525402087
5704,62835,279,340,279,340,DepthHigh,DepthMid,DepthHigh--DepthMid,10,0.2802429145524376,2.2893725115370132e-05,0.0004509773465623439
5705,2708,7,189,7,189,DepthHigh,DepthLow,DepthHigh--DepthLow,8,0.22143156106220116,2.2893476662612358e-05,0.00045097245235815116
5706,63562,288,347,288,347,DepthHigh,DepthMid,DepthHigh--DepthMid,6,0.1768802047171077,2.2892197863958057e-05,0.00045094726164667903
5707,47041,167,282,167,282,DepthLow,DepthHigh,DepthHigh--DepthLow,6,0.16067427130496584,2.2891621397889953e-05,0.0004509359059963221
5708,59544,247,265,247,265,DepthLow,DepthMid,DepthLow--DepthMid,8,0.22582629016401792,2.2890974594081e-05,0.00045092316478168634
5709,21055,63,140,63,140,DepthMid,DepthLow,DepthLow--DepthMid,7,0.19396244002639662,2.2890147172429492e-05,0.00045090686562464634
5710,27938,87,99,87,99,DepthMid,DepthLow,DepthLow--DepthMid,4,0.13663350421191237,2.2889776886827494e-05,0.0004508995714679541
5711,46195,163,230,163,230,DepthLow,DepthMid,DepthLow--DepthMid,1,0.07233403056405262,2.2889341762718014e-05,0.0004508910000749052
5712,13958,40,219,40,219,DepthMid,DepthMid,DepthMid--DepthMid,7,0.19129830872616527,2.2889083907159728e-05,0.0004508859206474688
5713,48446,174,336,174,336,DepthMid,DepthHigh,DepthHigh--DepthMid,2,0.08693616520572592,2.2889061226773885e-05,0.0004508854738726353
5714,49673,181,261,181,261,DepthMid,DepthMid,DepthMid--DepthMid,6,0.16486719714318618,2.2888611525229833e-05,0.0004508766153226152
5715,50271,184,316,184,316,DepthLow,DepthHigh,DepthHigh--DepthLow,3,0.10891372918064406,2.2888227128932614e-05,0.00045086904320312506
5716,32453,103,318,103,318,DepthLow,DepthHigh,DepthHigh--DepthLow,4,0.13878573203702732,2.2887657574830677e-05,0.00045085782370973457
5717,52835,199,300,199,300,DepthLow,DepthHigh,DepthHigh--DepthLow,2,0.09822871508527704,2.2887005750395134e-05,0.0004508449835951231
5718,19747,58,347,58,347,DepthHigh,DepthMid,DepthHigh--DepthMid,7,0.2004017727914349,2.28864334570974e-05,0.0004508337101430498
5719,44571,155,242,155,242,DepthMid,DepthHigh,DepthHigh--DepthMid,8,0.21968301476926516,2.2885320234448305e-05,0.00045081178106886493
5720,66415,359,360,359,360,DepthHigh,DepthMid,DepthHigh--DepthMid,4,0.134462408207981,2.288437947537724e-05,0.00045079324930841593
5721,22301,67,192,67,192,DepthMid,DepthMid,DepthMid--DepthMid,4,0.1307237655437154,2.2882949822138725e-05,0.0004507650869529775
5722,16214,47,235,47,235,DepthHigh,DepthHigh,DepthHigh--DepthHigh,9,0.24156399390911415,2.2882188438868007e-05,0.00045075008866827653
5723,7171,20,102,20,102,DepthMid,DepthLow,DepthLow--DepthMid,4,0.12936590181674595,2.2881919065808453e-05,0.00045074478236067385
5724,31450,100,101,100,101,DepthLow,DepthLow,DepthLow--DepthLow,10,0.8805253431394042,2.2881833168489245e-05,0.0004507430902924369
5725,36574,120,155,120,155,DepthLow,DepthMid,DepthLow--DepthMid,10,0.27384539072684855,2.288153924829959e-05,0.0004507373004375066
5726,21757,65,243,65,243,DepthMid,DepthLow,DepthLow--DepthMid,8,0.2152778410437152,2.288001661952251e-05,0.0004507073065818878
5727,20117,60,108,60,108,DepthHigh,DepthLow,DepthHigh--DepthLow,3,0.10135358810280852,2.2879746386141602e-05,0.0004507019833270457
5728,52961,200,262,200,262,DepthLow,DepthMid,DepthLow--DepthMid,3,0.1080256519166554,2.2878872642176063e-05,0.00045068477167917414
5729,31429,99,344,99,344,DepthLow,DepthHigh,DepthHigh--DepthLow,3,0.11722109306969745,2.287607637942727e-05,0.0004506296888497794
5730,35742,116,305,116,305,DepthLow,DepthMid,DepthLow--DepthMid,3,0.11066514336643392,2.2875573178562173e-05,0.0004506197764309927
5731,65702,326,340,326,340,DepthLow,DepthMid,DepthLow--DepthMid,9,0.257013422519498,2.2872458902319184e-05,0.0004505584291391279
5732,9657,27,208,27,208,DepthMid,DepthMid,DepthMid--DepthMid,7,0.19160640665496584,2.287240269796771e-05,0.00045055732198469295
5733,47434,169,284,169,284,DepthLow,DepthLow,DepthLow--DepthLow,6,0.17132772221586787,2.2872113381319315e-05,0.0004505516228136864
5734,51606,192,247,192,247,DepthMid,DepthLow,DepthLow--DepthMid,1,-0.0062136990028220365,2.2871933237557618e-05,0.00045054807421007385
5735,28389,88,274,88,274,DepthLow,DepthHigh,DepthHigh--DepthLow,2,0.09025126383331586,2.2871861905350756e-05,0.00045054666905607586
5736,30925,98,105,98,105,DepthLow,DepthLow,DepthLow--DepthLow,10,0.2714032705987095,2.2871592513039916e-05,0.0004505413623692473
5737,8872,25,98,25,98,DepthHigh,DepthLow,DepthHigh--DepthLow,6,0.16996173841347842,2.2871043630807255e-05,0.0004505305500854615
5738,20607,61,295,61,295,DepthHigh,DepthHigh,DepthHigh--DepthHigh,9,0.23265936839409818,2.28705463953327e-05,0.0004505207551773021
5739,36390,119,215,119,215,DepthLow,DepthMid,DepthLow--DepthMid,7,0.1890752170335807,2.2869935103726152e-05,0.00045050871350801034
5740,58207,236,270,236,270,DepthMid,DepthHigh,DepthHigh--DepthMid,3,0.11659287367435833,2.2869211645332923e-05,0.0004504944622952923
5741,62476,275,327,275,327,DepthHigh,DepthLow,DepthHigh--DepthLow,10,0.3258322116587825,2.2868992752321933e-05,0.0004504901503806179
5742,26351,81,189,81,189,DepthHigh,DepthLow,DepthHigh--DepthLow,6,0.1678031493505283,2.2868530107541534e-05,0.0004504810368652588
5743,59032,242,348,242,348,DepthHigh,DepthMid,DepthHigh--DepthMid,3,0.10967613232865586,2.2867980228476696e-05,0.00045047020494514355
5744,28398,88,283,88,283,DepthLow,DepthLow,DepthLow--DepthLow,1,0.06951610434091061,2.28650574593625e-05,0.0004504126301008099
5745,12446,35,337,35,337,DepthMid,DepthHigh,DepthHigh--DepthMid,8,0.22257220603920058,2.2865036354130012e-05,0.00045041221435449956
5746,26872,83,147,83,147,DepthHigh,DepthLow,DepthHigh--DepthLow,8,0.2194044894963879,2.2864439599431106e-05,0.00045040045904384986
5747,45854,161,292,161,292,DepthHigh,DepthHigh,DepthHigh--DepthHigh,1,0.021278088608554662,2.286390331335043e-05,0.00045038989488828136
5748,39888,134,158,134,158,DepthLow,DepthHigh,DepthHigh--DepthLow,6,0.1682371113987222,2.2863784935770835e-05,0.0004503875630001124
5749,2108,5,304,5,304,DepthHigh,DepthHigh,DepthHigh--DepthHigh,8,0.21165975575224913,2.2861947095133232e-05,0.00045035135987065344
5750,17498,51,261,51,261,DepthHigh,DepthMid,DepthHigh--DepthMid,4,0.1315472823651889,2.286157790189893e-05,0.00045034408723221926
5751,47180,168,225,168,225,DepthLow,DepthHigh,DepthHigh--DepthLow,8,0.203559125341105,2.286052207493427e-05,0.0004503232887802176
5752,29535,92,326,92,326,DepthLow,DepthLow,DepthLow--DepthLow,6,0.1751355321264492,2.2857598050141237e-05,0.00045026568920060364
5753,48757,176,270,176,270,DepthMid,DepthHigh,DepthHigh--DepthMid,5,0.1541812321512551,2.285579032519694e-05,0.0004502300793121042
5754,17607,52,58,52,58,DepthHigh,DepthHigh,DepthHigh--DepthHigh,9,0.2576604875133886,2.2855009285818656e-05,0.0004502146938270159
5755,27259,84,254,84,254,DepthHigh,DepthLow,DepthHigh--DepthLow,6,0.17216340653287104,2.2854207326283472e-05,0.00045019889624137155
5756,64692,305,338,305,338,DepthMid,DepthHigh,DepthHigh--DepthMid,4,0.12197193815751174,2.285406619268596e-05,0.0004501961160885133
5757,61628,266,316,266,316,DepthMid,DepthHigh,DepthHigh--DepthMid,10,0.2748514452520241,2.2853992161665538e-05,0.0004501946577713113
5758,60641,256,354,256,354,DepthLow,DepthMid,DepthLow--DepthMid,9,0.2583586238228025,2.2853450474978364e-05,0.00045018398723064483
5759,31090,98,270,98,270,DepthLow,DepthHigh,DepthHigh--DepthLow,7,0.20102148931413177,2.2853124913557094e-05,0.0004501775740835852
5760,28102,87,263,87,263,DepthMid,DepthMid,DepthMid--DepthMid,8,0.2245311345539939,2.285291202555986e-05,0.00045017338046006504
5761,53836,205,332,205,332,DepthLow,DepthMid,DepthLow--DepthMid,6,0.17835011286490443,2.2852346489644353e-05,0.00045016224011985064
5762,21309,64,94,64,94,DepthMid,DepthLow,DepthLow--DepthMid,3,0.10598950055671619,2.2851433852269342e-05,0.00045014426232114455
5763,26065,80,186,80,186,DepthHigh,DepthMid,DepthHigh--DepthMid,4,0.12480400843581982,2.2851392553269806e-05,0.000450143448783237
5764,6377,17,343,17,343,DepthHigh,DepthHigh,DepthHigh--DepthHigh,2,0.0944656270048452,2.285138701072733e-05,0.0004501433396021804
5765,57890,233,340,233,340,DepthMid,DepthMid,DepthMid--DepthMid,8,0.21645060051871917,2.28500100639675e-05,0.0004501162154975195
5766,9696,27,247,27,247,DepthMid,DepthLow,DepthLow--DepthMid,9,0.23845939232264396,2.284991457893536e-05,0.00045011433456349875
5767,49287,179,242,179,242,DepthLow,DepthHigh,DepthHigh--DepthLow,1,0.0706589887350202,2.2848639253434928e-05,0.0004500892122687525
5768,51189,189,349,189,349,DepthLow,DepthMid,DepthLow--DepthMid,9,0.23437878982746949,2.2847280330149742e-05,0.0004500624432036813
5769,35623,116,186,116,186,DepthLow,DepthMid,DepthLow--DepthMid,10,0.29562645997710235,2.284719088394746e-05,0.0004500606812269492
5770,62304,273,334,273,334,DepthHigh,DepthHigh,DepthHigh--DepthHigh,10,0.3533836962740039,2.2846135451255448e-05,0.0004500398905416186
5771,63060,282,316,282,316,DepthHigh,DepthHigh,DepthHigh--DepthHigh,7,0.20106412634837095,2.2845895541614497e-05,0.0004500351646259913
5772,37773,125,149,125,149,DepthLow,DepthMid,DepthLow--DepthMid,10,0.2967665514513713,2.2845862687379665e-05,0.0004500345174392371
5773,33440,107,271,107,271,DepthLow,DepthHigh,DepthHigh--DepthLow,1,0.0425024445539555,2.2844899496070483e-05,0.00045001554379215004
5774,54331,208,356,208,356,DepthMid,DepthMid,DepthMid--DepthMid,5,0.14613485473649163,2.284478337186097e-05,0.00045001325629251366
5775,12967,37,203,37,203,DepthMid,DepthLow,DepthLow--DepthMid,4,0.1284109597703611,2.2844133011187375e-05,0.0004500004450121559
5776,24472,74,312,74,312,DepthMid,DepthMid,DepthMid--DepthMid,10,0.3050980930591202,2.284334110389408e-05,0.0004499848454429266
5777,24051,73,181,73,181,DepthMid,DepthMid,DepthMid--DepthMid,6,0.17138828926553562,2.284200957392946e-05,0.0004499586159915251
5778,62527,276,290,276,290,DepthHigh,DepthHigh,DepthHigh--DepthHigh,3,0.10482644469780955,2.2841044332712987e-05,0.00044993960196386455
5779,30117,95,98,95,98,DepthLow,DepthLow,DepthLow--DepthLow,10,0.3084097897925347,2.2840394180042182e-05,0.0004499267947808979
5780,13905,40,166,40,166,DepthMid,DepthMid,DepthMid--DepthMid,9,0.24177294617900152,2.2840044031123096e-05,0.00044991989729131787
5781,44421,154,301,154,301,DepthHigh,DepthHigh,DepthHigh--DepthHigh,5,0.14193885751774946,2.2839809435765497e-05,0.000449915276060332
5782,51877,193,347,193,347,DepthMid,DepthMid,DepthMid--DepthMid,2,0.09504788401471428,2.283938090863235e-05,0.00044990683461934924
5783,6274,17,240,17,240,DepthHigh,DepthHigh,DepthHigh--DepthHigh,9,0.23110803453383358,2.2838436256542946e-05,0.00044988822617137683
5784,24428,74,268,74,268,DepthMid,DepthLow,DepthLow--DepthMid,6,0.17176547282137553,2.2837736049038707e-05,0.0004498744329716807
5785,19813,59,108,59,108,DepthHigh,DepthLow,DepthHigh--DepthLow,3,0.10494736857966332,2.2837698832402453e-05,0.00044987369985115174
5786,20292,60,283,60,283,DepthHigh,DepthLow,DepthHigh--DepthLow,6,0.1665573968676593,2.2837500207687413e-05,0.00044986978719619943
5787,64074,295,355,295,355,DepthHigh,DepthMid,DepthHigh--DepthMid,4,0.13601647661119004,2.2837165617813095e-05,0.00044986319620006634
5788,64159,297,305,297,305,DepthHigh,DepthMid,DepthHigh--DepthMid,4,0.1235658085425655,2.2837025396202514e-05,0.00044986043401219387
5789,19652,58,252,58,252,DepthHigh,DepthLow,DepthHigh--DepthLow,5,0.15499928477840105,2.2835582677354758e-05,0.0004498320142808256
5790,19686,58,286,58,286,DepthHigh,DepthLow,DepthHigh--DepthLow,6,0.16092567838837438,2.2834703467430922e-05,0.0004498146949605086
5791,31392,99,307,99,307,DepthLow,DepthHigh,DepthHigh--DepthLow,7,0.19661752406080757,2.283417400355804e-05,0.00044980426519378045
5792,45622,160,263,160,263,DepthLow,DepthMid,DepthLow--DepthMid,7,0.19832138121978185,2.2834048977244967e-05,0.0004498018023339952
5793,3609,10,25,10,25,DepthHigh,DepthHigh,DepthHigh--DepthHigh,8,0.20237148666692442,2.2833031586084866e-05,0.0004497817610185917
5794,45454,159,299,159,299,DepthHigh,DepthHigh,DepthHigh--DepthHigh,9,0.23642833600503255,2.2832543723699386e-05,0.00044977215074839833
5795,7542,21,130,21,130,DepthMid,DepthLow,DepthLow--DepthMid,1,0.042839461590216676,2.2832523706156076e-05,0.0004497717564281852
5796,9623,27,174,27,174,DepthMid,DepthMid,DepthMid--DepthMid,8,0.21724402455432043,2.2832080016186677e-05,0.0004497630162985607
5797,2197,6,35,6,35,DepthHigh,DepthMid,DepthHigh--DepthMid,10,0.3047570398475468,2.2831876706510417e-05,0.00044975901135581466
5798,33811,109,131,109,131,DepthLow,DepthLow,DepthLow--DepthLow,4,0.12680114669481155,2.283096589649472e-05,0.00044974106955376935
5799,27532,85,248,85,248,DepthHigh,DepthHigh,DepthHigh--DepthHigh,9,0.23550649052032505,2.2830291214882534e-05,0.0004497277791817698
5800,17835,52,286,52,286,DepthHigh,DepthLow,DepthHigh--DepthLow,6,0.16016871265582724,2.2829907777573185e-05,0.0004497202259531243
5801,55496,216,309,216,309,DepthMid,DepthHigh,DepthHigh--DepthMid,10,0.29120917296394094,2.282981852151994e-05,0.000449718467722087
5802,24767,75,318,75,318,DepthMid,DepthHigh,DepthHigh--DepthMid,6,0.17634646907527918,2.2829271728669413e-05,0.0004497076965964791
5803,8265,23,170,23,170,DepthHigh,DepthLow,DepthHigh--DepthLow,5,0.14944447782034986,2.282908214614582e-05,0.00044970396206122927
5804,13056,37,292,37,292,DepthMid,DepthHigh,DepthHigh--DepthMid,5,0.15332601301163926,2.2828893527782277e-05,0.0004497002465187094
5805,15388,44,363,44,363,DepthMid,DepthMid,DepthMid--DepthMid,8,0.21074286564996056,2.2827680881120674e-05,0.00044967635891758677
5806,35617,116,180,116,180,DepthLow,DepthMid,DepthLow--DepthMid,9,0.26988835333052696,2.2827487180895154e-05,0.00044967254326883175
5807,14299,41,237,41,237,DepthMid,DepthHigh,DepthHigh--DepthMid,9,0.24109403768533436,2.282734682640295e-05,0.0004496697784633599
5808,41943,143,188,143,188,DepthLow,DepthMid,DepthLow--DepthMid,3,0.10370758416081409,2.2827313545566067e-05,0.00044966912287308636
5809,25590,78,280,78,280,DepthMid,DepthLow,DepthLow--DepthMid,8,0.21349989411942183,2.282591169108344e-05,0.0004496415081178792
5810,47738,171,201,171,201,DepthLow,DepthLow,DepthLow--DepthLow,2,0.09625446800306053,2.282527142702761e-05,0.0004496288957280849
5811,17709,52,160,52,160,DepthHigh,DepthLow,DepthHigh--DepthLow,7,0.1931099132370768,2.2824622991856315e-05,0.00044961612237768016
5812,27030,83,305,83,305,DepthHigh,DepthMid,DepthHigh--DepthMid,8,0.20337599702685805,2.2824447741534187e-05,0.0004496126701686203
5813,335,0,336,0,336,DepthHigh,DepthHigh,DepthHigh--DepthHigh,7,0.18829603210263257,2.2823902137750284e-05,0.0004496019224661167
5814,8433,23,338,23,338,DepthHigh,DepthHigh,DepthHigh--DepthHigh,8,0.2156751197059133,2.2823749807975317e-05,0.00044959892176276367
5815,47618,170,274,170,274,DepthLow,DepthHigh,DepthHigh--DepthLow,1,0.07035694341020883,2.282288441770709e-05,0.0004495818746721334
5816,39182,131,145,131,145,DepthLow,DepthLow,DepthLow--DepthLow,6,0.17368395183340268,2.282187777553681e-05,0.0004495620450981955
5817,44503,155,174,155,174,DepthMid,DepthMid,DepthMid--DepthMid,7,0.18182250816336024,2.2820273597952638e-05,0.0004495304448345128
5818,3339,9,109,9,109,DepthHigh,DepthLow,DepthHigh--DepthLow,1,0.06559699203904171,2.2819744587896703e-05,0.00044952002400740286
5819,43595,150,321,150,321,DepthMid,DepthHigh,DepthHigh--DepthMid,6,0.1763725146035274,2.2818751372437942e-05,0.0004495004589226515
5820,66149,340,360,340,360,DepthMid,DepthMid,DepthMid--DepthMid,10,0.3289765523269433,2.2817745259228264e-05,0.0004494806397685664
5821,51644,192,285,192,285,DepthMid,DepthLow,DepthLow--DepthMid,3,0.10618115884605814,2.2816693225798494e-05,0.0004494599160443904
5822,28446,88,331,88,331,DepthLow,DepthMid,DepthLow--DepthMid,2,0.077847812906484,2.281639793602039e-05,0.0004494540992103049
5823,39012,130,208,130,208,DepthLow,DepthMid,DepthLow--DepthMid,4,0.12718205101609228,2.281636870996941e-05,0.0004494535234941706
5824,30021,94,271,94,271,DepthLow,DepthHigh,DepthHigh--DepthLow,5,0.14357329080240697,2.2816279118766013e-05,0.00044945175866110043
5825,40767,137,353,137,353,DepthLow,DepthHigh,DepthHigh--DepthLow,6,0.1739033603252684,2.2815172676878344e-05,0.00044942996315931505
5826,31257,99,172,99,172,DepthLow,DepthLow,DepthLow--DepthLow,2,0.07624842721720687,2.281410663278092e-05,0.00044940896344275726
5827,62069,271,282,271,282,DepthHigh,DepthHigh,DepthHigh--DepthHigh,10,0.28558244007908984,2.2813280512572545e-05,0.00044939268992249626
5828,33834,109,154,109,154,DepthLow,DepthHigh,DepthHigh--DepthLow,1,-0.014347890457528559,2.2812913339661654e-05,0.0004493854570818708
5829,65076,312,337,312,337,DepthMid,DepthHigh,DepthHigh--DepthMid,5,0.15409296672118192,2.2812403923336247e-05,0.0004493754222263997
5830,31514,100,165,100,165,DepthLow,DepthLow,DepthLow--DepthLow,4,0.13095324472906775,2.2812343187885023e-05,0.0004493742258150469
5831,32762,105,108,105,108,DepthLow,DepthLow,DepthLow--DepthLow,10,0.44110439313627864,2.281091006856661e-05,0.00044934599518223076
5832,58027,234,347,234,347,DepthLow,DepthMid,DepthLow--DepthMid,3,0.10277626860669518,2.280986123828686e-05,0.00044932533455604735
5833,60217,253,257,253,257,DepthLow,DepthLow,DepthLow--DepthLow,6,0.1782518500817591,2.280939777627125e-05,0.00044931620494219115
5834,38824,129,254,129,254,DepthLow,DepthLow,DepthLow--DepthLow,6,0.16263341243429064,2.2809245753347815e-05,0.0004493132102834241
5835,66388,355,359,355,359,DepthMid,DepthHigh,DepthHigh--DepthMid,4,0.1380712708956357,2.280873421029753e-05,0.00044930313353417045
5836,40826,138,186,138,186,DepthLow,DepthMid,DepthLow--DepthMid,10,0.3034523108293075,2.2808364745374084e-05,0.0004492958555438048
5837,55870,219,245,219,245,DepthMid,DepthLow,DepthLow--DepthMid,9,0.23346536911470303,2.280585374341414e-05,0.0004492463919901279
5838,26742,82,298,82,298,DepthHigh,DepthHigh,DepthHigh--DepthHigh,9,0.2621419428902688,2.2805244729240416e-05,0.00044923439518337405
5839,57441,230,287,230,287,DepthMid,DepthHigh,DepthHigh--DepthMid,2,0.07429562770384474,2.2804523166435836e-05,0.00044922018131134805
5840,59849,249,339,249,339,DepthHigh,DepthHigh,DepthHigh--DepthHigh,3,0.11688729667068722,2.280446786833147e-05,0.00044921909200883176
5841,36394,119,219,119,219,DepthLow,DepthMid,DepthLow--DepthMid,8,0.21286729727922277,2.2803255249525545e-05,0.00044919520495643057
5842,41420,140,331,140,331,DepthLow,DepthMid,DepthLow--DepthMid,7,0.18727517046764397,2.2802842572042528e-05,0.0004491870757334519
5843,43781,151,294,151,294,DepthMid,DepthLow,DepthLow--DepthMid,3,0.10004415193184418,2.2802527744307578e-05,0.0004491808740263982
5844,14997,43,292,43,292,DepthMid,DepthHigh,DepthHigh--DepthMid,9,0.24280993076448287,2.280140971446315e-05,0.0004491588502565627
5845,32689,104,294,104,294,DepthLow,DepthLow,DepthLow--DepthLow,4,0.1373602099960997,2.2800889888308612e-05,0.0004491486103406615
5846,57792,233,242,233,242,DepthMid,DepthHigh,DepthHigh--DepthMid,4,0.1296187532979302,2.2799366770217455e-05,0.00044911860684617604
5847,60824,258,324,258,324,DepthMid,DepthMid,DepthMid--DepthMid,5,0.1475615457874521,2.279775103306568e-05,0.0004490867788736736
5848,16126,47,147,47,147,DepthHigh,DepthLow,DepthHigh--DepthLow,7,0.1988400107808624,2.2797498453259274e-05,0.00044908180337185753
5849,31091,98,271,98,271,DepthLow,DepthHigh,DepthHigh--DepthLow,8,0.20720931234849033,2.279670741386859e-05,0.00044906622089920884
5850,33384,107,215,107,215,DepthLow,DepthMid,DepthLow--DepthMid,3,0.10389782070337485,2.2795351584744677e-05,0.00044903951278519016
5851,1833,5,29,5,29,DepthHigh,DepthMid,DepthHigh--DepthMid,7,0.18693163065641175,2.2795334015572533e-05,0.0004490391666947835
5852,30614,96,327,96,327,DepthLow,DepthLow,DepthLow--DepthLow,10,0.30037458142715656,2.2795152610264464e-05,0.00044903559324030754
5853,36189,118,259,118,259,DepthLow,DepthMid,DepthLow--DepthMid,6,0.16645717998747633,2.2795107563596676e-05,0.0004490347058780889
5854,51889,193,359,193,359,DepthMid,DepthHigh,DepthHigh--DepthMid,3,0.11547661069747944,2.279465273431567e-05,0.00044902574631815477
5855,2315,6,153,6,153,DepthHigh,DepthHigh,DepthHigh--DepthHigh,9,0.25899954365953287,2.279404089797606e-05,0.0004490136939183126
5856,32511,104,116,104,116,DepthLow,DepthLow,DepthLow--DepthLow,8,0.2202512017934345,2.2793515447950886e-05,0.0004490033432192931
5857,21467,64,252,64,252,DepthMid,DepthLow,DepthLow--DepthMid,2,0.09480809363363553,2.2792975941831115e-05,0.00044899271563303867
5858,48427,174,317,174,317,DepthMid,DepthMid,DepthMid--DepthMid,5,0.1506598987232312,2.279264645275953e-05,0.00044898622511624966
5859,18225,54,55,54,55,DepthHigh,DepthHigh,DepthHigh--DepthHigh,10,0.4452114645609411,2.2791300535233e-05,0.00044895971224812763
5860,18926,56,139,56,139,DepthHigh,DepthLow,DepthHigh--DepthLow,4,0.13779315251974605,2.279086496167051e-05,0.0004489511320014244
5861,64260,298,340,298,340,DepthHigh,DepthMid,DepthHigh--DepthMid,10,0.2792886909268457,2.2789484570386656e-05,0.0004489239400440093
5862,31846,101,234,101,234,DepthLow,DepthLow,DepthLow--DepthLow,2,0.08834988787128586,2.2788695707172714e-05,0.00044890840043928224
5863,34301,111,114,111,114,DepthLow,DepthLow,DepthLow--DepthLow,4,0.12131786103762983,2.2788487278612496e-05,0.00044890429466101496
5864,8779,24,344,24,344,DepthMid,DepthHigh,DepthHigh--DepthMid,7,0.20061724177568246,2.278738880633503e-05,0.000448882656150442
5865,3516,9,286,9,286,DepthHigh,DepthLow,DepthHigh--DepthLow,7,0.19509287229732797,2.278729564259303e-05,0.0004488808209428927
5866,27873,86,311,86,311,DepthHigh,DepthMid,DepthHigh--DepthMid,10,0.2889470128939431,2.2786400049191146e-05,0.00044886317888883883
5867,39333,131,296,131,296,DepthLow,DepthHigh,DepthHigh--DepthLow,7,0.184596681553963,2.2786295907225882e-05,0.0004488611274242159
5868,37732,124,347,124,347,DepthLow,DepthMid,DepthLow--DepthMid,8,0.21404508091107105,2.278614525362047e-05,0.0004488581597392771
5869,15395,45,51,45,51,DepthMid,DepthHigh,DepthHigh--DepthMid,9,0.23181414667838188,2.278507748984399e-05,0.0004488371261472231
5870,63734,291,297,291,297,DepthHigh,DepthHigh,DepthHigh--DepthHigh,7,0.1824158843990441,2.2784505207126416e-05,0.0004488258529035655
5871,61157,261,345,261,345,DepthMid,DepthMid,DepthMid--DepthMid,7,0.18174745022747646,2.278356226879154e-05,0.0004488072782143836
5872,4551,12,262,12,262,DepthHigh,DepthMid,DepthHigh--DepthMid,3,0.10726464926062486,2.278309080745806e-05,0.00044879799102411175
5873,5827,16,140,16,140,DepthMid,DepthLow,DepthLow--DepthMid,4,0.13255636770992732,2.278274739526803e-05,0.00044879122623954926
5874,36035,117,351,117,351,DepthLow,DepthMid,DepthLow--DepthMid,6,0.17294075348149313,2.2782600766804613e-05,0.00044878833784480225
5875,37338,123,193,123,193,DepthLow,DepthMid,DepthLow--DepthMid,8,0.21691034755677022,2.2782569176523607e-05,0.0004487877155563353
5876,41606,141,294,141,294,DepthLow,DepthLow,DepthLow--DepthLow,6,0.1655312096688649,2.277987754263709e-05,0.00044873469378281695
5877,39518,132,249,132,249,DepthLow,DepthHigh,DepthHigh--DepthLow,5,0.1486617310463375,2.2774255973129143e-05,0.0004486239559938624
5878,12631,36,194,36,194,DepthMid,DepthMid,DepthMid--DepthMid,7,0.18236722563708016,2.2774194368839738e-05,0.00044862274246749946
5879,41540,141,228,141,228,DepthLow,DepthMid,DepthLow--DepthMid,9,0.23745861618858913,2.2772158762083617e-05,0.0004485826435963506
5880,7699,21,287,21,287,DepthMid,DepthHigh,DepthHigh--DepthMid,6,0.17779420509261284,2.2771228518708028e-05,0.00044856431898176443
5881,43728,151,241,151,241,DepthMid,DepthHigh,DepthHigh--DepthMid,9,0.26807080919112813,2.2769025507118168e-05,0.00044852092244772573
5882,60454,255,275,255,275,DepthLow,DepthHigh,DepthHigh--DepthLow,4,0.1352010000642155,2.2768738208372905e-05,0.0004485152630268514
5883,3324,9,94,9,94,DepthHigh,DepthLow,DepthHigh--DepthLow,5,0.1425386848159459,2.276832716559749e-05,0.00044850716600553897
5884,59019,242,335,242,335,DepthHigh,DepthHigh,DepthHigh--DepthHigh,8,0.20217395660059612,2.2768256013477805e-05,0.0004485057643990299
5885,32422,103,287,103,287,DepthLow,DepthHigh,DepthHigh--DepthLow,4,0.13148954726222215,2.2767880940489306e-05,0.00044849837593689595
5886,13158,38,68,38,68,DepthMid,DepthMid,DepthMid--DepthMid,10,0.3055078305162343,2.276770085810019e-05,0.00044849482854224536
5887,14366,41,304,41,304,DepthMid,DepthHigh,DepthHigh--DepthMid,10,0.28648950162497233,2.2767523661284973e-05,0.00044849133798974055
5888,26091,80,212,80,212,DepthHigh,DepthLow,DepthHigh--DepthLow,2,0.09582814562380955,2.276723937079825e-05,0.00044848573782774377
5889,45217,158,267,158,267,DepthHigh,DepthHigh,DepthHigh--DepthHigh,9,0.22887611607839908,2.2767156299294166e-05,0.00044848410142448055
5890,35100,114,160,114,160,DepthLow,DepthLow,DepthLow--DepthLow,9,0.2469849023374837,2.2766390084850213e-05,0.0004484690079717947
5891,50058,183,283,183,283,DepthMid,DepthLow,DepthLow--DepthMid,9,0.23186884784734718,2.276630489250592e-05,0.0004484673297906694
5892,40194,135,235,135,235,DepthLow,DepthHigh,DepthHigh--DepthLow,6,0.16057668091506258,2.276616402641256e-05,0.00044846455490730363
5893,36653,120,234,120,234,DepthLow,DepthLow,DepthLow--DepthLow,6,0.1605398176821888,2.276548895952539e-05,0.00044845125694587554
5894,21947,66,135,66,135,DepthMid,DepthLow,DepthLow--DepthMid,7,0.1839330770253942,2.276455119947012e-05,0.0004484327842622338
5895,15265,44,240,44,240,DepthMid,DepthHigh,DepthHigh--DepthMid,10,0.30408468178355913,2.2764511620453066e-05,0.00044843200460579954
5896,17806,52,257,52,257,DepthHigh,DepthLow,DepthHigh--DepthLow,3,0.11620470120730043,2.2764356119211134e-05,0.00044842894142856993
5897,34831,113,141,113,141,DepthLow,DepthLow,DepthLow--DepthLow,8,0.22461981292700223,2.27642976428546e-05,0.0004484277895185172
5898,36207,118,277,118,277,DepthLow,DepthHigh,DepthHigh--DepthLow,3,0.1109602671982702,2.2764171208349907e-05,0.00044842529891914314
5899,53999,206,337,206,337,DepthLow,DepthHigh,DepthHigh--DepthLow,2,0.09454161134813852,2.2763822918760155e-05,0.00044841843805599265
5900,19693,58,293,58,293,DepthHigh,DepthLow,DepthHigh--DepthLow,6,0.17073872924318068,2.2763709336458568e-05,0.0004484162006287182
5901,34003,109,323,109,323,DepthLow,DepthLow,DepthLow--DepthLow,9,0.25039824062153787,2.2762023408249565e-05,0.00044838298998141823
5902,45734,161,172,161,172,DepthHigh,DepthLow,DepthHigh--DepthLow,4,0.1300341111262824,2.2761943670049815e-05,0.0004483814192400224
5903,13547,39,132,39,132,DepthMid,DepthLow,DepthLow--DepthMid,5,0.14506039577185062,2.2761573565942606e-05,0.00044837412865854733
5904,48704,176,217,176,217,DepthMid,DepthLow,DepthLow--DepthMid,6,0.1644721160553875,2.2761367722561695e-05,0.0004483700738050334
5905,10175,29,55,29,55,DepthMid,DepthHigh,DepthHigh--DepthMid,10,0.3564232052857629,2.2760860276055266e-05,0.0004483600777524977
5906,65391,318,361,318,361,DepthHigh,DepthHigh,DepthHigh--DepthHigh,3,0.11993596802532751,2.2759724587083215e-05,0.00044833770612024673
5907,5409,15,70,15,70,DepthHigh,DepthHigh,DepthHigh--DepthHigh,9,0.23518770832711666,2.2759602656806254e-05,0.000448335304248446
5908,11668,33,218,33,218,DepthMid,DepthHigh,DepthHigh--DepthMid,7,0.19369990587931998,2.2759045003857988e-05,0.00044832431919268747
5909,45037,157,293,157,293,DepthMid,DepthLow,DepthLow--DepthMid,6,0.16311235958505063,2.275773224405737e-05,0.00044829845948970895
5910,61994,270,300,270,300,DepthHigh,DepthHigh,DepthHigh--DepthHigh,6,0.16384049497482778,2.2757229839697092e-05,0.00044828856276105697
5911,14880,43,175,43,175,DepthMid,DepthMid,DepthMid--DepthMid,9,0.2318248707568776,2.2756761388635452e-05,0.0004482793348693221
5912,34880,113,190,113,190,DepthLow,DepthMid,DepthLow--DepthMid,3,0.10381325645801802,2.275643981311772e-05,0.00044827300023950645
5913,60438,255,259,255,259,DepthLow,DepthMid,DepthLow--DepthMid,10,0.29639056761342,2.275642982184425e-05,0.00044827280342409195
5914,57108,227,359,227,359,DepthMid,DepthHigh,DepthHigh--DepthMid,4,0.1394404327909312,2.2755647993606518e-05,0.00044825740239947304
5915,46942,167,183,167,183,DepthLow,DepthMid,DepthLow--DepthMid,8,0.22653824726556102,2.2753814895965713e-05,0.000448221292701035
5916,37889,125,265,125,265,DepthLow,DepthMid,DepthLow--DepthMid,7,0.18179838271318652,2.2753436863496977e-05,0.00044821384594089414
5917,66260,346,348,346,348,DepthMid,DepthMid,DepthMid--DepthMid,8,0.22037986400437867,2.2753210831279962e-05,0.00044820939339291636
5918,48075,172,346,172,346,DepthLow,DepthMid,DepthLow--DepthMid,4,0.1296570872769744,2.275314662693258e-05,0.00044820812864870916
5919,61207,262,293,262,293,DepthMid,DepthLow,DepthLow--DepthMid,4,0.13332078586939178,2.27530812097062e-05,0.00044820684001232417
5920,30634,96,347,96,347,DepthLow,DepthMid,DepthLow--DepthMid,4,0.12500818668641006,2.2752798615047616e-05,0.0004482012732559907
5921,8989,25,215,25,215,DepthHigh,DepthMid,DepthHigh--DepthMid,7,0.19920568897096605,2.275270089084044e-05,0.00044819934821306194
5922,15965,46,303,46,303,DepthHigh,DepthHigh,DepthHigh--DepthHigh,10,0.3024234857901611,2.2752380258792365e-05,0.0004481930321684019
5923,42049,143,294,143,294,DepthLow,DepthLow,DepthLow--DepthLow,4,0.1279328593011979,2.2751326626965725e-05,0.0004481722769578349
5924,9604,27,155,27,155,DepthMid,DepthMid,DepthMid--DepthMid,10,0.2883275063692023,2.2751246010363776e-05,0.00044817068891303
5925,37761,125,137,125,137,DepthLow,DepthLow,DepthLow--DepthLow,4,0.13722381169431294,2.2750971490708782e-05,0.000448165281224025
5926,32051,102,177,102,177,DepthLow,DepthMid,DepthLow--DepthMid,4,0.12653535861492307,2.2750581683618127e-05,0.0004481576025187672
5927,62550,276,313,276,313,DepthHigh,DepthHigh,DepthHigh--DepthHigh,8,0.22302194772806538,2.2750001362989475e-05,0.0004481461709384566
5928,28708,89,318,89,318,DepthLow,DepthHigh,DepthHigh--DepthLow,3,0.10583560611007972,2.2749460561222662e-05,0.00044813551782959887
5929,23539,71,252,71,252,DepthMid,DepthLow,DepthLow--DepthMid,8,0.20987022673542727,2.2749046590165796e-05,0.000448127363124856
5930,57129,228,244,228,244,DepthMid,DepthLow,DepthLow--DepthMid,10,0.31527540548432637,2.2748542758828814e-05,0.000448117438286573
5931,42898,147,269,147,269,DepthLow,DepthHigh,DepthHigh--DepthLow,8,0.2013423782340058,2.2748337998796164e-05,0.0004481134047736457
5932,47736,171,199,171,199,DepthLow,DepthLow,DepthLow--DepthLow,2,0.08936321729822187,2.2747747015911078e-05,0.0004481017631604073
5933,26523,81,361,81,361,DepthHigh,DepthHigh,DepthHigh--DepthHigh,6,0.1670036191727909,2.274760380218085e-05,0.00044809894203157283
5934,8271,23,176,23,176,DepthHigh,DepthMid,DepthHigh--DepthMid,8,0.21672084454971718,2.2746724846643833e-05,0.00044808162772235356
5935,657,1,295,1,295,DepthHigh,DepthHigh,DepthHigh--DepthHigh,5,0.1438112489773825,2.274666080053077e-05,0.0004480803660951618
5936,58735,240,296,240,296,DepthHigh,DepthHigh,DepthHigh--DepthHigh,3,0.11586757043846867,2.2745817470548257e-05,0.000448063753564179
5937,34362,111,175,111,175,DepthLow,DepthMid,DepthLow--DepthMid,3,0.10834518482386066,2.274528833160603e-05,0.00044805333019817253
5938,65969,334,339,334,339,DepthHigh,DepthHigh,DepthHigh--DepthHigh,5,0.14596629738234626,2.274372696792065e-05,0.00044802257331399124
5939,31135,98,315,98,315,DepthLow,DepthMid,DepthLow--DepthMid,6,0.17499800890554001,2.2743375262344208e-05,0.00044801564516023574
5940,15680,45,336,45,336,DepthMid,DepthHigh,DepthHigh--DepthMid,3,0.1092606641743658,2.2743265581750645e-05,0.00044801348459166056
5941,40751,137,337,137,337,DepthLow,DepthHigh,DepthHigh--DepthLow,2,0.0932799486029409,2.274271462747285e-05,0.0004480026314912138
5942,12857,37,93,37,93,DepthMid,DepthLow,DepthLow--DepthMid,4,0.1298204635647566,2.274257471269932e-05,0.00044799987534764195
5943,27070,83,345,83,345,DepthHigh,DepthMid,DepthHigh--DepthMid,10,0.3187807397372922,2.274184001080925e-05,0.0004479854026522974
5944,50811,187,322,187,322,DepthLow,DepthLow,DepthLow--DepthLow,4,0.13126726547017856,2.2741693063531056e-05,0.00044798250797730365
5945,15141,44,116,44,116,DepthMid,DepthLow,DepthLow--DepthMid,8,0.21554752384571552,2.2741396320477265e-05,0.0004479766625155304
5946,21342,64,127,64,127,DepthMid,DepthLow,DepthLow--DepthMid,4,0.12363355761735498,2.2739904197548442e-05,0.0004479472695864289
5947,37872,125,248,125,248,DepthLow,DepthHigh,DepthHigh--DepthLow,10,0.30746501854709624,2.273972072676801e-05,0.0004479436554447672
5948,53864,205,360,205,360,DepthLow,DepthMid,DepthLow--DepthMid,5,0.15768107299486117,2.2739126437257074e-05,0.00044793194869519363
5949,46671,165,307,165,307,DepthLow,DepthHigh,DepthHigh--DepthLow,8,0.2232821718023442,2.2738357939925487e-05,0.00044791681027251697
5950,46819,166,257,166,257,DepthMid,DepthLow,DepthLow--DepthMid,10,0.29626350870382956,2.273812429869994e-05,0.0004479122078367223
5951,65133,313,343,313,343,DepthHigh,DepthHigh,DepthHigh--DepthHigh,3,0.10706876040458042,2.273617885854209e-05,0.00044787388513319276
5952,2096,5,292,5,292,DepthHigh,DepthHigh,DepthHigh--DepthHigh,5,0.153003423378849,2.2735571185148304e-05,0.00044786191473810305
5953,51948,194,248,194,248,DepthMid,DepthHigh,DepthHigh--DepthMid,4,0.12707345944142778,2.2735267212283843e-05,0.0004478559268582298
5954,11370,32,251,32,251,DepthMid,DepthLow,DepthLow--DepthMid,10,0.3937362691836396,2.273266207408314e-05,0.0004478046089400116
5955,31304,99,219,99,219,DepthLow,DepthMid,DepthLow--DepthMid,7,0.19757709589002886,2.2732339532100737e-05,0.0004477982552720678
5956,25330,77,306,77,306,DepthMid,DepthHigh,DepthHigh--DepthMid,10,0.2717574980787624,2.273147374996347e-05,0.00044778120046211453
5957,45316,159,161,159,161,DepthHigh,DepthHigh,DepthHigh--DepthHigh,1,0.04393266957950285,2.27314653168353e-05,0.0004477810343401861
5958,17247,50,323,50,323,DepthHigh,DepthLow,DepthHigh--DepthLow,8,0.2079729634517563,2.2731147660492906e-05,0.00044777477691315356
5959,45480,159,325,159,325,DepthHigh,DepthLow,DepthHigh--DepthLow,6,0.158928850560311,2.273104792079976e-05,0.00044777281216770763
5960,43666,151,179,151,179,DepthMid,DepthLow,DepthLow--DepthMid,2,0.0763113334485166,2.2730653815011484e-05,0.00044776504878355904
5961,8103,22,349,22,349,DepthMid,DepthMid,DepthMid--DepthMid,8,0.22765166447088786,2.2729846710886997e-05,0.0004477491498560308
5962,34110,110,176,110,176,DepthLow,DepthMid,DepthLow--DepthMid,2,0.09837181872643205,2.2729831715424795e-05,0.0004477488544644456
5963,23420,71,133,71,133,DepthMid,DepthLow,DepthLow--DepthMid,2,0.09312062322404537,2.2729117490417195e-05,0.0004477347851377129
5964,53632,204,287,204,287,DepthLow,DepthHigh,DepthHigh--DepthLow,3,0.1127895955075077,2.272908146918907e-05,0.0004477340755652078
5965,39649,133,149,133,149,DepthLow,DepthMid,DepthLow--DepthMid,2,0.07424330599756473,2.2728571221278713e-05,0.000447724024328568
5966,27405,85,121,85,121,DepthHigh,DepthLow,DepthHigh--DepthLow,4,0.13914392887552524,2.2728113206667835e-05,0.0004477150020216757
5967,30332,95,313,95,313,DepthLow,DepthHigh,DepthHigh--DepthLow,2,0.09559040368640219,2.272806324098265e-05,0.0004477140177610536
5968,9524,27,75,27,75,DepthMid,DepthMid,DepthMid--DepthMid,9,0.24939610896929118,2.272758416579927e-05,0.00044770458058759595
5969,41341,140,252,140,252,DepthLow,DepthLow,DepthLow--DepthLow,2,0.08870483408120082,2.2726744671369282e-05,0.00044768804361213296
5970,36990,121,328,121,328,DepthLow,DepthLow,DepthLow--DepthLow,9,0.2477812150618369,2.2726222285998055e-05,0.00044767775328290903
5971,21506,64,291,64,291,DepthMid,DepthHigh,DepthHigh--DepthMid,2,0.08952681853007555,2.2724815009372857e-05,0.0004476500317183706
5972,65245,315,356,315,356,DepthMid,DepthMid,DepthMid--DepthMid,7,0.19445495446020675,2.2724012342945183e-05,0.0004476342202078408
5973,10174,29,54,29,54,DepthMid,DepthHigh,DepthHigh--DepthMid,10,0.3137430496510698,2.2723011912333745e-05,0.00044761451299373336
5974,20426,61,114,61,114,DepthHigh,DepthLow,DepthHigh--DepthLow,7,0.19398480541932636,2.272151757074128e-05,0.0004475850763597722
5975,9485,27,36,27,36,DepthMid,DepthMid,DepthMid--DepthMid,10,0.4196376132841483,2.27191816985408e-05,0.0004475390626402237
5976,18297,54,127,54,127,DepthHigh,DepthLow,DepthHigh--DepthLow,9,0.23375103865963132,2.27185832060243e-05,0.00044752727309677157
5977,56176,221,264,221,264,DepthMid,DepthMid,DepthMid--DepthMid,9,0.2543337584126732,2.271813274167563e-05,0.00044751839952046797
5978,24366,74,206,74,206,DepthMid,DepthLow,DepthLow--DepthMid,4,0.13061591836157152,2.271766393492819e-05,0.000447509164622174
5979,26599,82,155,82,155,DepthHigh,DepthMid,DepthHigh--DepthMid,10,0.27190043477949816,2.2717227332852368e-05,0.0004475005641150627
5980,34682,112,243,112,243,DepthLow,DepthLow,DepthLow--DepthLow,8,0.21719925264047985,2.271685983615704e-05,0.0004474933248962945
5981,31438,99,353,99,353,DepthLow,DepthHigh,DepthHigh--DepthLow,2,0.0945512845573197,2.2716784287230856e-05,0.0004474918366782743
5982,14192,41,130,41,130,DepthMid,DepthLow,DepthLow--DepthMid,6,0.16908763916400946,2.2716531553828688e-05,0.00044748685815081655
5983,37722,124,337,124,337,DepthLow,DepthHigh,DepthHigh--DepthLow,10,0.2911796027185847,2.2716482703103248e-05,0.0004474858958534872
5984,38721,129,151,129,151,DepthLow,DepthMid,DepthLow--DepthMid,9,0.2655951380913813,2.2715771773091004e-05,0.00044747189143398377
5985,33042,106,130,106,130,DepthLow,DepthLow,DepthLow--DepthLow,8,0.21997938217798818,2.2715678646863422e-05,0.00044747005696542093
5986,16562,48,267,48,267,DepthHigh,DepthHigh,DepthHigh--DepthHigh,7,0.1928285165125744,2.2715485581196927e-05,0.0004474662538166739
5987,55772,218,292,218,292,DepthHigh,DepthHigh,DepthHigh--DepthHigh,1,0.04233066536462039,2.271469396906326e-05,0.0004474506600617149
5988,33105,106,193,106,193,DepthLow,DepthMid,DepthLow--DepthMid,7,0.20022893398219524,2.271381240154551e-05,0.00044743329429978805
5989,38938,130,134,130,134,DepthLow,DepthLow,DepthLow--DepthLow,8,0.22207366159269368,2.2713790453169148e-05,0.00044743286194461285
5990,47809,171,272,171,272,DepthLow,DepthHigh,DepthHigh--DepthLow,2,0.07609557110055258,2.2713197333619474e-05,0.00044742117824179224
5991,64582,303,347,303,347,DepthHigh,DepthMid,DepthHigh--DepthMid,9,0.25327244361400086,2.2712415858613945e-05,0.0004474057841753997
5992,17119,50,195,50,195,DepthHigh,DepthMid,DepthHigh--DepthMid,5,0.14688638137603774,2.2711821310345725e-05,0.00044739407232863586
5993,20247,60,238,60,238,DepthHigh,DepthMid,DepthHigh--DepthMid,7,0.18167969523369515,2.2710971875503118e-05,0.0004473773395396525
5994,64776,306,364,306,364,DepthHigh,DepthHigh,DepthHigh--DepthHigh,5,0.15694732905324577,2.2710370823372644e-05,0.00044736549957505176
5995,62314,273,344,273,344,DepthHigh,DepthHigh,DepthHigh--DepthHigh,7,0.19032847986018298,2.2710302596536052e-05,0.0004473641555929092
5996,22397,67,288,67,288,DepthMid,DepthHigh,DepthHigh--DepthMid,10,0.2726840614883753,2.271007770103569e-05,0.00044735972543680767
5997,33580,108,155,108,155,DepthLow,DepthMid,DepthLow--DepthMid,5,0.1458759387209276,2.2709456794438513e-05,0.00044734749436439606
5998,15190,44,165,44,165,DepthMid,DepthLow,DepthLow--DepthMid,10,0.2779595187428854,2.270923603039752e-05,0.00044734314559280377
5999,21264,63,349,63,349,DepthMid,DepthMid,DepthMid--DepthMid,8,0.22666585020820812,2.27080500746634e-05,0.00044731978376909797
6000,4740,13,100,13,100,DepthMid,DepthLow,DepthLow--DepthMid,6,0.16428960156402758,2.2707452210039323e-05,0.0004473080065943302
6001,47863,171,326,171,326,DepthLow,DepthLow,DepthLow--DepthLow,7,0.20025848063408133,2.2706958741246616e-05,0.00044729828588502556
6002,5044,14,54,14,54,DepthHigh,DepthHigh,DepthHigh--DepthHigh,4,0.1390814478494055,2.2706934236709063e-05,0.0004472978031767171
6003,62671,277,347,277,347,DepthHigh,DepthMid,DepthHigh--DepthMid,6,0.16833071335096925,2.2706727587835076e-05,0.0004472937324560113
6004,64396,300,347,300,347,DepthHigh,DepthMid,DepthHigh--DepthMid,4,0.13601216650816442,2.2705861767068957e-05,0.0004472766768851186
6005,37737,124,352,124,352,DepthLow,DepthMid,DepthLow--DepthMid,10,0.2783977187255869,2.27047971282705e-05,0.000447255704851168
6006,28303,88,188,88,188,DepthLow,DepthMid,DepthLow--DepthMid,2,0.08523529771023189,2.2704662131060048e-05,0.00044725304557735146
6007,17558,51,321,51,321,DepthHigh,DepthHigh,DepthHigh--DepthHigh,5,0.15310965237675048,2.270267294743874e-05,0.00044721386118307566
6008,32517,104,122,104,122,DepthLow,DepthLow,DepthLow--DepthLow,10,0.28995295829871864,2.2701277707206676e-05,0.00044718637672021505
6009,34428,111,241,111,241,DepthLow,DepthHigh,DepthHigh--DepthLow,3,0.10520725019040109,2.2701130081153014e-05,0.0004471834686742056
6010,38947,130,143,130,143,DepthLow,DepthLow,DepthLow--DepthLow,6,0.17830841911312967,2.270023892253832e-05,0.0004471659139798342
6011,38306,127,207,127,207,DepthLow,DepthLow,DepthLow--DepthLow,6,0.17332536738643778,2.2700203691190362e-05,0.00044716521996696664
6012,65350,318,320,318,320,DepthHigh,DepthHigh,DepthHigh--DepthHigh,1,0.05931447362804066,2.2699269352039968e-05,0.00044714681467081187
6013,27302,84,297,84,297,DepthHigh,DepthHigh,DepthHigh--DepthHigh,8,0.20767380214108802,2.2698526722255403e-05,0.0004471321858060014
6014,32776,105,122,105,122,DepthLow,DepthLow,DepthLow--DepthLow,10,0.5234586355168194,2.2697669268172803e-05,0.0004471152950481618
6015,48806,176,319,176,319,DepthMid,DepthHigh,DepthHigh--DepthMid,3,0.10788965324586267,2.2697069169602585e-05,0.0004471034738674885
6016,34027,109,347,109,347,DepthLow,DepthMid,DepthLow--DepthMid,1,0.0676181248216218,2.269560005063671e-05,0.00044707453408727906
6017,65289,316,352,316,352,DepthHigh,DepthMid,DepthHigh--DepthMid,4,0.13304590838288155,2.269551357655512e-05,0.00044707283065755475
6018,11322,32,203,32,203,DepthMid,DepthLow,DepthLow--DepthMid,7,0.20073581269550816,2.26953943111288e-05,0.00044707048127993153
6019,28241,88,126,88,126,DepthLow,DepthLow,DepthLow--DepthLow,5,0.14836261447281263,2.2694547221325528e-05,0.0004470537946852487
6020,48006,172,277,172,277,DepthLow,DepthHigh,DepthHigh--DepthLow,7,0.18206991951243987,2.2694406554162443e-05,0.000447051023720557
6021,17197,50,273,50,273,DepthHigh,DepthHigh,DepthHigh--DepthHigh,9,0.24798382969518024,2.269407577461989e-05,0.0004470445077831267
6022,66116,339,351,339,351,DepthHigh,DepthMid,DepthHigh--DepthMid,2,0.08627596928688212,2.2693750332873563e-05,0.0004470380969935117
6023,17141,50,217,50,217,DepthHigh,DepthLow,DepthHigh--DepthLow,8,0.2113823422469004,2.2693634157972595e-05,0.0004470358084953179
6024,52757,199,222,199,222,DepthLow,DepthMid,DepthLow--DepthMid,6,0.16927772273158323,2.269300625591373e-05,0.000447023439621184
6025,42443,145,249,145,249,DepthLow,DepthHigh,DepthHigh--DepthLow,7,0.19977222278520512,2.2692956165935297e-05,0.0004470224529121426
6026,41797,142,263,142,263,DepthLow,DepthMid,DepthLow--DepthMid,9,0.24049995406000424,2.2692804463482285e-05,0.0004470194645662364
6027,40682,137,268,137,268,DepthLow,DepthLow,DepthLow--DepthLow,8,0.20768406683027182,2.269235390649805e-05,0.0004470105891651297
6028,55868,219,243,219,243,DepthMid,DepthLow,DepthLow--DepthMid,9,0.2638992028482244,2.2690985290340542e-05,0.00044698362916276813
6029,4862,13,222,13,222,DepthMid,DepthMid,DepthMid--DepthMid,7,0.19376367674129832,2.2690922271285652e-05,0.0004469823877673196
6030,9672,27,223,27,223,DepthMid,DepthLow,DepthLow--DepthMid,8,0.2045707414734644,2.2690236841035053e-05,0.0004469688856607769
6031,65186,314,346,314,346,DepthMid,DepthMid,DepthMid--DepthMid,7,0.19755602808281922,2.2690117801105813e-05,0.0004469665407251601
6032,47792,171,255,171,255,DepthLow,DepthLow,DepthLow--DepthLow,4,0.13578372063539915,2.268820776527718e-05,0.0004469289154420096
6033,58832,241,270,241,270,DepthHigh,DepthHigh,DepthHigh--DepthHigh,9,0.2385537071641619,2.2688192123595055e-05,0.0004469286073207115
6034,8040,22,286,22,286,DepthMid,DepthLow,DepthLow--DepthMid,9,0.24649740392038744,2.2686322331841834e-05,0.00044689177479480133
6035,6728,18,348,18,348,DepthHigh,DepthMid,DepthHigh--DepthMid,7,0.19293384392831672,2.2686115039279913e-05,0.0004468876913942597
6036,58916,241,354,241,354,DepthHigh,DepthMid,DepthHigh--DepthMid,8,0.2023186490254382,2.2684917691563357e-05,0.00044686410516294936
6037,50578,186,266,186,266,DepthMid,DepthMid,DepthMid--DepthMid,10,0.30265110327535893,2.2684364760316747e-05,0.0004468532131187246
6038,55966,219,341,219,341,DepthMid,DepthHigh,DepthHigh--DepthMid,5,0.14547208235663647,2.2682275530419072e-05,0.0004468120579397022
6039,37939,125,315,125,315,DepthLow,DepthMid,DepthLow--DepthMid,10,0.2742784097535349,2.2681966212672457e-05,0.00044680596477242996
6040,20392,61,80,61,80,DepthHigh,DepthHigh,DepthHigh--DepthHigh,10,0.2991029793260679,2.2681614625161064e-05,0.0004467990389444062
6041,36681,120,262,120,262,DepthLow,DepthMid,DepthLow--DepthMid,4,0.13107208512044213,2.267849230295919e-05,0.00044673753315735675
6042,17050,50,126,50,126,DepthHigh,DepthLow,DepthHigh--DepthLow,4,0.12355466044093857,2.267835603372403e-05,0.0004467348488262669
6043,51463,191,276,191,276,DepthMid,DepthHigh,DepthHigh--DepthMid,6,0.15981865146146954,2.2678229024093217e-05,0.00044673234689763776
6044,37404,123,259,123,259,DepthLow,DepthMid,DepthLow--DepthMid,10,0.2874966588348161,2.2678072838250533e-05,0.0004467292702346417
6045,43425,150,151,150,151,DepthMid,DepthMid,DepthMid--DepthMid,10,0.9181126990040955,2.2677189070529727e-05,0.0004467118611315055
6046,35845,117,161,117,161,DepthLow,DepthHigh,DepthHigh--DepthLow,1,0.06608966559900861,2.2676369100372168e-05,0.0004466957087594449
6047,33224,106,312,106,312,DepthLow,DepthMid,DepthLow--DepthMid,9,0.24295606904302836,2.2674383231836517e-05,0.0004466565896681517
6048,31302,99,217,99,217,DepthLow,DepthLow,DepthLow--DepthLow,6,0.17158660989935387,2.267348032121506e-05,0.00044663880347415333
6049,15070,44,45,44,45,DepthMid,DepthMid,DepthMid--DepthMid,10,0.821927540708257,2.2672601951518232e-05,0.00044662150070524264
6050,34237,110,303,110,303,DepthLow,DepthHigh,DepthHigh--DepthLow,1,0.060657161006608507,2.2671455005221553e-05,0.0004465989073179752
6051,64935,309,355,309,355,DepthHigh,DepthMid,DepthHigh--DepthMid,9,0.24276533975459583,2.2670376132616157e-05,0.0004465776548960819
6052,23457,71,170,71,170,DepthMid,DepthLow,DepthLow--DepthMid,3,0.11253513625762324,2.267006666169443e-05,0.0004465715587114542
6053,30990,98,170,98,170,DepthLow,DepthLow,DepthLow--DepthLow,6,0.1704142658200435,2.2670046433214656e-05,0.00044657116023606036
6054,42002,143,247,143,247,DepthLow,DepthLow,DepthLow--DepthLow,9,0.25653961902589417,2.266909918516349e-05,0.0004465525006509339
6055,56675,224,340,224,340,DepthLow,DepthMid,DepthLow--DepthMid,9,0.243479911687177,2.2669051252456922e-05,0.00044655155643741194
6056,18911,56,124,56,124,DepthHigh,DepthLow,DepthHigh--DepthLow,3,0.11629616425045712,2.266866656292596e-05,0.000446543978541589
6057,32969,105,315,105,315,DepthLow,DepthMid,DepthLow--DepthMid,5,0.15858595662728578,2.266820612035766e-05,0.00044653490840701503
6058,15723,46,61,46,61,DepthHigh,DepthHigh,DepthHigh--DepthHigh,10,0.3683391169910365,2.2668034497826542e-05,0.0004465315276608366
6059,3618,10,34,10,34,DepthHigh,DepthMid,DepthHigh--DepthMid,9,0.23972133689744854,2.2665199261442498e-05,0.00044647567710026116
6060,15420,45,76,45,76,DepthMid,DepthMid,DepthMid--DepthMid,8,0.20217304121566343,2.2665022370748568e-05,0.00044647219257795744
6061,12034,34,254,34,254,DepthMid,DepthLow,DepthLow--DepthMid,5,0.15443909248886079,2.2663840125964137e-05,0.00044644890385525356
6062,35216,114,276,114,276,DepthLow,DepthHigh,DepthHigh--DepthLow,5,0.14069981289950637,2.2663832922329788e-05,0.00044644876195279394
6063,53990,206,328,206,328,DepthLow,DepthLow,DepthLow--DepthLow,6,0.17408909916437465,2.266236124591512e-05,0.0004464197717940871
6064,26519,81,357,81,357,DepthHigh,DepthMid,DepthHigh--DepthMid,9,0.24306746584609526,2.2660333144739348e-05,0.00044637982077335103
6065,19718,58,318,58,318,DepthHigh,DepthHigh,DepthHigh--DepthHigh,9,0.26864365984356214,2.2660291920190823e-05,0.00044637900870203394
6066,46142,163,177,163,177,DepthLow,DepthMid,DepthLow--DepthMid,7,0.19478895166431232,2.2660067688435003e-05,0.000446374591620858
6067,48875,177,201,177,201,DepthMid,DepthLow,DepthLow--DepthMid,3,0.1020618039835695,2.2659789815307477e-05,0.0004463691178726977
6068,66396,356,359,356,359,DepthMid,DepthHigh,DepthHigh--DepthMid,4,0.1387332496745461,2.2659182069966872e-05,0.00044635714606034696
6069,48739,176,252,176,252,DepthMid,DepthLow,DepthLow--DepthMid,5,0.1499340265472739,2.2659028954652628e-05,0.0004463541298828665
6070,12064,34,284,34,284,DepthMid,DepthLow,DepthLow--DepthMid,4,0.1274729682687214,2.265874531514427e-05,0.00044634854254431785
6071,61416,264,301,264,301,DepthMid,DepthHigh,DepthHigh--DepthMid,6,0.1619931855818168,2.2657053797946007e-05,0.00044631522180101844
6072,6479,18,99,18,99,DepthHigh,DepthLow,DepthHigh--DepthLow,6,0.17666243425758107,2.2656543461872446e-05,0.0004463051688276753
6073,18571,55,92,55,92,DepthHigh,DepthLow,DepthHigh--DepthLow,3,0.12103168614137717,2.2655667845624467e-05,0.0004462879202982145
6074,25541,78,231,78,231,DepthMid,DepthMid,DepthMid--DepthMid,8,0.2117759250789281,2.2655259286174924e-05,0.0004462798721952719
6075,45592,160,233,160,233,DepthLow,DepthMid,DepthLow--DepthMid,7,0.18956778075969485,2.2654833135834468e-05,0.00044627147757409045
6076,18750,55,271,55,271,DepthHigh,DepthHigh,DepthHigh--DepthHigh,9,0.24242638009679376,2.2654088138006303e-05,0.00044625680206182463
6077,64515,302,341,302,341,DepthHigh,DepthHigh,DepthHigh--DepthHigh,7,0.18441801974632702,2.2652447654777558e-05,0.00044622448662299364
6078,17195,50,271,50,271,DepthHigh,DepthHigh,DepthHigh--DepthHigh,8,0.21544576018406456,2.265166095454732e-05,0.00044620898962630193
6079,35951,117,267,117,267,DepthLow,DepthHigh,DepthHigh--DepthLow,6,0.16625243891553473,2.265157619560114e-05,0.0004462073199825698
6080,503,1,141,1,141,DepthHigh,DepthLow,DepthHigh--DepthLow,3,0.10288848669212818,2.2651052414688218e-05,0.00044619700216294453
6081,20459,61,147,61,147,DepthHigh,DepthLow,DepthHigh--DepthLow,6,0.16826712593026105,2.2650570078406944e-05,0.00044618750074999476
6082,39260,131,223,131,223,DepthLow,DepthLow,DepthLow--DepthLow,4,0.1324028332910809,2.265021935035794e-05,0.00044618059185228996
6083,32554,104,159,104,159,DepthLow,DepthHigh,DepthHigh--DepthLow,3,0.10192978832014256,2.2649726993967328e-05,0.00044617089305589564
6084,17499,51,262,51,262,DepthHigh,DepthMid,DepthHigh--DepthMid,3,0.11538986274366202,2.264917231911138e-05,0.0004461599666647784
6085,42609,146,197,146,197,DepthLow,DepthMid,DepthLow--DepthMid,2,0.07395977802099091,2.2648664096522976e-05,0.0004461499553244122
6086,9971,28,186,28,186,DepthHigh,DepthMid,DepthHigh--DepthMid,8,0.20375344458399897,2.2647677070759988e-05,0.00044613051216881657
6087,8809,25,35,25,35,DepthHigh,DepthMid,DepthHigh--DepthMid,10,0.3073639292603862,2.264684753095783e-05,0.0004461141712868954
6088,51470,191,283,191,283,DepthMid,DepthLow,DepthLow--DepthMid,2,0.0793810905419243,2.2645949678748914e-05,0.00044609648473720805
6089,55081,213,341,213,341,DepthHigh,DepthHigh,DepthHigh--DepthHigh,3,0.11298645233436921,2.2645847017455036e-05,0.0004460944624399334
6090,42914,147,285,147,285,DepthLow,DepthLow,DepthLow--DepthLow,2,0.07938794340104388,2.264581352309805e-05,0.00044609380264358473
6091,32464,103,329,103,329,DepthLow,DepthLow,DepthLow--DepthLow,9,0.23375257365773075,2.2645491406060196e-05,0.0004460874573465096
6092,45266,158,316,158,316,DepthHigh,DepthHigh,DepthHigh--DepthHigh,4,0.1388915707948599,2.264531463489297e-05,0.0004460839751787303
6093,53714,205,210,205,210,DepthLow,DepthMid,DepthLow--DepthMid,6,0.1720428118079981,2.2645214114896848e-05,0.0004460819950623054
6094,23752,72,173,72,173,DepthMid,DepthMid,DepthMid--DepthMid,7,0.19477363589909846,2.2644650511388827e-05,0.00044607089278806745
6095,20165,60,156,60,156,DepthHigh,DepthLow,DepthHigh--DepthLow,6,0.17768439055761504,2.2644422239128206e-05,0.00044606639611407184
6096,12845,37,81,37,81,DepthMid,DepthHigh,DepthHigh--DepthMid,8,0.22377540668016138,2.2644329539342847e-05,0.0004460645700458799
6097,37331,123,186,123,186,DepthLow,DepthMid,DepthLow--DepthMid,10,0.4072845774446066,2.26435813607311e-05,0.000446049831876212
6098,65191,314,351,314,351,DepthMid,DepthMid,DepthMid--DepthMid,5,0.15163113207749446,2.2642078293172616e-05,0.0004460202233517883
6099,52295,196,258,196,258,DepthMid,DepthMid,DepthMid--DepthMid,2,0.09943522203498535,2.2641876617607296e-05,0.00044601625059895503
6100,12127,34,347,34,347,DepthMid,DepthMid,DepthMid--DepthMid,9,0.2684158501175608,2.2641531666560277e-05,0.00044600945550086183
6101,33710,108,285,108,285,DepthLow,DepthLow,DepthLow--DepthLow,10,0.3500103998613003,2.2640856419910253e-05,0.00044599615399833355
6102,1757,4,312,4,312,DepthHigh,DepthMid,DepthHigh--DepthMid,5,0.14673806778553933,2.2639772175123557e-05,0.0004459747957512827
6103,57894,233,344,233,344,DepthMid,DepthHigh,DepthHigh--DepthMid,4,0.12342682567002712,2.2639328145817618e-05,0.00044596604893715886
6104,20027,59,322,59,322,DepthHigh,DepthLow,DepthHigh--DepthLow,6,0.16511078866127105,2.263911110668993e-05,0.000445961773541634
6105,58861,241,299,241,299,DepthHigh,DepthHigh,DepthHigh--DepthHigh,10,0.3399340537937974,2.263846217826326e-05,0.00044594899047472404
6106,5206,14,216,14,216,DepthHigh,DepthMid,DepthHigh--DepthMid,6,0.16374889160632186,2.263817606660477e-05,0.0004459433544379534
6107,32740,104,345,104,345,DepthLow,DepthMid,DepthLow--DepthMid,6,0.16451743915849668,2.2636966067159075e-05,0.00044591951898362644
6108,62939,280,360,280,360,DepthLow,DepthMid,DepthLow--DepthMid,10,0.34571414323680655,2.2636742508044444e-05,0.0004459151151526287
6109,55139,214,249,214,249,DepthHigh,DepthHigh,DepthHigh--DepthHigh,7,0.1903692913017549,2.26338740883079e-05,0.00044585861092209854
6110,61661,266,349,266,349,DepthMid,DepthMid,DepthMid--DepthMid,9,0.24479170604097913,2.2632783021032758e-05,0.0004458371182806789
6111,17663,52,114,52,114,DepthHigh,DepthLow,DepthHigh--DepthLow,8,0.21255711440860542,2.2632266717447874e-05,0.00044582694775493185
6112,12884,37,120,37,120,DepthMid,DepthLow,DepthLow--DepthMid,7,0.19209731004759908,2.263210251660453e-05,0.0004458237132065889
6113,34365,111,178,111,178,DepthLow,DepthLow,DepthLow--DepthLow,10,0.5974897183724676,2.2631923100251756e-05,0.0004458201789320095
6114,13807,40,68,40,68,DepthMid,DepthMid,DepthMid--DepthMid,9,0.23730848827690673,2.2631444272727237e-05,0.00044581074663711736
6115,34140,110,206,110,206,DepthLow,DepthLow,DepthLow--DepthLow,8,0.22261760304109277,2.263113470917045e-05,0.00044580464862769653
6116,25911,79,316,79,316,DepthMid,DepthHigh,DepthHigh--DepthMid,6,0.16706908328595532,2.2630739822806314e-05,0.00044579686986719356
6117,10577,30,123,30,123,DepthHigh,DepthLow,DepthHigh--DepthLow,10,0.2918643648208719,2.2628096822762882e-05,0.0004457448061186972
6118,37648,124,263,124,263,DepthLow,DepthMid,DepthLow--DepthMid,3,0.11453082100089688,2.2628078223509404e-05,0.00044574443973699484
6119,12165,35,56,35,56,DepthMid,DepthHigh,DepthHigh--DepthMid,1,0.043694051583946396,2.262753907602801e-05,0.00044573381921546155
6120,2168,5,364,5,364,DepthHigh,DepthHigh,DepthHigh--DepthHigh,6,0.1658525361302869,2.2626700068141183e-05,0.0004457172918242817
6121,46347,164,182,164,182,DepthLow,DepthLow,DepthLow--DepthLow,8,0.21180742611037404,2.262563065833946e-05,0.00044569622580761825
6122,27508,85,224,85,224,DepthHigh,DepthLow,DepthHigh--DepthLow,7,0.17888093783422154,2.2625265588700935e-05,0.0004456890343987906
6123,8205,23,110,23,110,DepthHigh,DepthLow,DepthHigh--DepthLow,1,0.051124957434416356,2.262525860924145e-05,0.00044568889691229147
6124,5325,14,335,14,335,DepthHigh,DepthHigh,DepthHigh--DepthHigh,5,0.14366506414932687,2.2624443147758027e-05,0.00044567283335539254
6125,59677,248,282,248,282,DepthHigh,DepthHigh,DepthHigh--DepthHigh,9,0.24341651709060547,2.262387872373558e-05,0.00044566171491806114
6126,24308,74,148,74,148,DepthMid,DepthMid,DepthMid--DepthMid,8,0.22497262611140675,2.2623828138303745e-05,0.0004456607184492161
6127,5628,15,289,15,289,DepthHigh,DepthHigh,DepthHigh--DepthHigh,8,0.21473327675067153,2.262323167520341e-05,0.00044564896888268826
6128,11513,33,63,33,63,DepthMid,DepthMid,DepthMid--DepthMid,10,0.39348999751231195,2.262297609148046e-05,0.0004456439342075265
6129,28560,89,170,89,170,DepthLow,DepthLow,DepthLow--DepthLow,2,0.08487200697746985,2.2622131420624987e-05,0.0004456272952630472
6130,62090,271,303,271,303,DepthHigh,DepthHigh,DepthHigh--DepthHigh,10,0.34630426705178086,2.2621751134804016e-05,0.0004456198041147254
6131,27868,86,306,86,306,DepthHigh,DepthHigh,DepthHigh--DepthHigh,10,0.653392609900221,2.2620977801966616e-05,0.00044560457043871753
6132,47545,170,201,170,201,DepthLow,DepthLow,DepthLow--DepthLow,2,0.07397588982136279,2.262071760081546e-05,0.00044559944480607676
6133,48921,177,247,177,247,DepthMid,DepthLow,DepthLow--DepthMid,10,0.27862015739129836,2.262032174762183e-05,0.0004455916470002591
6134,27706,86,144,86,144,DepthHigh,DepthLow,DepthHigh--DepthLow,7,0.18228729534459534,2.2619527076975914e-05,0.00044557599299648823
6135,29991,94,241,94,241,DepthLow,DepthHigh,DepthHigh--DepthLow,3,0.11537260083842305,2.2618564701697125e-05,0.00044555703542416487
6136,19817,59,112,59,112,DepthHigh,DepthLow,DepthHigh--DepthLow,5,0.14876159829858995,2.2618013053779116e-05,0.0004455461686598857
6137,7762,21,350,21,350,DepthMid,DepthMid,DepthMid--DepthMid,2,0.0774493901586134,2.2616784729805772e-05,0.00044552197223560674
6138,54625,210,341,210,341,DepthMid,DepthHigh,DepthHigh--DepthMid,3,0.10244000600243038,2.2616286846234992e-05,0.00044551216456077377
6139,46482,164,317,164,317,DepthLow,DepthMid,DepthLow--DepthMid,9,0.2337562572430486,2.2615509951756494e-05,0.00044549686072495385
6140,63234,284,329,284,329,DepthLow,DepthLow,DepthLow--DepthLow,7,0.19824390563866262,2.2615285816744678e-05,0.000445492445549512
6141,7117,20,48,20,48,DepthMid,DepthHigh,DepthHigh--DepthMid,1,0.04286147038500057,2.2615101353330476e-05,0.0004454888118542241
6142,31184,98,364,98,364,DepthLow,DepthHigh,DepthHigh--DepthLow,7,0.1941394169359675,2.2612104191003345e-05,0.00044542977155795545
6143,22737,68,332,68,332,DepthMid,DepthMid,DepthMid--DepthMid,10,0.3531118222142033,2.261157658437823e-05,0.00044541937837665245
6144,4909,13,269,13,269,DepthMid,DepthHigh,DepthHigh--DepthMid,8,0.21786679291835578,2.261073984123212e-05,0.00044540289559799216
6145,45774,161,212,161,212,DepthHigh,DepthLow,DepthHigh--DepthLow,1,0.031651417081708336,2.2609115862894067e-05,0.00044537090528457316
6146,59687,248,292,248,292,DepthHigh,DepthHigh,DepthHigh--DepthHigh,7,0.18307123681527263,2.2608978385818957e-05,0.0004453681971605682
6147,57601,231,314,231,314,DepthMid,DepthMid,DepthMid--DepthMid,7,0.1986295801317779,2.260842791609494e-05,0.00044535735360521635
6148,8379,23,284,23,284,DepthHigh,DepthLow,DepthHigh--DepthLow,10,0.2837973519174392,2.2608096576132292e-05,0.000445350826628221
6149,57252,229,232,229,232,DepthMid,DepthMid,DepthMid--DepthMid,9,0.25620572494366695,2.2607908226049535e-05,0.0004453471163704924
6150,32874,105,220,105,220,DepthLow,DepthHigh,DepthHigh--DepthLow,1,0.06575496156281853,2.260696606142521e-05,0.00044532855692242695
6151,42847,147,218,147,218,DepthLow,DepthHigh,DepthHigh--DepthLow,5,0.15226318078028647,2.260686910464833e-05,0.00044532664699690154
6152,61720,267,311,267,311,DepthHigh,DepthMid,DepthHigh--DepthMid,9,0.2453282015688064,2.2605842114716634e-05,0.00044530641659787265
6153,49084,178,224,178,224,DepthLow,DepthLow,DepthLow--DepthLow,1,0.048493623368587216,2.260540709077291e-05,0.00044529784717796205
6154,48642,175,343,175,343,DepthMid,DepthHigh,DepthHigh--DepthMid,4,0.13431431342496308,2.260494171260047e-05,0.0004452886798182468
6155,10045,28,260,28,260,DepthHigh,DepthMid,DepthHigh--DepthMid,6,0.16970456769386977,2.260472533677542e-05,0.0004452844174889426
6156,25561,78,251,78,251,DepthMid,DepthLow,DepthLow--DepthMid,9,0.26698018516096933,2.2604236803992928e-05,0.0004452747940127784
6157,29125,91,188,91,188,DepthLow,DepthMid,DepthLow--DepthMid,3,0.10177156748880503,2.2604110554004464e-05,0.0004452723070481401
6158,60203,252,354,252,354,DepthLow,DepthMid,DepthLow--DepthMid,5,0.1477566917410917,2.2601150141739427e-05,0.00044521399068148115
6159,38787,129,217,129,217,DepthLow,DepthLow,DepthLow--DepthLow,3,0.11117836595022647,2.2600070095844385e-05,0.0004451927151472701
6160,17541,51,304,51,304,DepthHigh,DepthHigh,DepthHigh--DepthHigh,10,0.296475908349513,2.2597983561630728e-05,0.00044515161306980366
6161,35281,114,341,114,341,DepthLow,DepthHigh,DepthHigh--DepthLow,4,0.13468596161596036,2.259754309936352e-05,0.00044514293652181836
6162,41638,141,326,141,326,DepthLow,DepthLow,DepthLow--DepthLow,5,0.15148075133649425,2.259670248525174e-05,0.0004451263774900442
6163,24897,76,160,76,160,DepthMid,DepthLow,DepthLow--DepthMid,4,0.12612283769030325,2.2596076271057333e-05,0.00044511404186469924
6164,26541,82,97,82,97,DepthHigh,DepthLow,DepthHigh--DepthLow,8,0.2239537771010779,2.259606676361378e-05,0.00044511385458012045
6165,59320,245,276,245,276,DepthLow,DepthHigh,DepthHigh--DepthLow,5,0.1498891537694733,2.2595638052011873e-05,0.0004451054095053371
6166,10393,29,273,29,273,DepthMid,DepthHigh,DepthHigh--DepthMid,7,0.19609238217166577,2.2595331114191783e-05,0.00044509936321959873
6167,46905,166,343,166,343,DepthMid,DepthHigh,DepthHigh--DepthMid,4,0.1367680127834891,2.259417118617858e-05,0.0004450765141089816
6168,26007,80,128,80,128,DepthHigh,DepthLow,DepthHigh--DepthLow,4,0.12807500457037896,2.2594034952426215e-05,0.0004450738304768578
6169,36217,118,287,118,287,DepthLow,DepthHigh,DepthHigh--DepthLow,1,0.032485277140100605,2.2593767284421324e-05,0.00044506855775666937
6170,8349,23,254,23,254,DepthHigh,DepthLow,DepthHigh--DepthLow,8,0.20957110294110168,2.2592769171081855e-05,0.00044504889618988047
6171,54536,210,252,210,252,DepthMid,DepthLow,DepthLow--DepthMid,5,0.15676174050024697,2.25922883304294e-05,0.0004450394242389214
6172,25408,78,98,78,98,DepthMid,DepthLow,DepthLow--DepthMid,4,0.12472168944713505,2.2591568950741267e-05,0.00044502525337152037
6173,65363,318,333,318,333,DepthHigh,DepthMid,DepthHigh--DepthMid,9,0.25080250458092745,2.25907664902317e-05,0.0004450094459173161
6174,19450,57,356,57,356,DepthHigh,DepthMid,DepthHigh--DepthMid,3,0.10210512186956205,2.2590731029126016e-05,0.0004450087473785127
6175,32212,102,338,102,338,DepthLow,DepthHigh,DepthHigh--DepthLow,5,0.15391453712986292,2.258995965083588e-05,0.0004449935522046069
6176,23606,71,319,71,319,DepthMid,DepthHigh,DepthHigh--DepthMid,3,0.11777999273077783,2.258962668802833e-05,0.0004449869932596254
6177,50491,185,357,185,357,DepthLow,DepthMid,DepthLow--DepthMid,7,0.18946448226348162,2.258766598065687e-05,0.00044494836981135246
6178,15809,46,147,46,147,DepthHigh,DepthLow,DepthHigh--DepthLow,8,0.2198803160996125,2.258738378615719e-05,0.000444942810937642
6179,44583,155,254,155,254,DepthMid,DepthLow,DepthLow--DepthMid,2,0.09401730380407218,2.258638092628227e-05,0.0004449230558701252
6180,14091,40,352,40,352,DepthMid,DepthMid,DepthMid--DepthMid,5,0.14187756738106977,2.258636205285231e-05,0.00044492268408749384
6181,49958,182,364,182,364,DepthLow,DepthHigh,DepthHigh--DepthLow,7,0.17923326665732012,2.258629520729427e-05,0.0004449213673147868
6182,42126,144,151,144,151,DepthLow,DepthMid,DepthLow--DepthMid,10,0.28242376594564567,2.2585975490487532e-05,0.0004449150692992202
6183,10296,29,176,29,176,DepthMid,DepthMid,DepthMid--DepthMid,6,0.1754387120419775,2.258327780255309e-05,0.00044486192826863666
6184,4476,12,187,12,187,DepthHigh,DepthLow,DepthHigh--DepthLow,5,0.14700719061057704,2.2581852639573565e-05,0.00044483385436560485
6185,63904,293,324,293,324,DepthLow,DepthMid,DepthLow--DepthMid,2,0.0988243768613686,2.2580671438263896e-05,0.0004448105861980303
6186,6336,17,302,17,302,DepthHigh,DepthHigh,DepthHigh--DepthHigh,10,0.579165108012758,2.2580378727645386e-05,0.00044480482017011735
6187,11017,31,230,31,230,DepthHigh,DepthMid,DepthHigh--DepthMid,4,0.13480868975783217,2.25803674402679e-05,0.0004448045978230977
6188,47294,168,339,168,339,DepthLow,DepthHigh,DepthHigh--DepthLow,4,0.12824272915314142,2.25800384873342e-05,0.000444798117867545
6189,18387,54,217,54,217,DepthHigh,DepthLow,DepthHigh--DepthLow,9,0.251797382874238,2.257986450563455e-05,0.0004447946906487388
6190,42380,145,186,145,186,DepthLow,DepthMid,DepthLow--DepthMid,10,0.32311555990323504,2.2578903599598336e-05,0.00044477576201863066
6191,3338,9,108,9,108,DepthHigh,DepthLow,DepthHigh--DepthLow,5,0.14640461704332242,2.2578650379476565e-05,0.00044477077390341405
6192,1899,5,95,5,95,DepthHigh,DepthLow,DepthHigh--DepthLow,3,0.12056038587165087,2.257846206395474e-05,0.00044476706432649193
6193,797,2,73,2,73,DepthHigh,DepthMid,DepthHigh--DepthMid,3,0.1182495866397776,2.2577919139560114e-05,0.0004447563694045586
6194,2196,6,34,6,34,DepthHigh,DepthMid,DepthHigh--DepthMid,4,0.12167086291575469,2.2577763094142062e-05,0.00044475329550774966
6195,11397,32,278,32,278,DepthMid,DepthMid,DepthMid--DepthMid,10,0.4844178560503728,2.2577350420364374e-05,0.0004447451663577612
6196,18769,55,290,55,290,DepthHigh,DepthHigh,DepthHigh--DepthHigh,9,0.2654942973560362,2.257605613137021e-05,0.00044471967050624156
6197,20913,62,299,62,299,DepthHigh,DepthHigh,DepthHigh--DepthHigh,10,0.3259719137421651,2.2575132856678075e-05,0.00044470148316588044
6198,49268,179,223,179,223,DepthLow,DepthLow,DepthLow--DepthLow,2,0.0741347663567464,2.2574646849796485e-05,0.0004446919094467602
6199,40167,135,208,135,208,DepthLow,DepthMid,DepthLow--DepthMid,3,0.11043357910014538,2.2574270273852934e-05,0.000444684491378318
6200,34717,112,278,112,278,DepthLow,DepthMid,DepthLow--DepthMid,10,0.3662206824071785,2.2574231171604677e-05,0.00044468372111362435
6201,63034,282,290,282,290,DepthHigh,DepthHigh,DepthHigh--DepthHigh,3,0.11554170273095364,2.2573203818427117e-05,0.00044466348355911265
6202,26201,80,322,80,322,DepthHigh,DepthLow,DepthHigh--DepthLow,5,0.151205330704673,2.257282906016979e-05,0.00044465610129678355
6203,38894,129,324,129,324,DepthLow,DepthMid,DepthLow--DepthMid,5,0.15225649354474807,2.2572312284361378e-05,0.000444645921468832
6204,66407,357,363,357,363,DepthMid,DepthMid,DepthMid--DepthMid,10,0.31135182091086544,2.2571682238745567e-05,0.0004446335103693451
6205,59743,248,348,248,348,DepthHigh,DepthMid,DepthHigh--DepthMid,10,0.3236344985517144,2.2571464086086324e-05,0.00044462921303866103
6206,4720,13,80,13,80,DepthMid,DepthHigh,DepthHigh--DepthMid,7,0.1951579399026554,2.2571018752882864e-05,0.0004446204405394098
6207,47407,169,257,169,257,DepthLow,DepthLow,DepthLow--DepthLow,5,0.14281401096574756,2.2570983301150904e-05,0.0004446197421852569
6208,12680,36,243,36,243,DepthMid,DepthLow,DepthLow--DepthMid,9,0.24848899119119905,2.257043203286136e-05,0.00044460888289917693
6209,20456,61,144,61,144,DepthHigh,DepthLow,DepthHigh--DepthLow,6,0.16513170534546925,2.256904545244721e-05,0.00044458156902374527
6210,45440,159,285,159,285,DepthHigh,DepthLow,DepthHigh--DepthLow,5,0.14302869409416816,2.2568214917346433e-05,0.0004445652085357038
6211,51535,191,348,191,348,DepthMid,DepthMid,DepthMid--DepthMid,3,0.10951128570486196,2.2567663087702834e-05,0.00044455433819166104
6212,7836,22,82,22,82,DepthMid,DepthHigh,DepthHigh--DepthMid,9,0.2501634175524886,2.2567514816275052e-05,0.00044455141743259994
6213,42230,144,255,144,255,DepthLow,DepthLow,DepthLow--DepthLow,8,0.21206670292635818,2.2566700532344004e-05,0.0004445353770719892
6214,13054,37,290,37,290,DepthMid,DepthHigh,DepthHigh--DepthMid,5,0.15189115058513608,2.2564382375598516e-05,0.0004444897123244339
6215,57729,232,310,232,310,DepthMid,DepthHigh,DepthHigh--DepthMid,9,0.24296209318631717,2.2563819428018004e-05,0.00044447862297113583
6216,66178,342,344,342,344,DepthMid,DepthHigh,DepthHigh--DepthMid,6,0.16232480877429417,2.2563759101733296e-05,0.00044447743461984443
6217,38469,128,134,128,134,DepthLow,DepthLow,DepthLow--DepthLow,9,0.23354136449082014,2.2563520413039187e-05,0.0004444727327553212
6218,38758,129,188,129,188,DepthLow,DepthMid,DepthLow--DepthMid,2,0.08359545731840665,2.2563410004340965e-05,0.0004444705578440077
6219,26518,81,356,81,356,DepthHigh,DepthMid,DepthHigh--DepthMid,6,0.17121459636852843,2.2562064170428105e-05,0.00044444404662296894
6220,3408,9,178,9,178,DepthHigh,DepthLow,DepthHigh--DepthLow,2,0.07565560876632912,2.2561910798469535e-05,0.0004444410253899208
6221,32626,104,231,104,231,DepthLow,DepthMid,DepthLow--DepthMid,4,0.12782645792417513,2.256153854418187e-05,0.0004444336924526181
6222,15584,45,240,45,240,DepthMid,DepthHigh,DepthHigh--DepthMid,10,0.3225487458647046,2.256137541405639e-05,0.00044443047899605896
6223,65744,327,345,327,345,DepthLow,DepthMid,DepthLow--DepthMid,9,0.26273407380793856,2.2560678886945067e-05,0.0004444167582954351
6224,43446,150,172,150,172,DepthMid,DepthLow,DepthLow--DepthMid,8,0.21213483419429235,2.2557691063896735e-05,0.00044435790197111286
6225,61175,261,363,261,363,DepthMid,DepthMid,DepthMid--DepthMid,4,0.13194199462425504,2.2556899130586312e-05,0.0004443423018893792
6226,3803,10,219,10,219,DepthHigh,DepthMid,DepthHigh--DepthMid,8,0.2185511715133894,2.2556188415539307e-05,0.0004443283017044182
6227,65048,311,361,311,361,DepthMid,DepthHigh,DepthHigh--DepthMid,4,0.13136715166154414,2.2555749474804375e-05,0.0004443196551286888
6228,60632,256,345,256,345,DepthLow,DepthMid,DepthLow--DepthMid,8,0.22029492917272478,2.2555709398849413e-05,0.0004443188656832081
6229,47849,171,312,171,312,DepthLow,DepthMid,DepthLow--DepthMid,3,0.11376421089710936,2.2555532768511633e-05,0.0004443153862895903
6230,12439,35,330,35,330,DepthMid,DepthMid,DepthMid--DepthMid,3,0.12051235322359935,2.255530374224602e-05,0.0004443108747626527
6231,63307,285,323,285,323,DepthLow,DepthLow,DepthLow--DepthLow,1,0.01569236848743149,2.255528179714634e-05,0.00044431044247202403
6232,17423,51,186,51,186,DepthHigh,DepthMid,DepthHigh--DepthMid,3,0.10159924740964166,2.2554912583819627e-05,0.00044430316943779485
6233,19526,58,126,58,126,DepthHigh,DepthLow,DepthHigh--DepthLow,4,0.1246221217871951,2.255415169826561e-05,0.0004442881809574816
6234,42770,146,358,146,358,DepthLow,DepthMid,DepthLow--DepthMid,3,0.10768876925226685,2.255366120563774e-05,0.00044427851887484933
6235,24335,74,175,74,175,DepthMid,DepthMid,DepthMid--DepthMid,7,0.1816989076073867,2.2553525473228863e-05,0.00044427584511855635
6236,26406,81,244,81,244,DepthHigh,DepthLow,DepthHigh--DepthLow,10,0.2856971864966731,2.2553314030006225e-05,0.0004442716799552632
6237,2904,8,29,8,29,DepthHigh,DepthMid,DepthHigh--DepthMid,4,0.12206572775964673,2.255316494641865e-05,0.0004442687431976844
6238,47823,171,286,171,286,DepthLow,DepthLow,DepthLow--DepthLow,8,0.2072360498132906,2.2551961366700326e-05,0.00044424503420384387
6239,13561,39,146,39,146,DepthMid,DepthLow,DepthLow--DepthMid,4,0.13920022985271008,2.2551733435360562e-05,0.0004442405442455567
6240,20373,60,364,60,364,DepthHigh,DepthHigh,DepthHigh--DepthHigh,5,0.15266409555892124,2.255166854514056e-05,0.00044423926599052895
6241,19111,56,324,56,324,DepthHigh,DepthMid,DepthHigh--DepthMid,2,0.09305494253026393,2.2551424940277588e-05,0.0004442344672837147
6242,34419,111,232,111,232,DepthLow,DepthMid,DepthLow--DepthMid,6,0.15892075900027552,2.2551242967630063e-05,0.00044423088265337107
6243,3375,9,145,9,145,DepthHigh,DepthLow,DepthHigh--DepthLow,3,0.11940953906481365,2.255098823113031e-05,0.0004442258646674316
6244,49206,178,346,178,346,DepthLow,DepthMid,DepthLow--DepthMid,3,0.10435401574356451,2.2549754025974424e-05,0.0004442015523913162
6245,51155,189,315,189,315,DepthLow,DepthMid,DepthLow--DepthMid,8,0.20942604892300068,2.2549429482718463e-05,0.0004441951593008217
6246,19563,58,163,58,163,DepthHigh,DepthLow,DepthHigh--DepthLow,4,0.13160655746130812,2.2548847895364588e-05,0.00044418370276763094
6247,56544,223,349,223,349,DepthLow,DepthMid,DepthLow--DepthMid,10,0.27265410376757787,2.2548306346445442e-05,0.00044417303494081995
6248,43878,152,179,152,179,DepthLow,DepthLow,DepthLow--DepthLow,5,0.15403532933275454,2.2547948373008308e-05,0.00044416598331815894
6249,60659,257,265,257,265,DepthLow,DepthMid,DepthLow--DepthMid,7,0.19329559052389642,2.2547469374168126e-05,0.0004441565476485655
6250,34460,111,273,111,273,DepthLow,DepthHigh,DepthHigh--DepthLow,1,0.020295102426105757,2.2547031649707292e-05,0.0004441479250318931
6251,41527,141,215,141,215,DepthLow,DepthMid,DepthLow--DepthMid,4,0.12718192127855943,2.2546411079285843e-05,0.0004441357005817169
6252,9510,27,61,27,61,DepthMid,DepthHigh,DepthHigh--DepthMid,10,0.3096637856532442,2.254506577282107e-05,0.0004441091997507364
6253,4954,13,314,13,314,DepthMid,DepthMid,DepthMid--DepthMid,7,0.1837889342325087,2.254412202822724e-05,0.0004440906091792758
6254,25538,78,228,78,228,DepthMid,DepthMid,DepthMid--DepthMid,10,0.2889186736621169,2.2543815282862567e-05,0.000444084566684665
6255,44438,154,318,154,318,DepthHigh,DepthHigh,DepthHigh--DepthHigh,7,0.1982236307955394,2.2543286076029264e-05,0.0004440741419812904
6256,55760,218,280,218,280,DepthHigh,DepthLow,DepthHigh--DepthLow,3,0.11254232735801888,2.2542528970220225e-05,0.0004440592279571591
6257,30943,98,123,98,123,DepthLow,DepthLow,DepthLow--DepthLow,10,0.31422081482830166,2.2542489000731873e-05,0.0004440584406089355
6258,33687,108,262,108,262,DepthLow,DepthMid,DepthLow--DepthMid,7,0.19661460402733846,2.2541996275355427e-05,0.0004440487345439883
6259,16131,47,152,47,152,DepthHigh,DepthLow,DepthHigh--DepthLow,5,0.15060196315981159,2.2541725620529266e-05,0.0004440434029872092
6260,18241,54,71,54,71,DepthHigh,DepthMid,DepthHigh--DepthMid,7,0.19167875076299973,2.25409477864271e-05,0.0004440280806419949
6261,21664,65,150,65,150,DepthMid,DepthMid,DepthMid--DepthMid,9,0.256744852544131,2.2540905719302622e-05,0.00044402725197300024
6262,47579,170,235,170,235,DepthLow,DepthHigh,DepthHigh--DepthLow,6,0.16849940215082662,2.253957108092361e-05,0.0004440009612897779
6263,56816,225,342,225,342,DepthHigh,DepthMid,DepthHigh--DepthMid,7,0.19048463190138543,2.2538928223335607e-05,0.0004439882978106895
6264,24013,73,143,73,143,DepthMid,DepthLow,DepthLow--DepthMid,5,0.15155782303827722,2.253795127414155e-05,0.00044396905315072075
6265,28437,88,322,88,322,DepthLow,DepthLow,DepthLow--DepthLow,2,0.09504427852203848,2.253667891158674e-05,0.00044394398922224516
6266,19121,56,334,56,334,DepthHigh,DepthHigh,DepthHigh--DepthHigh,4,0.1370241545120426,2.253629592443218e-05,0.000443936444861078
6267,62803,279,308,279,308,DepthHigh,DepthHigh,DepthHigh--DepthHigh,10,0.2762135680737904,2.2536281697075347e-05,0.0004439361646001943
6268,23419,71,132,71,132,DepthMid,DepthLow,DepthLow--DepthMid,3,0.10853338865205264,2.2536240675948998e-05,0.000443935356536036
6269,36444,119,269,119,269,DepthLow,DepthHigh,DepthHigh--DepthLow,2,0.09326228954832647,2.253415660802567e-05,0.0004438943030413609
6270,9625,27,176,27,176,DepthMid,DepthMid,DepthMid--DepthMid,8,0.20618739971406214,2.2533702008135117e-05,0.0004438853480001277
6271,6830,19,105,19,105,DepthMid,DepthLow,DepthLow--DepthMid,6,0.1593824506114916,2.2532798953941282e-05,0.0004438675589779356
6272,11631,33,181,33,181,DepthMid,DepthMid,DepthMid--DepthMid,6,0.16792146682063447,2.253048467617149e-05,0.0004438219706412814
6273,41079,139,214,139,214,DepthLow,DepthHigh,DepthHigh--DepthLow,8,0.21559613682556023,2.2530210087357795e-05,0.00044381656158993773
6274,30412,96,125,96,125,DepthLow,DepthLow,DepthLow--DepthLow,7,0.19828379747301778,2.253009227605186e-05,0.0004438142408566417
6275,46089,162,325,162,325,DepthHigh,DepthLow,DepthHigh--DepthLow,5,0.14773655204757605,2.252968317817257e-05,0.00044380618214731604
6276,12389,35,280,35,280,DepthMid,DepthLow,DepthLow--DepthMid,10,0.39275668112264994,2.2528564453424693e-05,0.000443784144688764
6277,47979,172,250,172,250,DepthLow,DepthLow,DepthLow--DepthLow,3,0.11257715153325346,2.2527950940362295e-05,0.00044377205925960964
6278,41308,140,219,140,219,DepthLow,DepthMid,DepthLow--DepthMid,7,0.1964776143994724,2.2527066464288845e-05,0.0004437546362028248
6279,55531,216,344,216,344,DepthMid,DepthHigh,DepthHigh--DepthMid,4,0.12246870440746194,2.2526495509444864e-05,0.0004437433891165927
6280,10112,28,327,28,327,DepthHigh,DepthLow,DepthHigh--DepthLow,9,0.23875962013609042,2.2526186491342216e-05,0.0004437373018519265
6281,20437,61,125,61,125,DepthHigh,DepthLow,DepthHigh--DepthLow,7,0.19017057759629075,2.2525341577905794e-05,0.0004437206581289102
6282,63698,290,334,290,334,DepthHigh,DepthHigh,DepthHigh--DepthHigh,9,0.24897236436454684,2.2525292365281553e-05,0.0004437196887026335
6283,52489,197,285,197,285,DepthMid,DepthLow,DepthLow--DepthMid,9,0.2584643920999326,2.252478606568002e-05,0.0004437097152426695
6284,64306,299,321,299,321,DepthHigh,DepthHigh,DepthHigh--DepthHigh,5,0.14583051500272107,2.2524714124063072e-05,0.0004437082980840658
6285,31579,100,230,100,230,DepthLow,DepthMid,DepthLow--DepthMid,2,0.0925304413267454,2.252358003365515e-05,0.0004436859579415006
6286,55648,217,314,217,314,DepthLow,DepthMid,DepthLow--DepthMid,7,0.20070716446642586,2.252275515003995e-05,0.00044366970878055665
6287,28431,88,316,88,316,DepthLow,DepthHigh,DepthHigh--DepthLow,3,0.1068614882509048,2.2520993903741523e-05,0.0004436350144624278
6288,37672,124,287,124,287,DepthLow,DepthHigh,DepthHigh--DepthLow,7,0.18752279190005644,2.252053740867713e-05,0.0004436260220886738
6289,37156,122,252,122,252,DepthLow,DepthLow,DepthLow--DepthLow,7,0.18477529251974945,2.251967031159108e-05,0.00044360894137589733
6290,62256,273,286,273,286,DepthHigh,DepthLow,DepthHigh--DepthLow,9,0.24327479724674136,2.2519319634271815e-05,0.000443602033477504
6291,10188,29,68,29,68,DepthMid,DepthMid,DepthMid--DepthMid,10,0.33787746805285346,2.251818008165377e-05,0.00044357958573632754
6292,4180,11,243,11,243,DepthHigh,DepthLow,DepthHigh--DepthLow,8,0.22072209301390205,2.2517689512598396e-05,0.0004435699221481704
6293,40096,135,137,135,137,DepthLow,DepthLow,DepthLow--DepthLow,10,0.7705006192482151,2.2517563956367037e-05,0.00044356744884966714
6294,40216,135,257,135,257,DepthLow,DepthLow,DepthLow--DepthLow,6,0.16034828659521808,2.2517554624790587e-05,0.0004435672650294472
6295,65883,331,346,331,346,DepthMid,DepthMid,DepthMid--DepthMid,9,0.23819459579795602,2.251715330081781e-05,0.0004435593594562194
6296,26885,83,160,83,160,DepthHigh,DepthLow,DepthHigh--DepthLow,8,0.2138020249086462,2.2516919875320138e-05,0.00044355476126999027
6297,26489,81,327,81,327,DepthHigh,DepthLow,DepthHigh--DepthLow,9,0.2680064994124346,2.251670100253707e-05,0.00044355044975378025
6298,33506,107,337,107,337,DepthLow,DepthHigh,DepthHigh--DepthLow,4,0.12369120369436122,2.2515973844171994e-05,0.00044353612565630986
6299,57798,233,248,233,248,DepthMid,DepthHigh,DepthHigh--DepthMid,6,0.17200507417625788,2.251508759936218e-05,0.00044351866775766205
6300,45630,160,271,160,271,DepthLow,DepthHigh,DepthHigh--DepthLow,7,0.19063338203653954,2.251486449982561e-05,0.0004435142729797692
6301,51455,191,268,191,268,DepthMid,DepthLow,DepthLow--DepthMid,3,0.10090125624321891,2.2514733162080652e-05,0.0004435116857927813
6302,27643,85,359,85,359,DepthHigh,DepthHigh,DepthHigh--DepthHigh,6,0.1765806771373613,2.251195998970319e-05,0.00044345705781441403
6303,52653,198,283,198,283,DepthLow,DepthLow,DepthLow--DepthLow,2,0.07610755965897133,2.2511608724732772e-05,0.00044345013834003834
6304,38675,128,340,128,340,DepthLow,DepthMid,DepthLow--DepthMid,4,0.13673422261366172,2.2511594782363486e-05,0.0004434498636930478
6305,7990,22,236,22,236,DepthMid,DepthMid,DepthMid--DepthMid,7,0.19193977248756924,2.2511330022976105e-05,0.00044344464826893504
6306,55118,214,228,214,228,DepthHigh,DepthMid,DepthHigh--DepthMid,7,0.20031715491903004,2.2510345691743717e-05,0.0004434252581921745
6307,46034,162,270,162,270,DepthHigh,DepthHigh,DepthHigh--DepthHigh,2,0.09613134764128459,2.2509627217035024e-05,0.0004434111051517206
6308,52944,200,245,200,245,DepthLow,DepthLow,DepthLow--DepthLow,3,0.10380556870019204,2.250919030911738e-05,0.0004434024986199134
6309,63318,285,334,285,334,DepthLow,DepthHigh,DepthHigh--DepthLow,10,0.33104656111226655,2.2509141206145207e-05,0.0004434015313536434
6310,19239,57,145,57,145,DepthHigh,DepthLow,DepthHigh--DepthLow,2,0.07814223120890121,2.2508695643031028e-05,0.00044339275432544263
6311,4722,13,82,13,82,DepthMid,DepthHigh,DepthHigh--DepthMid,8,0.20744268145215666,2.2507954707336184e-05,0.00044337815883205083
6312,65142,313,352,313,352,DepthHigh,DepthMid,DepthHigh--DepthMid,9,0.24298283111783964,2.250791895010322e-05,0.0004433774544599156
6313,34175,110,241,110,241,DepthLow,DepthHigh,DepthHigh--DepthLow,4,0.12593166248793655,2.2507480440774624e-05,0.00044336881638234386
6314,3312,9,82,9,82,DepthHigh,DepthHigh,DepthHigh--DepthHigh,7,0.18662372553310727,2.250654258798182e-05,0.0004433503418718903
6315,36729,120,310,120,310,DepthLow,DepthHigh,DepthHigh--DepthLow,9,0.2565143741617689,2.250635915898262e-05,0.00044334672855326585
6316,53525,203,340,203,340,DepthLow,DepthMid,DepthLow--DepthMid,8,0.20660280613978788,2.2505853278123704e-05,0.0004433367633420003
6317,10042,28,257,28,257,DepthHigh,DepthLow,DepthHigh--DepthLow,7,0.18101373304622848,2.25057433535691e-05,0.00044333459796770203
6318,14032,40,293,40,293,DepthMid,DepthLow,DepthLow--DepthMid,2,0.09337868909365234,2.2505182827519283e-05,0.0004433235563154872
6319,10244,29,124,29,124,DepthMid,DepthLow,DepthLow--DepthMid,7,0.19653684114275544,2.2505181531710554e-05,0.00044332353078969884
6320,27426,85,142,85,142,DepthHigh,DepthLow,DepthHigh--DepthLow,9,0.26536639268942547,2.2504991102941596e-05,0.0004433197795844886
6321,53575,204,230,204,230,DepthLow,DepthMid,DepthLow--DepthMid,4,0.13616467124053894,2.250462384725692e-05,0.00044331254511332456
6322,30385,96,98,96,98,DepthLow,DepthLow,DepthLow--DepthLow,10,0.7829244958851154,2.2504511374617676e-05,0.00044331032954499083
6323,52605,198,235,198,235,DepthLow,DepthHigh,DepthHigh--DepthLow,3,0.11544946075510705,2.25037873740899e-05,0.00044329606765290984
6324,17816,52,267,52,267,DepthHigh,DepthHigh,DepthHigh--DepthHigh,7,0.19037917007656627,2.2502687178920655e-05,0.00044327439520355414
6325,502,1,140,1,140,DepthHigh,DepthLow,DepthHigh--DepthLow,3,0.1147109216868658,2.2501444131409723e-05,0.0004432499087442599
6326,48257,173,337,173,337,DepthMid,DepthHigh,DepthHigh--DepthMid,4,0.1331054382335304,2.2501227459327317e-05,0.00044324564057906157
6327,20860,62,246,62,246,DepthHigh,DepthLow,DepthHigh--DepthLow,8,0.20422392784997398,2.2500531071882323e-05,0.0004432319226296872
6328,4623,12,334,12,334,DepthHigh,DepthHigh,DepthHigh--DepthHigh,5,0.1486614819717153,2.2500442653759745e-05,0.00044323018090482126
6329,36433,119,258,119,258,DepthLow,DepthMid,DepthLow--DepthMid,6,0.15879050587526064,2.250027427204619e-05,0.00044322686399863817
6330,2616,7,97,7,97,DepthHigh,DepthLow,DepthHigh--DepthLow,6,0.17066531716151495,2.2499925287505676e-05,0.00044321998944583913
6331,66379,354,359,354,359,DepthMid,DepthHigh,DepthHigh--DepthMid,5,0.15313552393802246,2.2498461170326282e-05,0.00044319114819447916
6332,41745,142,211,142,211,DepthLow,DepthLow,DepthLow--DepthLow,1,0.029097173861949203,2.2497182455365905e-05,0.0004431659591316711
6333,989,2,265,2,265,DepthHigh,DepthMid,DepthHigh--DepthMid,9,0.22897433823444027,2.2497066034550056e-05,0.00044316366578926606
6334,4935,13,295,13,295,DepthMid,DepthHigh,DepthHigh--DepthMid,4,0.13172251096522783,2.249638465241268e-05,0.0004431502434254192
6335,63667,290,303,290,303,DepthHigh,DepthHigh,DepthHigh--DepthHigh,5,0.1410225484954147,2.249622938270367e-05,0.00044314718480909453
6336,19860,59,155,59,155,DepthHigh,DepthMid,DepthHigh--DepthMid,7,0.18765424848941445,2.2495470056577684e-05,0.00044313222704753556
6337,58734,240,295,240,295,DepthHigh,DepthHigh,DepthHigh--DepthHigh,4,0.12997452124441347,2.24951217652132e-05,0.0004431253661494251
6338,45726,161,164,161,164,DepthHigh,DepthLow,DepthHigh--DepthLow,2,0.0907729659459511,2.2494875876895292e-05,0.000443120522461445
6339,51727,193,197,193,197,DepthMid,DepthMid,DepthMid--DepthMid,10,0.5731456853248138,2.2493646384353e-05,0.00044309630301783996
6340,2209,6,47,6,47,DepthHigh,DepthHigh,DepthHigh--DepthHigh,7,0.19641478802315432,2.2493624218825805e-05,0.00044309586638506873
6341,63601,289,311,289,311,DepthHigh,DepthMid,DepthHigh--DepthMid,9,0.2497784305659498,2.249336999304986e-05,0.0004430908584597405
6342,5201,14,211,14,211,DepthHigh,DepthLow,DepthHigh--DepthLow,2,0.07645470760907547,2.24911287131171e-05,0.00044304670808788596
6343,16377,48,82,48,82,DepthHigh,DepthHigh,DepthHigh--DepthHigh,7,0.18414216210469866,2.2490726525323196e-05,0.00044303878549847766
6344,48337,174,227,174,227,DepthMid,DepthMid,DepthMid--DepthMid,6,0.16040052386484693,2.2490114298000528e-05,0.0004430267253967652
6345,58524,238,334,238,334,DepthMid,DepthHigh,DepthHigh--DepthMid,5,0.15096529230202366,2.2489539057346355e-05,0.0004430153938855084
6346,7021,19,296,19,296,DepthMid,DepthHigh,DepthHigh--DepthMid,4,0.13347063998316783,2.2488741387590367e-05,0.00044299968080307317
6347,7296,20,227,20,227,DepthMid,DepthMid,DepthMid--DepthMid,5,0.14296313079393,2.2488191046785114e-05,0.0004429888397872574
6348,6259,17,225,17,225,DepthHigh,DepthHigh,DepthHigh--DepthHigh,2,0.09317442634374955,2.248765605199226e-05,0.0004429783010684211
6349,23211,70,217,70,217,DepthHigh,DepthLow,DepthHigh--DepthLow,9,0.24145502359937368,2.2487592816569397e-05,0.00044297705541079796
6350,25487,78,177,78,177,DepthMid,DepthMid,DepthMid--DepthMid,7,0.17920849737191982,2.2486785149637788e-05,0.00044296114539668326
6351,25705,79,110,79,110,DepthMid,DepthLow,DepthLow--DepthMid,3,0.11154847578654815,2.2486739734016644e-05,0.00044296025076655157
6352,17839,52,290,52,290,DepthHigh,DepthHigh,DepthHigh--DepthHigh,6,0.17651081964368553,2.2486507212010742e-05,0.00044295567037796427
6353,26005,80,126,80,126,DepthHigh,DepthLow,DepthHigh--DepthLow,2,0.09091642823733322,2.2486128505686457e-05,0.00044294821034372375
6354,59672,248,277,248,277,DepthHigh,DepthHigh,DepthHigh--DepthHigh,7,0.18962395297314263,2.2485608934362626e-05,0.0004429379754476643
6355,31955,101,343,101,343,DepthLow,DepthHigh,DepthHigh--DepthLow,4,0.1250927967703163,2.2485052254748613e-05,0.00044292700956535596
6356,18749,55,270,55,270,DepthHigh,DepthHigh,DepthHigh--DepthHigh,9,0.23141954335281634,2.2484352824744566e-05,0.0004429132316814275
6357,28069,87,230,87,230,DepthMid,DepthMid,DepthMid--DepthMid,6,0.1617866739108081,2.248406001410806e-05,0.00044290746368328684
6358,52187,195,318,195,318,DepthMid,DepthHigh,DepthHigh--DepthMid,6,0.16918749527248933,2.2483670714773368e-05,0.00044289979498017746
6359,49707,181,295,181,295,DepthMid,DepthHigh,DepthHigh--DepthMid,6,0.16845895858050383,2.2483116857173255e-05,0.0004428888846879636
6360,20060,59,355,59,355,DepthHigh,DepthMid,DepthHigh--DepthMid,5,0.14229390085111698,2.2482314965038276e-05,0.00044287308843001785
6361,61373,263,358,263,358,DepthMid,DepthMid,DepthMid--DepthMid,6,0.17486707006937716,2.2480968225194598e-05,0.00044284655936329103
6362,42472,145,278,145,278,DepthLow,DepthMid,DepthLow--DepthMid,9,0.2427642383326785,2.2480520571235788e-05,0.00044283774114810303
6363,52005,194,305,194,305,DepthMid,DepthMid,DepthMid--DepthMid,1,0.039447482043143946,2.2479229236792918e-05,0.00044281230349749634
6364,34275,110,341,110,341,DepthLow,DepthHigh,DepthHigh--DepthLow,3,0.11590199613267645,2.2478550161238815e-05,0.00044279892657041425
6365,65062,312,323,312,323,DepthMid,DepthLow,DepthLow--DepthMid,6,0.16664981057908507,2.2478107575418555e-05,0.0004427902081911273
6366,7285,20,216,20,216,DepthMid,DepthMid,DepthMid--DepthMid,3,0.11255448779592896,2.247723648032404e-05,0.0004427730487226552
6367,40911,138,271,138,271,DepthLow,DepthHigh,DepthHigh--DepthLow,4,0.13219923998457753,2.2476802418857776e-05,0.0004427644982623297
6368,36625,120,206,120,206,DepthLow,DepthLow,DepthLow--DepthLow,2,0.08533682367568338,2.247680033476565e-05,0.00044276445720835825
6369,43568,150,294,150,294,DepthMid,DepthLow,DepthLow--DepthMid,2,0.08741907759143892,2.2476640716454e-05,0.00044276131293007726
6370,37770,125,146,125,146,DepthLow,DepthLow,DepthLow--DepthLow,8,0.20200503710253628,2.2476196957582726e-05,0.00044275257144317325
6371,41910,143,155,143,155,DepthLow,DepthMid,DepthLow--DepthMid,7,0.1818554638541615,2.2475477253906948e-05,0.00044273839419362655
6372,41802,142,268,142,268,DepthLow,DepthLow,DepthLow--DepthLow,6,0.1742438246804857,2.2473671290834226e-05,0.0004427028190117625
6373,37158,122,254,122,254,DepthLow,DepthLow,DepthLow--DepthLow,9,0.23751844067616318,2.2472987920857985e-05,0.00044268935749001135
6374,61528,265,314,265,314,DepthMid,DepthMid,DepthMid--DepthMid,5,0.14867142794372015,2.247192612450215e-05,0.000442668441448575
6375,6888,19,163,19,163,DepthMid,DepthLow,DepthLow--DepthMid,7,0.18747532181678747,2.24714994890487e-05,0.00044266003727128295
6376,17611,52,62,52,62,DepthHigh,DepthHigh,DepthHigh--DepthHigh,10,0.38122414800767757,2.246977254923826e-05,0.00044262601874745335
6377,23546,71,259,71,259,DepthMid,DepthMid,DepthMid--DepthMid,8,0.20454397292858303,2.2469736204427022e-05,0.0004426253028007714
6378,57958,234,278,234,278,DepthLow,DepthMid,DepthLow--DepthMid,10,0.3118840329613957,2.246920236596746e-05,0.00044261478686023433
6379,56285,222,231,222,231,DepthMid,DepthMid,DepthMid--DepthMid,10,0.5350949165632048,2.246918966971293e-05,0.0004426145367601239
6380,55852,219,227,219,227,DepthMid,DepthMid,DepthMid--DepthMid,10,0.28205729768035104,2.246828213735291e-05,0.00044259665952373805
6381,31567,100,218,100,218,DepthLow,DepthHigh,DepthHigh--DepthLow,3,0.11697183551590469,2.2468211867518794e-05,0.0004425952752971356
6382,21533,64,318,64,318,DepthMid,DepthHigh,DepthHigh--DepthMid,5,0.15402863974015316,2.2467697657061184e-05,0.00044258514600334093
6383,9518,27,69,27,69,DepthMid,DepthMid,DepthMid--DepthMid,10,0.4482624640668568,2.2467218065816184e-05,0.000442575698664124
6384,20753,62,139,62,139,DepthHigh,DepthLow,DepthHigh--DepthLow,9,0.26551814375096094,2.2466968364429914e-05,0.00044257077986353365
6385,40217,135,258,135,258,DepthLow,DepthMid,DepthLow--DepthMid,4,0.12133017200115466,2.2466724292886594e-05,0.00044256597196370854
6386,9237,26,125,26,125,DepthHigh,DepthLow,DepthHigh--DepthLow,6,0.16018397816799848,2.24661595019763e-05,0.0004425548462991518
6387,29202,91,265,91,265,DepthLow,DepthMid,DepthLow--DepthMid,3,0.10360285335359129,2.2466133222301197e-05,0.00044255432862288526
6388,35609,116,172,116,172,DepthLow,DepthLow,DepthLow--DepthLow,10,0.5553125287645143,2.2464676644265822e-05,0.0004425256358830998
6389,59892,250,268,250,268,DepthLow,DepthLow,DepthLow--DepthLow,7,0.18402884762165544,2.246381105590565e-05,0.00044250858489030946
6390,50446,185,312,185,312,DepthLow,DepthMid,DepthLow--DepthMid,7,0.1790311390994513,2.246349123179102e-05,0.0004425022847609135
6391,29640,93,160,93,160,DepthLow,DepthLow,DepthLow--DepthLow,8,0.21586605698070474,2.2463341415202284e-05,0.00044249933356414154
6392,45357,159,202,159,202,DepthHigh,DepthHigh,DepthHigh--DepthHigh,1,0.049962945328976764,2.2463242587383366e-05,0.00044249738678146127
6393,53096,201,234,201,234,DepthLow,DepthLow,DepthLow--DepthLow,5,0.14176879719733676,2.2462016689738187e-05,0.0004424732381527696
6394,33468,107,299,107,299,DepthLow,DepthHigh,DepthHigh--DepthLow,1,0.021667676079858485,2.2461250874122478e-05,0.0004424581525564943
6395,6679,18,299,18,299,DepthHigh,DepthHigh,DepthHigh--DepthHigh,10,0.31122592662610066,2.2460008248904938e-05,0.00044243367441584424
6396,2128,5,324,5,324,DepthHigh,DepthMid,DepthHigh--DepthMid,3,0.10556029665764244,2.2459910672370314e-05,0.0004424317522818774
6397,31068,98,248,98,248,DepthLow,DepthHigh,DepthHigh--DepthLow,10,0.34069230860524424,2.245895789225116e-05,0.0004424129837220284
6398,31414,99,329,99,329,DepthLow,DepthLow,DepthLow--DepthLow,4,0.1302990154731044,2.2458804083404353e-05,0.0004424099538828362
6399,9784,27,335,27,335,DepthMid,DepthHigh,DepthHigh--DepthMid,3,0.12042237583486909,2.2456515999789107e-05,0.00044236488153780206
6400,13685,39,270,39,270,DepthMid,DepthHigh,DepthHigh--DepthMid,7,0.18813971661033477,2.2455981998350922e-05,0.00044235436238679283
6401,5133,14,143,14,143,DepthHigh,DepthLow,DepthHigh--DepthLow,3,0.10716453755372654,2.2455915515726033e-05,0.0004423530527634085
6402,23957,73,87,73,87,DepthMid,DepthMid,DepthMid--DepthMid,9,0.2694999728930087,2.2455483058586595e-05,0.0004423445339062866
6403,38974,130,170,130,170,DepthLow,DepthLow,DepthLow--DepthLow,2,0.09109332223033913,2.245529647404808e-05,0.0004423408584275402
6404,17472,51,235,51,235,DepthHigh,DepthHigh,DepthHigh--DepthHigh,5,0.14567377014189434,2.2454970267443493e-05,0.00044233443257118754
6405,30610,96,323,96,323,DepthLow,DepthLow,DepthLow--DepthLow,3,0.10056568210541843,2.2454857899763147e-05,0.00044233221907041093
6406,8744,24,309,24,309,DepthMid,DepthHigh,DepthHigh--DepthMid,10,0.33783409334553166,2.245380071339773e-05,0.0004423113938399386
6407,7566,21,154,21,154,DepthMid,DepthHigh,DepthHigh--DepthMid,10,0.28841124465555545,2.2453560821277445e-05,0.0004423066682694462
6408,43408,149,348,149,348,DepthMid,DepthMid,DepthMid--DepthMid,9,0.23924253736019083,2.245295790316389e-05,0.00044229479154734544
6409,65910,332,341,332,341,DepthMid,DepthHigh,DepthHigh--DepthMid,5,0.15693175775365403,2.2452789806805983e-05,0.0004422914802623067
6410,60352,254,282,254,282,DepthLow,DepthHigh,DepthHigh--DepthLow,1,0.06809553105008688,2.245134434445244e-05,0.00044226300648735436
6411,62830,279,335,279,335,DepthHigh,DepthHigh,DepthHigh--DepthHigh,8,0.21845826594350995,2.245107815559414e-05,0.0004422577629044776
6412,36262,118,332,118,332,DepthLow,DepthMid,DepthLow--DepthMid,4,0.12586347723088792,2.244960726292076e-05,0.00044222878818448
6413,52570,198,200,198,200,DepthLow,DepthLow,DepthLow--DepthLow,10,0.6230985544094024,2.244958136905339e-05,0.0004422282781081364
6414,62657,277,333,277,333,DepthHigh,DepthMid,DepthHigh--DepthMid,9,0.2513147795273774,2.2448881883906323e-05,0.0004422144991379603
6415,11188,32,69,32,69,DepthMid,DepthMid,DepthMid--DepthMid,10,0.46466321385751325,2.2448805691464028e-05,0.00044221299824348894
6416,32333,103,198,103,198,DepthLow,DepthLow,DepthLow--DepthLow,1,0.06982122118373515,2.2448598049460407e-05,0.000442208907959389
6417,558,1,196,1,196,DepthHigh,DepthMid,DepthHigh--DepthMid,3,0.11727785277449852,2.244677508273801e-05,0.0004421729978271936
6418,43501,150,227,150,227,DepthMid,DepthMid,DepthMid--DepthMid,9,0.2591529985122167,2.2446356866311036e-05,0.00044216475949404447
6419,56606,224,271,224,271,DepthLow,DepthHigh,DepthHigh--DepthLow,7,0.19777675641468823,2.2445813974385455e-05,0.0004421540652117101
6420,7227,20,158,20,158,DepthMid,DepthHigh,DepthHigh--DepthMid,2,0.07840422462414857,2.2445512701221348e-05,0.0004421481305125096
6421,7564,21,152,21,152,DepthMid,DepthLow,DepthLow--DepthMid,7,0.1825648149903196,2.244511301645593e-05,0.0004421402572295877
6422,21961,66,149,66,149,DepthMid,DepthMid,DepthMid--DepthMid,10,0.33084526581933715,2.2443901096012313e-05,0.0004421163839340382
6423,38366,127,267,127,267,DepthLow,DepthHigh,DepthHigh--DepthLow,4,0.12692435204746788,2.244364460306854e-05,0.0004421113313483794
6424,26759,82,315,82,315,DepthHigh,DepthMid,DepthHigh--DepthMid,7,0.19625845000583303,2.243938251011717e-05,0.00044202737352324066
6425,58805,241,243,241,243,DepthHigh,DepthLow,DepthHigh--DepthLow,7,0.18491926667589229,2.2438860154887025e-05,0.0004420170837877578
6426,3512,9,282,9,282,DepthHigh,DepthHigh,DepthHigh--DepthHigh,9,0.26274099910193216,2.2438840644832565e-05,0.00044201669946443135
6427,8348,23,253,23,253,DepthHigh,DepthLow,DepthHigh--DepthLow,2,0.09701161089674576,2.243868427523759e-05,0.0004420136191817482
6428,22244,67,135,67,135,DepthMid,DepthLow,DepthLow--DepthMid,7,0.19614457104951957,2.2438141500806797e-05,0.0004420029272139122
6429,21266,63,351,63,351,DepthMid,DepthMid,DepthMid--DepthMid,8,0.21376543125010858,2.2437736452162405e-05,0.000441994948269378
6430,25144,77,120,77,120,DepthMid,DepthLow,DepthLow--DepthMid,6,0.1617755232883064,2.243758228168936e-05,0.0004419919113066075
6431,35995,117,311,117,311,DepthLow,DepthMid,DepthLow--DepthMid,3,0.10252688880745871,2.2436082023011755e-05,0.00044196235811357434
6432,61116,261,304,261,304,DepthMid,DepthHigh,DepthHigh--DepthMid,7,0.19670442312926997,2.243468715000126e-05,0.0004419348808845129
6433,5604,15,265,15,265,DepthHigh,DepthMid,DepthHigh--DepthMid,6,0.17307843495748035,2.2434360402356456e-05,0.0004419284443703543
6434,61191,262,277,262,277,DepthMid,DepthHigh,DepthHigh--DepthMid,7,0.1932881325384766,2.2433940994832256e-05,0.0004419201825741006
6435,59993,251,256,251,256,DepthLow,DepthLow,DepthLow--DepthLow,10,0.3268974233407868,2.243390122611086e-05,0.00044191939918073137
6436,61996,270,302,270,302,DepthHigh,DepthHigh,DepthHigh--DepthHigh,10,0.3511605371374196,2.243387219352694e-05,0.00044191882727565284
6437,20643,61,331,61,331,DepthHigh,DepthMid,DepthHigh--DepthMid,7,0.19983672174547532,2.2433852642882297e-05,0.0004419184421527513
6438,5039,14,49,14,49,DepthHigh,DepthHigh,DepthHigh--DepthHigh,6,0.16982905793073055,2.243260544200074e-05,0.0004418938738773238
6439,44522,155,193,155,193,DepthMid,DepthMid,DepthMid--DepthMid,5,0.15073408975857383,2.243176690202772e-05,0.00044187735570345245
6440,44169,153,259,153,259,DepthHigh,DepthMid,DepthHigh--DepthMid,3,0.10544757574212808,2.2430928141329018e-05,0.0004418608331815651
6441,28922,90,258,90,258,DepthLow,DepthMid,DepthLow--DepthMid,1,0.07210635329190414,2.243079266318024e-05,0.0004418581644338736
6442,31403,99,318,99,318,DepthLow,DepthHigh,DepthHigh--DepthLow,5,0.1454858894013833,2.2430609274369004e-05,0.00044185455190690103
6443,35016,113,326,113,326,DepthLow,DepthLow,DepthLow--DepthLow,9,0.250656855444053,2.2430322799566635e-05,0.0004418489087166566
6444,56556,223,361,223,361,DepthLow,DepthHigh,DepthHigh--DepthLow,7,0.186072750271964,2.2429539696699733e-05,0.0004418334825834598
6445,23919,72,340,72,340,DepthMid,DepthMid,DepthMid--DepthMid,8,0.2239845875857387,2.2429487547474203e-05,0.0004418324553098625
6446,34850,113,160,113,160,DepthLow,DepthLow,DepthLow--DepthLow,9,0.24416220850338555,2.2428983590655917e-05,0.0004418225279997569
6447,47696,170,352,170,352,DepthLow,DepthMid,DepthLow--DepthMid,7,0.1879863501105451,2.242830405481761e-05,0.0004418091420056598
6448,59333,245,289,245,289,DepthLow,DepthHigh,DepthHigh--DepthLow,9,0.26123712095385215,2.2428121357685348e-05,0.0004418055431038858
6449,56654,224,319,224,319,DepthLow,DepthHigh,DepthHigh--DepthLow,2,0.08101475148423523,2.242744635299206e-05,0.0004417922463675984
6450,18058,53,198,53,198,DepthHigh,DepthLow,DepthHigh--DepthLow,6,0.17419648736764085,2.2427119157935154e-05,0.00044178580103998883
6451,47794,171,257,171,257,DepthLow,DepthLow,DepthLow--DepthLow,5,0.15256699265547324,2.2426790871595086e-05,0.00044177933421548515
6452,40892,138,252,138,252,DepthLow,DepthLow,DepthLow--DepthLow,7,0.19517802382010052,2.242584909982927e-05,0.000441760782506234
6453,38964,130,160,130,160,DepthLow,DepthLow,DepthLow--DepthLow,8,0.20786723153288622,2.242524314269225e-05,0.00044174884591922567
6454,64087,296,300,296,300,DepthHigh,DepthHigh,DepthHigh--DepthHigh,5,0.1517393866581775,2.2423563047192263e-05,0.0004417157501688951
6455,35481,115,292,115,292,DepthLow,DepthHigh,DepthHigh--DepthLow,7,0.19177437754488852,2.242329751032689e-05,0.00044171051942945203
6456,43503,150,229,150,229,DepthMid,DepthMid,DepthMid--DepthMid,10,0.28259806677597393,2.242322916501279e-05,0.0004417091731134529
6457,39351,131,314,131,314,DepthLow,DepthMid,DepthLow--DepthMid,7,0.18512144300464592,2.2422866433877406e-05,0.000441702027770171
6458,42311,144,336,144,336,DepthLow,DepthHigh,DepthHigh--DepthLow,8,0.20676137658805885,2.2422818362088212e-05,0.00044170108081689773
6459,11932,34,152,34,152,DepthMid,DepthLow,DepthLow--DepthMid,4,0.13221990204176523,2.242174576535443e-05,0.000441679952021715
6460,53549,203,364,203,364,DepthLow,DepthHigh,DepthHigh--DepthLow,3,0.11791711239147976,2.2421711726866767e-05,0.00044167928150668217
6461,58459,238,269,238,269,DepthMid,DepthHigh,DepthHigh--DepthMid,5,0.15817414307747957,2.2418905453577883e-05,0.00044162400148234484
6462,43066,148,221,148,221,DepthMid,DepthMid,DepthMid--DepthMid,5,0.14660736317603568,2.2418610974583613e-05,0.0004416182006196724
6463,34209,110,275,110,275,DepthLow,DepthHigh,DepthHigh--DepthLow,1,0.049280084478983056,2.2418573959368905e-05,0.0004416174714668925
6464,43454,150,180,150,180,DepthMid,DepthMid,DepthMid--DepthMid,10,0.5025476914799891,2.2417942428963928e-05,0.00044160503111894235
6465,21259,63,344,63,344,DepthMid,DepthHigh,DepthHigh--DepthMid,7,0.19782197979681176,2.241689161736576e-05,0.00044158433146329916
6466,56062,220,293,220,293,DepthHigh,DepthLow,DepthHigh--DepthLow,1,0.052877600601223956,2.241681181592438e-05,0.0004415827594761234
6467,60347,254,277,254,277,DepthLow,DepthHigh,DepthHigh--DepthLow,5,0.1489749540805857,2.2416524205212048e-05,0.0004415770939098935
6468,32403,103,268,103,268,DepthLow,DepthLow,DepthLow--DepthLow,5,0.14387608293752047,2.2415971308403108e-05,0.0004415662025440471
6469,55272,215,233,215,233,DepthMid,DepthMid,DepthMid--DepthMid,8,0.2120942248589011,2.2414767932528764e-05,0.0004415424975656745
6470,36531,119,356,119,356,DepthLow,DepthMid,DepthLow--DepthMid,9,0.2561547681676091,2.241387460637446e-05,0.00044152490017352214
6471,49526,180,297,180,297,DepthMid,DepthHigh,DepthHigh--DepthMid,5,0.14707220184500622,2.2412589381607763e-05,0.0004414995828757866
6472,22704,68,299,68,299,DepthMid,DepthHigh,DepthHigh--DepthMid,10,0.2860284760560903,2.241216340578044e-05,0.0004414911916922926
6473,2764,7,245,7,245,DepthHigh,DepthLow,DepthHigh--DepthLow,7,0.18693940724280145,2.2410700955432702e-05,0.00044146238327540197
6474,20642,61,330,61,330,DepthHigh,DepthMid,DepthHigh--DepthMid,6,0.16292720662419172,2.240994109119631e-05,0.00044144741491375047
6475,40819,138,179,138,179,DepthLow,DepthLow,DepthLow--DepthLow,2,0.0813628649353256,2.2409918587999328e-05,0.00044144697162931283
6476,4398,12,109,12,109,DepthHigh,DepthLow,DepthHigh--DepthLow,2,0.08588794323164894,2.240898164229266e-05,0.0004414285149873056
6477,10041,28,256,28,256,DepthHigh,DepthLow,DepthHigh--DepthLow,6,0.16877617971775044,2.2407960642623057e-05,0.00044140840258884194
6478,38404,127,305,127,305,DepthLow,DepthMid,DepthLow--DepthMid,2,0.0767338358030043,2.2407857592941476e-05,0.00044140637264082215
6479,14141,41,79,41,79,DepthMid,DepthMid,DepthMid--DepthMid,8,0.22822161834612392,2.2407252259730663e-05,0.0004413944483443687
6480,18606,55,127,55,127,DepthHigh,DepthLow,DepthHigh--DepthLow,6,0.17312866930482668,2.2406490774429693e-05,0.00044137944804980124
6481,41949,143,194,143,194,DepthLow,DepthMid,DepthLow--DepthMid,7,0.19002740661133635,2.240618273148892e-05,0.00044137337999458707
6482,6365,17,331,17,331,DepthHigh,DepthMid,DepthHigh--DepthMid,7,0.1790468715442884,2.240580561968584e-05,0.0004413659513703919
6483,65177,314,337,314,337,DepthMid,DepthHigh,DepthHigh--DepthMid,5,0.14758736720303517,2.2404929205119998e-05,0.0004413486871150818
6484,18461,54,291,54,291,DepthHigh,DepthHigh,DepthHigh--DepthHigh,8,0.20535701833173686,2.240466223455792e-05,0.00044134342813363203
6485,56049,220,280,220,280,DepthHigh,DepthLow,DepthHigh--DepthLow,4,0.13046179363066684,2.240412465173754e-05,0.00044133283843393617
6486,19812,59,107,59,107,DepthHigh,DepthLow,DepthHigh--DepthLow,1,0.053471615372415494,2.2402686025318614e-05,0.0004413044993182251
6487,43553,150,279,150,279,DepthMid,DepthHigh,DepthHigh--DepthMid,9,0.23399128574399666,2.2401413895025737e-05,0.0004412794399650149
6488,44659,155,330,155,330,DepthMid,DepthMid,DepthMid--DepthMid,8,0.21720119247781686,2.240128831124712e-05,0.0004412769661238656
6489,53840,205,336,205,336,DepthLow,DepthHigh,DepthHigh--DepthLow,2,0.09877177240770925,2.2401104483381844e-05,0.00044127334494808534
6490,43862,152,163,152,163,DepthLow,DepthLow,DepthLow--DepthLow,9,0.23987669156983746,2.240106963018706e-05,0.00044127265838435565
6491,18848,56,61,56,61,DepthHigh,DepthHigh,DepthHigh--DepthHigh,10,0.5657447662495421,2.2400530412189223e-05,0.00044126203647373787
6492,41975,143,220,143,220,DepthLow,DepthHigh,DepthHigh--DepthLow,3,0.10328984040344115,2.2400386812990132e-05,0.0004412592077516558
6493,2419,6,257,6,257,DepthHigh,DepthLow,DepthHigh--DepthLow,4,0.13746220815810742,2.240029694644731e-05,0.00044125743749474813
6494,17245,50,321,50,321,DepthHigh,DepthHigh,DepthHigh--DepthHigh,4,0.13588791028988206,2.2399879186193994e-05,0.0004412492081476415
6495,57976,234,296,234,296,DepthLow,DepthHigh,DepthHigh--DepthLow,9,0.22934205126124016,2.2399451450520173e-05,0.0004412407822974036
6496,56802,225,328,225,328,DepthHigh,DepthLow,DepthHigh--DepthLow,6,0.17746637948077973,2.239782993733101e-05,0.0004412088405442909
6497,27720,86,158,86,158,DepthHigh,DepthHigh,DepthHigh--DepthHigh,8,0.20698749869378572,2.2396387605475995e-05,0.0004411804284361888
6498,63704,290,340,290,340,DepthHigh,DepthMid,DepthHigh--DepthMid,5,0.1503953847212,2.2396314002215807e-05,0.00044117897854532086
6499,3163,8,288,8,288,DepthHigh,DepthHigh,DepthHigh--DepthHigh,3,0.10323173783298462,2.2396236942183952e-05,0.00044117746056043566
6500,30275,95,256,95,256,DepthLow,DepthLow,DepthLow--DepthLow,2,0.07461606465604531,2.2395499410911078e-05,0.00044116293212983853
6501,59284,244,359,244,359,DepthLow,DepthHigh,DepthHigh--DepthLow,6,0.16561901338923965,2.239541223490342e-05,0.000441161214873061
6502,37174,122,270,122,270,DepthLow,DepthHigh,DepthHigh--DepthLow,7,0.1802423020724462,2.2394726353484036e-05,0.0004411477038790654
6503,56535,223,340,223,340,DepthLow,DepthMid,DepthLow--DepthMid,10,0.2735626452144427,2.2394518811798955e-05,0.00044114361557111347
6504,37101,122,197,122,197,DepthLow,DepthMid,DepthLow--DepthMid,9,0.2306616676020957,2.2394235092127405e-05,0.0004411380266534516
6505,5780,16,93,16,93,DepthMid,DepthLow,DepthLow--DepthMid,2,0.08384043333770388,2.2389935673747417e-05,0.00044105333356471237
6506,10936,31,149,31,149,DepthHigh,DepthMid,DepthHigh--DepthMid,8,0.21133542249820136,2.2389229533974545e-05,0.00044103942350684857
6507,49249,179,204,179,204,DepthLow,DepthLow,DepthLow--DepthLow,3,0.11725704359273621,2.2388931696001016e-05,0.00044103355647654525
6508,48634,175,335,175,335,DepthMid,DepthHigh,DepthHigh--DepthMid,7,0.19130429200124519,2.238874260344016e-05,0.0004410298315929398
6509,46179,163,214,163,214,DepthLow,DepthHigh,DepthHigh--DepthLow,9,0.23093409240953286,2.2387767711986204e-05,0.0004410106274678411
6510,34243,110,309,110,309,DepthLow,DepthHigh,DepthHigh--DepthLow,6,0.17135090596107785,2.2387516417711007e-05,0.0004410056772893593
6511,44986,157,242,157,242,DepthMid,DepthHigh,DepthHigh--DepthMid,9,0.2490505922560537,2.2387365102651024e-05,0.0004410026965746044
6512,43598,150,324,150,324,DepthMid,DepthMid,DepthMid--DepthMid,2,0.09460774240877586,2.238717609224313e-05,0.0004409989733093081
6513,273,0,274,0,274,DepthHigh,DepthHigh,DepthHigh--DepthHigh,8,0.20976616906435133,2.2386952917606556e-05,0.0004409945770520405
6514,11221,32,102,32,102,DepthMid,DepthLow,DepthLow--DepthMid,6,0.16130875057902228,2.2386872177556104e-05,0.00044099298657545655
6515,55129,214,239,214,239,DepthHigh,DepthHigh,DepthHigh--DepthHigh,3,0.11781279224614967,2.2386123208830452e-05,0.00044097823284154695
6516,48716,176,229,176,229,DepthMid,DepthMid,DepthMid--DepthMid,9,0.2415757696442372,2.2385959853430994e-05,0.0004409750149473762
6517,30061,94,311,94,311,DepthLow,DepthMid,DepthLow--DepthMid,7,0.1949519471426314,2.238578917986721e-05,0.00044097165289465063
6518,58378,237,314,237,314,DepthHigh,DepthMid,DepthHigh--DepthMid,5,0.1501081153297197,2.238556986693194e-05,0.0004409673327080005
6519,20085,60,76,60,76,DepthHigh,DepthMid,DepthHigh--DepthMid,9,0.24735273331155436,2.238510740037745e-05,0.0004409582227034658
6520,15964,46,302,46,302,DepthHigh,DepthHigh,DepthHigh--DepthHigh,10,0.32855153344542115,2.2384665361127845e-05,0.0004409495150909275
6521,60246,253,286,253,286,DepthLow,DepthLow,DepthLow--DepthLow,3,0.116597736383435,2.2384636773571526e-05,0.0004409489519523282
6522,4174,11,237,11,237,DepthHigh,DepthHigh,DepthHigh--DepthHigh,3,0.11075324642927305,2.2382763946575484e-05,0.0004409120596359843
6523,10326,29,206,29,206,DepthMid,DepthLow,DepthLow--DepthMid,2,0.07943778241322341,2.2381967576332337e-05,0.00044089637215230374
6524,41914,143,159,143,159,DepthLow,DepthHigh,DepthHigh--DepthLow,3,0.11240487792912028,2.2381058808475577e-05,0.00044087847057819915
6525,64300,299,315,299,315,DepthHigh,DepthMid,DepthHigh--DepthMid,7,0.17980740876025336,2.23805518641515e-05,0.0004408684844180188
6526,59961,250,337,250,337,DepthLow,DepthHigh,DepthHigh--DepthLow,2,0.09183609013497974,2.2380026887488132e-05,0.0004408581430436265
6527,48733,176,246,176,246,DepthMid,DepthLow,DepthLow--DepthMid,10,0.3111412867163193,2.237973614029846e-05,0.0004408524156927712
6528,23236,70,242,70,242,DepthHigh,DepthHigh,DepthHigh--DepthHigh,9,0.26098820270503825,2.237867784201216e-05,0.0004408315685588679
6529,50437,185,303,185,303,DepthLow,DepthHigh,DepthHigh--DepthLow,10,0.30177000598867854,2.237843953261116e-05,0.00044082687416593784
6530,19202,57,108,57,108,DepthHigh,DepthLow,DepthHigh--DepthLow,1,0.045134827732068374,2.2378224437493575e-05,0.00044082263706494626
6531,18306,54,136,54,136,DepthHigh,DepthLow,DepthHigh--DepthLow,7,0.19677505436328027,2.2377129675145133e-05,0.00044080107163526944
6532,24827,76,90,76,90,DepthMid,DepthLow,DepthLow--DepthMid,2,0.08488306498380287,2.2376116114018622e-05,0.0004407811057666696
6533,6299,17,265,17,265,DepthHigh,DepthMid,DepthHigh--DepthMid,6,0.16805877292814345,2.2375759236257253e-05,0.0004407740757274315
6534,7596,21,184,21,184,DepthMid,DepthLow,DepthLow--DepthMid,4,0.13473642047021145,2.2375202239091727e-05,0.00044076310358976117
6535,1924,5,120,5,120,DepthHigh,DepthLow,DepthHigh--DepthLow,7,0.19406236992874892,2.2374801449328906e-05,0.000440755208539792
6536,7256,20,187,20,187,DepthMid,DepthLow,DepthLow--DepthMid,1,0.04688385417010754,2.2374756698446486e-05,0.00044075432700417
6537,6052,17,18,17,18,DepthHigh,DepthHigh,DepthHigh--DepthHigh,10,0.6207337197740631,2.237395806855141e-05,0.0004407385950082125
6538,17552,51,315,51,315,DepthHigh,DepthMid,DepthHigh--DepthMid,5,0.15066346964556107,2.2373132131524595e-05,0.0004407223250963959
6539,7864,22,110,22,110,DepthMid,DepthLow,DepthLow--DepthMid,1,0.02014613332777675,2.237312809227402e-05,0.00044072224552828287
6540,66305,348,360,348,360,DepthMid,DepthMid,DepthMid--DepthMid,10,0.3678119971900481,2.2371708830407886e-05,0.0004406942878697
6541,38640,128,305,128,305,DepthLow,DepthMid,DepthLow--DepthMid,1,0.055595652884845886,2.2371387872007583e-05,0.000440687965396315
6542,14213,41,151,41,151,DepthMid,DepthMid,DepthMid--DepthMid,7,0.1981240549610544,2.237116005284683e-05,0.0004406834776478121
6543,43243,149,183,149,183,DepthMid,DepthMid,DepthMid--DepthMid,9,0.2282551127967998,2.2370893484443808e-05,0.0004406782265883857
6544,59271,244,346,244,346,DepthLow,DepthMid,DepthLow--DepthMid,9,0.23882400425799577,2.236854714299995e-05,0.0004406320066380217
6545,19787,59,82,59,82,DepthHigh,DepthHigh,DepthHigh--DepthHigh,10,0.28407248930329043,2.2368438254894858e-05,0.0004406298616804642
6546,3630,10,46,10,46,DepthHigh,DepthHigh,DepthHigh--DepthHigh,8,0.20737668460945882,2.236822809118196e-05,0.0004406257217218899
6547,12076,34,296,34,296,DepthMid,DepthHigh,DepthHigh--DepthMid,6,0.1715577037639498,2.236794500244936e-05,0.00044062014523292515
6548,25999,80,120,80,120,DepthHigh,DepthLow,DepthHigh--DepthLow,9,0.22979648607255385,2.236673371622208e-05,0.00044059628443063304
6549,14107,41,45,41,45,DepthMid,DepthMid,DepthMid--DepthMid,10,0.6460287203367739,2.236546933795065e-05,0.00044057137778241273
6550,56162,221,250,221,250,DepthMid,DepthLow,DepthLow--DepthMid,4,0.12331424311186884,2.2363900981179427e-05,0.00044054048314331036
6551,37854,125,230,125,230,DepthLow,DepthMid,DepthLow--DepthMid,3,0.10207815358100114,2.236321611348026e-05,0.0004405269921183173
6552,25969,80,90,80,90,DepthHigh,DepthLow,DepthHigh--DepthLow,1,0.05276824525767979,2.2361912920170213e-05,0.0004405013208630689
6553,19389,57,295,57,295,DepthHigh,DepthHigh,DepthHigh--DepthHigh,8,0.20514858073118042,2.2360588430589647e-05,0.0004404752300983033
6554,24254,74,94,74,94,DepthMid,DepthLow,DepthLow--DepthMid,5,0.14996043415192323,2.2358872825694534e-05,0.0004404414348579286
6555,34961,113,271,113,271,DepthLow,DepthHigh,DepthHigh--DepthLow,6,0.16103871070661008,2.2358523135194887e-05,0.00044043454639863003
6556,61557,265,343,265,343,DepthMid,DepthHigh,DepthHigh--DepthMid,4,0.1227581558047656,2.2358306027989423e-05,0.00044043026966205935
6557,43671,151,184,151,184,DepthMid,DepthLow,DepthLow--DepthMid,6,0.17177902289716807,2.2358181452642223e-05,0.00044042781568572986
6558,40739,137,325,137,325,DepthLow,DepthLow,DepthLow--DepthLow,8,0.20837164094940322,2.235705873221024e-05,0.00044040569951726903
6559,58833,241,271,241,271,DepthHigh,DepthHigh,DepthHigh--DepthHigh,8,0.22477645910238286,2.2356688239086304e-05,0.00044039840127265794
6560,19880,59,175,59,175,DepthHigh,DepthMid,DepthHigh--DepthMid,7,0.19632558237001485,2.23560262180532e-05,0.00044038536029800774
6561,50741,187,252,187,252,DepthLow,DepthLow,DepthLow--DepthLow,2,0.08426117059052968,2.235558555347453e-05,0.0004403766797647432
6562,36849,121,187,121,187,DepthLow,DepthLow,DepthLow--DepthLow,9,0.24304530261303917,2.2355548466643947e-05,0.0004403759492012214
6563,17870,52,321,52,321,DepthHigh,DepthHigh,DepthHigh--DepthHigh,7,0.18897631802659665,2.235545184795935e-05,0.00044037404593568516
6564,49965,183,190,183,190,DepthMid,DepthMid,DepthMid--DepthMid,9,0.23435517014406626,2.235518922456233e-05,0.0004403688725878732
6565,21858,65,344,65,344,DepthMid,DepthHigh,DepthHigh--DepthMid,7,0.17922885247405917,2.2354467432125626e-05,0.0004403546541923856
6566,2626,7,107,7,107,DepthHigh,DepthLow,DepthHigh--DepthLow,2,0.0979271514417217,2.2354139137852383e-05,0.00044034818721160843
6567,772,2,48,2,48,DepthHigh,DepthHigh,DepthHigh--DepthHigh,8,0.20790965659811672,2.235378168563932e-05,0.00044034114585640054
6568,36969,121,307,121,307,DepthLow,DepthHigh,DepthHigh--DepthLow,9,0.2597559124576364,2.2353657613631275e-05,0.0004403387017952139
6569,37566,124,181,124,181,DepthLow,DepthMid,DepthLow--DepthMid,7,0.18244301277633837,2.2352807194749114e-05,0.0004403219496218996
6570,6557,18,177,18,177,DepthHigh,DepthMid,DepthHigh--DepthMid,7,0.18508752724422042,2.235238320383885e-05,0.00044031359753875395
6571,17269,50,345,50,345,DepthHigh,DepthMid,DepthHigh--DepthMid,9,0.2392759271828419,2.2351591776161765e-05,0.0004402980074173557
6572,20486,61,174,61,174,DepthHigh,DepthMid,DepthHigh--DepthMid,7,0.19140719385542984,2.235156733276019e-05,0.00044029752591334844
6573,10804,30,350,30,350,DepthHigh,DepthMid,DepthHigh--DepthMid,3,0.1155528143292907,2.2351351409079834e-05,0.0004402932724907212
6574,8859,25,85,25,85,DepthHigh,DepthHigh,DepthHigh--DepthHigh,10,0.31359488318112205,2.2350697546146845e-05,0.00044028039222029566
6575,15361,44,336,44,336,DepthMid,DepthHigh,DepthHigh--DepthMid,2,0.09508178563971,2.2350254340097507e-05,0.0004402716616232826
6576,4162,11,225,11,225,DepthHigh,DepthHigh,DepthHigh--DepthHigh,2,0.09238782002718954,2.234938175866525e-05,0.0004402544728758421
6577,56540,223,345,223,345,DepthLow,DepthMid,DepthLow--DepthMid,9,0.23677914932536057,2.2348786116089145e-05,0.00044024273947260097
6578,36203,118,273,118,273,DepthLow,DepthHigh,DepthHigh--DepthLow,1,0.07069491073145243,2.234839397736648e-05,0.00044023501483714993
6579,37556,124,171,124,171,DepthLow,DepthLow,DepthLow--DepthLow,6,0.15974294208880666,2.2346068116711967e-05,0.0004401891983323583
6580,5629,15,290,15,290,DepthHigh,DepthHigh,DepthHigh--DepthHigh,4,0.13218690090426033,2.234380463823056e-05,0.0004401446106772519
6581,58554,238,364,238,364,DepthMid,DepthHigh,DepthHigh--DepthMid,3,0.1035311847213261,2.234345187932941e-05,0.00044013766177433564
6582,3259,9,29,9,29,DepthHigh,DepthMid,DepthHigh--DepthMid,5,0.14148559781672687,2.234254696726748e-05,0.0004401198361544986
6583,46734,166,172,166,172,DepthMid,DepthLow,DepthLow--DepthMid,10,0.2810225407776808,2.2342318769199104e-05,0.00044011534094199614
6584,56217,221,305,221,305,DepthMid,DepthMid,DepthMid--DepthMid,5,0.14411639570576804,2.234047828052164e-05,0.0004400790856495106
6585,35501,115,312,115,312,DepthLow,DepthMid,DepthLow--DepthMid,6,0.17333647910885927,2.234024747764289e-05,0.0004400745391255477
6586,18389,54,219,54,219,DepthHigh,DepthMid,DepthHigh--DepthMid,10,0.2954546452742896,2.234023000028468e-05,0.00044007419484375906
6587,26228,80,349,80,349,DepthHigh,DepthMid,DepthHigh--DepthMid,7,0.18908427970236513,2.2340197370707027e-05,0.0004400735520824664
6588,8270,23,175,23,175,DepthHigh,DepthMid,DepthHigh--DepthMid,9,0.23406764682837683,2.2339476256182763e-05,0.00044005934704099406
6589,45469,159,314,159,314,DepthHigh,DepthMid,DepthHigh--DepthMid,7,0.1847595949923291,2.2338967457884995e-05,0.00044004932435988354
6590,38854,129,284,129,284,DepthLow,DepthLow,DepthLow--DepthLow,10,0.29437373023629837,2.233865636535813e-05,0.0004400431962316915
6591,49796,182,202,182,202,DepthLow,DepthHigh,DepthHigh--DepthLow,3,0.10677279123537418,2.233861759577773e-05,0.00044004243252013264
6592,13309,38,219,38,219,DepthMid,DepthMid,DepthMid--DepthMid,8,0.22048865620450134,2.2338567032726873e-05,0.00044004143649216447
6593,52982,200,283,200,283,DepthLow,DepthLow,DepthLow--DepthLow,3,0.10096169947076732,2.233851011497463e-05,0.0004400403152846393
6594,38269,127,170,127,170,DepthLow,DepthLow,DepthLow--DepthLow,2,0.07646650703226374,2.2338371417513605e-05,0.0004400375831205798
6595,15595,45,251,45,251,DepthMid,DepthLow,DepthLow--DepthMid,10,0.4684493238735302,2.2338046626452023e-05,0.0004400311851486289
6596,46202,163,237,163,237,DepthLow,DepthHigh,DepthHigh--DepthLow,10,0.30784353604487685,2.233658055278144e-05,0.0004400023053568741
6597,57552,231,265,231,265,DepthMid,DepthMid,DepthMid--DepthMid,10,0.2822544002936992,2.2336543017131793e-05,0.00044000156595218597
6598,33809,109,129,109,129,DepthLow,DepthLow,DepthLow--DepthLow,4,0.12243158491990515,2.2336295336202286e-05,0.0004399966869520311
6599,18711,55,232,55,232,DepthHigh,DepthMid,DepthHigh--DepthMid,10,0.3000854432313845,2.2335892017397405e-05,0.00043998874208314113
6600,34693,112,254,112,254,DepthLow,DepthLow,DepthLow--DepthLow,9,0.23480417989834265,2.2335670920156968e-05,0.0004399843867479424
6601,34784,112,345,112,345,DepthLow,DepthMid,DepthLow--DepthMid,9,0.24131950826995072,2.2335258319319608e-05,0.00043997625903478593
6602,50777,187,288,187,288,DepthLow,DepthHigh,DepthHigh--DepthLow,5,0.15440457456312473,2.2335000690982284e-05,0.0004399711840833143
6603,7405,20,336,20,336,DepthMid,DepthHigh,DepthHigh--DepthMid,2,0.08571722426136856,2.2333998272885797e-05,0.0004399514377182723
6604,43946,152,247,152,247,DepthLow,DepthLow,DepthLow--DepthLow,4,0.13028972751431214,2.233384060290574e-05,0.0004399483318196524
6605,5045,14,55,14,55,DepthHigh,DepthHigh,DepthHigh--DepthHigh,5,0.14687303185577155,2.2332845611275682e-05,0.0004399287317465794
6606,40422,136,235,136,235,DepthLow,DepthHigh,DepthHigh--DepthLow,6,0.16143243157051054,2.233238638955492e-05,0.0004399196856611534
6607,50220,184,265,184,265,DepthLow,DepthMid,DepthLow--DepthMid,6,0.16220965145049002,2.2331597242115217e-05,0.0004399041404575393
6608,36406,119,231,119,231,DepthLow,DepthMid,DepthLow--DepthMid,9,0.23611110803344829,2.2331292410081043e-05,0.0004398981356531125
6609,61565,265,351,265,351,DepthMid,DepthMid,DepthMid--DepthMid,4,0.1255892131370207,2.2330388369828164e-05,0.0004398803272068079
6610,44198,153,288,153,288,DepthHigh,DepthHigh,DepthHigh--DepthHigh,2,0.08387804362596812,2.232943138687615e-05,0.00043986147585648247
6611,34063,110,129,110,129,DepthLow,DepthLow,DepthLow--DepthLow,3,0.10602207723253565,2.2329303754867253e-05,0.00043985896166779455
6612,48385,174,275,174,275,DepthMid,DepthHigh,DepthHigh--DepthMid,4,0.13988588128302548,2.2328822454915526e-05,0.0004398494806692224
6613,36464,119,289,119,289,DepthLow,DepthHigh,DepthHigh--DepthLow,7,0.1942783138904042,2.2326767371307952e-05,0.0004398089981288041
6614,59360,245,316,245,316,DepthLow,DepthHigh,DepthHigh--DepthLow,9,0.24210665608909743,2.232551590817057e-05,0.00043978434589234306
6615,9527,27,78,27,78,DepthMid,DepthMid,DepthMid--DepthMid,10,0.30316103903411606,2.232332244672422e-05,0.0004397411374840183
6616,50840,187,351,187,351,DepthLow,DepthMid,DepthLow--DepthMid,8,0.20951824204593508,2.2323185959356905e-05,0.0004397384488560016
6617,31469,100,120,100,120,DepthLow,DepthLow,DepthLow--DepthLow,10,0.29055515212242694,2.2322853801977033e-05,0.00043973190577692374
6618,51834,193,304,193,304,DepthMid,DepthHigh,DepthHigh--DepthMid,5,0.14099180841876138,2.232213143704418e-05,0.00043971767610398823
6619,64520,302,346,302,346,DepthHigh,DepthMid,DepthHigh--DepthMid,10,0.31346806592135,2.2321487157515095e-05,0.0004397049846144641
6620,31796,101,184,101,184,DepthLow,DepthLow,DepthLow--DepthLow,4,0.13096402980207456,2.2321079287918474e-05,0.000439696950100749
6621,16493,48,198,48,198,DepthHigh,DepthLow,DepthHigh--DepthLow,3,0.11373868972739819,2.2320545807863386e-05,0.00043968644122032547
6622,11077,31,290,31,290,DepthHigh,DepthHigh,DepthHigh--DepthHigh,4,0.12497098167036742,2.2320225446442283e-05,0.00043968013050667347
6623,28126,87,287,87,287,DepthMid,DepthHigh,DepthHigh--DepthMid,6,0.174125167221802,2.2318982261881142e-05,0.00043965564134766395
6624,63386,286,324,286,324,DepthLow,DepthMid,DepthLow--DepthMid,10,0.284162401205213,2.2317937588386473e-05,0.00043963506260487415
6625,6654,18,274,18,274,DepthHigh,DepthHigh,DepthHigh--DepthHigh,8,0.20735481562944666,2.2317496464435555e-05,0.000439626373022559
6626,17872,52,323,52,323,DepthHigh,DepthLow,DepthHigh--DepthLow,9,0.23714077399923045,2.2317210001809077e-05,0.00043962073007216423
6627,62411,274,351,274,351,DepthHigh,DepthMid,DepthHigh--DepthMid,5,0.1439313412670866,2.231675992359854e-05,0.0004396118641022921
6628,44432,154,312,154,312,DepthHigh,DepthMid,DepthHigh--DepthMid,6,0.17669576913116003,2.231426256647827e-05,0.0004395626693346498
6629,28969,90,305,90,305,DepthLow,DepthMid,DepthLow--DepthMid,1,0.0499397312704936,2.2314178157047773e-05,0.0004395610065759332
6630,46446,164,281,164,281,DepthLow,DepthLow,DepthLow--DepthLow,10,0.33445689967083847,2.231318494002907e-05,0.00043954144146045294
6631,25902,79,307,79,307,DepthMid,DepthHigh,DepthHigh--DepthMid,10,0.2727810296993394,2.231178498282249e-05,0.00043951386407917745
6632,20708,62,94,62,94,DepthHigh,DepthLow,DepthHigh--DepthLow,6,0.17631939152512346,2.2311273952375908e-05,0.0004395037974275665
6633,30134,95,115,95,115,DepthLow,DepthLow,DepthLow--DepthLow,8,0.20213011358585123,2.2311219772378454e-05,0.0004395027301503381
6634,28790,90,126,90,126,DepthLow,DepthLow,DepthLow--DepthLow,4,0.1227809594838052,2.2311174430508222e-05,0.0004395018369730058
6635,25335,77,311,77,311,DepthMid,DepthMid,DepthMid--DepthMid,7,0.17893232806707884,2.2310751764446224e-05,0.00043949351098769053
6636,8932,25,158,25,158,DepthHigh,DepthHigh,DepthHigh--DepthHigh,7,0.181237193229442,2.230966033874502e-05,0.00043947201128573217
6637,17273,50,349,50,349,DepthHigh,DepthMid,DepthHigh--DepthMid,4,0.1396186715454862,2.2309183190770824e-05,0.00043946261207585094
6638,21807,65,293,65,293,DepthMid,DepthLow,DepthLow--DepthMid,6,0.16264766489843932,2.2309061196467127e-05,0.0004394602089428047
6639,23946,73,76,73,76,DepthMid,DepthMid,DepthMid--DepthMid,5,0.15620258016096514,2.230747480528618e-05,0.0004394289590487055
6640,28503,89,113,89,113,DepthLow,DepthLow,DepthLow--DepthLow,5,0.14442380679442354,2.2306778881201197e-05,0.0004394152502269356
6641,65124,313,334,313,334,DepthHigh,DepthHigh,DepthHigh--DepthHigh,10,0.32132143695411974,2.2305589711357766e-05,0.0004393918250893531
6642,37752,125,128,125,128,DepthLow,DepthLow,DepthLow--DepthLow,3,0.1031933293068733,2.230469551649204e-05,0.0004393742105846877
6643,60424,254,354,254,354,DepthLow,DepthMid,DepthLow--DepthMid,7,0.1852090931580493,2.230440830846277e-05,0.0004393685529508033
