rank,edge_idx,neuron_i_local,neuron_j_local,neuron_i_global,neuron_j_global,layer_i,layer_j,layer_pair,strength_decile,corr_mean,edge_importance,edge_importance_raw
1,24298,178,180,178,180,DepthHigh,DepthHigh,DepthHigh--DepthHigh,10,0.8474190473344859,0.00031447699609274914,0.02379135668651017
2,24103,174,179,174,179,DepthHigh,DepthHigh,DepthHigh--DepthHigh,10,0.7982998253613772,0.0002463580685678237,0.01863790596679502
3,4311,20,22,20,22,DepthHigh,DepthHigh,DepthHigh--DepthHigh,10,0.8774988875767997,0.0002368670463447956,0.017919874766315545
4,4515,21,22,21,22,DepthHigh,DepthHigh,DepthHigh--DepthHigh,10,0.928633194823383,0.0002345956519262419,0.017748035313958205
5,9646,47,200,47,200,DepthHigh,DepthHigh,DepthHigh--DepthHigh,10,0.25188709565307915,0.00021437318722518554,0.016218130498150005
6,24299,178,181,178,181,DepthHigh,DepthHigh,DepthHigh--DepthHigh,10,0.7563065036536163,0.0002140284442221956,0.016192049405252217
7,10521,52,200,52,200,DepthHigh,DepthHigh,DepthHigh--DepthHigh,10,0.2483083559170579,0.00021012399022238794,0.01589666290980217
8,9605,47,159,47,159,DepthHigh,DepthHigh,DepthHigh--DepthHigh,10,0.2816322466973564,0.00020815436809816756,0.015747653656097812
9,23832,169,173,169,173,DepthLow,DepthLow,DepthLow--DepthLow,10,0.7950391329684368,0.00020790638678713094,0.015728892945789066
10,12047,61,214,61,214,DepthMid,DepthMid,DepthMid--DepthMid,10,0.864374248428983,0.00020577699394140657,0.015567796441600284
11,10480,52,159,52,159,DepthHigh,DepthHigh,DepthHigh--DepthHigh,10,0.28315344019027333,0.00020568782982389376,0.015561050843830838
12,17925,103,107,103,107,DepthMid,DepthMid,DepthMid--DepthMid,10,0.8901596938956564,0.00020363223546638443,0.015405537470293468
13,23830,169,171,169,171,DepthLow,DepthLow,DepthLow--DepthLow,10,0.7960999327566959,0.00020252432807230417,0.01532172014719613
14,11895,61,62,61,62,DepthMid,DepthMid,DepthMid--DepthMid,10,0.9106091932589205,0.0002020123937077098,0.015282990404736513
15,10652,53,159,53,159,DepthHigh,DepthHigh,DepthHigh--DepthHigh,10,0.28737096119237476,0.00020125841728276618,0.015225949278415899
16,24390,180,181,180,181,DepthHigh,DepthHigh,DepthHigh--DepthHigh,10,0.8033571639596722,0.0002005701335067736,0.015173878045799102
17,10993,55,159,55,159,DepthHigh,DepthHigh,DepthHigh--DepthHigh,10,0.3139341434541174,0.0001966855946408818,0.014879998204445662
18,10548,53,55,53,55,DepthHigh,DepthHigh,DepthHigh--DepthHigh,10,0.639087281210031,0.0001961740079536019,0.01484129476507054
19,23941,171,173,171,173,DepthLow,DepthLow,DepthLow--DepthLow,10,0.8624258830486058,0.00019438484131900147,0.014705937641642575
20,23254,159,200,159,200,DepthHigh,DepthHigh,DepthHigh--DepthHigh,10,0.5850566307335935,0.000193243117818722,0.014619562004091938
21,10693,53,200,53,200,DepthHigh,DepthHigh,DepthHigh--DepthHigh,10,0.2838481082589471,0.00019170564351522222,0.014503246343470078
22,9501,47,55,47,55,DepthHigh,DepthHigh,DepthHigh--DepthHigh,10,0.6104059188650609,0.00018657350702799982,0.01411498109275727
23,11233,57,62,57,62,DepthMid,DepthMid,DepthMid--DepthMid,10,0.5354221938490838,0.0001863041921755311,0.014094606420537467
24,5580,26,82,26,82,DepthHigh,DepthMid,DepthHigh--DepthMid,10,0.319797008688805,0.00018358007098245174,0.01388851650055261
25,11914,61,81,61,81,DepthMid,DepthMid,DepthMid--DepthMid,10,0.3785898350278403,0.00018136839979658711,0.0137211953333132
26,23888,170,174,170,174,DepthHigh,DepthHigh,DepthHigh--DepthHigh,10,0.6790963944229605,0.00018072404821864026,0.013672447735196587
27,10376,52,55,52,55,DepthHigh,DepthHigh,DepthHigh--DepthHigh,10,0.5960189262256269,0.00018033984200157654,0.013643381103090237
28,11034,55,200,55,200,DepthHigh,DepthHigh,DepthHigh--DepthHigh,10,0.2849162514814427,0.00017944947444868022,0.013576021479663905
29,17934,103,116,103,116,DepthMid,DepthMid,DepthMid--DepthMid,5,0.07655834284862849,0.00017878930387934592,0.01352607711589767
30,5682,26,184,26,184,DepthHigh,DepthHigh,DepthHigh--DepthHigh,9,0.1629364587604193,0.00017698887085697962,0.013389867648249822
31,11232,57,61,57,61,DepthMid,DepthMid,DepthMid--DepthMid,10,0.5623676971887587,0.00017571120102973133,0.013293207164445497
32,9498,47,52,47,52,DepthHigh,DepthHigh,DepthHigh--DepthHigh,10,0.8710584019936555,0.00017440017820333928,0.013194023401962435
33,5679,26,181,26,181,DepthHigh,DepthHigh,DepthHigh--DepthHigh,9,0.176545190172436,0.00017381441244979526,0.013149708039788224
34,10664,53,171,53,171,DepthHigh,DepthLow,DepthHigh--DepthLow,4,0.059761848884935694,0.0001727814571071103,0.013071561118695764
35,15226,82,180,82,180,DepthMid,DepthHigh,DepthHigh--DepthMid,10,0.19787457103970227,0.00017210006214076712,0.013020011050200826
36,5678,26,180,26,180,DepthHigh,DepthHigh,DepthHigh--DepthHigh,9,0.1685305908910213,0.00017168874714676611,0.01298889353809542
37,5674,26,176,26,176,DepthHigh,DepthHigh,DepthHigh--DepthHigh,10,0.20455574906693352,0.00017166562967911754,0.012987144615518096
38,9571,47,125,47,125,DepthHigh,DepthMid,DepthHigh--DepthMid,8,0.13117674020304082,0.00017109171372536741,0.012943725734857836
39,20408,125,159,125,159,DepthMid,DepthHigh,DepthHigh--DepthMid,9,0.15144646947164636,0.00017064015564484573,0.012909563683286983
40,23714,167,168,167,168,DepthLow,DepthLow,DepthLow--DepthLow,10,0.892375441129801,0.00016803299404039398,0.012712322192044196
41,10666,53,173,53,173,DepthHigh,DepthLow,DepthHigh--DepthLow,4,0.05407967073919926,0.0001678927611274802,0.012701713049589352
42,10662,53,169,53,169,DepthHigh,DepthLow,DepthHigh--DepthLow,6,0.08713435972491725,0.00016767484011439814,0.012685226512843777
43,22427,148,154,148,154,DepthHigh,DepthLow,DepthHigh--DepthLow,7,0.1003999727312941,0.00016741497408451732,0.012665566679264793
44,18412,107,116,107,116,DepthMid,DepthMid,DepthMid--DepthMid,6,0.07938527769887707,0.00016731416416109932,0.012657940032879282
45,10446,52,125,52,125,DepthHigh,DepthMid,DepthHigh--DepthMid,7,0.11303164274496766,0.00016726932313845753,0.012654547642411574
46,16910,95,96,95,96,DepthHigh,DepthHigh,DepthHigh--DepthHigh,10,0.9035855041905344,0.00016713725419547208,0.012644556134705711
47,11730,60,61,60,61,DepthMid,DepthMid,DepthMid--DepthMid,10,0.6471441942576794,0.00016705978207093384,0.012638695079776252
48,18404,107,108,107,108,DepthMid,DepthMid,DepthMid--DepthMid,3,0.03526863942477498,0.0001665509666992423,0.012600201300752992
49,20449,125,200,125,200,DepthMid,DepthHigh,DepthHigh--DepthMid,9,0.15517426215474964,0.0001660036924122551,0.012558797961466363
50,11385,57,214,57,214,DepthMid,DepthMid,DepthMid--DepthMid,10,0.6115608644771527,0.00016539504629641224,0.012512751614618131
51,19467,116,154,116,154,DepthMid,DepthLow,DepthLow--DepthMid,8,0.12987142643536795,0.00016476670209762562,0.012465215034388197
52,19461,116,148,116,148,DepthMid,DepthHigh,DepthHigh--DepthMid,6,0.09492813963222005,0.00016445869286938267,0.012441912988442352
53,9499,47,53,47,53,DepthHigh,DepthHigh,DepthHigh--DepthHigh,10,0.7092804174183809,0.0001639663797903727,0.012404667669358008
54,24348,179,184,179,184,DepthHigh,DepthHigh,DepthHigh--DepthHigh,10,0.46197885612812084,0.00016348891845987138,0.01236854594039497
55,11910,61,77,61,77,DepthMid,DepthMid,DepthMid--DepthMid,10,0.5307431259578328,0.00016303730462193547,0.012334379670567946
56,15227,82,181,82,181,DepthMid,DepthHigh,DepthHigh--DepthMid,10,0.19528331931190793,0.0001625361203438551,0.012296463212214457
57,11883,60,214,60,214,DepthMid,DepthMid,DepthMid--DepthMid,10,0.7079423020481694,0.00016099343788051715,0.012179753534892071
58,10618,53,125,53,125,DepthHigh,DepthMid,DepthHigh--DepthMid,8,0.1305671106845489,0.00016094083650638636,0.012175774044914442
59,18561,108,148,108,148,DepthMid,DepthHigh,DepthHigh--DepthMid,6,0.08100120823815782,0.00016036944395623912,0.012132546069140474
60,17966,103,148,103,148,DepthMid,DepthHigh,DepthHigh--DepthMid,5,0.06815343002783927,0.00016021462946900025,0.012120833776248141
61,18450,107,154,107,154,DepthMid,DepthLow,DepthLow--DepthMid,8,0.13909442696374316,0.00015862310811080597,0.012000429254526521
62,22882,154,168,154,168,DepthLow,DepthLow,DepthLow--DepthLow,10,0.8405931846544221,0.00015826940558081752,0.011973670340022663
63,17926,103,108,103,108,DepthMid,DepthMid,DepthMid--DepthMid,4,0.055570316705487725,0.00015779614458484836,0.011937866382019978
64,5676,26,178,26,178,DepthHigh,DepthHigh,DepthHigh--DepthHigh,10,0.23038894193951578,0.0001572426297909995,0.011895990925133349
65,11896,61,63,61,63,DepthMid,DepthMid,DepthMid--DepthMid,10,0.7568387574092433,0.00015580498629069232,0.011787227836803152
66,24108,174,184,174,184,DepthHigh,DepthHigh,DepthHigh--DepthHigh,10,0.4573702763376114,0.00015577589041341298,0.011785026625258077
67,12059,62,63,62,63,DepthMid,DepthMid,DepthMid--DepthMid,10,0.8425472844951837,0.0001555805536889028,0.011770248674105727
68,18444,107,148,107,148,DepthMid,DepthHigh,DepthHigh--DepthMid,4,0.05673079627138634,0.0001554679875198429,0.011761732623926501
69,15224,82,178,82,178,DepthMid,DepthHigh,DepthHigh--DepthMid,9,0.16386504605885757,0.00015414816561633537,0.011661883178468953
70,3900,18,22,18,22,DepthHigh,DepthHigh,DepthHigh--DepthHigh,10,0.5329301681263122,0.000154087838714122,0.01165731922350187
71,18711,109,182,109,182,DepthMid,DepthLow,DepthLow--DepthMid,7,0.10969883426790687,0.00015392523224142554,0.011645017437872007
72,21598,138,140,138,140,DepthHigh,DepthHigh,DepthHigh--DepthHigh,10,0.864267289576869,0.00015380578599904249,0.011635980884506555
73,10959,55,125,55,125,DepthHigh,DepthMid,DepthHigh--DepthMid,9,0.15480631050128094,0.00015370301575756576,0.011628205932754567
74,12077,62,81,62,81,DepthMid,DepthMid,DepthMid--DepthMid,10,0.3419522990987182,0.0001534046401070827,0.011605632702866815
75,15222,82,176,82,176,DepthMid,DepthHigh,DepthHigh--DepthMid,9,0.17376862134368415,0.00015299210082157124,0.011574422568546188
76,18167,105,108,105,108,DepthMid,DepthMid,DepthMid--DepthMid,10,0.8101023247753097,0.00015206448385395559,0.011504244888082419
77,23893,170,179,170,179,DepthHigh,DepthHigh,DepthHigh--DepthHigh,10,0.6660071081963601,0.00015200278958096676,0.01149957748642052
78,21786,140,157,140,157,DepthHigh,DepthHigh,DepthHigh--DepthHigh,10,0.20284617500896818,0.0001516309395512128,0.011471445645930807
79,11789,60,120,60,120,DepthMid,DepthMid,DepthMid--DepthMid,5,0.07646367791605374,0.00015150709216587332,0.011462076129699374
80,23898,170,184,170,184,DepthHigh,DepthHigh,DepthHigh--DepthHigh,10,0.4093378422177234,0.00015143141734955029,0.011456351047834256
81,18567,108,154,108,154,DepthMid,DepthLow,DepthLow--DepthMid,3,0.038341303572759534,0.00015093740292101694,0.011418977015318209
82,10374,52,53,52,53,DepthHigh,DepthHigh,DepthHigh--DepthHigh,10,0.916264015297157,0.00015080863704982828,0.011409235397303022
83,17972,103,154,103,154,DepthMid,DepthLow,DepthLow--DepthMid,8,0.13700496638576026,0.00015068300421995125,0.011399730805538674
84,3898,18,20,18,20,DepthHigh,DepthHigh,DepthHigh--DepthHigh,10,0.5218278908895757,0.0001503001606727871,0.011370767264488362
85,21684,139,140,139,140,DepthHigh,DepthHigh,DepthHigh--DepthHigh,10,0.9013905294090865,0.00015021563109587338,0.011364372286986349
86,21597,138,139,138,139,DepthHigh,DepthHigh,DepthHigh--DepthHigh,10,0.9050193862799134,0.00014876834225451764,0.011254879492661433
87,19994,121,151,121,151,DepthHigh,DepthHigh,DepthHigh--DepthHigh,10,0.4597222030757154,0.00014796858760733215,0.01119437507323079
88,23933,170,219,170,219,DepthHigh,DepthHigh,DepthHigh--DepthHigh,10,0.18474727933991483,0.00014776211078088112,0.011178754331851837
89,13950,74,76,74,76,DepthLow,DepthLow,DepthLow--DepthLow,10,0.7100184631242435,0.00014726939945873226,0.011141478884189942
90,12145,62,149,62,149,DepthMid,DepthHigh,DepthHigh--DepthMid,9,0.15149865736335538,0.00014723266345078174,0.01113869966828783
91,21787,140,158,140,158,DepthHigh,DepthHigh,DepthHigh--DepthHigh,10,0.21378492677696592,0.00014671833055313467,0.011099788467864385
92,24383,179,219,179,219,DepthHigh,DepthHigh,DepthHigh--DepthHigh,9,0.17670653811496176,0.00014568179418748692,0.011021370629039724
93,14652,78,184,78,184,DepthLow,DepthHigh,DepthHigh--DepthLow,8,0.12568783013826285,0.00014507536422715691,0.010975491942614782
94,14647,78,179,78,179,DepthLow,DepthHigh,DepthHigh--DepthLow,5,0.06838313205633245,0.0001446681339238976,0.010944683452586021
95,2255,10,61,10,61,DepthLow,DepthMid,DepthLow--DepthMid,10,0.3805529386278962,0.00014458523899980364,0.01093841214266153
96,23280,160,161,160,161,DepthLow,DepthLow,DepthLow--DepthLow,10,0.9706627475633596,0.00014354086316648815,0.010859401218893191
97,2914,13,81,13,81,DepthLow,DepthMid,DepthLow--DepthMid,10,0.19904160448269026,0.00014255999168504753,0.010785194635999933
98,12210,62,214,62,214,DepthMid,DepthMid,DepthMid--DepthMid,10,0.816718598604198,0.00014151741785935955,0.01070632004082399
99,18529,108,116,108,116,DepthMid,DepthMid,DepthMid--DepthMid,10,0.2112078831114328,0.0001410776140620302,0.010673047244580229
100,21870,141,157,141,157,DepthHigh,DepthHigh,DepthHigh--DepthHigh,10,0.20341715017438464,0.0001406874985555719,0.010643533552709581
101,11731,60,62,60,62,DepthMid,DepthMid,DepthMid--DepthMid,10,0.6289936220464024,0.00014041844368141635,0.010623178548818007
102,4310,20,21,20,21,DepthHigh,DepthHigh,DepthHigh--DepthHigh,10,0.8993167011118304,0.00013957820470885318,0.010559611339303384
103,2702,12,81,12,81,DepthMid,DepthMid,DepthMid--DepthMid,9,0.16525616519141623,0.00013944315971078252,0.010549394681939737
104,12073,62,77,62,77,DepthMid,DepthMid,DepthMid--DepthMid,10,0.46749586088600253,0.00013764437153846568,0.010413309653327839
105,24143,174,219,174,219,DepthHigh,DepthHigh,DepthHigh--DepthHigh,9,0.16480623489761997,0.00013760449593374464,0.010410292915229996
106,25129,201,206,201,206,DepthLow,DepthLow,DepthLow--DepthLow,10,0.7431475541937451,0.00013693487847505964,0.010359633859079538
107,18524,108,111,108,111,DepthMid,DepthMid,DepthMid--DepthMid,10,0.2076852480307504,0.00013664700354464358,0.010337855047796909
108,2209,10,15,10,15,DepthLow,DepthLow,DepthLow--DepthLow,10,0.8332058726392962,0.00013619512809669154,0.010303668986197246
109,12239,63,81,63,81,DepthMid,DepthMid,DepthMid--DepthMid,10,0.33298376619449416,0.00013595824527466005,0.010285747917941441
110,18523,108,110,108,110,DepthMid,DepthMid,DepthMid--DepthMid,7,0.11018278051287371,0.00013529495342898837,0.010235567417988516
111,5606,26,108,26,108,DepthHigh,DepthMid,DepthHigh--DepthMid,10,0.32050211516542815,0.00013501400509651583,0.010214312629653017
112,11585,59,81,59,81,DepthLow,DepthMid,DepthLow--DepthMid,10,0.2312433901018042,0.00013475163069105086,0.010194463028113365
113,18169,105,110,105,110,DepthMid,DepthMid,DepthMid--DepthMid,8,0.12388254663697762,0.00013433371585752516,0.01016284621355291
114,12016,61,183,61,183,DepthMid,DepthMid,DepthMid--DepthMid,10,0.559476434959398,0.00013392108395359834,0.01013162907230401
115,21788,140,159,140,159,DepthHigh,DepthHigh,DepthHigh--DepthHigh,10,0.22039070536995373,0.0001334511241173924,0.010096074859339537
116,24203,176,180,176,180,DepthHigh,DepthHigh,DepthHigh--DepthHigh,10,0.5539093529731812,0.00013311101201957958,0.01007034411167596
117,2073,9,94,9,94,DepthHigh,DepthHigh,DepthHigh--DepthHigh,10,0.18188791288069617,0.00013308779118321217,0.010068587368869841
118,13499,71,81,71,81,DepthLow,DepthMid,DepthLow--DepthMid,5,0.062374733276722355,0.0001328003618526094,0.010046842268873661
119,3125,14,81,14,81,DepthLow,DepthMid,DepthLow--DepthMid,9,0.17423334062332219,0.00013230116307907559,0.010009076021338312
120,24598,184,219,184,219,DepthHigh,DepthHigh,DepthHigh--DepthHigh,10,0.26980009093566354,0.0001320498330430419,0.009990061967504158
121,12384,64,65,64,65,DepthMid,DepthMid,DepthMid--DepthMid,10,0.9427563542596199,0.00013191994364941136,0.009980235350829317
122,14638,78,170,78,170,DepthLow,DepthHigh,DepthHigh--DepthLow,6,0.0937177032389527,0.0001313821234965072,0.00993954725201791
123,16150,89,131,89,131,DepthLow,DepthMid,DepthLow--DepthMid,8,0.12202054402127716,0.00013110796671490378,0.009918806269815101
124,10025,50,51,50,51,DepthHigh,DepthHigh,DepthHigh--DepthHigh,10,0.9708361614067855,0.0001309812920386777,0.009909222858491896
125,16779,94,95,94,95,DepthHigh,DepthHigh,DepthHigh--DepthHigh,10,0.9077739070333084,0.00013060842320171133,0.009881013941439868
126,11234,57,63,57,63,DepthMid,DepthMid,DepthMid--DepthMid,10,0.5229296820913669,0.00013031243457971916,0.009858621299152966
127,8174,39,180,39,180,DepthLow,DepthHigh,DepthHigh--DepthLow,6,0.08457775643881438,0.00012958438069639165,0.00980354130970873
128,18165,105,106,105,106,DepthMid,DepthMid,DepthMid--DepthMid,10,0.9546053071326532,0.0001295700438533803,0.009802456674107146
129,5326,25,27,25,27,DepthMid,DepthMid,DepthMid--DepthMid,10,0.8968628155586389,0.00012953735863385183,0.009799983915444857
130,15766,86,158,86,158,DepthMid,DepthHigh,DepthHigh--DepthMid,10,0.1964491367472628,0.00012945132113893282,0.009793474858326327
131,11750,60,81,60,81,DepthMid,DepthMid,DepthMid--DepthMid,10,0.34945466025417715,0.00012915308973951038,0.009770912541568874
132,14642,78,174,78,174,DepthLow,DepthHigh,DepthHigh--DepthLow,5,0.06839734319501016,0.00012914172406069916,0.00977005268561139
133,24552,183,214,183,214,DepthMid,DepthMid,DepthMid--DepthMid,10,0.5958140582541929,0.0001291011955000244,0.009766986548962337
134,14687,78,219,78,219,DepthLow,DepthHigh,DepthHigh--DepthLow,10,0.20012381846202174,0.0001286586322270001,0.009733504988098773
135,14129,75,105,75,105,DepthMid,DepthMid,DepthMid--DepthMid,6,0.0956866354235451,0.0001285184824271347,0.009722902133455766
136,11718,59,214,59,214,DepthLow,DepthMid,DepthLow--DepthMid,10,0.32660653985598725,0.00012851347947454134,0.00972252364144804
137,21616,138,158,138,158,DepthHigh,DepthHigh,DepthHigh--DepthHigh,10,0.2101197596162506,0.00012825179660312113,0.00970272635703595
138,11565,59,61,59,61,DepthLow,DepthMid,DepthLow--DepthMid,10,0.32367634598559486,0.00012824354369080353,0.009702101993463766
139,15767,86,159,86,159,DepthMid,DepthHigh,DepthHigh--DepthMid,10,0.18517371742523872,0.00012790774164914235,0.009676697317609943
140,12019,61,186,61,186,DepthMid,DepthMid,DepthMid--DepthMid,10,0.489928288512976,0.00012786911235218029,0.009673774867338565
141,21702,139,158,139,158,DepthHigh,DepthHigh,DepthHigh--DepthHigh,10,0.2011947215478194,0.00012697204730316536,0.009605908553371928
142,21871,141,158,141,158,DepthHigh,DepthHigh,DepthHigh--DepthHigh,10,0.21155454693813786,0.0001267313445885176,0.009587698496004465
143,9586,47,140,47,140,DepthHigh,DepthHigh,DepthHigh--DepthHigh,8,0.11635835283783706,0.00012658052445074327,0.009576288390534496
144,21615,138,157,138,157,DepthHigh,DepthHigh,DepthHigh--DepthHigh,9,0.1769554638045685,0.00012645222335489902,0.009566581934506147
145,2275,10,81,10,81,DepthLow,DepthMid,DepthLow--DepthMid,10,0.19181946126727076,0.00012605643602425285,0.009536639147999031
146,8172,39,178,39,178,DepthLow,DepthHigh,DepthHigh--DepthLow,6,0.09256290350196925,0.0001257705897791889,0.0095150138143234
147,21701,139,157,139,157,DepthHigh,DepthHigh,DepthHigh--DepthHigh,9,0.17229889030209253,0.00012576828441115628,0.009514839404640532
148,12307,63,149,63,149,DepthMid,DepthHigh,DepthHigh--DepthMid,9,0.15812831925030615,0.00012550179200850612,0.009494678261267663
149,14535,77,214,77,214,DepthMid,DepthMid,DepthMid--DepthMid,10,0.6011430396776106,0.000124988912181504,0.009455876991053531
150,9408,46,140,46,140,DepthHigh,DepthHigh,DepthHigh--DepthHigh,7,0.09807190504239476,0.00012497257633069638,0.009454641123062643
151,18522,108,109,108,109,DepthMid,DepthMid,DepthMid--DepthMid,10,0.740102664851312,0.0001248174802626373,0.009442907527531921
152,5725,27,29,27,29,DepthMid,DepthMid,DepthMid--DepthMid,10,0.9247636687180153,0.00012470177214231638,0.009434153777030982
153,21685,139,141,139,141,DepthHigh,DepthHigh,DepthHigh--DepthHigh,10,0.7931840777677782,0.0001246795263128465,0.009432470797130128
154,11982,61,149,61,149,DepthMid,DepthHigh,DepthHigh--DepthMid,9,0.1443479369234745,0.00012441508971248975,0.009412465182861922
155,10459,52,138,52,138,DepthHigh,DepthHigh,DepthHigh--DepthHigh,7,0.10785954210927544,0.00012432251449790203,0.009405461522886942
156,12372,63,214,63,214,DepthMid,DepthMid,DepthMid--DepthMid,10,0.7258248545154975,0.00012428691335054435,0.009402768163417858
157,22874,154,160,154,160,DepthLow,DepthLow,DepthLow--DepthLow,10,0.9349474890577364,0.00012408771906125622,0.00938769837311443
158,24201,176,178,176,178,DepthHigh,DepthHigh,DepthHigh--DepthHigh,10,0.5592546019416066,0.0001240519143220413,0.009384989611162638
159,10974,55,140,55,140,DepthHigh,DepthHigh,DepthHigh--DepthHigh,8,0.13660849322797183,0.0001239048415681838,0.009373863009251002
160,25130,201,207,201,207,DepthLow,DepthLow,DepthLow--DepthLow,10,0.6327993742370507,0.00012306223527976568,0.009310116703469897
161,2254,10,60,10,60,DepthLow,DepthMid,DepthLow--DepthMid,10,0.23155207861450178,0.0001227494878049932,0.00928645619151651
162,18560,108,147,108,147,DepthMid,DepthHigh,DepthHigh--DepthMid,6,0.08179773292039595,0.00012250835670396328,0.00926821372512281
163,9584,47,138,47,138,DepthHigh,DepthHigh,DepthHigh--DepthHigh,8,0.12656605790112968,0.0001224275374390036,0.009262099446546993
164,8760,42,214,42,214,DepthMid,DepthMid,DepthMid--DepthMid,10,0.39826462354265707,0.00012242474631123456,0.00926188828732983
165,10631,53,138,53,138,DepthHigh,DepthHigh,DepthHigh--DepthHigh,8,0.12226721603746271,0.00012224143509500797,0.009248020110693474
166,11631,59,127,59,127,DepthLow,DepthMid,DepthLow--DepthMid,8,0.13125148068402015,0.00012220466834943273,0.009245238569375506
167,24672,186,214,186,214,DepthMid,DepthMid,DepthMid--DepthMid,10,0.5579051910522324,0.00012152232983466931,0.009193617117926343
168,18170,105,111,105,111,DepthMid,DepthMid,DepthMid--DepthMid,9,0.148614562688367,0.00012142852394003711,0.009186520352419738
169,2257,10,63,10,63,DepthLow,DepthMid,DepthLow--DepthMid,10,0.2555922936529362,0.00012137866105814377,0.009182748039585156
170,4756,22,60,22,60,DepthHigh,DepthMid,DepthHigh--DepthMid,10,0.21068237426423692,0.00012129767356456669,0.009176621033887509
171,25370,215,216,215,216,DepthMid,DepthHigh,DepthHigh--DepthMid,10,0.781424364204765,0.00012127426460408473,0.009174850058791059
172,14402,77,81,77,81,DepthMid,DepthMid,DepthMid--DepthMid,10,0.5606785524531978,0.00012099500964282616,0.009153723380298427
173,4553,21,60,21,60,DepthHigh,DepthMid,DepthHigh--DepthMid,10,0.19873669787527504,0.00012090578904447915,0.009146973509543393
174,4758,22,62,22,62,DepthHigh,DepthMid,DepthHigh--DepthMid,9,0.15778119809263505,0.00012087183916433463,0.009144405074592608
175,17473,99,149,99,149,DepthMid,DepthHigh,DepthHigh--DepthMid,9,0.16415899332554584,0.00012080467595440152,0.009139323927470296
176,23350,161,167,161,167,DepthLow,DepthLow,DepthLow--DepthLow,10,0.9413221031382515,0.00012076136369370664,0.009136047193540966
177,2692,12,71,12,71,DepthMid,DepthLow,DepthLow--DepthMid,9,0.14165944987713924,0.00012056200937133974,0.009120965296138749
178,23287,160,168,160,168,DepthLow,DepthLow,DepthLow--DepthLow,10,0.8475273705949119,0.00012041212345485192,0.009109625867990578
179,8607,42,61,42,61,DepthMid,DepthMid,DepthMid--DepthMid,10,0.318112744129739,0.00012009506774808403,0.009085639422231654
180,1339,6,11,6,11,DepthMid,DepthMid,DepthMid--DepthMid,10,0.39942032814451484,0.00011976640118544514,0.009060774571956993
181,23286,160,167,160,167,DepthLow,DepthLow,DepthLow--DepthLow,10,0.9136845540680552,0.00011962662858915812,0.00905020025417038
182,4312,20,23,20,23,DepthHigh,DepthHigh,DepthHigh--DepthHigh,10,0.7844298540775365,0.00011917094942731433,0.009015726427439861
183,2893,13,60,13,60,DepthLow,DepthMid,DepthLow--DepthMid,10,0.20949467720286205,0.00011898935808597073,0.0090019883657477
184,14132,75,108,75,108,DepthMid,DepthMid,DepthMid--DepthMid,5,0.06487278077616555,0.00011853198828136604,0.008967386635591958
185,11252,57,81,57,81,DepthMid,DepthMid,DepthMid--DepthMid,10,0.35108559730506467,0.00011847873463014602,0.008963357798421749
186,11952,61,119,61,119,DepthMid,DepthHigh,DepthHigh--DepthMid,10,0.1899474717927128,0.00011842603155944758,0.008959370614719794
187,21872,141,159,141,159,DepthHigh,DepthHigh,DepthHigh--DepthHigh,10,0.22461480724955504,0.0001181670004321437,0.008939773944632108
188,18553,108,140,108,140,DepthMid,DepthHigh,DepthHigh--DepthMid,10,0.22392179420647593,0.00011731842077687109,0.008875575731388072
189,18554,108,141,108,141,DepthMid,DepthHigh,DepthHigh--DepthMid,10,0.2224254829843651,0.00011729378929755588,0.00887371226818604
190,18672,109,143,109,143,DepthMid,DepthHigh,DepthHigh--DepthMid,9,0.1522173689598712,0.00011713391308854177,0.008861617037178363
191,23147,158,159,158,159,DepthHigh,DepthHigh,DepthHigh--DepthHigh,10,0.9227477430661027,0.0001170429826108226,0.008854737807676778
192,2313,10,119,10,119,DepthLow,DepthHigh,DepthHigh--DepthLow,10,0.20030709960980095,0.00011694532383361171,0.008847349557244916
193,10461,52,140,52,140,DepthHigh,DepthHigh,DepthHigh--DepthHigh,7,0.10428232475910991,0.00011693520229920432,0.008846583825448019
194,466,2,20,2,20,DepthHigh,DepthHigh,DepthHigh--DepthHigh,9,0.1576165723331561,0.00011679685048766806,0.008836116995322506
195,3335,15,81,15,81,DepthLow,DepthMid,DepthLow--DepthMid,9,0.15955185729806506,0.00011677638074029221,0.008834568382650825
196,12389,64,70,64,70,DepthMid,DepthMid,DepthMid--DepthMid,10,0.9207685076640957,0.00011623683963527494,0.00879375008739875
197,2890,13,57,13,57,DepthLow,DepthMid,DepthLow--DepthMid,10,0.20493405893910185,0.00011556660887886021,0.00874304463298952
198,2896,13,63,13,63,DepthLow,DepthMid,DepthLow--DepthMid,10,0.20731720692454242,0.00011541130008539559,0.008731294943989125
199,2251,10,57,10,57,DepthLow,DepthMid,DepthLow--DepthMid,10,0.2339375519085294,0.00011536774506201302,0.008727999844157789
200,23351,161,168,161,168,DepthLow,DepthLow,DepthLow--DepthLow,10,0.8311047646251933,0.00011510710803648015,0.008708281681884531
201,464,2,18,2,18,DepthHigh,DepthHigh,DepthHigh--DepthHigh,9,0.17477813541974746,0.00011463149548226406,0.008672299819737134
202,12412,64,93,64,93,DepthMid,DepthLow,DepthLow--DepthMid,10,0.25793878955839383,0.00011433560725460283,0.008649914772655497
203,12572,65,93,65,93,DepthMid,DepthLow,DepthLow--DepthMid,10,0.23468157012665827,0.00011406271539512716,0.00862926948652552
204,21617,138,159,138,159,DepthHigh,DepthHigh,DepthHigh--DepthHigh,10,0.2057306689252073,0.00011405400512465897,0.008628610522104849
205,12084,62,88,62,88,DepthMid,DepthMid,DepthMid--DepthMid,10,0.27758646532461,0.00011404469698924305,0.008627906326972874
206,10055,50,81,50,81,DepthHigh,DepthMid,DepthHigh--DepthMid,10,0.18130888320034003,0.00011347566506077631,0.008584856941026144
207,21703,139,159,139,159,DepthHigh,DepthHigh,DepthHigh--DepthHigh,10,0.19653939554556274,0.00011340056467785487,0.008579175317188544
208,12182,62,186,62,186,DepthMid,DepthMid,DepthMid--DepthMid,10,0.4663897375427975,0.00011335360188617841,0.008575622406986365
209,12008,61,175,61,175,DepthMid,DepthMid,DepthMid--DepthMid,10,0.29650268380088096,0.00011307471346066157,0.008554523458288528
210,11566,59,62,59,62,DepthLow,DepthMid,DepthLow--DepthMid,10,0.2836677180965259,0.00011274088264635186,0.008529267913129836
211,468,2,22,2,22,DepthHigh,DepthHigh,DepthHigh--DepthHigh,9,0.17163497364307817,0.00011257916750056007,0.008517033559701934
212,12333,63,175,63,175,DepthMid,DepthMid,DepthMid--DepthMid,10,0.28022411234964106,0.00011225296791433205,0.008492355345386208
213,3059,14,15,14,15,DepthLow,DepthLow,DepthLow--DepthLow,10,0.9421689092699357,0.00011216732861017843,0.008485876412882978
214,0,0,1,0,1,DepthLow,DepthLow,DepthLow--DepthLow,10,0.9423032332089256,0.00011216572099664281,0.008485754790928064
215,223,0,224,0,224,DepthLow,DepthLow,DepthLow--DepthLow,10,0.9073126244634987,0.00011215219745125726,0.008484731684322712
216,18609,108,196,108,196,DepthMid,DepthHigh,DepthHigh--DepthMid,10,0.18219496907892763,0.00011186648806719213,0.00846311670469167
217,10633,53,140,53,140,DepthHigh,DepthHigh,DepthHigh--DepthHigh,8,0.13556699184779453,0.00011184029899622303,0.008461135403876488
218,2408,10,214,10,214,DepthLow,DepthMid,DepthLow--DepthMid,10,0.27062268299550096,0.00011168027418916599,0.008449028930873098
219,4550,21,57,21,57,DepthHigh,DepthMid,DepthHigh--DepthMid,9,0.16808703900264416,0.00011155967778000734,0.008439905363104854
220,18551,108,138,108,138,DepthMid,DepthHigh,DepthHigh--DepthMid,10,0.21281873245024183,0.00011149933472178781,0.0084353401858757
221,2894,13,61,13,61,DepthLow,DepthMid,DepthLow--DepthMid,10,0.2740578398749801,0.00011142517421687958,0.008429729667312355
222,4555,21,62,21,62,DepthHigh,DepthMid,DepthHigh--DepthMid,9,0.16095238220880972,0.00011140982587421788,0.00842856850799276
223,4753,22,57,22,57,DepthHigh,DepthMid,DepthHigh--DepthMid,10,0.19079987290558142,0.00011109745139446027,0.008404936214502255
224,11732,60,63,60,63,DepthMid,DepthMid,DepthMid--DepthMid,10,0.6241535936628871,0.00011100341649382315,0.008397822123837962
225,4759,22,63,22,63,DepthHigh,DepthMid,DepthHigh--DepthMid,9,0.14749200837894572,0.00011084017460690039,0.008385472266753938
226,23080,157,159,157,159,DepthHigh,DepthHigh,DepthHigh--DepthHigh,10,0.7998002184770393,0.0001108350631083896,0.008385085562843052
227,2910,13,77,13,77,DepthLow,DepthMid,DepthLow--DepthMid,10,0.1842175359899155,0.00011080036263023249,0.008382460342355432
228,11230,57,59,57,59,DepthMid,DepthLow,DepthLow--DepthMid,10,0.30349660291809744,0.00011065119684536715,0.008371175394848149
229,2895,13,62,13,62,DepthLow,DepthMid,DepthLow--DepthMid,10,0.2562848159388279,0.0001104906908987142,0.00835903252184131
230,12171,62,175,62,175,DepthMid,DepthMid,DepthMid--DepthMid,10,0.2995642183531277,0.00011039457570675447,0.008351761049386034
231,3047,13,214,13,214,DepthLow,DepthMid,DepthLow--DepthMid,10,0.26852573523184686,0.00011035452246189807,0.008348730872149955
232,4349,20,60,20,60,DepthHigh,DepthMid,DepthHigh--DepthMid,9,0.17195685083928405,0.00011032575344062326,0.008346554388479687
233,11564,59,60,59,60,DepthLow,DepthMid,DepthLow--DepthMid,10,0.29118660015520137,0.0001101157734489011,0.008330668619593053
234,19848,119,214,119,214,DepthHigh,DepthMid,DepthHigh--DepthMid,10,0.2250428586870455,0.0001095615472364479,0.00828873934123783
235,11581,59,77,59,77,DepthLow,DepthMid,DepthLow--DepthMid,10,0.27285777442093606,0.00010949910230462957,0.008284015149438068
236,11567,59,63,59,63,DepthLow,DepthMid,DepthLow--DepthMid,10,0.24985950734264792,0.00010934800511204699,0.00827258408373938
237,22881,154,167,154,167,DepthLow,DepthLow,DepthLow--DepthLow,10,0.8731317729071829,0.0001090138435278789,0.008247303514608251
238,13357,70,93,70,93,DepthMid,DepthLow,DepthLow--DepthMid,10,0.24341876272711846,0.00010884803945671357,0.008234759818738025
239,3107,14,63,14,63,DepthLow,DepthMid,DepthLow--DepthMid,10,0.2097201689660562,0.00010882859554120081,0.008233288814069657
240,8721,42,175,42,175,DepthMid,DepthMid,DepthMid--DepthMid,10,0.48077991027770384,0.00010846228151608283,0.008205575792961167
241,3733,17,62,17,62,DepthHigh,DepthMid,DepthHigh--DepthMid,9,0.14761554066727772,0.00010843017596164963,0.00820314688812352
242,18197,105,138,105,138,DepthMid,DepthHigh,DepthHigh--DepthMid,10,0.23665474121626892,0.00010829001736579761,0.008192543368031347
243,3104,14,60,14,60,DepthLow,DepthMid,DepthLow--DepthMid,10,0.21372115787711837,0.00010818040124315982,0.008184250499857616
244,9587,47,141,47,141,DepthHigh,DepthHigh,DepthHigh--DepthHigh,8,0.12243992321810133,0.00010801393423284724,0.008171656650170386
245,12549,65,70,65,70,DepthMid,DepthMid,DepthMid--DepthMid,10,0.9370695086255468,0.00010797001441370387,0.008168333952180296
246,11986,61,153,61,153,DepthMid,DepthHigh,DepthHigh--DepthMid,10,0.20431607363102336,0.00010788819442008833,0.00816214396475234
247,18792,110,148,110,148,DepthMid,DepthHigh,DepthHigh--DepthMid,9,0.1707993857527525,0.00010785257139967814,0.008159448950505322
248,21770,140,141,140,141,DepthHigh,DepthHigh,DepthHigh--DepthHigh,10,0.8199143897425136,0.00010782139368830129,0.008157090240452594
249,22875,154,161,154,161,DepthLow,DepthLow,DepthLow--DepthLow,10,0.8953803235413794,0.00010772429950581567,0.008149744703715722
250,11030,55,196,55,196,DepthHigh,DepthHigh,DepthHigh--DepthHigh,8,0.13470992889185446,0.00010759852274761292,0.008140229223237169
251,22857,153,214,153,214,DepthHigh,DepthMid,DepthHigh--DepthMid,10,0.20250390217750758,0.00010757969671196508,0.008138804963483178
252,2256,10,62,10,62,DepthLow,DepthMid,DepthLow--DepthMid,10,0.2900500514114658,0.00010750463481495556,0.008133126251248237
253,4773,22,77,22,77,DepthHigh,DepthMid,DepthHigh--DepthMid,10,0.2269181800280104,0.00010742128147629735,0.008126820260553629
254,2892,13,59,13,59,DepthLow,DepthLow,DepthLow--DepthLow,10,0.3660610956123123,0.00010717619439709393,0.008108278509668729
255,23250,159,196,159,196,DepthHigh,DepthHigh,DepthHigh--DepthHigh,10,0.20819501945657812,0.00010710121716848041,0.00810260620291347
256,4757,22,61,22,61,DepthHigh,DepthMid,DepthHigh--DepthMid,9,0.1416593409850218,0.00010685300328359825,0.008083827897526598
257,10229,51,81,51,81,DepthHigh,DepthMid,DepthHigh--DepthMid,10,0.20152878616752426,0.0001066531322244182,0.008068706907058791
258,23940,171,172,171,172,DepthLow,DepthLow,DepthLow--DepthLow,10,0.8874197361204869,0.00010658519207214878,0.00806356698135338
259,4910,22,214,22,214,DepthHigh,DepthMid,DepthHigh--DepthMid,9,0.16141498616333885,0.00010634763351484931,0.008045594791206354
260,4516,21,23,21,23,DepthHigh,DepthHigh,DepthHigh--DepthHigh,10,0.7947554870952819,0.00010625356803413565,0.00803847838704531
261,15765,86,157,86,157,DepthMid,DepthHigh,DepthHigh--DepthMid,9,0.17001116734749466,0.00010615194099007871,0.008030789922438376
262,3046,13,213,13,213,DepthLow,DepthLow,DepthLow--DepthLow,10,0.1804884122364161,0.00010612397305080576,0.008028674043606866
263,15152,82,106,82,106,DepthMid,DepthMid,DepthMid--DepthMid,10,0.33216015003002886,0.000106111067319378,0.008027697676929771
264,4707,21,214,21,214,DepthHigh,DepthMid,DepthHigh--DepthMid,9,0.1507781988366978,0.00010601684966227101,0.00802056976005747
265,11248,57,77,57,77,DepthMid,DepthMid,DepthMid--DepthMid,10,0.6350996029370024,0.00010599915084144498,0.008019230778305436
266,9642,47,196,47,196,DepthHigh,DepthHigh,DepthHigh--DepthHigh,7,0.10498533094279733,0.0001059760292065446,0.008017481540459982
267,3101,14,57,14,57,DepthLow,DepthMid,DepthLow--DepthMid,10,0.20298076596323344,0.00010590823486605811,0.008012352645959333
268,4146,19,62,19,62,DepthHigh,DepthMid,DepthHigh--DepthMid,9,0.14252528311673568,0.00010589564895036885,0.008011400474534683
269,8220,40,41,40,41,DepthLow,DepthLow,DepthLow--DepthLow,10,0.7055118963505053,0.00010568511777721969,0.007995473006719059
270,8608,42,62,42,62,DepthMid,DepthMid,DepthMid--DepthMid,10,0.3210161697015682,0.00010564282375126196,0.007992273306042155
271,5551,26,53,26,53,DepthHigh,DepthHigh,DepthHigh--DepthHigh,10,0.19942273884561498,0.00010563024730316039,0.007991321850875794
272,21644,138,186,138,186,DepthHigh,DepthMid,DepthHigh--DepthMid,8,0.12988638082847617,0.00010556546739305163,0.007986421009266817
273,4879,22,183,22,183,DepthHigh,DepthMid,DepthHigh--DepthMid,10,0.18149662125796262,0.00010549748973146143,0.007981278245841507
274,3106,14,62,14,62,DepthLow,DepthMid,DepthLow--DepthMid,10,0.259147761245284,0.00010546909468668635,0.007979130054887106
275,12081,62,85,62,85,DepthMid,DepthMid,DepthMid--DepthMid,10,0.2689051355670579,0.0001054347737278293,0.007976533546448854
276,21815,140,186,140,186,DepthHigh,DepthMid,DepthHigh--DepthMid,9,0.1522555987715389,0.00010533931013629822,0.007969311369994264
277,9349,46,81,46,81,DepthHigh,DepthMid,DepthHigh--DepthMid,9,0.17049703523413076,0.00010521259045104118,0.007959724553570136
278,8223,40,44,40,44,DepthLow,DepthLow,DepthLow--DepthLow,10,0.6478653894014406,0.00010506900734357282,0.007948861956412378
279,14134,75,110,75,110,DepthMid,DepthMid,DepthMid--DepthMid,7,0.09833296799958352,0.0001049860351904155,0.00794258480382144
280,13247,69,138,69,138,DepthHigh,DepthHigh,DepthHigh--DepthHigh,9,0.1545547561054348,0.0001048470212789281,0.00793206788336724
281,3121,14,77,14,77,DepthLow,DepthMid,DepthLow--DepthMid,10,0.1848332489952234,0.00010474740212696735,0.007924531323280005
282,9532,47,86,47,86,DepthHigh,DepthMid,DepthHigh--DepthMid,7,0.0990168054640759,0.0001047279131327883,0.007923056908242543
283,2271,10,77,10,77,DepthLow,DepthMid,DepthLow--DepthMid,10,0.18347341240305196,0.00010471563458096551,0.007922127990039815
284,20705,128,162,128,162,DepthMid,DepthMid,DepthMid--DepthMid,10,0.9269099350690145,0.0001046329269786179,0.00791587085170351
285,4556,21,63,21,63,DepthHigh,DepthMid,DepthHigh--DepthMid,8,0.13054419199695969,0.00010454008485897488,0.007908846999366446
286,12179,62,183,62,183,DepthMid,DepthMid,DepthMid--DepthMid,10,0.5295745928505796,0.0001045071207440439,0.007906353141227625
287,4570,21,77,21,77,DepthHigh,DepthMid,DepthHigh--DepthMid,10,0.22086695116527402,0.00010443983662919262,0.00790126284719769
288,14135,75,111,75,111,DepthMid,DepthMid,DepthMid--DepthMid,5,0.07022507130089209,0.00010431994750405012,0.007892192788101037
289,7484,36,51,36,51,DepthHigh,DepthHigh,DepthHigh--DepthHigh,10,0.20610303416691772,0.00010429782602332711,0.007890519215646282
290,22948,155,164,155,164,DepthLow,DepthLow,DepthLow--DepthLow,10,0.8698441255560567,0.00010428297974243992,0.007889396039170916
291,16780,94,96,94,96,DepthHigh,DepthHigh,DepthHigh--DepthHigh,10,0.8347549499842283,0.00010421649141417676,0.007884365949361956
292,22266,146,148,146,148,DepthHigh,DepthHigh,DepthHigh--DepthHigh,10,0.6735803062804251,0.00010402366170342322,0.00786977766314295
293,21730,139,186,139,186,DepthHigh,DepthMid,DepthHigh--DepthMid,9,0.14170111271319139,0.00010400211408979986,0.007868147505872862
294,3103,14,59,14,59,DepthLow,DepthLow,DepthLow--DepthLow,10,0.33268728761053495,0.00010380550190273386,0.007853273061225017
295,11921,61,88,61,88,DepthMid,DepthMid,DepthMid--DepthMid,10,0.28105259689757794,0.00010377328558123596,0.007850835776446139
296,4554,21,61,21,61,DepthHigh,DepthMid,DepthHigh--DepthMid,9,0.15155008926342178,0.00010370040266987058,0.0078453219125954
297,18755,110,111,110,111,DepthMid,DepthMid,DepthMid--DepthMid,10,0.5779611664726703,0.00010310004704561499,0.007799902772331147
298,25235,206,207,206,207,DepthLow,DepthLow,DepthLow--DepthLow,10,0.5597480040305904,0.00010303520553028887,0.0077949972700578985
299,4958,23,60,23,60,DepthHigh,DepthMid,DepthHigh--DepthMid,10,0.2138166773957861,0.0001029861964871505,0.00779128955330705
300,14144,75,120,75,120,DepthMid,DepthMid,DepthMid--DepthMid,8,0.12347658457161753,0.00010297133720375442,0.007790165393143431
301,18199,105,140,105,140,DepthMid,DepthHigh,DepthHigh--DepthMid,10,0.24268339786208065,0.00010292975475996562,0.007787019526309393
302,6828,32,157,32,157,DepthMid,DepthHigh,DepthHigh--DepthMid,10,0.22845281060030645,0.00010284030798391753,0.007780252544368396
303,22268,146,150,146,150,DepthHigh,DepthHigh,DepthHigh--DepthHigh,10,0.6880554736252847,0.00010259524877092114,0.007761712901665905
304,22563,149,214,149,214,DepthHigh,DepthMid,DepthHigh--DepthMid,10,0.18953825681322906,0.00010244036947840469,0.0077499957060128185
305,23117,157,196,157,196,DepthHigh,DepthHigh,DepthHigh--DepthHigh,10,0.20557248169457387,0.00010225203407606408,0.007735747430973773
306,2253,10,59,10,59,DepthLow,DepthLow,DepthLow--DepthLow,10,0.37184059204473024,0.00010208625159287277,0.007723205368314229
307,9476,46,208,46,208,DepthHigh,DepthLow,DepthHigh--DepthLow,9,0.1592621999360662,0.00010204420119594096,0.007720024099081045
308,19864,120,125,120,125,DepthMid,DepthMid,DepthMid--DepthMid,10,0.8213471931257149,0.0001020414428766887,0.007719815421950441
309,6809,32,138,32,138,DepthMid,DepthHigh,DepthHigh--DepthMid,9,0.1610476542751132,0.00010196732820238474,0.0077142083706431015
310,6812,32,141,32,141,DepthMid,DepthHigh,DepthHigh--DepthMid,10,0.2360462481555872,0.00010184980453385621,0.0077053172671544224
311,15117,81,214,81,214,DepthMid,DepthMid,DepthMid--DepthMid,10,0.37336845766989707,0.00010184869193770394,0.007705233095109296
312,10962,55,128,55,128,DepthHigh,DepthMid,DepthHigh--DepthMid,8,0.1200257937833283,0.00010182041451893651,0.00770309380300072
313,10920,55,86,55,86,DepthHigh,DepthMid,DepthHigh--DepthMid,7,0.10851555565162593,0.000101749061954396,0.007697695715590282
314,4475,20,186,20,186,DepthHigh,DepthMid,DepthHigh--DepthMid,9,0.17889525686470265,0.00010172571636526288,0.007695929534772532
315,9585,47,139,47,139,DepthHigh,DepthHigh,DepthHigh--DepthHigh,7,0.10774275726119932,0.00010171655311504083,0.007695236300745404
316,4882,22,186,22,186,DepthHigh,DepthMid,DepthHigh--DepthMid,10,0.1867512962594959,0.00010153223757848472,0.007681292143533413
317,3105,14,61,14,61,DepthLow,DepthMid,DepthLow--DepthMid,10,0.26630571586042673,0.00010152813075187533,0.007680981446795885
318,10972,55,138,55,138,DepthHigh,DepthHigh,DepthHigh--DepthHigh,7,0.10513208609771482,0.00010133054406325148,0.007666033277473605
319,21777,140,148,140,148,DepthHigh,DepthHigh,DepthHigh--DepthHigh,7,0.11057256420928961,0.00010110108437051228,0.007648673796611846
320,16097,88,214,88,214,DepthMid,DepthMid,DepthMid--DepthMid,10,0.2798573811098621,0.00010099240022299721,0.007640451435829255
321,10462,52,141,52,141,DepthHigh,DepthHigh,DepthHigh--DepthHigh,7,0.1067595393705457,0.00010093056938869126,0.007635773702794806
322,21837,140,208,140,208,DepthHigh,DepthLow,DepthHigh--DepthLow,8,0.13386860717377883,0.00010087471478552253,0.007631548093916951
323,12650,65,171,65,171,DepthMid,DepthLow,DepthLow--DepthMid,10,0.2896539912861154,0.00010079033027530251,0.007625164091250921
324,10689,53,196,53,196,DepthHigh,DepthHigh,DepthHigh--DepthHigh,7,0.11433017008376357,0.00010074223374497693,0.007621525409494937
325,10975,55,141,55,141,DepthHigh,DepthHigh,DepthHigh--DepthHigh,8,0.12284804994732886,0.0001005250844541471,0.007605097256413649
326,4346,20,57,20,57,DepthHigh,DepthMid,DepthHigh--DepthMid,9,0.1456471611182239,0.0001004474266154782,0.007599222151518121
327,25350,213,217,213,217,DepthLow,DepthLow,DepthLow--DepthLow,10,0.8089189186800761,0.00010043658124780379,0.0075984016590371324
328,8609,42,63,42,63,DepthMid,DepthMid,DepthMid--DepthMid,10,0.32390953394806243,0.00010024311522136788,0.0075837652331654576
329,4959,23,61,23,61,DepthHigh,DepthMid,DepthHigh--DepthMid,9,0.1404986326963186,0.00010019320235354806,0.007579989138709258
330,21239,134,135,134,135,DepthLow,DepthLow,DepthLow--DepthLow,10,0.8144176744263038,0.00010009673553406768,0.007572691064321668
331,12080,62,84,62,84,DepthMid,DepthMid,DepthMid--DepthMid,10,0.2837647889602202,9.993697802798358e-05,0.007560604813633007
332,4351,20,62,20,62,DepthHigh,DepthMid,DepthHigh--DepthMid,8,0.12168258404635073,9.977506784864669e-05,0.007548355705190604
333,12243,63,85,63,85,DepthMid,DepthMid,DepthMid--DepthMid,10,0.22221027752514425,9.977182172598095e-05,0.007548110123913919
334,5585,26,87,26,87,DepthHigh,DepthMid,DepthHigh--DepthMid,10,0.30456080673321084,9.968296730606597e-05,0.00754138795592187
335,3258,14,214,14,214,DepthLow,DepthMid,DepthLow--DepthMid,10,0.25329789419801463,9.963648549547781e-05,0.007537871433731447
336,5950,28,57,28,57,DepthHigh,DepthMid,DepthHigh--DepthMid,10,0.2308531260207012,9.9282369343618e-05,0.007511081227191615
337,4366,20,77,20,77,DepthHigh,DepthMid,DepthHigh--DepthMid,10,0.21063746688763615,9.908093617489088e-05,0.007495842057315203
338,5084,23,186,23,186,DepthHigh,DepthMid,DepthHigh--DepthMid,10,0.20513265549205467,9.90187452342384e-05,0.0074911370808936634
339,7408,35,164,35,164,DepthLow,DepthLow,DepthLow--DepthLow,10,0.7228843634883363,9.901412423865232e-05,0.007490787485356944
340,2951,13,118,13,118,DepthLow,DepthHigh,DepthHigh--DepthLow,10,0.18434053251948457,9.896347687902835e-05,0.0074869558238585985
341,12235,63,77,63,77,DepthMid,DepthMid,DepthMid--DepthMid,10,0.4464067222682992,9.883159996959369e-05,0.007476978844206486
342,18318,106,140,106,140,DepthMid,DepthHigh,DepthHigh--DepthMid,10,0.23438468683746566,9.879793087237073e-05,0.007474431651530085
343,4679,21,186,21,186,DepthHigh,DepthMid,DepthHigh--DepthMid,10,0.1951806590782956,9.877619620037984e-05,0.007472787342597399
344,23017,156,164,156,164,DepthLow,DepthLow,DepthLow--DepthLow,10,0.8180746839530312,9.85929999049799e-05,0.007458927860149844
345,4960,23,62,23,62,DepthHigh,DepthMid,DepthHigh--DepthMid,8,0.1304015272736077,9.851901391215032e-05,0.007453330544075587
346,5701,26,203,26,203,DepthHigh,DepthHigh,DepthHigh--DepthHigh,10,0.18214167247948596,9.847554701507264e-05,0.007450042111327629
347,13249,69,140,69,140,DepthHigh,DepthHigh,DepthHigh--DepthHigh,8,0.1343544020280746,9.836123738482224e-05,0.007441394161812147
348,11687,59,183,59,183,DepthLow,DepthMid,DepthLow--DepthMid,10,0.2554970562587393,9.835701340593819e-05,0.007441074602068461
349,2208,10,14,10,14,DepthLow,DepthLow,DepthLow--DepthLow,10,0.8627047769140823,9.820647153607622e-05,0.0074296855486030555
350,25420,222,224,222,224,DepthLow,DepthLow,DepthLow--DepthLow,10,0.8926126699955579,9.817453236508523e-05,0.0074272692312928575
351,2377,10,183,10,183,DepthLow,DepthMid,DepthLow--DepthMid,10,0.20642782338369015,9.814709771908927e-05,0.007425193698085126
352,2952,13,119,13,119,DepthLow,DepthHigh,DepthHigh--DepthLow,9,0.14904926571803684,9.804989364812728e-05,0.007417839847875506
353,12086,62,90,62,90,DepthMid,DepthMid,DepthMid--DepthMid,10,0.2551509723874168,9.8033979350709e-05,0.007416635871969484
354,10234,51,86,51,86,DepthHigh,DepthMid,DepthHigh--DepthMid,1,-0.006347749791646526,9.801957004397895e-05,0.0074155457542175365
355,10651,53,158,53,158,DepthHigh,DepthHigh,DepthHigh--DepthHigh,10,0.2516627753856618,9.774122282022986e-05,0.007394487749450278
356,10460,52,139,52,139,DepthHigh,DepthHigh,DepthHigh--DepthHigh,6,0.08449446600445391,9.77071743254238e-05,0.007391911853932849
357,18455,107,159,107,159,DepthMid,DepthHigh,DepthHigh--DepthMid,7,0.09822806835217993,9.770031009534178e-05,0.007391392549346858
358,17803,102,107,102,107,DepthMid,DepthMid,DepthMid--DepthMid,10,0.8443935009664975,9.754180149819192e-05,0.007379400783273264
359,11917,61,84,61,84,DepthMid,DepthMid,DepthMid--DepthMid,10,0.27821496046519484,9.752349307593862e-05,0.007378015682901512
360,24204,176,181,176,181,DepthHigh,DepthHigh,DepthHigh--DepthHigh,10,0.6214342998580688,9.749929313712319e-05,0.00737618486734647
361,10479,52,158,52,158,DepthHigh,DepthHigh,DepthHigh--DepthHigh,10,0.23333127767054043,9.749325993626726e-05,0.0073757284332183525
362,10579,53,86,53,86,DepthHigh,DepthMid,DepthHigh--DepthMid,6,0.09259839616101846,9.738245489949276e-05,0.007367345619259564
363,23108,157,187,157,187,DepthHigh,DepthMid,DepthHigh--DepthMid,9,0.17579803083957798,9.730931295685314e-05,0.00736181215872762
364,12491,64,172,64,172,DepthMid,DepthLow,DepthLow--DepthMid,10,0.32380279642102533,9.729904454422142e-05,0.0073610353150456945
365,9604,47,158,47,158,DepthHigh,DepthHigh,DepthHigh--DepthHigh,10,0.2297916553004744,9.727577102061475e-05,0.00735927458625358
366,3315,15,61,15,61,DepthLow,DepthMid,DepthLow--DepthMid,10,0.28469312586158896,9.725933601786511e-05,0.007358031217048778
367,21331,135,137,135,137,DepthLow,DepthLow,DepthLow--DepthLow,10,0.8365649128656026,9.718268203089036e-05,0.007352232057274873
368,18552,108,139,108,139,DepthMid,DepthHigh,DepthHigh--DepthMid,10,0.19765311541401123,9.713468053542327e-05,0.007348600565260092
369,21913,141,200,141,200,DepthHigh,DepthHigh,DepthHigh--DepthHigh,10,0.21400950134218846,9.711920364604925e-05,0.007347429680902666
370,10634,53,141,53,141,DepthHigh,DepthHigh,DepthHigh--DepthHigh,7,0.10228187113852559,9.71055291389934e-05,0.007346395153484382
371,4472,20,183,20,183,DepthHigh,DepthMid,DepthHigh--DepthMid,10,0.18430585141141617,9.698004300455022e-05,0.00733690165977628
372,15078,81,175,81,175,DepthMid,DepthMid,DepthMid--DepthMid,10,0.2655845899997889,9.695877745178135e-05,0.007335292841460963
373,10598,53,105,53,105,DepthHigh,DepthMid,DepthHigh--DepthMid,10,0.20159314038119014,9.692090957567795e-05,0.007332427995515058
374,6829,32,158,32,158,DepthMid,DepthHigh,DepthHigh--DepthMid,10,0.22191498247358032,9.688773632566814e-05,0.0073299183155281595
375,9554,47,108,47,108,DepthHigh,DepthMid,DepthHigh--DepthMid,10,0.2517303788591776,9.687383081767336e-05,0.007328866312027994
376,3162,14,118,14,118,DepthLow,DepthHigh,DepthHigh--DepthLow,9,0.16696055002316681,9.683072991620874e-05,0.007325605568212086
377,23241,159,187,159,187,DepthHigh,DepthMid,DepthHigh--DepthMid,9,0.14122347424421766,9.679635214101562e-05,0.007323004761406277
378,10632,53,139,53,139,DepthHigh,DepthHigh,DepthHigh--DepthHigh,6,0.08880474213126083,9.657743775549787e-05,0.007306443072334035
379,4926,23,28,23,28,DepthHigh,DepthHigh,DepthHigh--DepthHigh,10,0.22056550921559023,9.656026678132687e-05,0.00730514402414853
380,12490,64,171,64,171,DepthMid,DepthLow,DepthLow--DepthMid,10,0.3360836685296069,9.655070029064489e-05,0.0073044202834778894
381,23079,157,158,157,158,DepthHigh,DepthHigh,DepthHigh--DepthHigh,10,0.8442386075472651,9.65200598869634e-05,0.007302102222754649
382,18496,107,200,107,200,DepthMid,DepthHigh,DepthHigh--DepthMid,9,0.16287362328068689,9.646798856825107e-05,0.0072981628334447355
383,10060,50,86,50,86,DepthHigh,DepthMid,DepthHigh--DepthMid,2,0.004176199587147255,9.64649018793152e-05,0.007297929313923861
384,15086,81,183,81,183,DepthMid,DepthMid,DepthMid--DepthMid,10,0.25580257299656883,9.645484470127856e-05,0.007297168450926241
385,11709,59,205,59,205,DepthLow,DepthLow,DepthLow--DepthLow,10,0.21023709222996403,9.644776504674796e-05,0.0072966328486779135
386,9345,46,77,46,77,DepthHigh,DepthMid,DepthHigh--DepthMid,10,0.23031764511541594,9.62285102129314e-05,0.007280045403423148
387,21812,140,183,140,183,DepthHigh,DepthMid,DepthHigh--DepthMid,8,0.12040840717625657,9.612557007343413e-05,0.007272257598252762
388,14440,77,119,77,119,DepthMid,DepthHigh,DepthHigh--DepthMid,10,0.2561888650720036,9.605401187948528e-05,0.007266843954211284
389,2312,10,118,10,118,DepthLow,DepthHigh,DepthHigh--DepthLow,9,0.17454867025762402,9.592311044581105e-05,0.007256940772935663
390,12277,63,119,63,119,DepthMid,DepthHigh,DepthHigh--DepthMid,9,0.17229680500404354,9.586689905435224e-05,0.007252688171694054
391,3314,15,60,15,60,DepthLow,DepthMid,DepthLow--DepthMid,10,0.21088782292238184,9.586112046846059e-05,0.007252251000136833
392,3019,13,186,13,186,DepthLow,DepthMid,DepthLow--DepthMid,9,0.1719013432916651,9.585213489727207e-05,0.007251571208190731
393,5953,28,60,28,60,DepthHigh,DepthMid,DepthHigh--DepthMid,10,0.20240978823103428,9.582739888228059e-05,0.007249699836475226
394,13435,70,171,70,171,DepthMid,DepthLow,DepthLow--DepthMid,10,0.3217537502195214,9.575757951119473e-05,0.007244417740863241
395,9603,47,157,47,157,DepthHigh,DepthHigh,DepthHigh--DepthHigh,10,0.26491618250110605,9.570715062591952e-05,0.007240602607763548
396,8979,44,70,44,70,DepthLow,DepthMid,DepthLow--DepthMid,10,0.23383536756858708,9.565069338833344e-05,0.007236331407346239
397,6724,32,53,32,53,DepthMid,DepthHigh,DepthHigh--DepthMid,9,0.15259427015480792,9.556542274012429e-05,0.007229880365039044
398,13248,69,139,69,139,DepthHigh,DepthHigh,DepthHigh--DepthHigh,8,0.11575076169944278,9.553930406414972e-05,0.007227904389867534
399,12341,63,183,63,183,DepthMid,DepthMid,DepthMid--DepthMid,10,0.48501618668165647,9.540343852354917e-05,0.007217625655403664
400,4350,20,61,20,61,DepthHigh,DepthMid,DepthHigh--DepthMid,9,0.14365264003502423,9.539979658974745e-05,0.007217350129539508
401,12115,62,119,62,119,DepthMid,DepthHigh,DepthHigh--DepthMid,9,0.1578082763869439,9.533191265288942e-05,0.007212214456739461
402,10517,52,196,52,196,DepthHigh,DepthHigh,DepthHigh--DepthHigh,7,0.10074333779862629,9.530255693315925e-05,0.00720999358714465
403,4503,20,214,20,214,DepthHigh,DepthMid,DepthHigh--DepthMid,8,0.13455776084396193,9.530145612586866e-05,0.007209910306970841
404,2364,10,170,10,170,DepthLow,DepthHigh,DepthHigh--DepthLow,9,0.17515833948876613,9.509516739132043e-05,0.007194303795445279
405,9002,44,93,44,93,DepthLow,DepthLow,DepthLow--DepthLow,10,0.6922361072826135,9.497710756820163e-05,0.00718537212986381
406,15683,85,214,85,214,DepthMid,DepthMid,DepthMid--DepthMid,10,0.25351000370935606,9.496036776967497e-05,0.0071841057017226215
407,13882,73,159,73,159,DepthMid,DepthHigh,DepthHigh--DepthMid,8,0.13010315314228785,9.487597382293347e-05,0.007177720985148576
408,12246,63,88,63,88,DepthMid,DepthMid,DepthMid--DepthMid,10,0.22508878280133135,9.482726418746782e-05,0.007174035919703944
409,3732,17,61,17,61,DepthHigh,DepthMid,DepthHigh--DepthMid,9,0.1448411425111802,9.479169923475729e-05,0.007171345298494799
410,10940,55,106,55,106,DepthHigh,DepthMid,DepthHigh--DepthMid,10,0.2121404310081932,9.460786712243962e-05,0.007157437714127978
411,10973,55,139,55,139,DepthHigh,DepthHigh,DepthHigh--DepthHigh,7,0.10809339173199493,9.458797331112607e-05,0.007155932673165697
412,22423,148,150,148,150,DepthHigh,DepthHigh,DepthHigh--DepthHigh,10,0.7999398836781094,9.449857878590973e-05,0.007149169644194841
413,8406,41,43,41,43,DepthLow,DepthLow,DepthLow--DepthLow,10,0.7627675734963398,9.447322147030244e-05,0.007147251268772406
414,8974,44,65,44,65,DepthLow,DepthMid,DepthLow--DepthMid,10,0.2212759821095918,9.444052718891565e-05,0.007144777824546766
415,10407,52,86,52,86,DepthHigh,DepthMid,DepthHigh--DepthMid,8,0.13383795859459685,9.437562181983869e-05,0.0071398674914993085
416,8772,43,44,43,44,DepthLow,DepthLow,DepthLow--DepthLow,10,0.7467694589642311,9.431536194229286e-05,0.007135308607198101
417,3734,17,63,17,63,DepthHigh,DepthMid,DepthHigh--DepthMid,9,0.15728897327174024,9.427859721189942e-05,0.007132527218336144
418,14474,77,153,77,153,DepthMid,DepthHigh,DepthHigh--DepthMid,9,0.1766202660314148,9.415952500102164e-05,0.007123518961847936
419,8606,42,60,42,60,DepthMid,DepthMid,DepthMid--DepthMid,10,0.46028741267138296,9.414154497170949e-05,0.007122158705625973
420,12344,63,186,63,186,DepthMid,DepthMid,DepthMid--DepthMid,10,0.44090336218174137,9.388744086248971e-05,0.007102934782817411
421,21606,138,148,138,148,DepthHigh,DepthHigh,DepthHigh--DepthHigh,8,0.13396885111270085,9.379733548039693e-05,0.007096117974874768
422,13250,69,141,69,141,DepthHigh,DepthHigh,DepthHigh--DepthHigh,9,0.1409927685616876,9.37849786532907e-05,0.007095183134855146
423,10599,53,106,53,106,DepthHigh,DepthMid,DepthHigh--DepthMid,10,0.18900092473467509,9.375921034491516e-05,0.007093233666298185
424,7116,34,62,34,62,DepthHigh,DepthMid,DepthHigh--DepthMid,10,0.18343903330474742,9.374029461655693e-05,0.007091802620956405
425,8623,42,77,42,77,DepthMid,DepthMid,DepthMid--DepthMid,10,0.43131417238025915,9.368366164410519e-05,0.007087518125541613
426,6830,32,159,32,159,DepthMid,DepthHigh,DepthHigh--DepthMid,10,0.22742308820535556,9.358214927391267e-05,0.007079838336439866
427,18667,109,138,109,138,DepthMid,DepthHigh,DepthHigh--DepthMid,10,0.2298513097146146,9.35330538462852e-05,0.007076124084380496
428,23184,158,196,158,196,DepthHigh,DepthHigh,DepthHigh--DepthHigh,10,0.1992624157600308,9.344685088780276e-05,0.007069602509326773
429,5946,28,53,28,53,DepthHigh,DepthHigh,DepthHigh--DepthHigh,8,0.12023744626636217,9.344641465566195e-05,0.007069569506739656
430,9545,47,99,47,99,DepthHigh,DepthMid,DepthHigh--DepthMid,10,0.23124964475276363,9.339179602735954e-05,0.007065437403966429
431,6067,28,174,28,174,DepthHigh,DepthHigh,DepthHigh--DepthHigh,9,0.15524829425657152,9.318447255523806e-05,0.007049752610687391
432,5945,28,52,28,52,DepthHigh,DepthHigh,DepthHigh--DepthHigh,9,0.15486956804938992,9.309475947938562e-05,0.0070429654821738
433,8249,40,70,40,70,DepthLow,DepthMid,DepthLow--DepthMid,10,0.19169591654175225,9.30099569332874e-05,0.00703654985353573
434,9555,47,109,47,109,DepthHigh,DepthMid,DepthHigh--DepthMid,10,0.18395715467504264,9.295855810901968e-05,0.007032661340936672
435,12561,65,82,65,82,DepthMid,DepthMid,DepthMid--DepthMid,10,0.18699305019010765,9.290931671054788e-05,0.007028936045638953
436,12401,64,82,64,82,DepthMid,DepthMid,DepthMid--DepthMid,10,0.1864306924381484,9.285701461585582e-05,0.00702497919726616
437,23831,169,172,169,172,DepthLow,DepthLow,DepthLow--DepthLow,10,0.8007273695330982,9.282271917557875e-05,0.00702238461940358
438,16178,89,159,89,159,DepthLow,DepthHigh,DepthHigh--DepthLow,10,0.21722078215522292,9.281851583908944e-05,0.007022066621333982
439,23110,157,189,157,189,DepthHigh,DepthMid,DepthHigh--DepthMid,10,0.18847429961467194,9.27124989353033e-05,0.007014046047479252
440,5112,23,214,23,214,DepthHigh,DepthMid,DepthHigh--DepthMid,9,0.16350194648132954,9.260115353540504e-05,0.007005622353036431
441,18600,108,187,108,187,DepthMid,DepthMid,DepthMid--DepthMid,8,0.12707694326381733,9.255721285156236e-05,0.007002298076554084
442,12651,65,172,65,172,DepthMid,DepthLow,DepthLow--DepthMid,10,0.2831404090108495,9.25324640341134e-05,0.0070004257362849594
443,8456,41,93,41,93,DepthLow,DepthLow,DepthLow--DepthLow,10,0.6113887137655224,9.242983445836847e-05,0.006992661426419787
444,3764,17,93,17,93,DepthHigh,DepthLow,DepthHigh--DepthLow,6,0.09047894505116848,9.233129517748976e-05,0.0069852065626041645
445,8627,42,81,42,81,DepthMid,DepthMid,DepthMid--DepthMid,10,0.264997252165967,9.231211401217927e-05,0.006983755435967766
446,11746,60,77,60,77,DepthMid,DepthMid,DepthMid--DepthMid,10,0.6863112081925177,9.230254011263993e-05,0.006983031134789455
447,10943,55,109,55,109,DepthHigh,DepthMid,DepthHigh--DepthMid,10,0.2199169352774226,9.222796557758548e-05,0.006977389293302622
448,9194,45,105,45,105,DepthHigh,DepthMid,DepthHigh--DepthMid,10,0.2395789207721038,9.218154670435033e-05,0.006973877532557497
449,15056,81,153,81,153,DepthMid,DepthHigh,DepthHigh--DepthMid,8,0.11665993073715898,9.217460035997387e-05,0.006973352015719123
450,18255,105,196,105,196,DepthMid,DepthHigh,DepthHigh--DepthMid,10,0.1903616236311703,9.216808110835521e-05,0.006972858810039485
451,22728,152,157,152,157,DepthHigh,DepthHigh,DepthHigh--DepthHigh,9,0.17058556436571087,9.199265354097284e-05,0.006959587060817454
452,9672,48,49,48,49,DepthHigh,DepthHigh,DepthHigh--DepthHigh,10,0.7695377276106228,9.197787816998292e-05,0.006958469248940068
453,23409,162,163,162,163,DepthMid,DepthHigh,DepthHigh--DepthMid,10,0.8248959834022421,9.197069950319133e-05,0.006957926156045217
454,4676,21,183,21,183,DepthHigh,DepthMid,DepthHigh--DepthMid,9,0.17091803525366508,9.192358747490848e-05,0.006954361955537617
455,11918,61,85,61,85,DepthMid,DepthMid,DepthMid--DepthMid,10,0.26571898588446335,9.179076756055491e-05,0.006944313634049182
456,12166,62,170,62,170,DepthMid,DepthHigh,DepthHigh--DepthMid,10,0.20833803905729406,9.178835975761661e-05,0.006944131474783964
457,4323,20,34,20,34,DepthHigh,DepthHigh,DepthHigh--DepthHigh,9,0.1537635076487697,9.1771110249525e-05,0.006942826485214701
458,11757,60,88,60,88,DepthMid,DepthMid,DepthMid--DepthMid,10,0.267694726836348,9.17696030060772e-05,0.006942712456630971
459,8973,44,64,44,64,DepthLow,DepthMid,DepthLow--DepthMid,10,0.26040185778703856,9.174210691310512e-05,0.006940632274730509
460,7268,34,214,34,214,DepthHigh,DepthMid,DepthHigh--DepthMid,10,0.18643281544751014,9.171321934315545e-05,0.0069384468224112025
461,19100,113,117,113,117,DepthMid,DepthMid,DepthMid--DepthMid,10,0.7246933766583714,9.170318802553129e-05,0.006937687915850158
462,10939,55,105,55,105,DepthHigh,DepthMid,DepthHigh--DepthMid,10,0.22208709870587795,9.1683432381059e-05,0.006936193327724312
463,4352,20,63,20,63,DepthHigh,DepthMid,DepthHigh--DepthMid,7,0.10269498738238568,9.168122788731302e-05,0.006936026549557148
464,18316,106,138,106,138,DepthMid,DepthHigh,DepthHigh--DepthMid,10,0.2124505312611825,9.166947627118965e-05,0.0069351374960037624
465,21861,141,148,141,148,DepthHigh,DepthHigh,DepthHigh--DepthHigh,8,0.1347482504230202,9.157601265388732e-05,0.0069280666250526955
466,9195,45,106,45,106,DepthHigh,DepthMid,DepthHigh--DepthMid,10,0.20252146888983785,9.150891819300749e-05,0.006922990679052466
467,19097,113,114,113,114,DepthMid,DepthMid,DepthMid--DepthMid,10,0.8133013472936732,9.142066443391957e-05,0.006916313953290411
468,10037,50,63,50,63,DepthHigh,DepthMid,DepthHigh--DepthMid,10,0.18309833362430536,9.139425160275266e-05,0.0069143157241824
469,18200,105,141,105,141,DepthMid,DepthHigh,DepthHigh--DepthMid,10,0.22278778586358317,9.138209194572394e-05,0.006913395800813917
470,18198,105,139,105,139,DepthMid,DepthHigh,DepthHigh--DepthMid,10,0.21277812932673387,9.133145856899153e-05,0.006909565197173428
471,12093,62,97,62,97,DepthMid,DepthMid,DepthMid--DepthMid,10,0.2847902325711487,9.115665300461347e-05,0.006896340504796632
472,4315,20,26,20,26,DepthHigh,DepthHigh,DepthHigh--DepthHigh,7,0.09956191804847976,9.108249642666722e-05,0.006890730283322596
473,10601,53,108,53,108,DepthHigh,DepthMid,DepthHigh--DepthMid,10,0.22721687653551131,9.099611614910946e-05,0.006884195293420026
474,2848,13,15,13,15,DepthLow,DepthLow,DepthLow--DepthLow,10,0.8908567063527412,9.097942063267985e-05,0.0068829322153845015
475,11945,61,112,61,112,DepthMid,DepthHigh,DepthHigh--DepthMid,9,0.16807683418513295,9.095050951270206e-05,0.0068807449814178075
476,8603,42,57,42,57,DepthMid,DepthMid,DepthMid--DepthMid,10,0.4906484186975224,9.094595589158764e-05,0.006880400483010946
477,11855,60,186,60,186,DepthMid,DepthMid,DepthMid--DepthMid,10,0.5944775889829284,9.087308531664792e-05,0.0068748875524567805
478,11925,61,92,61,92,DepthMid,DepthMid,DepthMid--DepthMid,10,0.2808592911743941,9.061816114536022e-05,0.006855601588896731
479,11259,57,88,57,88,DepthMid,DepthMid,DepthMid--DepthMid,10,0.2359074194623626,9.058316714768748e-05,0.00685295416256392
480,11923,61,90,61,90,DepthMid,DepthMid,DepthMid--DepthMid,10,0.2737226394214667,9.055894554626018e-05,0.0068511217081515625
481,3955,18,77,18,77,DepthHigh,DepthMid,DepthHigh--DepthMid,10,0.19582372404410703,9.054187081638593e-05,0.006849829941205772
482,23124,157,203,157,203,DepthHigh,DepthHigh,DepthHigh--DepthHigh,10,0.6079461824544454,9.048255273480428e-05,0.006845342307278957
483,3938,18,60,18,60,DepthHigh,DepthMid,DepthHigh--DepthMid,7,0.11354486091889938,9.047343815854993e-05,0.0068446527556188744
484,2287,10,93,10,93,DepthLow,DepthLow,DepthLow--DepthLow,10,0.21995141981043326,9.044413570951028e-05,0.006842435916150321
485,21624,138,166,138,166,DepthHigh,DepthHigh,DepthHigh--DepthHigh,5,0.0783727823857022,9.043958211666847e-05,0.006842091419882388
486,2386,10,192,10,192,DepthLow,DepthLow,DepthLow--DepthLow,10,0.1858749396099879,9.034605154298285e-05,0.006835015483431404
487,12088,62,92,62,92,DepthMid,DepthMid,DepthMid--DepthMid,10,0.2728844171938394,9.033646772680325e-05,0.006834290432022303
488,4961,23,63,23,63,DepthHigh,DepthMid,DepthHigh--DepthMid,9,0.14437121910513614,9.016940450922445e-05,0.006821651477033555
489,22961,155,177,155,177,DepthLow,DepthLow,DepthLow--DepthLow,10,0.7415977659665608,9.002072579602714e-05,0.006810403378313084
490,15543,84,214,84,214,DepthMid,DepthMid,DepthMid--DepthMid,10,0.2729534588285167,9.000577825009236e-05,0.006809272540759492
491,2385,10,191,10,191,DepthLow,DepthLow,DepthLow--DepthLow,9,0.16387927582696651,8.997075632921373e-05,0.006806623001932097
492,18365,106,187,106,187,DepthMid,DepthMid,DepthMid--DepthMid,8,0.11924944600545771,8.985718879656352e-05,0.006798031194865576
493,21740,139,196,139,196,DepthHigh,DepthHigh,DepthHigh--DepthHigh,10,0.4672653799131779,8.984571803712655e-05,0.006797163389167159
494,10566,53,73,53,73,DepthHigh,DepthMid,DepthHigh--DepthMid,7,0.11301351294931992,8.975837952831565e-05,0.006790555905499339
495,11625,59,121,59,121,DepthLow,DepthHigh,DepthHigh--DepthLow,10,0.20158682439385692,8.975744086159685e-05,0.00679048489186402
496,22056,143,178,143,178,DepthHigh,DepthHigh,DepthHigh--DepthHigh,8,0.1269145667502775,8.97304361025054e-05,0.006788441881202634
497,21692,139,148,139,148,DepthHigh,DepthHigh,DepthHigh--DepthHigh,6,0.09286237744307088,8.971650141986532e-05,0.006787387670531831
498,11570,59,66,59,66,DepthLow,DepthLow,DepthLow--DepthLow,10,0.2550246256545165,8.969783050208264e-05,0.006785975146022402
499,9633,47,187,47,187,DepthHigh,DepthMid,DepthHigh--DepthMid,7,0.11006968159111707,8.967116654836743e-05,0.006783957918557777
500,10478,52,157,52,157,DepthHigh,DepthHigh,DepthHigh--DepthHigh,10,0.2641151816745465,8.963659093703941e-05,0.006781342144711106
501,6034,28,141,28,141,DepthHigh,DepthHigh,DepthHigh--DepthHigh,9,0.1713792042907045,8.960121948786365e-05,0.006778666162765479
502,2847,13,14,13,14,DepthLow,DepthLow,DepthLow--DepthLow,10,0.9544282065818229,8.95918623471846e-05,0.006777958260202725
503,2945,13,112,13,112,DepthLow,DepthHigh,DepthHigh--DepthLow,8,0.1274881731303161,8.956457638135589e-05,0.00677589397520372
504,21759,139,215,139,215,DepthHigh,DepthMid,DepthHigh--DepthMid,8,0.12664276540267116,8.953900829813579e-05,0.006773959654425928
505,11690,59,186,59,186,DepthLow,DepthMid,DepthLow--DepthMid,10,0.24630793628480274,8.951815236967609e-05,0.0067723818257161075
506,22422,148,149,148,149,DepthHigh,DepthHigh,DepthHigh--DepthHigh,10,0.5323374862728072,8.950082973226923e-05,0.0067710713036416206
507,10600,53,107,53,107,DepthHigh,DepthMid,DepthHigh--DepthMid,3,0.0391713499528107,8.946820328355215e-05,0.00676860299121023
508,18206,105,147,105,147,DepthMid,DepthHigh,DepthHigh--DepthMid,6,0.0874986821883848,8.945625003640775e-05,0.006767698683518705
509,12021,61,188,61,188,DepthMid,DepthMid,DepthMid--DepthMid,10,0.3290558745123544,8.939841427052702e-05,0.006763323192298673
510,4982,23,84,23,84,DepthHigh,DepthMid,DepthHigh--DepthMid,10,0.1830215979516839,8.936961402432693e-05,0.006761144346346444
511,9482,46,214,46,214,DepthHigh,DepthMid,DepthHigh--DepthMid,10,0.22965127355851994,8.933743165966326e-05,0.0067587096305286205
512,10429,52,108,52,108,DepthHigh,DepthMid,DepthHigh--DepthMid,10,0.24604701776630958,8.929731682612811e-05,0.0067556747938794775
513,23546,164,177,164,177,DepthLow,DepthLow,DepthLow--DepthLow,10,0.776956589104745,8.918994842494993e-05,0.006747551974210541
514,3981,18,103,18,103,DepthHigh,DepthMid,DepthHigh--DepthMid,8,0.12416247885112909,8.918697246891983e-05,0.006747326832046646
515,24524,183,186,183,186,DepthMid,DepthMid,DepthMid--DepthMid,10,0.6041288815046986,8.911298436861271e-05,0.006741729356533859
516,9551,47,105,47,105,DepthHigh,DepthMid,DepthHigh--DepthMid,10,0.2274903330664478,8.910414649323912e-05,0.006741060738326561
517,12022,61,189,61,189,DepthMid,DepthMid,DepthMid--DepthMid,10,0.32537737251121845,8.910237269372734e-05,0.006740926543783241
518,12255,63,97,63,97,DepthMid,DepthMid,DepthMid--DepthMid,10,0.26239941992881255,8.908001452980754e-05,0.006739235065362624
519,4527,21,34,21,34,DepthHigh,DepthHigh,DepthHigh--DepthHigh,9,0.16417097267436262,8.907142373767402e-05,0.006738585139923219
520,15716,86,108,86,108,DepthMid,DepthMid,DepthMid--DepthMid,10,0.20002455428353313,8.907108584205929e-05,0.006738559576860761
521,12149,62,153,62,153,DepthMid,DepthHigh,DepthHigh--DepthMid,10,0.1794395774285191,8.905085688238931e-05,0.00673702918067635
522,18669,109,140,109,140,DepthMid,DepthHigh,DepthHigh--DepthMid,10,0.22796092122066877,8.90296670548026e-05,0.00673542609125326
523,11320,57,149,57,149,DepthMid,DepthHigh,DepthHigh--DepthMid,10,0.2846994613812206,8.898268265855167e-05,0.00673187154658451
524,21727,139,183,139,183,DepthHigh,DepthMid,DepthHigh--DepthMid,7,0.10254229130235452,8.896949549166062e-05,0.006730873888265817
525,21673,138,215,138,215,DepthHigh,DepthMid,DepthHigh--DepthMid,8,0.1361792179479563,8.895112524690883e-05,0.006729484110791666
526,9330,46,62,46,62,DepthHigh,DepthMid,DepthHigh--DepthMid,10,0.20711062832402857,8.874406815512162e-05,0.006713819470177609
527,3230,14,186,14,186,DepthLow,DepthMid,DepthLow--DepthMid,9,0.15759368694958176,8.863340819130577e-05,0.006705447631528773
528,12184,62,188,62,188,DepthMid,DepthMid,DepthMid--DepthMid,10,0.2971489511296012,8.86152772612984e-05,0.00670407595910687
529,4144,19,60,19,60,DepthHigh,DepthMid,DepthHigh--DepthMid,10,0.2389833256905361,8.849734047641547e-05,0.006695153601826458
530,13436,70,172,70,172,DepthMid,DepthLow,DepthLow--DepthMid,10,0.30496221894147085,8.846773270650176e-05,0.006692913663695971
531,15073,81,170,81,170,DepthMid,DepthHigh,DepthHigh--DepthMid,10,0.20903826311454798,8.838290043719142e-05,0.006686495786386137
532,8272,40,93,40,93,DepthLow,DepthLow,DepthLow--DepthLow,10,0.5763342021306848,8.837965316984598e-05,0.0066862501185101664
533,6811,32,140,32,140,DepthMid,DepthHigh,DepthHigh--DepthMid,10,0.19656132594806408,8.835033358207945e-05,0.006684031982433054
534,21825,140,196,140,196,DepthHigh,DepthHigh,DepthHigh--DepthHigh,10,0.5257835792598683,8.833544357989441e-05,0.006682905498278575
535,7115,34,61,34,61,DepthHigh,DepthMid,DepthHigh--DepthMid,9,0.16259151563540558,8.832092878280028e-05,0.006681807399787463
536,10426,52,105,52,105,DepthHigh,DepthMid,DepthHigh--DepthMid,10,0.23416845812206658,8.824639348665658e-05,0.006676168526870455
537,2258,10,64,10,64,DepthLow,DepthMid,DepthLow--DepthMid,10,0.26841400614594213,8.818488931635639e-05,0.006671515507185389
538,14478,77,157,77,157,DepthMid,DepthHigh,DepthHigh--DepthMid,5,0.07414047856161848,8.812293300214717e-05,0.006666828281128644
539,2250,10,56,10,56,DepthLow,DepthMid,DepthLow--DepthMid,1,-0.007037855897461082,8.811568121475527e-05,0.0066662796563878865
540,12096,62,100,62,100,DepthMid,DepthMid,DepthMid--DepthMid,10,0.22351425406704256,8.810429110023053e-05,0.006665417951777612
541,14897,80,138,80,138,DepthHigh,DepthHigh,DepthHigh--DepthHigh,9,0.1459992370560808,8.802440846266764e-05,0.006659374532554804
542,5698,26,200,26,200,DepthHigh,DepthHigh,DepthHigh--DepthHigh,10,0.19657461192423525,8.800255621548932e-05,0.006657721328621032
543,12670,65,191,65,191,DepthMid,DepthLow,DepthLow--DepthMid,10,0.3325688080130436,8.789908632884962e-05,0.006649893446105162
544,6050,28,157,28,157,DepthHigh,DepthHigh,DepthHigh--DepthHigh,10,0.22611409216863143,8.783899063054605e-05,0.006645346982575463
545,5553,26,55,26,55,DepthHigh,DepthHigh,DepthHigh--DepthHigh,10,0.20322646410645986,8.782988601617174e-05,0.0066446581845687296
546,14899,80,140,80,140,DepthHigh,DepthHigh,DepthHigh--DepthHigh,8,0.11986391032976981,8.776227960620293e-05,0.006639543507712085
547,6096,28,203,28,203,DepthHigh,DepthHigh,DepthHigh--DepthHigh,9,0.1606862641599018,8.776098783269702e-05,0.0066394457802324315
548,4730,22,34,22,34,DepthHigh,DepthHigh,DepthHigh--DepthHigh,10,0.19888059643071668,8.77544613427298e-05,0.00663895202694475
549,2387,10,193,10,193,DepthLow,DepthLow,DepthLow--DepthLow,9,0.15317851299945143,8.772141053577346e-05,0.006636451610231143
550,10592,53,99,53,99,DepthHigh,DepthMid,DepthHigh--DepthMid,10,0.18491273589321378,8.763775988007193e-05,0.006630123126394224
551,2380,10,186,10,186,DepthLow,DepthMid,DepthLow--DepthMid,10,0.20016154001547315,8.75984273315858e-05,0.006627147472524309
552,10428,52,107,52,107,DepthHigh,DepthMid,DepthHigh--DepthMid,4,0.044845264575591216,8.75253327586277e-05,0.0066216175956852995
553,9454,46,186,46,186,DepthHigh,DepthMid,DepthHigh--DepthMid,10,0.23256176152922803,8.74862819516858e-05,0.006618663256613144
554,3310,15,56,15,56,DepthLow,DepthMid,DepthLow--DepthMid,3,0.030649643068150767,8.747711666995407e-05,0.006617969868894739
555,11268,57,97,57,97,DepthMid,DepthMid,DepthMid--DepthMid,10,0.26812578524275477,8.732126738684135e-05,0.006606179289838272
556,23802,168,199,168,199,DepthLow,DepthLow,DepthLow--DepthLow,9,0.17533324524930577,8.730499116066816e-05,0.0066049479326731764
557,11744,60,75,60,75,DepthMid,DepthMid,DepthMid--DepthMid,9,0.15182386977045273,8.721949868914825e-05,0.006598480108605875
558,3311,15,57,15,57,DepthLow,DepthMid,DepthLow--DepthMid,10,0.19873964774465258,8.72174154148677e-05,0.006598322501143007
559,12492,64,173,64,173,DepthMid,DepthLow,DepthLow--DepthMid,10,0.28560977814712785,8.721495311260437e-05,0.006598136218800753
560,13034,68,81,68,81,DepthLow,DepthMid,DepthLow--DepthMid,10,0.20144823122793082,8.721370697644824e-05,0.006598041943956683
561,7117,34,63,34,63,DepthHigh,DepthMid,DepthHigh--DepthMid,10,0.19939081380644189,8.71552946052955e-05,0.006593622830399042
562,11346,57,175,57,175,DepthMid,DepthMid,DepthMid--DepthMid,10,0.43341601982793754,8.715509066558358e-05,0.006593607401599832
563,4298,19,214,19,214,DepthHigh,DepthMid,DepthHigh--DepthMid,9,0.17064648031721885,8.715079279975724e-05,0.006593282252033614
564,15233,82,187,82,187,DepthMid,DepthMid,DepthMid--DepthMid,10,0.2059236124911352,8.714480888439458e-05,0.00659282954653673
565,11796,60,127,60,127,DepthMid,DepthMid,DepthMid--DepthMid,10,0.2210727362020429,8.711976428005624e-05,0.006590934828887143
566,12183,62,187,62,187,DepthMid,DepthMid,DepthMid--DepthMid,10,0.3638153751000162,8.708419919124201e-05,0.006588244197381246
567,20702,128,159,128,159,DepthMid,DepthHigh,DepthHigh--DepthMid,9,0.15098732277065538,8.706652561848259e-05,0.00658690712573954
568,9329,46,61,46,61,DepthHigh,DepthMid,DepthHigh--DepthMid,10,0.2327954454101276,8.704728983507178e-05,0.006585451867040313
569,10750,54,86,54,86,DepthMid,DepthMid,DepthMid--DepthMid,8,0.1293763792417016,8.703303532454585e-05,0.006584373460198071
570,4949,23,51,23,51,DepthHigh,DepthHigh,DepthHigh--DepthHigh,9,0.16781722611218297,8.697715347187578e-05,0.006580145789793892
571,7495,36,62,36,62,DepthHigh,DepthMid,DepthHigh--DepthMid,8,0.12034492717184014,8.694270211612851e-05,0.006577539416344955
572,12877,67,81,67,81,DepthLow,DepthMid,DepthLow--DepthMid,9,0.1573785791985205,8.691515931489728e-05,0.006575455700790624
573,4680,21,187,21,187,DepthHigh,DepthMid,DepthHigh--DepthMid,9,0.1591925501400254,8.690037239820801e-05,0.006574337015438058
574,4339,20,50,20,50,DepthHigh,DepthHigh,DepthHigh--DepthHigh,9,0.1647656636158342,8.684940146747834e-05,0.006570480874579745
575,10394,52,73,52,73,DepthHigh,DepthMid,DepthHigh--DepthMid,6,0.08506462238473642,8.683475973954726e-05,0.006569373173297796
576,2908,13,75,13,75,DepthLow,DepthMid,DepthLow--DepthMid,7,0.09769643589524518,8.680796607062257e-05,0.006567346132394175
577,21599,138,141,138,141,DepthHigh,DepthHigh,DepthHigh--DepthHigh,10,0.7817022757931579,8.677940659076169e-05,0.00656518550131275
578,4377,20,88,20,88,DepthHigh,DepthMid,DepthHigh--DepthMid,9,0.1510674085708764,8.677133478040335e-05,0.0065645748387786786
579,13341,70,77,70,77,DepthMid,DepthMid,DepthMid--DepthMid,7,0.10177553758603458,8.67534470805045e-05,0.006563221567620907
580,10420,52,99,52,99,DepthHigh,DepthMid,DepthHigh--DepthMid,10,0.21840987976288428,8.674087573389743e-05,0.006562270498401618
581,20706,128,163,128,163,DepthMid,DepthHigh,DepthHigh--DepthMid,10,0.8002786849950597,8.673505988736319e-05,0.00656183050793793
582,4340,20,51,20,51,DepthHigh,DepthHigh,DepthHigh--DepthHigh,9,0.1669336492525777,8.665152389168171e-05,0.0065555106985588215
583,11572,59,68,59,68,DepthLow,DepthLow,DepthLow--DepthLow,10,0.3212552953780586,8.659338086406657e-05,0.006551111961843536
584,14547,78,79,78,79,DepthLow,DepthLow,DepthLow--DepthLow,10,0.8617937392615713,8.651781318897934e-05,0.006545394985612181
585,8605,42,59,42,59,DepthMid,DepthLow,DepthLow--DepthMid,10,0.284915909552299,8.648978535987379e-05,0.0065432745758916494
586,8821,43,93,43,93,DepthLow,DepthLow,DepthLow--DepthLow,10,0.6500215255154987,8.648873585110556e-05,0.006543195176642226
587,9649,47,203,47,203,DepthHigh,DepthHigh,DepthHigh--DepthHigh,10,0.18637274658032862,8.644623457089822e-05,0.0065399797964089835
588,21829,140,200,140,200,DepthHigh,DepthHigh,DepthHigh--DepthHigh,10,0.19932755881276487,8.643889157805931e-05,0.006539424271636273
589,12345,63,187,63,187,DepthMid,DepthMid,DepthMid--DepthMid,10,0.3473028864073045,8.633842233238708e-05,0.006531823398791801
590,9519,47,73,47,73,DepthHigh,DepthMid,DepthHigh--DepthMid,6,0.08093530434102339,8.632606122107029e-05,0.006530888234655684
591,5550,26,52,26,52,DepthHigh,DepthHigh,DepthHigh--DepthHigh,10,0.2106702498881931,8.632175952883542e-05,0.006530562795607401
592,8222,40,43,40,43,DepthLow,DepthLow,DepthLow--DepthLow,10,0.6252121870581886,8.629540474959648e-05,0.006528568958344078
593,2897,13,64,13,64,DepthLow,DepthMid,DepthLow--DepthMid,10,0.2668666742273348,8.628573416650578e-05,0.0065278373426948064
594,9552,47,106,47,106,DepthHigh,DepthMid,DepthHigh--DepthMid,10,0.18451503352531867,8.627783018247704e-05,0.006527239376847992
595,7647,36,214,36,214,DepthHigh,DepthMid,DepthHigh--DepthMid,9,0.142849679505791,8.601007804162611e-05,0.006506982929585686
596,11759,60,90,60,90,DepthMid,DepthMid,DepthMid--DepthMid,10,0.2486086521442377,8.597435355320066e-05,0.0065042802389051815
597,23239,159,185,159,185,DepthHigh,DepthMid,DepthHigh--DepthMid,8,0.13494878545244407,8.593510723229652e-05,0.006501311108473179
598,3137,14,93,14,93,DepthLow,DepthLow,DepthLow--DepthLow,10,0.21700519289876444,8.591239918093024e-05,0.006499593159763343
599,15714,86,106,86,106,DepthMid,DepthMid,DepthMid--DepthMid,10,0.2062942146915319,8.585540627584196e-05,0.006495281434103269
600,19820,119,186,119,186,DepthHigh,DepthMid,DepthHigh--DepthMid,10,0.23128514019352034,8.585134631009916e-05,0.006494974282564931
601,15082,81,179,81,179,DepthMid,DepthHigh,DepthHigh--DepthMid,10,0.18082901083080846,8.584804923569795e-05,0.00649472484659958
602,25102,200,203,200,203,DepthHigh,DepthHigh,DepthHigh--DepthHigh,10,0.5144842513842142,8.571678241133791e-05,0.00648479402215691
603,14470,77,149,77,149,DepthMid,DepthHigh,DepthHigh--DepthMid,10,0.2952061883910581,8.569501358200951e-05,0.0064831471290943505
604,11844,60,175,60,175,DepthMid,DepthMid,DepthMid--DepthMid,10,0.42991028866248093,8.568650261900884e-05,0.0064825032430263375
605,23382,161,199,161,199,DepthLow,DepthLow,DepthLow--DepthLow,9,0.16132895148715468,8.564098671251841e-05,0.006479059795080453
606,16069,88,186,88,186,DepthMid,DepthMid,DepthMid--DepthMid,10,0.24839509209644667,8.553963517560337e-05,0.006471392173615509
607,6723,32,52,32,52,DepthMid,DepthHigh,DepthHigh--DepthMid,8,0.131387174335463,8.548450037987341e-05,0.006467221020852836
608,2906,13,73,13,73,DepthLow,DepthMid,DepthLow--DepthMid,10,0.20180751444550707,8.546587348489452e-05,0.006465811826832571
609,3885,17,214,17,214,DepthHigh,DepthMid,DepthHigh--DepthMid,9,0.1588059755714,8.546080266234712e-05,0.006465428200209899
610,11064,56,61,56,61,DepthMid,DepthMid,DepthMid--DepthMid,8,0.11886303314009689,8.545950797813263e-05,0.006465330252524294
611,25424,224,225,224,225,DepthLow,DepthLow,DepthLow--DepthLow,10,0.7243229204684377,8.542224284480906e-05,0.006462511006315869
612,2267,10,73,10,73,DepthLow,DepthMid,DepthLow--DepthMid,9,0.17857765059171457,8.538893937198318e-05,0.0064599914744876445
613,23243,159,189,159,189,DepthHigh,DepthMid,DepthHigh--DepthMid,9,0.17473096071502048,8.538035728205954e-05,0.006459342207402847
614,5545,26,47,26,47,DepthHigh,DepthHigh,DepthHigh--DepthHigh,10,0.1946330963495772,8.537535763731562e-05,0.00645896396564626
615,24188,175,214,175,214,DepthMid,DepthMid,DepthMid--DepthMid,10,0.3838446321239343,8.535329642189732e-05,0.006457294952486391
616,2850,13,17,13,17,DepthLow,DepthHigh,DepthHigh--DepthLow,8,0.1345211783355199,8.530304403182588e-05,0.006453493171906591
617,12242,63,84,63,84,DepthMid,DepthMid,DepthMid--DepthMid,10,0.23171797833640778,8.528379387763877e-05,0.006452036826004582
618,10225,51,77,51,77,DepthHigh,DepthMid,DepthHigh--DepthMid,10,0.23326441042243093,8.516615273039298e-05,0.006443136834813145
619,2873,13,40,13,40,DepthLow,DepthLow,DepthLow--DepthLow,9,0.14677472086104001,8.515845129563393e-05,0.006442554192573405
620,24783,189,214,189,214,DepthMid,DepthMid,DepthMid--DepthMid,10,0.3692784350530715,8.509547137849879e-05,0.006437789527140747
621,15808,86,200,86,200,DepthMid,DepthHigh,DepthHigh--DepthMid,6,0.0957964974813706,8.508301126089806e-05,0.006436846872810293
622,6217,29,128,29,128,DepthMid,DepthMid,DepthMid--DepthMid,9,0.1643616029311648,8.501269439157829e-05,0.006431527139602934
623,15724,86,116,86,116,DepthMid,DepthMid,DepthMid--DepthMid,8,0.13119456045521563,8.49160127547583e-05,0.006424212813483062
624,3024,13,191,13,191,DepthLow,DepthLow,DepthLow--DepthLow,10,0.18305231360545995,8.486227015861804e-05,0.006420146985807531
625,10334,51,186,51,186,DepthHigh,DepthMid,DepthHigh--DepthMid,10,0.19932490855338936,8.48459793025228e-05,0.006418914521834311
626,8433,41,70,41,70,DepthLow,DepthMid,DepthLow--DepthMid,10,0.20233449225276387,8.482091731781949e-05,0.006417018489295345
627,18246,105,187,105,187,DepthMid,DepthMid,DepthMid--DepthMid,8,0.1282315278404517,8.480483855832301e-05,0.006415802071220222
628,8427,41,64,41,64,DepthLow,DepthMid,DepthLow--DepthMid,10,0.20500800663673077,8.480046460124231e-05,0.00641547116506705
629,12108,62,112,62,112,DepthMid,DepthHigh,DepthHigh--DepthMid,9,0.14854835073771075,8.47829380947914e-05,0.006414145219539641
630,15065,81,162,81,162,DepthMid,DepthMid,DepthMid--DepthMid,10,0.2747411573416202,8.477033179048868e-05,0.006413191505640402
631,24830,191,192,191,192,DepthLow,DepthLow,DepthLow--DepthLow,10,0.9038178617273459,8.468132582751612e-05,0.006406457872851306
632,3317,15,63,15,63,DepthLow,DepthMid,DepthLow--DepthMid,10,0.19321760105943225,8.465780871123295e-05,0.00640467871536544
633,15713,86,105,86,105,DepthMid,DepthMid,DepthMid--DepthMid,10,0.18274497447449978,8.463157708453833e-05,0.006402694195051035
634,4955,23,57,23,57,DepthHigh,DepthMid,DepthHigh--DepthMid,10,0.20399010270408044,8.462602563085216e-05,0.006402274206891592
635,3347,15,93,15,93,DepthLow,DepthLow,DepthLow--DepthLow,10,0.19114012677428138,8.462081076493938e-05,0.006401879682851536
636,12665,65,186,65,186,DepthMid,DepthMid,DepthMid--DepthMid,7,0.10106627391291151,8.461810920404332e-05,0.006401675299702094
637,3318,15,64,15,64,DepthLow,DepthMid,DepthLow--DepthMid,10,0.2320305051188712,8.459194056229068e-05,0.00639969554443327
638,11706,59,202,59,202,DepthLow,DepthLow,DepthLow--DepthLow,10,0.2305714815560355,8.457468010996392e-05,0.006398389726891832
639,21832,140,203,140,203,DepthHigh,DepthHigh,DepthHigh--DepthHigh,10,0.19423052900866292,8.446265350301587e-05,0.006389914496597103
640,18668,109,139,109,139,DepthMid,DepthHigh,DepthHigh--DepthMid,10,0.20963469931067089,8.44528648414927e-05,0.006389173947874384
641,14480,77,159,77,159,DepthMid,DepthHigh,DepthHigh--DepthMid,4,0.04710511754132096,8.443000011869736e-05,0.0063874441463870855
642,17524,99,200,99,200,DepthMid,DepthHigh,DepthHigh--DepthMid,10,0.18758672076641733,8.437523636082516e-05,0.0063833010640210654
643,8407,41,44,41,44,DepthLow,DepthLow,DepthLow--DepthLow,10,0.7642699775626534,8.435839487293331e-05,0.0063820269427004445
644,8900,43,172,43,172,DepthLow,DepthLow,DepthLow--DepthLow,10,0.26888927777411414,8.435350188943039e-05,0.006381656770264223
645,10911,55,77,55,77,DepthHigh,DepthMid,DepthHigh--DepthMid,2,0.024235985168970152,8.435222054234951e-05,0.006381559831582478
646,8428,41,65,41,65,DepthLow,DepthMid,DepthLow--DepthMid,10,0.2036622833207507,8.427572616663019e-05,0.006375772746994855
647,18374,106,196,106,196,DepthMid,DepthHigh,DepthHigh--DepthMid,9,0.17238823057713534,8.42694580786523e-05,0.006375298542780628
648,2315,10,121,10,121,DepthLow,DepthHigh,DepthHigh--DepthLow,10,0.20021971081857587,8.423210779019101e-05,0.006372472854268695
649,2926,13,93,13,93,DepthLow,DepthLow,DepthLow--DepthLow,10,0.21479691257736186,8.422629934383027e-05,0.00637203342365571
650,3084,14,40,14,40,DepthLow,DepthLow,DepthLow--DepthLow,9,0.14968050036970512,8.413899723205803e-05,0.006365428693559502
651,23318,160,199,160,199,DepthLow,DepthLow,DepthLow--DepthLow,9,0.1578058529944136,8.412729987887118e-05,0.006364543745199481
652,20743,128,200,128,200,DepthMid,DepthHigh,DepthHigh--DepthMid,8,0.1354720562857754,8.41177921683229e-05,0.006363824451465006
653,11659,59,155,59,155,DepthLow,DepthLow,DepthLow--DepthLow,10,0.27227451752005505,8.409859071288322e-05,0.006362371789804721
654,10991,55,157,55,157,DepthHigh,DepthHigh,DepthHigh--DepthHigh,10,0.3102110956237788,8.40879850290433e-05,0.006361569430299018
655,13447,70,183,70,183,DepthMid,DepthMid,DepthMid--DepthMid,8,0.12563227311653405,8.408657767590136e-05,0.006361462958789178
656,4373,20,84,20,84,DepthHigh,DepthMid,DepthHigh--DepthMid,9,0.16462278355400478,8.408304358693941e-05,0.0063611955917890475
657,1335,6,7,6,7,DepthMid,DepthMid,DepthMid--DepthMid,10,0.8760187904952594,8.403192167405765e-05,0.006357328028568277
658,12020,61,187,61,187,DepthMid,DepthMid,DepthMid--DepthMid,10,0.35900731834351696,8.398125393954041e-05,0.006353494825633327
659,4147,19,63,19,63,DepthHigh,DepthMid,DepthHigh--DepthMid,9,0.1646569719950224,8.39609711660737e-05,0.006351960358234649
660,9331,46,63,46,63,DepthHigh,DepthMid,DepthHigh--DepthMid,10,0.1972065459099874,8.391823304061123e-05,0.006348727059775227
661,10923,55,89,55,89,DepthHigh,DepthLow,DepthHigh--DepthLow,9,0.1709788093193567,8.390007418403361e-05,0.006347353274604213
662,4335,20,46,20,46,DepthHigh,DepthHigh,DepthHigh--DepthHigh,10,0.18227055384355825,8.38747875833213e-05,0.0063454402490271105
663,2264,10,70,10,70,DepthLow,DepthMid,DepthLow--DepthMid,10,0.2487238727191145,8.383580683884054e-05,0.006342491210441235
664,6625,31,147,31,147,DepthMid,DepthHigh,DepthHigh--DepthMid,7,0.10627571755421009,8.381741172489094e-05,0.006341099551519592
665,10650,53,157,53,157,DepthHigh,DepthHigh,DepthHigh--DepthHigh,10,0.2788394091691104,8.37905165805805e-05,0.006339064833624881
666,5685,26,187,26,187,DepthHigh,DepthMid,DepthHigh--DepthMid,10,0.2280798571836566,8.37821202236974e-05,0.006338429617936755
667,2373,10,179,10,179,DepthLow,DepthHigh,DepthHigh--DepthLow,8,0.13164727150445668,8.376972437928567e-05,0.00633749182611257
668,2234,10,40,10,40,DepthLow,DepthLow,DepthLow--DepthLow,9,0.14322586671757134,8.37331972084564e-05,0.006334728409516935
669,11761,60,92,60,92,DepthMid,DepthMid,DepthMid--DepthMid,10,0.2664637088520067,8.373232924121497e-05,0.006334662744560548
670,3331,15,77,15,77,DepthLow,DepthMid,DepthLow--DepthMid,9,0.15844760494619556,8.362875196744654e-05,0.0063268267378082
671,18319,106,141,106,141,DepthMid,DepthHigh,DepthHigh--DepthMid,10,0.21513103092672828,8.361347489867118e-05,0.006325670970623716
672,12652,65,173,65,173,DepthMid,DepthLow,DepthLow--DepthMid,10,0.2506352629979663,8.358115352849422e-05,0.006323225738520793
673,8244,40,65,40,65,DepthLow,DepthMid,DepthLow--DepthMid,10,0.20934095965155944,8.353610576868059e-05,0.006319817707615607
674,8351,40,172,40,172,DepthLow,DepthLow,DepthLow--DepthLow,10,0.18079788958409063,8.350436975286288e-05,0.006317416759751346
675,2269,10,75,10,75,DepthLow,DepthMid,DepthLow--DepthMid,6,0.09057571289434516,8.348863639197003e-05,0.006316226472367754
676,12671,65,192,65,192,DepthMid,DepthLow,DepthLow--DepthMid,10,0.37923445529115063,8.347008113098596e-05,0.006314822697726148
677,4975,23,77,23,77,DepthHigh,DepthMid,DepthHigh--DepthMid,10,0.23312577453112493,8.346794658648391e-05,0.0063146612114799595
678,6643,31,165,31,165,DepthMid,DepthLow,DepthLow--DepthMid,9,0.1581641281707085,8.346169614732459e-05,0.006314188342464629
679,8243,40,64,40,64,DepthLow,DepthMid,DepthLow--DepthMid,10,0.2040515936848257,8.341715122124049e-05,0.006310818352804944
680,14401,77,80,77,80,DepthMid,DepthHigh,DepthHigh--DepthMid,2,0.0023440355175597476,8.336424774372485e-05,0.00630681600758043
681,14987,81,84,81,84,DepthMid,DepthMid,DepthMid--DepthMid,10,0.3021057632866917,8.336005757259251e-05,0.0063064990055191495
682,22524,149,175,149,175,DepthHigh,DepthMid,DepthHigh--DepthMid,10,0.23102859763418415,8.335939493461711e-05,0.006306448874486919
683,16177,89,158,89,158,DepthLow,DepthHigh,DepthHigh--DepthLow,10,0.2130415667182868,8.33589029743883e-05,0.006306411655862268
684,11674,59,170,59,170,DepthLow,DepthHigh,DepthHigh--DepthLow,9,0.15638684162044877,8.33412393525628e-05,0.006305075337045795
685,25263,207,217,207,217,DepthLow,DepthLow,DepthLow--DepthLow,10,0.18881839786065602,8.331555680414563e-05,0.006303132356549279
686,21654,138,196,138,196,DepthHigh,DepthHigh,DepthHigh--DepthHigh,10,0.48487644639669075,8.327633286845617e-05,0.0063001649196421875
687,16635,92,214,92,214,DepthMid,DepthMid,DepthMid--DepthMid,10,0.2685755195321246,8.327199614332468e-05,0.006299836830224722
688,11255,57,84,57,84,DepthMid,DepthMid,DepthMid--DepthMid,10,0.24313739158947859,8.322368800297332e-05,0.0062961821393817
689,3857,17,186,17,186,DepthHigh,DepthMid,DepthHigh--DepthMid,9,0.14372226068282565,8.316437761683214e-05,0.0062916950876436345
690,11256,57,85,57,85,DepthMid,DepthMid,DepthMid--DepthMid,10,0.24280755508414972,8.307819801985406e-05,0.006285175279974776
691,22998,155,214,155,214,DepthLow,DepthMid,DepthLow--DepthMid,10,0.2212131278832738,8.306625700250419e-05,0.006284271897512782
692,15852,87,106,87,106,DepthMid,DepthMid,DepthMid--DepthMid,10,0.22155485687010856,8.305614086489249e-05,0.006283506574003591
693,4983,23,85,23,85,DepthHigh,DepthMid,DepthHigh--DepthMid,10,0.18439657495780493,8.304777151008885e-05,0.0062828734011234014
694,5940,28,47,28,47,DepthHigh,DepthHigh,DepthHigh--DepthHigh,10,0.184046754533697,8.304732875415991e-05,0.0062828399049874
695,11692,59,188,59,188,DepthLow,DepthMid,DepthLow--DepthMid,10,0.18785613204720858,8.302943263685426e-05,0.006281485997021436
696,15077,81,174,81,174,DepthMid,DepthHigh,DepthHigh--DepthMid,9,0.14437342567386646,8.298307721252754e-05,0.006277979036422682
697,4529,21,36,21,36,DepthHigh,DepthHigh,DepthHigh--DepthHigh,10,0.39348108946744337,8.292838315467631e-05,0.006273841227122993
698,15145,82,99,82,99,DepthMid,DepthMid,DepthMid--DepthMid,10,0.5480752174470626,8.2919420561443e-05,0.006273163173544831
699,24136,174,212,174,212,DepthHigh,DepthLow,DepthHigh--DepthLow,9,0.16648790561156207,8.28657093795111e-05,0.0062690997224712315
700,17285,97,214,97,214,DepthMid,DepthMid,DepthMid--DepthMid,10,0.28860997636317925,8.285949997485157e-05,0.006268629957868728
701,4145,19,61,19,61,DepthHigh,DepthMid,DepthHigh--DepthMid,8,0.11597913689543794,8.28427737057549e-05,0.006267364553279338
702,12406,64,87,64,87,DepthMid,DepthMid,DepthMid--DepthMid,9,0.17794482976612766,8.283267422238645e-05,0.006266600489725712
703,3003,13,170,13,170,DepthLow,DepthHigh,DepthHigh--DepthLow,9,0.16744288147400746,8.282463194476084e-05,0.006265992061452928
704,3026,13,193,13,193,DepthLow,DepthLow,DepthLow--DepthLow,9,0.17579334230202678,8.28044722089997e-05,0.006264466902315191
705,12511,64,192,64,192,DepthMid,DepthLow,DepthLow--DepthMid,10,0.38647164074457147,8.278041674033226e-05,0.006262647016465227
706,14252,76,79,76,79,DepthLow,DepthLow,DepthLow--DepthLow,10,0.49809545319284204,8.274641408564598e-05,0.0062600745889236885
707,11930,61,97,61,97,DepthMid,DepthMid,DepthMid--DepthMid,10,0.2623419402189998,8.274463718722451e-05,0.006259940159936302
708,4476,20,187,20,187,DepthHigh,DepthMid,DepthHigh--DepthMid,8,0.13464696431442433,8.272924229073736e-05,0.006258775478646324
709,4521,21,28,21,28,DepthHigh,DepthHigh,DepthHigh--DepthHigh,10,0.18972678597568265,8.27070876982365e-05,0.00625709940116218
710,4325,20,36,20,36,DepthHigh,DepthHigh,DepthHigh--DepthHigh,10,0.3971308054060402,8.26771651240772e-05,0.006254835646917363
711,9553,47,107,47,107,DepthHigh,DepthMid,DepthHigh--DepthMid,4,0.05819747810441054,8.265629218650407e-05,0.006253256531404726
712,4746,22,50,22,50,DepthHigh,DepthHigh,DepthHigh--DepthHigh,9,0.17602993653737964,8.258577231504374e-05,0.0062479214403289235
713,21795,140,166,140,166,DepthHigh,DepthHigh,DepthHigh--DepthHigh,7,0.10060296999942127,8.257616324297384e-05,0.006247194478217604
714,10524,52,203,52,203,DepthHigh,DepthHigh,DepthHigh--DepthHigh,10,0.18989069068843223,8.25760962562089e-05,0.006247189410419202
715,12556,65,77,65,77,DepthMid,DepthMid,DepthMid--DepthMid,5,0.06692763810037293,8.256994498007163e-05,0.00624672404345603
716,4732,22,36,22,36,DepthHigh,DepthHigh,DepthHigh--DepthHigh,10,0.3966936584224987,8.254424498080321e-05,0.006244779742737584
717,15154,82,108,82,108,DepthMid,DepthMid,DepthMid--DepthMid,10,0.36620033814347625,8.251759490731869e-05,0.006242763565364137
718,4948,23,50,23,50,DepthHigh,DepthHigh,DepthHigh--DepthHigh,9,0.16818296758013968,8.25137876288922e-05,0.006242475530562943
719,15512,84,183,84,183,DepthMid,DepthMid,DepthMid--DepthMid,10,0.22327954755506824,8.250539234518653e-05,0.006241840396064688
720,12578,65,99,65,99,DepthMid,DepthMid,DepthMid--DepthMid,8,0.13872179627719913,8.245256771225751e-05,0.006237844015726975
721,16724,93,171,93,171,DepthLow,DepthLow,DepthLow--DepthLow,10,0.24448426983999258,8.244463105810371e-05,0.00623724357826345
722,13346,70,82,70,82,DepthMid,DepthMid,DepthMid--DepthMid,10,0.19780150770699656,8.24075297968181e-05,0.006234436729585384
723,16725,93,172,93,172,DepthLow,DepthLow,DepthLow--DepthLow,10,0.23347795523585643,8.236935490238588e-05,0.006231548656558767
724,12369,63,211,63,211,DepthMid,DepthLow,DepthLow--DepthMid,7,0.11504834157063382,8.236494911204991e-05,0.006231215342101203
725,12185,62,189,62,189,DepthMid,DepthMid,DepthMid--DepthMid,10,0.30106140232333145,8.232060233536145e-05,0.006227860343181724
726,3020,13,187,13,187,DepthLow,DepthMid,DepthLow--DepthMid,10,0.20286996219957723,8.230466446142644e-05,0.006226654583624353
727,15030,81,127,81,127,DepthMid,DepthMid,DepthMid--DepthMid,10,0.21482293248145337,8.228086759605497e-05,0.0062248542620774415
728,3313,15,59,15,59,DepthLow,DepthLow,DepthLow--DepthLow,10,0.2863966215211508,8.227827683248172e-05,0.0062246582611583685
729,11246,57,75,57,75,DepthMid,DepthMid,DepthMid--DepthMid,8,0.12637709297835165,8.227389998585978e-05,0.006224327136400633
730,14409,77,88,77,88,DepthMid,DepthMid,DepthMid--DepthMid,10,0.29691196041873263,8.211570671911317e-05,0.006212359226247157
731,445,1,222,1,222,DepthLow,DepthLow,DepthLow--DepthLow,10,0.8070553832260363,8.21104548711904e-05,0.006211961904380227
732,4932,23,34,23,34,DepthHigh,DepthHigh,DepthHigh--DepthHigh,10,0.18414644763485208,8.209267124907064e-05,0.006210616507094302
733,7483,36,50,36,50,DepthHigh,DepthHigh,DepthHigh--DepthHigh,9,0.1684224318683575,8.202136419912646e-05,0.006205221863032692
734,3085,14,41,14,41,DepthLow,DepthLow,DepthLow--DepthLow,9,0.17811796994998969,8.201417952771467e-05,0.0062046783158659444
735,23106,157,185,157,185,DepthHigh,DepthMid,DepthHigh--DepthMid,9,0.162685289718595,8.199576858344938e-05,0.006203285459321927
736,11324,57,153,57,153,DepthMid,DepthHigh,DepthHigh--DepthMid,9,0.16978532220676174,8.19713448665105e-05,0.006201437714117912
737,4724,22,28,22,28,DepthHigh,DepthHigh,DepthHigh--DepthHigh,9,0.17230786388855507,8.197132395514102e-05,0.006201436132094883
738,9407,46,139,46,139,DepthHigh,DepthHigh,DepthHigh--DepthHigh,3,0.03686647186384361,8.197018031139748e-05,0.006201349611183773
739,6585,31,107,31,107,DepthMid,DepthMid,DepthMid--DepthMid,9,0.15047313689651728,8.196453994708378e-05,0.006200922896604022
740,22940,155,156,155,156,DepthLow,DepthLow,DepthLow--DepthLow,10,0.7594651603772978,8.19575233587047e-05,0.006200392065545079
741,10941,55,107,55,107,DepthHigh,DepthMid,DepthHigh--DepthMid,4,0.05222075497696635,8.195371037824492e-05,0.006200103599363818
742,764,3,96,3,96,DepthHigh,DepthHigh,DepthHigh--DepthHigh,10,0.3238792948384303,8.179367581540739e-05,0.0061879963882992784
743,12510,64,191,64,191,DepthMid,DepthLow,DepthLow--DepthMid,10,0.335415692205918,8.179032883233338e-05,0.006187743176556839
744,4747,22,51,22,51,DepthHigh,DepthHigh,DepthHigh--DepthHigh,9,0.1747184475751448,8.178101161217596e-05,0.006187038294130316
745,21844,140,215,140,215,DepthHigh,DepthMid,DepthHigh--DepthMid,8,0.13808935976174777,8.17591032397484e-05,0.0061853808441122825
746,2874,13,41,13,41,DepthLow,DepthLow,DepthLow--DepthLow,9,0.1765489844596924,8.174527943430489e-05,0.0061843350217145945
747,17965,103,147,103,147,DepthMid,DepthHigh,DepthHigh--DepthMid,4,0.05670273299451883,8.166380104366763e-05,0.006178170877824966
748,13456,70,192,70,192,DepthMid,DepthLow,DepthLow--DepthMid,10,0.3803507022445927,8.166162458633124e-05,0.006178006220716667
749,12007,61,174,61,174,DepthMid,DepthHigh,DepthHigh--DepthMid,9,0.1611610038272736,8.165327712369212e-05,0.006177374704060307
750,12648,65,169,65,169,DepthMid,DepthLow,DepthLow--DepthMid,10,0.29041494064684614,8.164594574238479e-05,0.0061768200577432325
751,11901,61,68,61,68,DepthMid,DepthLow,DepthLow--DepthMid,10,0.20893854895979788,8.163924597019116e-05,0.006176313195009369
752,3156,14,112,14,112,DepthLow,DepthHigh,DepthHigh--DepthLow,7,0.10925896274169693,8.163556629885664e-05,0.006176034814160224
753,7111,34,57,34,57,DepthHigh,DepthMid,DepthHigh--DepthMid,10,0.19116709817358024,8.162477089041824e-05,0.0061752181012816165
754,10035,50,61,50,61,DepthHigh,DepthMid,DepthHigh--DepthMid,10,0.208575391475847,8.162177270154199e-05,0.006174991277120058
755,3235,14,191,14,191,DepthLow,DepthLow,DepthLow--DepthLow,10,0.18436554106146566,8.158686374624696e-05,0.0061723502845600405
756,19817,119,183,119,183,DepthHigh,DepthMid,DepthHigh--DepthMid,10,0.2281590480157174,8.156950987898264e-05,0.006171037399830456
757,17430,99,106,99,106,DepthMid,DepthMid,DepthMid--DepthMid,10,0.42944099034033906,8.153059736925317e-05,0.006168093523457801
758,10621,53,128,53,128,DepthHigh,DepthMid,DepthHigh--DepthMid,3,0.03694102297623757,8.137598859821952e-05,0.006156396793763017
759,16340,90,186,90,186,DepthMid,DepthMid,DepthMid--DepthMid,10,0.24092621263103828,8.133352635569247e-05,0.006153184366875767
760,3975,18,97,18,97,DepthHigh,DepthMid,DepthHigh--DepthMid,8,0.13073396236873844,8.128778539353979e-05,0.006149723892630338
761,24376,179,212,179,212,DepthHigh,DepthLow,DepthHigh--DepthLow,10,0.2113974386939566,8.11894166125902e-05,0.006142281927769739
762,2235,10,41,10,41,DepthLow,DepthLow,DepthLow--DepthLow,9,0.17620054689505554,8.118581343895484e-05,0.006142009334256613
763,2859,13,26,13,26,DepthLow,DepthHigh,DepthHigh--DepthLow,6,0.08434114902925581,8.115841539754547e-05,0.006139936570322269
764,6898,33,35,33,35,DepthLow,DepthLow,DepthLow--DepthLow,10,0.5302358651411267,8.108919241167344e-05,0.006134699593474203
765,4478,20,189,20,189,DepthHigh,DepthMid,DepthHigh--DepthMid,10,0.20262196204236296,8.108466431745723e-05,0.006134357026272321
766,11715,59,211,59,211,DepthLow,DepthLow,DepthLow--DepthLow,10,0.21875770443583564,8.104707351968333e-05,0.006131513142334604
767,15851,87,105,87,105,DepthMid,DepthMid,DepthMid--DepthMid,10,0.24472811760162622,8.103520636440251e-05,0.00613061534781339
768,24138,174,214,174,214,DepthHigh,DepthMid,DepthHigh--DepthMid,9,0.15320381465695943,8.100159522085277e-05,0.0061280725395483375
769,18602,108,189,108,189,DepthMid,DepthMid,DepthMid--DepthMid,8,0.13898882883804345,8.098915007426184e-05,0.006127131017830566
770,11261,57,90,57,90,DepthMid,DepthMid,DepthMid--DepthMid,10,0.22622423487443652,8.098591643702305e-05,0.0061268863811229585
771,15151,82,105,82,105,DepthMid,DepthMid,DepthMid--DepthMid,10,0.3504114343518125,8.094409096017383e-05,0.006123722127932211
772,14506,77,185,77,185,DepthMid,DepthMid,DepthMid--DepthMid,10,0.3913419097970619,8.092831409921931e-05,0.006122528549606845
773,8798,43,70,43,70,DepthLow,DepthMid,DepthLow--DepthMid,10,0.2191382779869852,8.091222744900859e-05,0.006121311534569784
774,3025,13,192,13,192,DepthLow,DepthLow,DepthLow--DepthLow,10,0.19661174348957108,8.087948926024025e-05,0.006118834768587105
775,7493,36,60,36,60,DepthHigh,DepthMid,DepthHigh--DepthMid,10,0.21679378815264527,8.087415965520144e-05,0.006118431564104576
776,10051,50,77,50,77,DepthHigh,DepthMid,DepthHigh--DepthMid,10,0.23696964048377225,8.085707447818568e-05,0.006117139006793598
777,11754,60,85,60,85,DepthMid,DepthMid,DepthMid--DepthMid,10,0.25557721550505835,8.083986825816555e-05,0.006115837292128261
778,6052,28,159,28,159,DepthHigh,DepthHigh,DepthHigh--DepthHigh,10,0.18620083343059537,8.081927631152795e-05,0.006114279434627039
779,5081,23,183,23,183,DepthHigh,DepthMid,DepthHigh--DepthMid,9,0.17879798802275396,8.081323091622298e-05,0.006113822077943407
780,12248,63,90,63,90,DepthMid,DepthMid,DepthMid--DepthMid,10,0.1893248996310221,8.078491301518187e-05,0.006111679723199966
781,11354,57,183,57,183,DepthMid,DepthMid,DepthMid--DepthMid,10,0.5712673265868038,8.073927549561538e-05,0.006108227074771672
782,7399,35,155,35,155,DepthLow,DepthLow,DepthLow--DepthLow,10,0.6664992447895035,8.073769349627272e-05,0.006108107390625912
783,12170,62,174,62,174,DepthMid,DepthHigh,DepthHigh--DepthMid,9,0.14305850758398214,8.069643261256006e-05,0.006104985851009961
784,12064,62,68,62,68,DepthMid,DepthLow,DepthLow--DepthMid,10,0.18819373997528854,8.069524391328379e-05,0.006104895921479897
785,4784,22,88,22,88,DepthHigh,DepthMid,DepthHigh--DepthMid,9,0.1561476274653432,8.069327796887094e-05,0.006104747190458762
786,6718,32,47,32,47,DepthMid,DepthHigh,DepthHigh--DepthMid,8,0.12633123087341935,8.065714291403546e-05,0.0061020134388993195
787,2921,13,88,13,88,DepthLow,DepthMid,DepthLow--DepthMid,10,0.2009551399883303,8.065084546960461e-05,0.006101537013760028
788,13167,68,214,68,214,DepthLow,DepthMid,DepthLow--DepthMid,10,0.2089904362882311,8.065036140924188e-05,0.006101500392789685
789,11662,59,158,59,158,DepthLow,DepthHigh,DepthHigh--DepthLow,1,-0.08576887073779596,8.064797814170812e-05,0.006101320089719254
790,5948,28,55,28,55,DepthHigh,DepthHigh,DepthHigh--DepthHigh,9,0.1648103550854555,8.063297013376023e-05,0.006100184677989052
791,11788,60,119,60,119,DepthMid,DepthHigh,DepthHigh--DepthMid,10,0.24042679294994493,8.062424453573654e-05,0.006099524553981688
792,13305,69,196,69,196,DepthHigh,DepthHigh,DepthHigh--DepthHigh,7,0.09772955308131628,8.060969574729601e-05,0.006098423883918549
793,9457,46,189,46,189,DepthHigh,DepthMid,DepthHigh--DepthMid,10,0.19801939118575232,8.059990479363847e-05,0.006097683161787322
794,3447,15,193,15,193,DepthLow,DepthLow,DepthLow--DepthLow,9,0.1692885359300704,8.058148652422566e-05,0.006096289751068596
795,7590,36,157,36,157,DepthHigh,DepthHigh,DepthHigh--DepthHigh,8,0.12673775149969796,8.054967837635882e-05,0.006093883346146012
796,3108,14,64,14,64,DepthLow,DepthMid,DepthLow--DepthMid,10,0.25513909526814066,8.053730085572738e-05,0.006092946940584091
797,14521,77,200,77,200,DepthMid,DepthHigh,DepthHigh--DepthMid,8,0.13401906555143034,8.053676360198857e-05,0.006092906295336617
798,11341,57,170,57,170,DepthMid,DepthHigh,DepthHigh--DepthMid,10,0.2363268750586769,8.051317843452506e-05,0.006091121989525358
799,11766,60,97,60,97,DepthMid,DepthMid,DepthMid--DepthMid,10,0.2950847460444151,8.049135341183842e-05,0.006089470845225837
800,17483,99,159,99,159,DepthMid,DepthHigh,DepthHigh--DepthMid,10,0.2176785686207005,8.045960739114874e-05,0.006087069140455728
801,3117,14,73,14,73,DepthLow,DepthMid,DepthLow--DepthMid,10,0.18268587766677005,8.04441367187543e-05,0.006085898726435977
802,6119,29,30,29,30,DepthMid,DepthMid,DepthMid--DepthMid,10,0.8308225846755584,8.040540391924065e-05,0.006082968445810857
803,2306,10,112,10,112,DepthLow,DepthHigh,DepthHigh--DepthLow,9,0.14651146169317392,8.039846797326353e-05,0.006082443715650145
804,11315,57,144,57,144,DepthMid,DepthHigh,DepthHigh--DepthMid,5,0.0671765106225784,8.03801720990891e-05,0.006081059564587321
805,9535,47,89,47,89,DepthHigh,DepthLow,DepthHigh--DepthLow,8,0.1259544697625478,8.037741030826861e-05,0.006080850624819643
806,3316,15,62,15,62,DepthLow,DepthMid,DepthLow--DepthMid,10,0.22674894146059346,8.034733118017968e-05,0.006078575026686634
807,12512,64,193,64,193,DepthMid,DepthLow,DepthLow--DepthMid,10,0.3745488259349274,8.034698113641431e-05,0.006078548544571308
808,23928,170,214,170,214,DepthHigh,DepthMid,DepthHigh--DepthMid,10,0.21551462065758,8.02821013610293e-05,0.0060736401477820235
809,9328,46,60,46,60,DepthHigh,DepthMid,DepthHigh--DepthMid,10,0.2006761081059771,8.022229959299529e-05,0.006069115921172579
810,11037,55,203,55,203,DepthHigh,DepthHigh,DepthHigh--DepthHigh,10,0.24007463266842835,8.02203822201278e-05,0.006068970864769858
811,4105,19,21,19,21,DepthHigh,DepthHigh,DepthHigh--DepthHigh,10,0.564359190636242,8.020166553409913e-05,0.006067554877722062
812,18421,107,125,107,125,DepthMid,DepthMid,DepthMid--DepthMid,6,0.09373555993460894,8.020161816727392e-05,0.006067551294245217
813,10114,50,140,50,140,DepthHigh,DepthHigh,DepthHigh--DepthHigh,3,0.040690098256648044,8.01934512563713e-05,0.006066933437000569
814,7494,36,61,36,61,DepthHigh,DepthMid,DepthHigh--DepthMid,8,0.12360316122002721,8.015839092949697e-05,0.006064280992616475
815,3012,13,179,13,179,DepthLow,DepthHigh,DepthHigh--DepthLow,8,0.12633611197758382,8.011211398855667e-05,0.006060779969578381
816,8793,43,65,43,65,DepthLow,DepthMid,DepthLow--DepthMid,10,0.21373515929555284,8.005806145023276e-05,0.006056690693621624
817,5579,26,81,26,81,DepthHigh,DepthMid,DepthHigh--DepthMid,9,0.14466770173345017,8.003930031984458e-05,0.006055271344192403
818,9198,45,109,45,109,DepthHigh,DepthMid,DepthHigh--DepthMid,10,0.19604012466799023,8.001262422531589e-05,0.006053253198229994
819,12063,62,67,62,67,DepthMid,DepthLow,DepthLow--DepthMid,8,0.13509926166301622,8.000571091217923e-05,0.006052730180328006
820,2954,13,121,13,121,DepthLow,DepthHigh,DepthHigh--DepthLow,10,0.2015735156257477,7.99845205683833e-05,0.006051127051851767
821,10378,52,57,52,57,DepthHigh,DepthMid,DepthHigh--DepthMid,1,-0.005547658485781236,7.995282708957461e-05,0.006048729322070757
822,11021,55,187,55,187,DepthHigh,DepthMid,DepthHigh--DepthMid,9,0.14166429949002005,7.992945206975095e-05,0.006046960914711591
823,10112,50,138,50,138,DepthHigh,DepthHigh,DepthHigh--DepthHigh,2,0.025616874053065626,7.986780293992959e-05,0.006042296928298542
824,8350,40,171,40,171,DepthLow,DepthLow,DepthLow--DepthLow,9,0.16715677135267987,7.978477417132485e-05,0.006036015492538024
825,24996,196,203,196,203,DepthHigh,DepthHigh,DepthHigh--DepthHigh,10,0.2664375143513794,7.978113214241824e-05,0.00603573995947883
826,24110,174,186,174,186,DepthHigh,DepthMid,DepthHigh--DepthMid,9,0.1417467558760477,7.978072280470607e-05,0.0060357089915554635
827,20694,128,151,128,151,DepthMid,DepthHigh,DepthHigh--DepthMid,10,0.22056103437469143,7.978014041874968e-05,0.006035664931887539
828,19085,112,214,112,214,DepthHigh,DepthMid,DepthHigh--DepthMid,10,0.18884811933817647,7.974679539211135e-05,0.006033142256358548
829,11683,59,179,59,179,DepthLow,DepthHigh,DepthHigh--DepthLow,7,0.11096086713464925,7.974510988576706e-05,0.006033014741522383
830,19908,120,169,120,169,DepthMid,DepthLow,DepthLow--DepthMid,5,0.06541845625176128,7.973331410734016e-05,0.006032122346926161
831,21916,141,203,141,203,DepthHigh,DepthHigh,DepthHigh--DepthHigh,10,0.2219433349566305,7.97227791524219e-05,0.00603132533832696
832,719,3,51,3,51,DepthHigh,DepthHigh,DepthHigh--DepthHigh,10,0.19860578230312204,7.970514246985134e-05,0.006029991057565518
833,12258,63,100,63,100,DepthMid,DepthMid,DepthMid--DepthMid,10,0.19828896468752197,7.970244715619378e-05,0.006029787147042949
834,2240,10,46,10,46,DepthLow,DepthHigh,DepthHigh--DepthLow,10,0.1859132306696467,7.969764804680748e-05,0.006029424076533482
835,7330,35,86,35,86,DepthLow,DepthMid,DepthLow--DepthMid,2,0.024648910744832792,7.968720258389653e-05,0.006028633838338136
836,12672,65,193,65,193,DepthMid,DepthLow,DepthLow--DepthMid,10,0.35820192822472235,7.968034103042643e-05,0.006028114736247812
837,14946,80,187,80,187,DepthHigh,DepthMid,DepthHigh--DepthMid,4,0.055581908749480206,7.966401068609731e-05,0.006026879284842543
838,2295,10,101,10,101,DepthLow,DepthMid,DepthLow--DepthMid,3,0.03374860880053761,7.965319570797864e-05,0.006026061091444695
839,23175,158,187,158,187,DepthHigh,DepthMid,DepthHigh--DepthMid,8,0.13492998546837476,7.96499941176966e-05,0.006025818879208791
840,12418,64,99,64,99,DepthMid,DepthMid,DepthMid--DepthMid,9,0.15111602196762075,7.958183873342341e-05,0.006020662670400209
841,15052,81,149,81,149,DepthMid,DepthHigh,DepthHigh--DepthMid,10,0.1986689750109524,7.957145843345781e-05,0.006019877362024516
842,11023,55,189,55,189,DepthHigh,DepthMid,DepthHigh--DepthMid,7,0.10512058730413448,7.95575359283696e-05,0.006018824072630892
843,8792,43,64,43,64,DepthLow,DepthMid,DepthLow--DepthMid,10,0.2348318697396034,7.954954527264394e-05,0.006018219549747214
844,2245,10,51,10,51,DepthLow,DepthHigh,DepthHigh--DepthLow,9,0.14118196568403377,7.952952943228353e-05,0.006016705276832783
845,2244,10,50,10,50,DepthLow,DepthHigh,DepthHigh--DepthLow,9,0.15726159682671387,7.951647070438239e-05,0.006015717335402318
846,12311,63,153,63,153,DepthMid,DepthHigh,DepthHigh--DepthMid,9,0.15083345516520086,7.945772226326536e-05,0.0060112727968994785
847,14900,80,141,80,141,DepthHigh,DepthHigh,DepthHigh--DepthHigh,9,0.1531410712880324,7.945702982792832e-05,0.006011220411585797
848,3016,13,183,13,183,DepthLow,DepthMid,DepthLow--DepthMid,9,0.17529146305232457,7.944094166203627e-05,0.0060100032818817956
849,16176,89,157,89,157,DepthLow,DepthHigh,DepthHigh--DepthLow,10,0.18223594413280078,7.943464989932777e-05,0.006009527286585973
850,18168,105,109,105,109,DepthMid,DepthMid,DepthMid--DepthMid,10,0.8233492729615756,7.94339331974265e-05,0.006009473065416275
851,15022,81,119,81,119,DepthMid,DepthHigh,DepthHigh--DepthMid,10,0.2147329974067871,7.937541121906571e-05,0.006005045659664882
852,4374,20,85,20,85,DepthHigh,DepthMid,DepthHigh--DepthMid,9,0.15461914116788059,7.936472709960994e-05,0.006004237366212542
853,4610,21,117,21,117,DepthHigh,DepthMid,DepthHigh--DepthMid,6,0.084901197787516,7.932105999010005e-05,0.006000933786647974
854,17058,96,115,96,115,DepthHigh,DepthHigh,DepthHigh--DepthHigh,10,0.5476937953628936,7.930828155980112e-05,0.0059999670507756755
855,13455,70,191,70,191,DepthMid,DepthLow,DepthLow--DepthMid,10,0.31793773356377625,7.93038684131184e-05,0.005999633179783066
856,10430,52,109,52,109,DepthHigh,DepthMid,DepthHigh--DepthMid,9,0.17833192376625312,7.930235998081517e-05,0.005999519061257993
857,8747,42,201,42,201,DepthMid,DepthLow,DepthLow--DepthMid,10,0.23717759782133027,7.927404146515111e-05,0.005997376660016035
858,14845,80,86,80,86,DepthHigh,DepthMid,DepthHigh--DepthMid,8,0.1195833742688519,7.926866828730714e-05,0.005996970159088418
859,15326,83,138,83,138,DepthLow,DepthHigh,DepthHigh--DepthLow,7,0.11540272372011022,7.917054223308016e-05,0.005989546557408932
860,11318,57,147,57,147,DepthMid,DepthHigh,DepthHigh--DepthMid,10,0.2641827049460865,7.914733857290087e-05,0.005987791114045452
861,12270,63,112,63,112,DepthMid,DepthHigh,DepthHigh--DepthMid,9,0.1597530717686004,7.914422733226238e-05,0.00598755573709678
862,16651,93,98,93,98,DepthLow,DepthLow,DepthLow--DepthLow,10,0.6118579050612611,7.91167976321115e-05,0.005985480578060661
863,20289,124,140,124,140,DepthLow,DepthHigh,DepthHigh--DepthLow,8,0.1181297559833932,7.908342174724333e-05,0.005982955567991586
864,9802,48,179,48,179,DepthHigh,DepthHigh,DepthHigh--DepthHigh,9,0.17016842024036083,7.905646610256481e-05,0.005980916273018568
865,7114,34,60,34,60,DepthHigh,DepthMid,DepthHigh--DepthMid,10,0.20967890477357412,7.904300958762838e-05,0.005979898237516487
866,3237,14,193,14,193,DepthLow,DepthLow,DepthLow--DepthLow,10,0.1873624099862001,7.903934641423226e-05,0.005979621104797865
867,25296,209,217,209,217,DepthLow,DepthLow,DepthLow--DepthLow,10,0.5799628703311885,7.899823938469214e-05,0.005976511204823422
868,11858,60,189,60,189,DepthMid,DepthMid,DepthMid--DepthMid,10,0.4747796851876438,7.898330669358825e-05,0.0059753814910931445
869,23177,158,189,158,189,DepthHigh,DepthMid,DepthHigh--DepthMid,9,0.16238350758067172,7.893807601581961e-05,0.0059719596217629985
870,10602,53,109,53,109,DepthHigh,DepthMid,DepthHigh--DepthMid,9,0.17852646642198644,7.893345810366046e-05,0.005971610259499016
871,17258,97,187,97,187,DepthMid,DepthMid,DepthMid--DepthMid,10,0.3445165376455815,7.89333860202956e-05,0.005971604806123838
872,14112,75,88,75,88,DepthMid,DepthMid,DepthMid--DepthMid,8,0.131783389782253,7.883998113991928e-05,0.005964538378840112
873,8505,41,142,41,142,DepthLow,DepthHigh,DepthHigh--DepthLow,7,0.10911141444198103,7.881339344947385e-05,0.00596252692097605
874,3752,17,81,17,81,DepthHigh,DepthMid,DepthHigh--DepthMid,8,0.13243064946706437,7.87803331107215e-05,0.0059600257831465536
875,5427,25,128,25,128,DepthMid,DepthMid,DepthMid--DepthMid,9,0.16028145838392208,7.876915924766394e-05,0.0059591804387656554
876,3940,18,62,18,62,DepthHigh,DepthMid,DepthHigh--DepthMid,4,0.05886232393809573,7.87632132464927e-05,0.005958730601618643
877,12693,65,214,65,214,DepthMid,DepthMid,DepthMid--DepthMid,8,0.13781764132296728,7.875608983970053e-05,0.005958191689348679
878,13437,70,173,70,173,DepthMid,DepthLow,DepthLow--DepthMid,10,0.2748154929728017,7.87163253120624e-05,0.005955183354646098
879,16722,93,169,93,169,DepthLow,DepthLow,DepthLow--DepthLow,10,0.22382173498959443,7.868483761786313e-05,0.0059528011932376695
880,11357,57,186,57,186,DepthMid,DepthMid,DepthMid--DepthMid,10,0.5508919401648941,7.867143699567323e-05,0.005951787386230155
881,10211,51,63,51,63,DepthHigh,DepthMid,DepthHigh--DepthMid,9,0.17188649157571445,7.861408965787087e-05,0.00594744884641443
882,2903,13,70,13,70,DepthLow,DepthMid,DepthLow--DepthMid,10,0.2345028619561003,7.860680274370561e-05,0.005946897564202366
883,4781,22,85,22,85,DepthHigh,DepthMid,DepthHigh--DepthMid,10,0.1830055740184187,7.860073323383872e-05,0.005946438383162258
884,15551,84,222,84,222,DepthMid,DepthLow,DepthLow--DepthMid,10,0.2499036796233239,7.856844026359445e-05,0.005943995299620078
885,10113,50,139,50,139,DepthHigh,DepthHigh,DepthHigh--DepthHigh,3,0.03676768055576153,7.856815538871142e-05,0.005943973747773561
886,12069,62,73,62,73,DepthMid,DepthMid,DepthMid--DepthMid,10,0.22612603770717932,7.856420167916205e-05,0.00594367463491223
887,8535,41,172,41,172,DepthLow,DepthLow,DepthLow--DepthLow,10,0.23328110238720204,7.855487542915169e-05,0.005942969069343681
888,14101,75,77,75,77,DepthMid,DepthMid,DepthMid--DepthMid,7,0.108573118385067,7.853133948141967e-05,0.005941188487188532
889,6871,32,200,32,200,DepthMid,DepthHigh,DepthHigh--DepthMid,10,0.23048071112474347,7.848928668944248e-05,0.005938007036761239
890,4883,22,187,22,187,DepthHigh,DepthMid,DepthHigh--DepthMid,9,0.16995800128245844,7.844272331849412e-05,0.005934484344225624
891,11822,60,153,60,153,DepthMid,DepthHigh,DepthHigh--DepthMid,10,0.1945930046469978,7.842710334327782e-05,0.005933302634891006
892,15327,83,139,83,139,DepthLow,DepthHigh,DepthHigh--DepthLow,7,0.09723100143392288,7.84076501750287e-05,0.005931830930218652
893,1391,6,63,6,63,DepthMid,DepthMid,DepthMid--DepthMid,9,0.146115492990887,7.840349563638648e-05,0.005931516623888036
894,14406,77,85,77,85,DepthMid,DepthMid,DepthMid--DepthMid,10,0.2636834433439854,7.839361421348576e-05,0.00593076905742142
895,12346,63,188,63,188,DepthMid,DepthMid,DepthMid--DepthMid,10,0.2871722014130138,7.83868709150243e-05,0.005930258901763188
896,12261,63,103,63,103,DepthMid,DepthMid,DepthMid--DepthMid,2,0.022080003972838744,7.838546076910458e-05,0.005930152218969303
897,4793,22,97,22,97,DepthHigh,DepthMid,DepthHigh--DepthMid,10,0.20481446129304592,7.834751116592464e-05,0.005927281190065493
898,10680,53,187,53,187,DepthHigh,DepthMid,DepthHigh--DepthMid,8,0.12123285945810677,7.832796228307278e-05,0.005925802244226751
899,3445,15,191,15,191,DepthLow,DepthLow,DepthLow--DepthLow,10,0.1815509517665928,7.832726056316685e-05,0.005925749156500834
900,6757,32,86,32,86,DepthMid,DepthMid,DepthMid--DepthMid,7,0.10633392047715719,7.832430403689484e-05,0.005925525484270546
901,8908,43,180,43,180,DepthLow,DepthHigh,DepthHigh--DepthLow,7,0.11525396136208314,7.832291191544298e-05,0.005925420165094823
902,5691,26,193,26,193,DepthHigh,DepthLow,DepthHigh--DepthLow,5,0.0642827391139509,7.829849119625061e-05,0.005923572646681504
903,21879,141,166,141,166,DepthHigh,DepthHigh,DepthHigh--DepthHigh,9,0.15072504990337682,7.82942843332836e-05,0.0059232543818207245
904,3163,14,119,14,119,DepthLow,DepthHigh,DepthHigh--DepthLow,8,0.1261498952569757,7.826939473294347e-05,0.005921371390801242
905,23920,170,206,170,206,DepthHigh,DepthLow,DepthHigh--DepthLow,4,0.049761170414144185,7.826047053969156e-05,0.005920696242324776
906,17462,99,138,99,138,DepthMid,DepthHigh,DepthHigh--DepthMid,10,0.18502736980487086,7.824492433689506e-05,0.005919520114148637
907,3236,14,192,14,192,DepthLow,DepthLow,DepthLow--DepthLow,10,0.20413618579390705,7.823978205355144e-05,0.005919131081250424
908,21710,139,166,139,166,DepthHigh,DepthHigh,DepthHigh--DepthHigh,5,0.06245065402370964,7.822933167061144e-05,0.005918340470836545
909,3086,14,42,14,42,DepthLow,DepthMid,DepthLow--DepthMid,10,0.19168143359912676,7.819573900096405e-05,0.005915799060191052
910,5925,28,32,28,32,DepthHigh,DepthMid,DepthHigh--DepthMid,10,0.1943339311821373,7.816651282789827e-05,0.005913587991284172
911,18443,107,147,107,147,DepthMid,DepthHigh,DepthHigh--DepthMid,6,0.08037120111744261,7.814223085480736e-05,0.005911750969530479
912,11971,61,138,61,138,DepthMid,DepthHigh,DepthHigh--DepthMid,3,0.040879028881391284,7.812856030670373e-05,0.005910716741621683
913,24864,192,193,192,193,DepthLow,DepthLow,DepthLow--DepthLow,10,0.9586406861462318,7.81143121608806e-05,0.005909638816292927
914,19460,116,147,116,147,DepthMid,DepthHigh,DepthHigh--DepthMid,2,0.02642861494853483,7.807363405548961e-05,0.005906561366028797
915,22062,143,184,143,184,DepthHigh,DepthHigh,DepthHigh--DepthHigh,4,0.056194824318459374,7.805698630585451e-05,0.005905301901729286
916,18317,106,139,106,139,DepthMid,DepthHigh,DepthHigh--DepthMid,10,0.19064428527829924,7.80444616464187e-05,0.005904354364568486
917,20288,124,139,124,139,DepthLow,DepthHigh,DepthHigh--DepthLow,8,0.1278932374544233,7.803089238379643e-05,0.005903327799283806
918,4813,22,117,22,117,DepthHigh,DepthMid,DepthHigh--DepthMid,7,0.09950099706202942,7.79969525433464e-05,0.005900760123873323
919,9276,45,187,45,187,DepthHigh,DepthMid,DepthHigh--DepthMid,6,0.07893123666517296,7.798806381843734e-05,0.005900087658709171
920,4995,23,97,23,97,DepthHigh,DepthMid,DepthHigh--DepthMid,10,0.1895205946816599,7.797185244955115e-05,0.005898861208239533
921,11241,57,70,57,70,DepthMid,DepthMid,DepthMid--DepthMid,7,0.102220346490593,7.796802516435166e-05,0.005898571659851406
922,12297,63,139,63,139,DepthMid,DepthHigh,DepthHigh--DepthMid,5,0.07818271894803998,7.79566271787388e-05,0.005897709359763983
923,18601,108,188,108,188,DepthMid,DepthMid,DepthMid--DepthMid,7,0.11505106605770855,7.790314261086263e-05,0.0058936630528881985
924,13011,67,215,67,215,DepthLow,DepthMid,DepthLow--DepthMid,10,0.20397870773956167,7.788271260455654e-05,0.005892117446776543
925,10763,54,99,54,99,DepthMid,DepthMid,DepthMid--DepthMid,10,0.2085843180738138,7.785986987096819e-05,0.0058903893088547
926,14405,77,84,77,84,DepthMid,DepthMid,DepthMid--DepthMid,10,0.2982996659583673,7.785769437387843e-05,0.005890224724392638
927,6051,28,158,28,158,DepthHigh,DepthHigh,DepthHigh--DepthHigh,10,0.1896115407795288,7.785721226814301e-05,0.005890188251297135
928,7619,36,186,36,186,DepthHigh,DepthMid,DepthHigh--DepthMid,10,0.19506300784653632,7.784912033911201e-05,0.005889576066710502
929,16368,90,214,90,214,DepthMid,DepthMid,DepthMid--DepthMid,10,0.26955579325646817,7.782482095006469e-05,0.005887737727374806
930,16246,90,92,90,92,DepthMid,DepthMid,DepthMid--DepthMid,10,0.9240132103250306,7.777527178456838e-05,0.005883989148354756
931,12347,63,189,63,189,DepthMid,DepthMid,DepthMid--DepthMid,10,0.2966334952889023,7.775832655370985e-05,0.005882707178492096
932,2343,10,149,10,149,DepthLow,DepthHigh,DepthHigh--DepthLow,4,0.0612989804676612,7.775809966868342e-05,0.005882690013794336
933,447,1,224,1,224,DepthLow,DepthLow,DepthLow--DepthLow,10,0.8610575088654709,7.775119104098245e-05,0.005882167350363019
934,11298,57,127,57,127,DepthMid,DepthMid,DepthMid--DepthMid,10,0.24386699619014332,7.773912646800959e-05,0.005881254620457702
935,21843,140,214,140,214,DepthHigh,DepthMid,DepthHigh--DepthMid,6,0.08188468895369791,7.773251575701177e-05,0.005880754495535198
936,2280,10,86,10,86,DepthLow,DepthMid,DepthLow--DepthMid,4,0.056254094368651635,7.772949441775338e-05,0.0058805259199609565
937,5605,26,107,26,107,DepthHigh,DepthMid,DepthHigh--DepthMid,3,0.03884634115130926,7.772498301458339e-05,0.005880184615498922
938,23994,172,173,172,173,DepthLow,DepthLow,DepthLow--DepthLow,10,0.888449841012171,7.77110791745042e-05,0.005879132738182787
939,10570,53,77,53,77,DepthHigh,DepthMid,DepthHigh--DepthMid,3,0.0300308441914979,7.770195931008312e-05,0.005878442786453184
940,10682,53,189,53,189,DepthHigh,DepthMid,DepthHigh--DepthMid,6,0.0931282666063662,7.767519155160451e-05,0.005876417705771368
941,3018,13,185,13,185,DepthLow,DepthMid,DepthLow--DepthMid,10,0.20255920406023245,7.766517022377748e-05,0.005875659554975705
942,23188,158,200,158,200,DepthHigh,DepthHigh,DepthHigh--DepthHigh,10,0.558016930575304,7.765606482249144e-05,0.005874970697436166
943,413,1,190,1,190,DepthLow,DepthLow,DepthLow--DepthLow,9,0.14525183452223603,7.765117835170319e-05,0.005874601017711081
944,4270,19,186,19,186,DepthHigh,DepthMid,DepthHigh--DepthMid,10,0.19538534380391268,7.762398278851531e-05,0.005872543572008748
945,11933,61,100,61,100,DepthMid,DepthMid,DepthMid--DepthMid,10,0.22988749289483337,7.76038912030831e-05,0.005871023568697364
946,4590,21,97,21,97,DepthHigh,DepthMid,DepthHigh--DepthMid,9,0.1728436409810758,7.759649751143563e-05,0.005870464208370852
947,21641,138,183,138,183,DepthHigh,DepthMid,DepthHigh--DepthMid,7,0.11054248545793116,7.75792621849573e-05,0.005869160291693482
948,2379,10,185,10,185,DepthLow,DepthMid,DepthLow--DepthMid,10,0.17967875776562875,7.757219942576457e-05,0.005868625967640426
949,12114,62,118,62,118,DepthMid,DepthHigh,DepthHigh--DepthMid,10,0.20766857031640795,7.754636366319757e-05,0.005866671395922505
950,11818,60,149,60,149,DepthMid,DepthHigh,DepthHigh--DepthMid,10,0.2719847286870885,7.750931160093194e-05,0.005863868269333646
951,11848,60,179,60,179,DepthMid,DepthHigh,DepthHigh--DepthMid,9,0.16577939757436252,7.74786548989246e-05,0.005861548975581318
952,2988,13,155,13,155,DepthLow,DepthLow,DepthLow--DepthLow,9,0.1702750619641989,7.74746943803678e-05,0.005861249347593201
953,9227,45,138,45,138,DepthHigh,DepthHigh,DepthHigh--DepthHigh,6,0.08121980693235209,7.743008400762526e-05,0.0058578744066499116
954,16066,88,183,88,183,DepthMid,DepthMid,DepthMid--DepthMid,10,0.24328773987435054,7.742189289057184e-05,0.005857254718119749
955,8134,39,140,39,140,DepthLow,DepthHigh,DepthHigh--DepthLow,9,0.14308372727067775,7.741109968998541e-05,0.005856438172273372
956,3007,13,174,13,174,DepthLow,DepthHigh,DepthHigh--DepthLow,8,0.13622923520482633,7.74069549605937e-05,0.005856124608049112
957,4885,22,189,22,189,DepthHigh,DepthMid,DepthHigh--DepthMid,10,0.2324817820157757,7.740564275299863e-05,0.005856025334654463
958,4141,19,57,19,57,DepthHigh,DepthMid,DepthHigh--DepthMid,10,0.21538144007222254,7.740046620312757e-05,0.005855633709365752
959,7592,36,159,36,159,DepthHigh,DepthHigh,DepthHigh--DepthHigh,8,0.13761165619674437,7.73977563983314e-05,0.005855428702534545
960,11322,57,151,57,151,DepthMid,DepthHigh,DepthHigh--DepthMid,10,0.21396008959519017,7.739604494979904e-05,0.005855299225075176
961,763,3,95,3,95,DepthHigh,DepthHigh,DepthHigh--DepthHigh,10,0.36910957011824524,7.73907036299532e-05,0.00585489513432384
962,16144,89,125,89,125,DepthLow,DepthMid,DepthLow--DepthMid,6,0.08286348714090258,7.738499015472704e-05,0.005854462888631105
963,8705,42,159,42,159,DepthMid,DepthHigh,DepthHigh--DepthMid,7,0.10149037776094681,7.737851537516591e-05,0.005853973047428349
964,10508,52,187,52,187,DepthHigh,DepthMid,DepthHigh--DepthMid,8,0.11923051794883238,7.73263057083908e-05,0.005850023191571916
965,23925,170,211,170,211,DepthHigh,DepthLow,DepthHigh--DepthLow,7,0.10558244211743219,7.731056000067459e-05,0.0058488319701051235
966,22502,149,153,149,153,DepthHigh,DepthHigh,DepthHigh--DepthHigh,9,0.1457012125076575,7.728426236770336e-05,0.005846842456169914
967,2381,10,187,10,187,DepthLow,DepthMid,DepthLow--DepthMid,10,0.18518775251859018,7.727730023420894e-05,0.005846315744825927
968,2982,13,149,13,149,DepthLow,DepthHigh,DepthHigh--DepthLow,5,0.06793378203563695,7.727077634019113e-05,0.005845822187931493
969,4678,21,185,21,185,DepthHigh,DepthMid,DepthHigh--DepthMid,9,0.14641400863725157,7.724097018590632e-05,0.005843567241284031
970,11290,57,119,57,119,DepthMid,DepthHigh,DepthHigh--DepthMid,10,0.23006335116471208,7.722890311073612e-05,0.005842654322078162
971,23558,164,189,164,189,DepthLow,DepthMid,DepthLow--DepthMid,9,0.1569129669971847,7.720616987454366e-05,0.005840934468042371
972,22747,152,176,152,176,DepthHigh,DepthHigh,DepthHigh--DepthHigh,7,0.11401711753627718,7.719531558303824e-05,0.00584011330044031
973,15811,86,203,86,203,DepthMid,DepthHigh,DepthHigh--DepthMid,6,0.08638365367117393,7.718654087763997e-05,0.005839449461277055
974,13926,73,203,73,203,DepthMid,DepthHigh,DepthHigh--DepthMid,9,0.14152733837462073,7.717007683603434e-05,0.0058382038951745804
975,14948,80,189,80,189,DepthHigh,DepthMid,DepthHigh--DepthMid,4,0.05105771564241725,7.716434259349659e-05,0.005837770078357333
976,13809,73,86,73,86,DepthMid,DepthMid,DepthMid--DepthMid,9,0.143823665740331,7.715949066033006e-05,0.005837403011532038
977,6753,32,82,32,82,DepthMid,DepthMid,DepthMid--DepthMid,10,0.1814760957906865,7.715785855973949e-05,0.005837279537040164
978,9080,44,171,44,171,DepthLow,DepthLow,DepthLow--DepthLow,10,0.2562795892910117,7.713985749417133e-05,0.00583591768934704
979,10805,54,141,54,141,DepthMid,DepthHigh,DepthHigh--DepthMid,10,0.2140966404583468,7.710732576069791e-05,0.0058334565424767995
980,18284,105,225,105,225,DepthMid,DepthLow,DepthLow--DepthMid,7,0.11244334758430434,7.709726254485529e-05,0.005832695222696657
981,22826,153,183,153,183,DepthHigh,DepthMid,DepthHigh--DepthMid,9,0.17629144319612186,7.707842931211816e-05,0.005831270418456041
982,12003,61,170,61,170,DepthMid,DepthHigh,DepthHigh--DepthMid,10,0.19806452282697176,7.707419502916267e-05,0.005830950079170951
983,6874,32,203,32,203,DepthMid,DepthHigh,DepthHigh--DepthMid,10,0.2420245434891141,7.706614494795439e-05,0.0058303410605280576
984,11972,61,139,61,139,DepthMid,DepthHigh,DepthHigh--DepthMid,4,0.054325573904082256,7.703348010880888e-05,0.00582786984371769
985,10449,52,128,52,128,DepthHigh,DepthMid,DepthHigh--DepthMid,3,0.02959601012254149,7.702224080553805e-05,0.0058270195485407884
986,14114,75,90,75,90,DepthMid,DepthMid,DepthMid--DepthMid,8,0.13810113955879078,7.700728105494882e-05,0.005825887787659606
987,22913,154,199,154,199,DepthLow,DepthLow,DepthLow--DepthLow,9,0.14098509138788284,7.700258431238799e-05,0.005825532461581967
988,20739,128,196,128,196,DepthMid,DepthHigh,DepthHigh--DepthMid,10,0.22739283615556755,7.696732598991785e-05,0.005822865038093198
989,12018,61,185,61,185,DepthMid,DepthMid,DepthMid--DepthMid,10,0.2975391705226923,7.692215020143875e-05,0.0058194473213423565
990,14510,77,189,77,189,DepthMid,DepthMid,DepthMid--DepthMid,10,0.5928947395451041,7.692087892625902e-05,0.0058193511446374665
991,12285,63,127,63,127,DepthMid,DepthMid,DepthMid--DepthMid,10,0.20436184629336834,7.691574806427246e-05,0.0058189629758074795
992,3748,17,77,17,77,DepthHigh,DepthMid,DepthHigh--DepthMid,7,0.11442153494781951,7.69079385747125e-05,0.005818372158819371
993,9503,47,57,47,57,DepthHigh,DepthMid,DepthHigh--DepthMid,1,-0.0033762190543233112,7.688471490620902e-05,0.005816615201751604
994,3468,15,214,15,214,DepthLow,DepthMid,DepthLow--DepthMid,10,0.22976195341680705,7.688289301507301e-05,0.005816477368897692
995,12147,62,151,62,151,DepthMid,DepthHigh,DepthHigh--DepthMid,9,0.17673662120244102,7.687667308782769e-05,0.005816006808222361
996,11980,61,147,61,147,DepthMid,DepthHigh,DepthHigh--DepthMid,10,0.20389089759394932,7.686795863943259e-05,0.005815347527725949
997,728,3,60,3,60,DepthHigh,DepthMid,DepthHigh--DepthMid,9,0.17101151207973858,7.676174283070783e-05,0.0058073119059713725
998,11263,57,92,57,92,DepthMid,DepthMid,DepthMid--DepthMid,10,0.24201363399506035,7.6750203144737e-05,0.005806438885723808
999,21672,138,214,138,214,DepthHigh,DepthMid,DepthHigh--DepthMid,5,0.07051704602985212,7.674684307000815e-05,0.0058061846835488935
1000,12134,62,138,62,138,DepthMid,DepthHigh,DepthHigh--DepthMid,4,0.05893753954015701,7.674096168440298e-05,0.005805739734810252
1001,14251,76,78,76,78,DepthLow,DepthLow,DepthLow--DepthLow,10,0.5491427136134365,7.673943008691463e-05,0.0058056238637525966
1002,3231,14,187,14,187,DepthLow,DepthMid,DepthLow--DepthMid,10,0.1923154201870929,7.671928590890772e-05,0.005804099881616944
1003,24161,175,187,175,187,DepthMid,DepthMid,DepthMid--DepthMid,10,0.3098755886085932,7.67152015951732e-05,0.005803790888062296
1004,12298,63,140,63,140,DepthMid,DepthHigh,DepthHigh--DepthMid,5,0.06297081004337313,7.669651255945717e-05,0.005802376992863692
1005,15770,86,162,86,162,DepthMid,DepthMid,DepthMid--DepthMid,7,0.09729923882858042,7.669273345298928e-05,0.005802091089376152
1006,10769,54,105,54,105,DepthMid,DepthMid,DepthMid--DepthMid,10,0.24940818520297034,7.667801836062976e-05,0.005800977837801792
1007,17799,102,103,102,103,DepthMid,DepthMid,DepthMid--DepthMid,10,0.9336824687871716,7.667052687109758e-05,0.005800411078700848
1008,10269,51,121,51,121,DepthHigh,DepthHigh,DepthHigh--DepthHigh,7,0.10865938048998765,7.66556495153054e-05,0.005799285551293114
1009,15854,87,108,87,108,DepthMid,DepthMid,DepthMid--DepthMid,10,0.2543189812947893,7.663417088411582e-05,0.0057976606128012104
1010,24135,174,211,174,211,DepthHigh,DepthLow,DepthHigh--DepthLow,8,0.13850980708656244,7.663413414638654e-05,0.005797657833455084
1011,23257,159,203,159,203,DepthHigh,DepthHigh,DepthHigh--DepthHigh,10,0.6680414290529543,7.663034288653465e-05,0.005797371010518754
1012,3319,15,65,15,65,DepthLow,DepthMid,DepthLow--DepthMid,10,0.1969244970312617,7.661643301687732e-05,0.005796318677042563
1013,14988,81,85,81,85,DepthMid,DepthMid,DepthMid--DepthMid,10,0.2859807141377609,7.657110449548464e-05,0.005792889405477633
1014,13457,70,193,70,193,DepthMid,DepthLow,DepthLow--DepthMid,10,0.3478467733782749,7.653102560665619e-05,0.0057898572881795035
1015,24622,185,203,185,203,DepthMid,DepthHigh,DepthHigh--DepthMid,9,0.14128033735652082,7.64810849784012e-05,0.005786079093542932
1016,23801,168,198,168,198,DepthLow,DepthLow,DepthLow--DepthLow,10,0.18937882530174308,7.642286740519755e-05,0.005781674717176075
1017,10773,54,109,54,109,DepthMid,DepthMid,DepthMid--DepthMid,10,0.24733590554760718,7.641622923654822e-05,0.00578117251497991
1018,15132,82,86,82,86,DepthMid,DepthMid,DepthMid--DepthMid,9,0.14216780725524522,7.641583678503735e-05,0.005781142824560599
1019,4581,21,88,21,88,DepthHigh,DepthMid,DepthHigh--DepthMid,9,0.15933027072902783,7.640940870526445e-05,0.005780656516370854
1020,5687,26,189,26,189,DepthHigh,DepthMid,DepthHigh--DepthMid,9,0.16263715355676744,7.640645050477639e-05,0.005780432717479882
1021,2259,10,65,10,65,DepthLow,DepthMid,DepthLow--DepthMid,10,0.2393103547655502,7.637595378129368e-05,0.0057781255266991195
1022,12151,62,155,62,155,DepthMid,DepthLow,DepthLow--DepthMid,10,0.20741821624094267,7.635184509517326e-05,0.005776301614750518
1023,12566,65,87,65,87,DepthMid,DepthMid,DepthMid--DepthMid,9,0.16840282580167018,7.634999892455262e-05,0.005776161945063115
1024,23030,156,177,156,177,DepthLow,DepthLow,DepthLow--DepthLow,10,0.7584505951349622,7.632883164612759e-05,0.005774560561568139
1025,12250,63,92,63,92,DepthMid,DepthMid,DepthMid--DepthMid,10,0.20146365980843872,7.630073414440235e-05,0.005772434880854284
1026,15499,84,170,84,170,DepthMid,DepthHigh,DepthHigh--DepthMid,10,0.2234948312022892,7.62565138775298e-05,0.005769089452873832
1027,4539,21,46,21,46,DepthHigh,DepthHigh,DepthHigh--DepthHigh,9,0.17038914356806745,7.624744079526127e-05,0.005768403040388408
1028,5657,26,159,26,159,DepthHigh,DepthHigh,DepthHigh--DepthHigh,10,0.22247733564563993,7.623969509397436e-05,0.005767817049220871
1029,14524,77,203,77,203,DepthMid,DepthHigh,DepthHigh--DepthMid,9,0.16168053207832342,7.623399226868936e-05,0.005767385609235873
1030,4543,21,50,21,50,DepthHigh,DepthHigh,DepthHigh--DepthHigh,9,0.16429968834969486,7.620277918119586e-05,0.005765024222848088
1031,4544,21,51,21,51,DepthHigh,DepthHigh,DepthHigh--DepthHigh,9,0.17128690073223224,7.619876802723815e-05,0.005764720764103194
1032,896,4,7,4,7,DepthMid,DepthMid,DepthMid--DepthMid,10,0.5512663767450083,7.617161978579261e-05,0.005762666898467018
1033,9325,46,57,46,57,DepthHigh,DepthMid,DepthHigh--DepthMid,9,0.16755998757617785,7.615304582823788e-05,0.005761261709360168
1034,2321,10,127,10,127,DepthLow,DepthMid,DepthLow--DepthMid,8,0.1361213165430134,7.614962274432742e-05,0.005761002740305854
1035,11327,57,156,57,156,DepthMid,DepthLow,DepthLow--DepthMid,9,0.14792741198951698,7.611853214501171e-05,0.005758650620605184
1036,14991,81,88,81,88,DepthMid,DepthMid,DepthMid--DepthMid,10,0.25421382872369913,7.609678674749423e-05,0.005757005500246441
1037,14898,80,139,80,139,DepthHigh,DepthHigh,DepthHigh--DepthHigh,7,0.0961197697692499,7.607409884501776e-05,0.0057552890758752065
1038,17482,99,158,99,158,DepthMid,DepthHigh,DepthHigh--DepthMid,10,0.226016766983742,7.604554361438154e-05,0.005753128766263461
1039,7490,36,57,36,57,DepthHigh,DepthMid,DepthHigh--DepthMid,10,0.19065260395603742,7.602763653645039e-05,0.0057517740290853325
1040,13195,69,86,69,86,DepthHigh,DepthMid,DepthHigh--DepthMid,9,0.15012661428350338,7.596075832348228e-05,0.005746714443045495
1041,10287,51,139,51,139,DepthHigh,DepthHigh,DepthHigh--DepthHigh,3,0.03776377406603519,7.594456608919489e-05,0.005745489440179565
1042,17749,101,176,101,176,DepthMid,DepthHigh,DepthHigh--DepthMid,2,0.018855612652207417,7.594447319351585e-05,0.0057454824122752605
1043,20620,127,174,127,174,DepthMid,DepthHigh,DepthHigh--DepthMid,10,0.189802676683029,7.590244542420222e-05,0.005742302854905715
1044,4181,19,97,19,97,DepthHigh,DepthMid,DepthHigh--DepthMid,10,0.24179422184710606,7.588616746110366e-05,0.005741071366335742
1045,12158,62,162,62,162,DepthMid,DepthMid,DepthMid--DepthMid,9,0.14390355255242854,7.587931527417859e-05,0.005740552972859455
1046,24375,179,211,179,211,DepthHigh,DepthLow,DepthHigh--DepthLow,9,0.16901602573686203,7.58538352748089e-05,0.0057386253159532
1047,24699,187,203,187,203,DepthMid,DepthHigh,DepthHigh--DepthMid,9,0.16720009528237148,7.585231593406331e-05,0.005738510372163811
1048,13848,73,125,73,125,DepthMid,DepthMid,DepthMid--DepthMid,3,0.0328791329684672,7.582692422332514e-05,0.0057365893946215475
1049,3731,17,60,17,60,DepthHigh,DepthMid,DepthHigh--DepthMid,9,0.1452375217424635,7.578680163734714e-05,0.005733553971471213
1050,9319,46,51,46,51,DepthHigh,DepthHigh,DepthHigh--DepthHigh,10,0.7668007691808181,7.57601979327123e-05,0.005731541302074042
1051,4755,22,59,22,59,DepthHigh,DepthLow,DepthHigh--DepthLow,6,0.09474730714661397,7.57330157554483e-05,0.005729484869066735
1052,24256,177,185,177,185,DepthLow,DepthMid,DepthLow--DepthMid,9,0.16200715710115987,7.573002520357867e-05,0.005729258622673187
1053,18716,109,187,109,187,DepthMid,DepthMid,DepthMid--DepthMid,7,0.10607079133637969,7.572660880742477e-05,0.00572900015957258
1054,12662,65,183,65,183,DepthMid,DepthMid,DepthMid--DepthMid,6,0.09122801902900471,7.571760334111654e-05,0.005728318862486531
1055,9389,46,121,46,121,DepthHigh,DepthHigh,DepthHigh--DepthHigh,8,0.11604333451669467,7.570000791791563e-05,0.005726987703150159
1056,13458,70,194,70,194,DepthMid,DepthLow,DepthLow--DepthMid,10,0.3513797266182447,7.567161147320268e-05,0.005724839406285242
1057,12488,64,169,64,169,DepthMid,DepthLow,DepthLow--DepthMid,10,0.31381267353619063,7.56448782341277e-05,0.005722816937124951
1058,11590,59,86,59,86,DepthLow,DepthMid,DepthLow--DepthMid,3,0.0425920978449869,7.562457441867562e-05,0.005721280877821666
1059,15980,88,97,88,97,DepthMid,DepthMid,DepthMid--DepthMid,10,0.5917927018792418,7.559541412513993e-05,0.005719074792946744
1060,13450,70,186,70,186,DepthMid,DepthMid,DepthMid--DepthMid,8,0.1261107710837005,7.557275680340666e-05,0.005717360682122695
1061,12260,63,102,63,102,DepthMid,DepthMid,DepthMid--DepthMid,2,0.026408619343858335,7.552023726173029e-05,0.0057133873830751995
1062,4742,22,46,22,46,DepthHigh,DepthHigh,DepthHigh--DepthHigh,9,0.16776147258468152,7.549708140092583e-05,0.005711635555912555
1063,2282,10,88,10,88,DepthLow,DepthMid,DepthLow--DepthMid,10,0.18391677803552095,7.543087399852893e-05,0.005706626719192277
1064,21658,138,200,138,200,DepthHigh,DepthHigh,DepthHigh--DepthHigh,9,0.14368414409558875,7.541626135593833e-05,0.005705521218324725
1065,11973,61,140,61,140,DepthMid,DepthHigh,DepthHigh--DepthMid,4,0.056526359485435274,7.538611845775767e-05,0.005703240795746631
1066,12296,63,138,63,138,DepthMid,DepthHigh,DepthHigh--DepthMid,4,0.05128188727325254,7.534923795606589e-05,0.005700450648354521
1067,17433,99,109,99,109,DepthMid,DepthMid,DepthMid--DepthMid,10,0.44116762208480104,7.533101864986103e-05,0.005699072289943935
1068,7237,34,183,34,183,DepthHigh,DepthMid,DepthHigh--DepthMid,8,0.12144376921992876,7.527744902575624e-05,0.005695019548247485
1069,9340,46,72,46,72,DepthHigh,DepthLow,DepthHigh--DepthLow,2,0.001552600907676181,7.527411187283032e-05,0.005694767080192383
1070,16053,88,170,88,170,DepthMid,DepthHigh,DepthHigh--DepthMid,9,0.17211990603399513,7.527155129385824e-05,0.005694573362850874
1071,10207,51,59,51,59,DepthHigh,DepthLow,DepthHigh--DepthLow,10,0.1846643564816554,7.526221082142867e-05,0.005693866721303309
1072,4379,20,90,20,90,DepthHigh,DepthMid,DepthHigh--DepthMid,9,0.14653295165178826,7.525914888843348e-05,0.005693635074661603
1073,14479,77,158,77,158,DepthMid,DepthHigh,DepthHigh--DepthMid,3,0.0270956079583078,7.524590712497415e-05,0.00569263328590906
1074,221,0,222,0,222,DepthLow,DepthLow,DepthLow--DepthLow,10,0.8409940256660887,7.520835708082205e-05,0.005689792485134706
1075,9051,44,142,44,142,DepthLow,DepthHigh,DepthHigh--DepthLow,8,0.12557127390397232,7.515481643354999e-05,0.0056857419356436375
1076,10095,50,121,50,121,DepthHigh,DepthHigh,DepthHigh--DepthHigh,7,0.10749102282697268,7.515090950503365e-05,0.00568544636194179
1077,2368,10,174,10,174,DepthLow,DepthHigh,DepthHigh--DepthLow,9,0.1433001993274249,7.511704943440395e-05,0.0056828847214154855
1078,10594,53,101,53,101,DepthHigh,DepthMid,DepthHigh--DepthMid,6,0.08974201746222757,7.50995525593436e-05,0.005681561017613197
1079,3229,14,185,14,185,DepthLow,DepthMid,DepthLow--DepthMid,10,0.19445927395223528,7.509387977931606e-05,0.005681131850663894
1080,22749,152,178,152,178,DepthHigh,DepthHigh,DepthHigh--DepthHigh,7,0.10684662348569357,7.509078899896261e-05,0.0056808980216120335
1081,22535,149,186,149,186,DepthHigh,DepthMid,DepthHigh--DepthMid,10,0.20277041258555872,7.509063427237219e-05,0.005680886315968862
1082,17481,99,157,99,157,DepthMid,DepthHigh,DepthHigh--DepthMid,10,0.21005199602914887,7.508471184827588e-05,0.005680438262515431
1083,4386,20,97,20,97,DepthHigh,DepthMid,DepthHigh--DepthMid,9,0.16831269250888692,7.505790808885495e-05,0.005678410458228167
1084,13363,70,99,70,99,DepthMid,DepthMid,DepthMid--DepthMid,9,0.16698851665385148,7.505746827232475e-05,0.005678377184468634
1085,6810,32,139,32,139,DepthMid,DepthHigh,DepthHigh--DepthMid,9,0.1545212910734291,7.505471632596479e-05,0.005678168989471081
1086,14459,77,138,77,138,DepthMid,DepthHigh,DepthHigh--DepthMid,9,0.1670086612771302,7.504631371450564e-05,0.005677533300600968
1087,15003,81,100,81,100,DepthMid,DepthMid,DepthMid--DepthMid,10,0.26791207537513473,7.502260616571722e-05,0.005675739736186413
1088,4682,21,189,21,189,DepthHigh,DepthMid,DepthHigh--DepthMid,10,0.22145614291981078,7.500604518063235e-05,0.005674486835948464
1089,16393,91,105,91,105,DepthMid,DepthMid,DepthMid--DepthMid,10,0.261879490616063,7.498484561510189e-05,0.005672883009813641
1090,13109,68,156,68,156,DepthLow,DepthLow,DepthLow--DepthLow,10,0.28870081155357963,7.497075674753539e-05,0.005671817134478566
1091,11571,59,67,59,67,DepthLow,DepthLow,DepthLow--DepthLow,10,0.239981582712708,7.496709544090837e-05,0.005671540142987982
1092,4881,22,185,22,185,DepthHigh,DepthMid,DepthHigh--DepthMid,9,0.14949941675586884,7.489708247040088e-05,0.005666243400858283
1093,6581,31,103,31,103,DepthMid,DepthMid,DepthMid--DepthMid,9,0.14904586309277731,7.489514348971682e-05,0.005666096709743715
1094,4065,18,187,18,187,DepthHigh,DepthMid,DepthHigh--DepthMid,8,0.11989234338706067,7.488069644227446e-05,0.005665003736766236
1095,11643,59,139,59,139,DepthLow,DepthHigh,DepthHigh--DepthLow,5,0.06180257985169926,7.487919098101412e-05,0.0056648898430116295
1096,12175,62,179,62,179,DepthMid,DepthHigh,DepthHigh--DepthMid,9,0.1654798555844831,7.485122250075336e-05,0.005662773923252375
1097,13954,74,80,74,80,DepthLow,DepthHigh,DepthHigh--DepthLow,7,0.11072176842666057,7.48352451312245e-05,0.005661565175706144
1098,3446,15,192,15,192,DepthLow,DepthLow,DepthLow--DepthLow,10,0.18741823583676276,7.480764543505717e-05,0.0056594771558378726
1099,22673,151,175,151,175,DepthHigh,DepthMid,DepthHigh--DepthMid,10,0.21461741610515392,7.479119698779359e-05,0.005658232769505488
1100,3372,15,118,15,118,DepthLow,DepthHigh,DepthHigh--DepthLow,9,0.1643900551162318,7.478181346211872e-05,0.005657522870819475
1101,3613,16,150,16,150,DepthMid,DepthHigh,DepthHigh--DepthMid,5,0.06496709535830271,7.478094834617114e-05,0.005657457421574092
1102,11753,60,84,60,84,DepthMid,DepthMid,DepthMid--DepthMid,10,0.24941013242731436,7.476054718050252e-05,0.00565591399736414
1103,24160,175,186,175,186,DepthMid,DepthMid,DepthMid--DepthMid,10,0.3717682513251706,7.475665332827402e-05,0.005655619412932198
1104,21744,139,200,139,200,DepthHigh,DepthHigh,DepthHigh--DepthHigh,9,0.1584825889397624,7.474512282404228e-05,0.005654747087317412
1105,15648,85,179,85,179,DepthMid,DepthHigh,DepthHigh--DepthMid,9,0.1724131177763106,7.469429266282084e-05,0.005650901596196989
1106,15717,86,109,86,109,DepthMid,DepthMid,DepthMid--DepthMid,8,0.12941921531663536,7.466560419056691e-05,0.005648731206360324
1107,23121,157,200,157,200,DepthHigh,DepthHigh,DepthHigh--DepthHigh,10,0.5829880017405551,7.46278255418734e-05,0.005645873110800494
1108,15855,87,109,87,109,DepthMid,DepthMid,DepthMid--DepthMid,10,0.20153486929099523,7.460735346509786e-05,0.005644324321901045
1109,9197,45,108,45,108,DepthHigh,DepthMid,DepthHigh--DepthMid,10,0.21550765410452613,7.456027363425462e-05,0.005640762557249739
1110,18335,106,157,106,157,DepthMid,DepthHigh,DepthHigh--DepthMid,10,0.21935655028502862,7.455842609598334e-05,0.005640622784094468
1111,9456,46,188,46,188,DepthHigh,DepthMid,DepthHigh--DepthMid,5,0.07363677891962299,7.454909216244581e-05,0.005639916637238455
1112,2875,13,42,13,42,DepthLow,DepthMid,DepthLow--DepthMid,10,0.18745982212155785,7.450966483211104e-05,0.005636933812768473
1113,13923,73,200,73,200,DepthMid,DepthHigh,DepthHigh--DepthMid,9,0.1536789755635192,7.448705011684822e-05,0.005635222925282691
1114,15021,81,118,81,118,DepthMid,DepthHigh,DepthHigh--DepthMid,10,0.22689178583814706,7.44776248198258e-05,0.0056345098664385695
1115,8899,43,171,43,171,DepthLow,DepthLow,DepthLow--DepthLow,10,0.25693866731123094,7.446163052172135e-05,0.005633299838182508
1116,12519,64,200,64,200,DepthMid,DepthHigh,DepthHigh--DepthMid,9,0.14974142256625417,7.445365560611006e-05,0.00563269650609714
1117,12485,64,166,64,166,DepthMid,DepthHigh,DepthHigh--DepthMid,10,0.6842154506182451,7.444356169317737e-05,0.005631932863967739
1118,14238,75,214,75,214,DepthMid,DepthMid,DepthMid--DepthMid,6,0.0946440626586182,7.444022936674876e-05,0.005631680761055144
1119,15478,84,149,84,149,DepthMid,DepthHigh,DepthHigh--DepthMid,9,0.17762300241856913,7.440589224648005e-05,0.005629083029945871
1120,12328,63,170,63,170,DepthMid,DepthHigh,DepthHigh--DepthMid,10,0.19596562215201438,7.436069002704771e-05,0.0056256633135949195
1121,4474,20,185,20,185,DepthHigh,DepthMid,DepthHigh--DepthMid,8,0.13008181145856917,7.434598410501026e-05,0.005624550755789598
1122,12181,62,185,62,185,DepthMid,DepthMid,DepthMid--DepthMid,10,0.3143319407845535,7.433038752743386e-05,0.005623370816573633
1123,2919,13,86,13,86,DepthLow,DepthMid,DepthLow--DepthMid,4,0.047294871342135475,7.432041010808128e-05,0.005622615987617692
1124,11661,59,157,59,157,DepthLow,DepthHigh,DepthHigh--DepthLow,1,-0.0675416449599097,7.431368209794092e-05,0.005622106988577926
1125,3171,14,127,14,127,DepthLow,DepthMid,DepthLow--DepthMid,8,0.13440403914705587,7.43108901490785e-05,0.005621895767241988
1126,13012,67,216,67,216,DepthLow,DepthHigh,DepthHigh--DepthLow,9,0.1666331846591067,7.427643388371207e-05,0.0056192890223620675
1127,11291,57,120,57,120,DepthMid,DepthMid,DepthMid--DepthMid,2,0.013666255526168165,7.424560940474224e-05,0.0056169570356572876
1128,22410,147,214,147,214,DepthHigh,DepthMid,DepthHigh--DepthMid,10,0.23380697495018335,7.422898154446086e-05,0.005615699076061505
1129,24129,174,205,174,205,DepthHigh,DepthLow,DepthHigh--DepthLow,7,0.1152901537709783,7.42092018419278e-05,0.005614202667853706
1130,4632,21,139,21,139,DepthHigh,DepthHigh,DepthHigh--DepthHigh,10,0.18064791855053228,7.420225519858108e-05,0.005613677128397119
1131,12287,63,129,63,129,DepthMid,DepthMid,DepthMid--DepthMid,7,0.10538533611196378,7.41870837361298e-05,0.005612529350724606
1132,11839,60,170,60,170,DepthMid,DepthHigh,DepthHigh--DepthMid,10,0.24004696995049055,7.418596152689743e-05,0.005612444451414145
1133,11988,61,155,61,155,DepthMid,DepthLow,DepthLow--DepthMid,10,0.20483985245387912,7.417866965192737e-05,0.005611892793898709
1134,4834,22,138,22,138,DepthHigh,DepthHigh,DepthHigh--DepthHigh,9,0.1665327944958357,7.417858591527598e-05,0.005611886458908978
1135,13694,72,123,72,123,DepthLow,DepthLow,DepthLow--DepthLow,10,0.6722134177915761,7.41751030437857e-05,0.0056116229667014465
1136,22361,147,165,147,165,DepthHigh,DepthLow,DepthHigh--DepthLow,5,0.06857660043749929,7.416130917927226e-05,0.005610579409446695
1137,3193,14,149,14,149,DepthLow,DepthHigh,DepthHigh--DepthLow,5,0.0653095740560053,7.415779615172471e-05,0.005610313635821051
1138,24710,187,214,187,214,DepthMid,DepthMid,DepthMid--DepthMid,10,0.4169362671129851,7.411762689193202e-05,0.0056072746816227
1139,13200,69,91,69,91,DepthHigh,DepthMid,DepthHigh--DepthMid,10,0.20088631405805232,7.41082632269777e-05,0.00560656628547421
1140,6758,32,87,32,87,DepthMid,DepthMid,DepthMid--DepthMid,9,0.1482012144007865,7.409635687670899e-05,0.005605665525706095
1141,22912,154,198,154,198,DepthLow,DepthLow,DepthLow--DepthLow,8,0.13654228265576562,7.408972564416909e-05,0.005605163848252456
1142,4118,19,34,19,34,DepthHigh,DepthHigh,DepthHigh--DepthHigh,10,0.2244010847270565,7.40738692842191e-05,0.005603964255531822
1143,10996,55,162,55,162,DepthHigh,DepthMid,DepthHigh--DepthMid,7,0.09679455296782359,7.407185208158872e-05,0.005603811646635513
1144,10772,54,108,54,108,DepthMid,DepthMid,DepthMid--DepthMid,10,0.2226835467019972,7.406742695345671e-05,0.005603476869201614
1145,18287,106,109,106,109,DepthMid,DepthMid,DepthMid--DepthMid,10,0.7994928103141591,7.401131013612836e-05,0.005599231422845414
1146,9537,47,91,47,91,DepthHigh,DepthMid,DepthHigh--DepthMid,9,0.14641899212103054,7.400344469294257e-05,0.005598636372756996
1147,2929,13,96,13,96,DepthLow,DepthHigh,DepthHigh--DepthLow,1,-0.006763212196424474,7.400296545714109e-05,0.00559860011678269
1148,13433,70,169,70,169,DepthMid,DepthLow,DepthLow--DepthMid,10,0.3021394176780778,7.396894795600343e-05,0.005596026566051777
1149,9688,48,65,48,65,DepthHigh,DepthMid,DepthHigh--DepthMid,4,0.05453879997903385,7.395143002847372e-05,0.005594701269551728
1150,13478,70,214,70,214,DepthMid,DepthMid,DepthMid--DepthMid,8,0.13815956296708162,7.391756056207118e-05,0.005592138918200194
1151,14491,77,170,77,170,DepthMid,DepthHigh,DepthHigh--DepthMid,10,0.2408376584863548,7.38302370254641e-05,0.005585532567235389
1152,25221,205,212,205,212,DepthLow,DepthLow,DepthLow--DepthLow,10,0.6370866339619556,7.382916348588476e-05,0.00558545134996555
1153,5650,26,152,26,152,DepthHigh,DepthHigh,DepthHigh--DepthHigh,10,0.23663420495706622,7.382133893712519e-05,0.005584859393692874
1154,2960,13,127,13,127,DepthLow,DepthMid,DepthLow--DepthMid,9,0.14988964941906233,7.381597725689071e-05,0.005584453762602261
1155,9354,46,86,46,86,DepthHigh,DepthMid,DepthHigh--DepthMid,1,-0.0030700896642065108,7.381564042025393e-05,0.005584428279655431
1156,24647,186,189,186,189,DepthMid,DepthMid,DepthMid--DepthMid,10,0.47949166844233704,7.378804298720683e-05,0.005582340431000638
1157,22829,153,186,153,186,DepthHigh,DepthMid,DepthHigh--DepthMid,9,0.17762806004766885,7.375980816905672e-05,0.005580204361787519
1158,19211,114,117,114,117,DepthMid,DepthMid,DepthMid--DepthMid,10,0.8481047248560472,7.374130507390377e-05,0.005578804533685439
1159,12478,64,159,64,159,DepthMid,DepthHigh,DepthHigh--DepthMid,9,0.15457723117264402,7.368358926564723e-05,0.005574438117706712
1160,20853,129,214,129,214,DepthMid,DepthMid,DepthMid--DepthMid,9,0.15015660716256163,7.364435528677865e-05,0.005571469920995694
1161,11900,61,67,61,67,DepthMid,DepthLow,DepthLow--DepthMid,9,0.14698064286074106,7.363864918510917e-05,0.00557103823314
1162,4986,23,88,23,88,DepthHigh,DepthMid,DepthHigh--DepthMid,9,0.14857020039841304,7.362297619211157e-05,0.00556985251281265
1163,23977,171,209,171,209,DepthLow,DepthLow,DepthLow--DepthLow,8,0.11954610115054047,7.362050210572825e-05,0.005569665338957806
1164,6586,31,108,31,108,DepthMid,DepthMid,DepthMid--DepthMid,2,0.026084885385624347,7.361785429328257e-05,0.005569465022078933
1165,4406,20,117,20,117,DepthHigh,DepthMid,DepthHigh--DepthMid,5,0.07478575117822882,7.358726758425724e-05,0.005567151023556532
1166,21424,136,141,136,141,DepthHigh,DepthHigh,DepthHigh--DepthHigh,8,0.12260734049233872,7.357809304968164e-05,0.005566456935826005
1167,8919,43,191,43,191,DepthLow,DepthLow,DepthLow--DepthLow,10,0.2604517512151718,7.356884578399003e-05,0.005565757345715512
1168,13838,73,115,73,115,DepthMid,DepthHigh,DepthHigh--DepthMid,9,0.1529426661796908,7.356541978303717e-05,0.005565498155976069
1169,18381,106,203,106,203,DepthMid,DepthHigh,DepthHigh--DepthMid,10,0.22071146705157202,7.355434584932475e-05,0.005564660371622529
1170,1881,8,118,8,118,DepthMid,DepthHigh,DepthHigh--DepthMid,9,0.14781074104928993,7.3535798810173e-05,0.005563257218993179
1171,14495,77,174,77,174,DepthMid,DepthHigh,DepthHigh--DepthMid,10,0.18105748519841539,7.352431848436834e-05,0.005562388689563396
1172,17117,96,174,96,174,DepthHigh,DepthHigh,DepthHigh--DepthHigh,5,0.07093021925625813,7.352392952427105e-05,0.005562359263282535
1173,1029,4,140,4,140,DepthMid,DepthHigh,DepthHigh--DepthMid,6,0.08996030530282569,7.351416742692683e-05,0.005561620724238946
1174,20700,128,157,128,157,DepthMid,DepthHigh,DepthHigh--DepthMid,9,0.1456960296600316,7.348582934129168e-05,0.0055594768424557465
1175,9574,47,128,47,128,DepthHigh,DepthMid,DepthHigh--DepthMid,5,0.06245940870382695,7.347631435218823e-05,0.005558756998071448
1176,18725,109,196,109,196,DepthMid,DepthHigh,DepthHigh--DepthMid,10,0.17947161704542572,7.346883515948777e-05,0.0055581911692716484
1177,4957,23,59,23,59,DepthHigh,DepthLow,DepthHigh--DepthLow,8,0.11741170211964615,7.342844489442884e-05,0.005555135495201306
1178,4106,19,22,19,22,DepthHigh,DepthHigh,DepthHigh--DepthHigh,10,0.5631474393642714,7.342277452820975e-05,0.005554706510865607
1179,5589,26,91,26,91,DepthHigh,DepthMid,DepthHigh--DepthMid,10,0.21902379165443675,7.339350807650996e-05,0.005552492394729962
1180,12231,63,73,63,73,DepthMid,DepthMid,DepthMid--DepthMid,10,0.21916585447384673,7.338910443898774e-05,0.005552159243140781
1181,6146,29,57,29,57,DepthMid,DepthMid,DepthMid--DepthMid,10,0.19239050291692716,7.338131221728749e-05,0.00555156973253061
1182,11644,59,140,59,140,DepthLow,DepthHigh,DepthHigh--DepthLow,5,0.07006864325616444,7.334223083357967e-05,0.005548613080212167
1183,18670,109,141,109,141,DepthMid,DepthHigh,DepthHigh--DepthMid,10,0.22094851679299843,7.333979518992749e-05,0.0055484288146931925
1184,16126,89,107,89,107,DepthLow,DepthMid,DepthLow--DepthMid,6,0.0902495419664284,7.33379813188645e-05,0.005548291588587694
1185,15155,82,109,82,109,DepthMid,DepthMid,DepthMid--DepthMid,10,0.2751394587996901,7.332509361610031e-05,0.005547316585846182
1186,11908,61,75,61,75,DepthMid,DepthMid,DepthMid--DepthMid,7,0.09833706851216474,7.33241100230569e-05,0.005547242173366984
1187,23745,167,199,167,199,DepthLow,DepthLow,DepthLow--DepthLow,9,0.1627897508847712,7.328008480675823e-05,0.005543911501689322
1188,16784,94,100,94,100,DepthHigh,DepthMid,DepthHigh--DepthMid,6,0.08077903639782423,7.327718135385356e-05,0.005543691844657056
1189,12502,64,183,64,183,DepthMid,DepthMid,DepthMid--DepthMid,6,0.09270725265290888,7.327096489404625e-05,0.005543221546306332
1190,13418,70,154,70,154,DepthMid,DepthLow,DepthLow--DepthMid,8,0.13941411554235822,7.324861980930266e-05,0.005541531057374136
1191,13296,69,187,69,187,DepthHigh,DepthMid,DepthHigh--DepthMid,5,0.06837778060505792,7.32450572258944e-05,0.005541261534662954
1192,11663,59,159,59,159,DepthLow,DepthHigh,DepthHigh--DepthLow,1,-0.08894683570205754,7.322741592740041e-05,0.005539926904689702
1193,9635,47,189,47,189,DepthHigh,DepthMid,DepthHigh--DepthMid,5,0.06462714126954686,7.320956497775516e-05,0.005538576413825569
1194,10678,53,185,53,185,DepthHigh,DepthMid,DepthHigh--DepthMid,7,0.11361779181134712,7.319209619019346e-05,0.005537254834947225
1195,12136,62,140,62,140,DepthMid,DepthHigh,DepthHigh--DepthMid,5,0.06738654753823295,7.318041045663874e-05,0.005536370765655677
1196,17624,100,175,100,175,DepthMid,DepthMid,DepthMid--DepthMid,10,0.230366965505417,7.317678046339174e-05,0.005536096143138985
1197,22863,153,220,153,220,DepthHigh,DepthLow,DepthHigh--DepthLow,6,0.08301987139443177,7.315257587093452e-05,0.005534264975518599
1198,11739,60,70,60,70,DepthMid,DepthMid,DepthMid--DepthMid,8,0.11885680912243232,7.314455796589639e-05,0.005533658391122884
1199,19649,118,121,118,121,DepthHigh,DepthHigh,DepthHigh--DepthHigh,10,0.4555033244085686,7.313235445095992e-05,0.00553273514974024
1200,4092,18,214,18,214,DepthHigh,DepthMid,DepthHigh--DepthMid,7,0.11036041717793008,7.312496860148133e-05,0.005532176382703028
1201,25382,216,219,216,219,DepthHigh,DepthHigh,DepthHigh--DepthHigh,10,0.5032980511431862,7.311204632284666e-05,0.005531198764168064
1202,9533,47,87,47,87,DepthHigh,DepthMid,DepthHigh--DepthMid,10,0.20102507418025872,7.309769263664272e-05,0.005530112854316193
1203,3769,17,98,17,98,DepthHigh,DepthLow,DepthHigh--DepthLow,6,0.09500672316128102,7.308891025480502e-05,0.0055294484344016875
1204,3441,15,187,15,187,DepthLow,DepthMid,DepthLow--DepthMid,10,0.18135870125901415,7.308169762797931e-05,0.005528902772303699
1205,3294,15,40,15,40,DepthLow,DepthLow,DepthLow--DepthLow,8,0.12615780347993824,7.307262758306194e-05,0.005528216589605209
1206,15553,84,224,84,224,DepthMid,DepthLow,DepthLow--DepthMid,10,0.24419281716693783,7.303476339325375e-05,0.005525352022541275
1207,10288,51,140,51,140,DepthHigh,DepthHigh,DepthHigh--DepthHigh,3,0.041668941275281854,7.301613898739098e-05,0.0055239430168319194
1208,3061,14,17,14,17,DepthLow,DepthHigh,DepthHigh--DepthLow,7,0.10912395516663415,7.300200710621459e-05,0.0055228738873569615
1209,3941,18,63,18,63,DepthHigh,DepthMid,DepthHigh--DepthMid,6,0.08213786015806045,7.299203564362805e-05,0.00552211950905257
1210,18631,108,218,108,218,DepthMid,DepthHigh,DepthHigh--DepthMid,10,0.1946740077495055,7.29898900810743e-05,0.0055219571892497115
1211,23659,166,171,166,171,DepthHigh,DepthLow,DepthHigh--DepthLow,10,0.20972749287611755,7.298064157372085e-05,0.005521257505202873
1212,10550,53,57,53,57,DepthHigh,DepthMid,DepthHigh--DepthMid,1,-0.009812216389011962,7.296152283358854e-05,0.005519811101263838
1213,10160,50,186,50,186,DepthHigh,DepthMid,DepthHigh--DepthMid,10,0.21516935127626205,7.288888665955988e-05,0.005514315904012114
1214,22532,149,183,149,183,DepthHigh,DepthMid,DepthHigh--DepthMid,9,0.17855200980113275,7.288499411080548e-05,0.005514021418192845
1215,11236,57,65,57,65,DepthMid,DepthMid,DepthMid--DepthMid,5,0.07580699698522597,7.287405282027969e-05,0.005513193668790682
1216,12173,62,177,62,177,DepthMid,DepthLow,DepthLow--DepthMid,10,0.19297467414402472,7.284707970570043e-05,0.005511153052154571
1217,19028,112,157,112,157,DepthHigh,DepthHigh,DepthHigh--DepthHigh,8,0.11809956187378938,7.284561095093715e-05,0.005511041935383257
1218,3114,14,70,14,70,DepthLow,DepthMid,DepthLow--DepthMid,10,0.2196179914613117,7.279108004941182e-05,0.005506916469467641
1219,4126,19,42,19,42,DepthHigh,DepthMid,DepthHigh--DepthMid,10,0.23717600541479042,7.276826650626465e-05,0.005505190539911454
1220,12396,64,77,64,77,DepthMid,DepthMid,DepthMid--DepthMid,5,0.07669575486086759,7.276599481691228e-05,0.005505018678146253
1221,6251,29,162,29,162,DepthMid,DepthMid,DepthMid--DepthMid,9,0.15602268716575063,7.276545475495267e-05,0.005504977820446411
1222,7104,34,50,34,50,DepthHigh,DepthHigh,DepthHigh--DepthHigh,10,0.2466031139280468,7.273908185524568e-05,0.005502982612302151
1223,21758,139,214,139,214,DepthHigh,DepthMid,DepthHigh--DepthMid,5,0.07658376225942308,7.273384906763195e-05,0.005502586732418631
1224,9087,44,178,44,178,DepthLow,DepthHigh,DepthHigh--DepthLow,7,0.11407212905317725,7.27275552340209e-05,0.005502110580451311
1225,13030,68,77,68,77,DepthLow,DepthMid,DepthLow--DepthMid,10,0.2119956811818057,7.269772593457055e-05,0.005499853882785825
1226,12135,62,139,62,139,DepthMid,DepthHigh,DepthHigh--DepthMid,5,0.07492594276670109,7.268704547137005e-05,0.005499045865942821
1227,12522,64,203,64,203,DepthMid,DepthHigh,DepthHigh--DepthMid,8,0.13444538585469648,7.267702861721818e-05,0.005498288053597355
1228,6777,32,106,32,106,DepthMid,DepthMid,DepthMid--DepthMid,10,0.1847588924810519,7.267341449694177e-05,0.00549801463193004
1229,9631,47,185,47,185,DepthHigh,DepthMid,DepthHigh--DepthMid,6,0.08110619348554059,7.264595008091292e-05,0.005495936846508379
1230,13189,69,80,69,80,DepthHigh,DepthHigh,DepthHigh--DepthHigh,10,0.6414792155558083,7.263938068588381e-05,0.005495439847292876
1231,16394,91,106,91,106,DepthMid,DepthMid,DepthMid--DepthMid,10,0.23545065618002922,7.263864105278848e-05,0.005495383891292892
1232,1854,8,91,8,91,DepthMid,DepthMid,DepthMid--DepthMid,6,0.09590521417943237,7.262956131927375e-05,0.005494696975615907
1233,12410,64,91,64,91,DepthMid,DepthMid,DepthMid--DepthMid,7,0.10052358752180297,7.261754212759107e-05,0.005493787678974312
1234,14331,76,158,76,158,DepthLow,DepthHigh,DepthHigh--DepthLow,9,0.14688664632330561,7.260522117057145e-05,0.005492855552660416
1235,23946,171,178,171,178,DepthLow,DepthHigh,DepthHigh--DepthLow,5,0.06472158430619794,7.260124067366361e-05,0.005492554413235591
1236,20017,121,174,121,174,DepthHigh,DepthHigh,DepthHigh--DepthHigh,7,0.1059520871467785,7.257577311431869e-05,0.005490627697463569
1237,15748,86,140,86,140,DepthMid,DepthHigh,DepthHigh--DepthMid,10,0.20979733654786634,7.257288570339331e-05,0.00549040925406682
1238,12160,62,164,62,164,DepthMid,DepthLow,DepthLow--DepthMid,9,0.17005322929946307,7.254463926481647e-05,0.005488272305725113
1239,24208,176,185,176,185,DepthHigh,DepthMid,DepthHigh--DepthMid,9,0.17562788672993138,7.254293560645963e-05,0.005488143417621553
1240,18216,105,157,105,157,DepthMid,DepthHigh,DepthHigh--DepthMid,10,0.24251174761099648,7.254152701792538e-05,0.005488036852649682
1241,4381,20,92,20,92,DepthHigh,DepthMid,DepthHigh--DepthMid,9,0.17040558322273036,7.250101445922343e-05,0.005484971926609504
1242,14330,76,157,76,157,DepthLow,DepthHigh,DepthHigh--DepthLow,9,0.14384778702188603,7.249781442174187e-05,0.005484729831848744
1243,4780,22,84,22,84,DepthHigh,DepthMid,DepthHigh--DepthMid,9,0.17878543773869401,7.24842348713465e-05,0.00548370248825569
1244,15062,81,159,81,159,DepthMid,DepthHigh,DepthHigh--DepthMid,3,0.029411592051526738,7.246936105636294e-05,0.005482577228723324
1245,14461,77,140,77,140,DepthMid,DepthHigh,DepthHigh--DepthMid,10,0.20232136969911338,7.245402217683048e-05,0.005481416785324721
1246,23381,161,198,161,198,DepthLow,DepthLow,DepthLow--DepthLow,9,0.15726266861175098,7.244595678023746e-05,0.0054808066080158984
1247,18488,107,192,107,192,DepthMid,DepthLow,DepthLow--DepthMid,6,0.08622352950778357,7.244093322143664e-05,0.005480426557071789
1248,2883,13,50,13,50,DepthLow,DepthHigh,DepthHigh--DepthLow,9,0.17096131682239152,7.24206334735612e-05,0.005478890805495834
1249,10036,50,62,50,62,DepthHigh,DepthMid,DepthHigh--DepthMid,10,0.18868618492693096,7.241350059419675e-05,0.005478351176590478
1250,24769,189,200,189,200,DepthMid,DepthHigh,DepthHigh--DepthMid,10,0.22367924592779828,7.240864842922561e-05,0.0054779840922283
1251,2366,10,172,10,172,DepthLow,DepthLow,DepthLow--DepthLow,8,0.1252364351584426,7.240591187900131e-05,0.005477777062005786
1252,12012,61,179,61,179,DepthMid,DepthHigh,DepthHigh--DepthMid,9,0.15339512933622917,7.236595766156939e-05,0.005474754376563404
1253,17432,99,108,99,108,DepthMid,DepthMid,DepthMid--DepthMid,10,0.49049749556063654,7.236376150009208e-05,0.005474588228763415
1254,13267,69,158,69,158,DepthHigh,DepthHigh,DepthHigh--DepthHigh,10,0.21071701564961828,7.232909458599303e-05,0.005471965547521867
1255,8534,41,171,41,171,DepthLow,DepthLow,DepthLow--DepthLow,10,0.215094820947367,7.232704078520143e-05,0.005471810169838274
1256,14460,77,139,77,139,DepthMid,DepthHigh,DepthHigh--DepthMid,9,0.1767584528535438,7.231957862374502e-05,0.005471245629515556
1257,10033,50,59,50,59,DepthHigh,DepthLow,DepthHigh--DepthLow,10,0.2001059168459241,7.230606813390907e-05,0.005470223510611183
1258,3324,15,70,15,70,DepthLow,DepthMid,DepthLow--DepthMid,10,0.19691746600158003,7.230173070538492e-05,0.005469895367979442
1259,17464,99,140,99,140,DepthMid,DepthHigh,DepthHigh--DepthMid,10,0.18114489038814313,7.228424769507517e-05,0.005468572713097205
1260,13881,73,158,73,158,DepthMid,DepthHigh,DepthHigh--DepthMid,7,0.11462788020777032,7.224001280241772e-05,0.005465226178621619
1261,11995,61,162,61,162,DepthMid,DepthMid,DepthMid--DepthMid,9,0.14989370123774473,7.223408129480014e-05,0.005464777437965953
1262,23899,170,185,170,185,DepthHigh,DepthMid,DepthHigh--DepthMid,9,0.152201424063684,7.222660165553623e-05,0.005464211575381964
1263,287,1,64,1,64,DepthLow,DepthMid,DepthLow--DepthMid,9,0.17847963870614028,7.221394292038863e-05,0.005463253894893921
1264,13117,68,164,68,164,DepthLow,DepthLow,DepthLow--DepthLow,10,0.2827680792831025,7.22090103555762e-05,0.005462880727984131
1265,1781,8,18,8,18,DepthMid,DepthHigh,DepthHigh--DepthMid,7,0.10860877001637144,7.220162484896117e-05,0.005462321986885825
1266,8752,42,206,42,206,DepthMid,DepthLow,DepthLow--DepthMid,10,0.20449859278735666,7.220140350417813e-05,0.005462305241328123
1267,3825,17,154,17,154,DepthHigh,DepthLow,DepthHigh--DepthLow,6,0.08071156087815154,7.218962908508564e-05,0.0054614144626451465
1268,21440,136,157,136,157,DepthHigh,DepthHigh,DepthHigh--DepthHigh,10,0.19890794967382777,7.216481238826278e-05,0.0054595369870484274
1269,2238,10,44,10,44,DepthLow,DepthLow,DepthLow--DepthLow,10,0.20315321776993236,7.215670598486996e-05,0.005458923707422384
1270,19804,119,170,119,170,DepthHigh,DepthHigh,DepthHigh--DepthHigh,8,0.13523593208411336,7.215389089980571e-05,0.005458710735746558
1271,2884,13,51,13,51,DepthLow,DepthHigh,DepthHigh--DepthLow,9,0.14056139634533002,7.209644151133054e-05,0.0054543644754171325
1272,22751,152,180,152,180,DepthHigh,DepthHigh,DepthHigh--DepthHigh,6,0.0872924420608134,7.209507998278501e-05,0.005454261470708782
1273,15212,82,166,82,166,DepthMid,DepthHigh,DepthHigh--DepthMid,10,0.2229699074534649,7.20917271135277e-05,0.005454007813654641
1274,15793,86,185,86,185,DepthMid,DepthMid,DepthMid--DepthMid,9,0.16340086875803056,7.208139663094185e-05,0.005453226274149376
1275,8753,42,207,42,207,DepthMid,DepthLow,DepthLow--DepthMid,10,0.24026122530529664,7.204432144044203e-05,0.005450421397823409
1276,14997,81,94,81,94,DepthMid,DepthHigh,DepthHigh--DepthMid,6,0.08360616151798371,7.204005902007033e-05,0.005450098929837926
1277,7400,35,156,35,156,DepthLow,DepthLow,DepthLow--DepthLow,10,0.7552986918975204,7.202336802628605e-05,0.005448836193957376
1278,3119,14,75,14,75,DepthLow,DepthMid,DepthLow--DepthMid,6,0.09204526816592157,7.201096071110961e-05,0.005447897534327092
1279,10398,52,77,52,77,DepthHigh,DepthMid,DepthHigh--DepthMid,2,0.011968109321071629,7.193612320091041e-05,0.005442235797790553
1280,7040,33,177,33,177,DepthLow,DepthLow,DepthLow--DepthLow,10,0.5128873461571449,7.190113856344762e-05,0.005439589079592508
1281,4574,21,81,21,81,DepthHigh,DepthMid,DepthHigh--DepthMid,9,0.16136887816332365,7.188885136630422e-05,0.005438659507339058
1282,24349,179,185,179,185,DepthHigh,DepthMid,DepthHigh--DepthMid,8,0.1269468124529185,7.188511390539107e-05,0.005438376754492931
1283,5575,26,77,26,77,DepthHigh,DepthMid,DepthHigh--DepthMid,9,0.17183309264421287,7.188250153828546e-05,0.005438179119186127
1284,22969,155,185,155,185,DepthLow,DepthMid,DepthLow--DepthMid,6,0.09412824295633461,7.185650954283068e-05,0.005436212727868027
1285,4631,21,138,21,138,DepthHigh,DepthHigh,DepthHigh--DepthHigh,9,0.15769028580287814,7.184953552370289e-05,0.005435685117331584
1286,13138,68,185,68,185,DepthLow,DepthMid,DepthLow--DepthMid,10,0.19914765024021958,7.184636257518708e-05,0.005435445071952031
1287,16057,88,174,88,174,DepthMid,DepthHigh,DepthHigh--DepthMid,9,0.17326695784770246,7.183743233106747e-05,0.005434769465704874
1288,391,1,168,1,168,DepthLow,DepthLow,DepthLow--DepthLow,10,0.19028853280997785,7.182624230932657e-05,0.005433922898859365
1289,6632,31,154,31,154,DepthMid,DepthLow,DepthLow--DepthMid,9,0.14427095606840235,7.180015959689738e-05,0.005431949644464085
1290,12124,62,128,62,128,DepthMid,DepthMid,DepthMid--DepthMid,9,0.16470978382613863,7.179853614619831e-05,0.005431826824368737
1291,20651,127,205,127,205,DepthMid,DepthLow,DepthLow--DepthMid,9,0.14436654316554257,7.179342040548313e-05,0.0054314397995192795
1292,11693,59,189,59,189,DepthLow,DepthMid,DepthLow--DepthMid,9,0.17537145013226832,7.177748161729172e-05,0.005430233970795004
1293,6867,32,196,32,196,DepthMid,DepthHigh,DepthHigh--DepthMid,10,0.22602232145378434,7.177626882120752e-05,0.0054301422182516206
1294,4299,19,215,19,215,DepthHigh,DepthMid,DepthHigh--DepthMid,9,0.1610221455206462,7.174958135746471e-05,0.005428123212165795
1295,1435,6,107,6,107,DepthMid,DepthMid,DepthMid--DepthMid,7,0.11081210431047918,7.173020608019821e-05,0.005426657400236546
1296,13424,70,160,70,160,DepthMid,DepthLow,DepthLow--DepthMid,9,0.15009428200197325,7.168447902471189e-05,0.005423197978082252
1297,9451,46,183,46,183,DepthHigh,DepthMid,DepthHigh--DepthMid,10,0.2009960169772497,7.168369462388212e-05,0.005423138635236326
1298,12638,65,159,65,159,DepthMid,DepthHigh,DepthHigh--DepthMid,8,0.13777559263912417,7.166351561482331e-05,0.005421612018001796
1299,8733,42,187,42,187,DepthMid,DepthMid,DepthMid--DepthMid,10,0.35938335657594633,7.166294001753612e-05,0.005421568471921995
1300,12207,62,211,62,211,DepthMid,DepthLow,DepthLow--DepthMid,9,0.1467021060425752,7.163705375246489e-05,0.005419610079501427
1301,23317,160,198,160,198,DepthLow,DepthLow,DepthLow--DepthLow,9,0.1657869852909194,7.163685405320484e-05,0.005419594971508204
1302,8543,41,180,41,180,DepthLow,DepthHigh,DepthHigh--DepthLow,6,0.08861583359507254,7.162605576499258e-05,0.005418778040763973
1303,16475,91,187,91,187,DepthMid,DepthMid,DepthMid--DepthMid,10,0.1879390003888162,7.161152505754973e-05,0.0054176787385956885
1304,10770,54,106,54,106,DepthMid,DepthMid,DepthMid--DepthMid,10,0.22224126234393174,7.160521540716295e-05,0.005417201390030343
1305,9523,47,77,47,77,DepthHigh,DepthMid,DepthHigh--DepthMid,2,0.01643472099940134,7.159474891979115e-05,0.005416409561256184
1306,22221,145,182,145,182,DepthLow,DepthLow,DepthLow--DepthLow,10,0.6287305778928585,7.159230562300065e-05,0.0054162247167487765
1307,20660,127,214,127,214,DepthMid,DepthMid,DepthMid--DepthMid,10,0.19700128639642578,7.155668461379062e-05,0.005413529854656545
1308,3195,14,151,14,151,DepthLow,DepthHigh,DepthHigh--DepthLow,9,0.14785548611662785,7.154989704609119e-05,0.005413016349865487
1309,6770,32,99,32,99,DepthMid,DepthMid,DepthMid--DepthMid,10,0.22395392779792156,7.149497019431897e-05,0.005408860928838142
1310,11477,58,139,58,139,DepthMid,DepthHigh,DepthHigh--DepthMid,2,0.02566324033221688,7.145298860883104e-05,0.005405684865447121
1311,8695,42,149,42,149,DepthMid,DepthHigh,DepthHigh--DepthMid,10,0.250449160462099,7.144920170221741e-05,0.005405398371849489
1312,5980,28,87,28,87,DepthHigh,DepthMid,DepthHigh--DepthMid,10,0.244201453673186,7.144298196340268e-05,0.005404927825429634
1313,16914,95,100,95,100,DepthHigh,DepthMid,DepthHigh--DepthMid,5,0.07593766065509472,7.14053576256931e-05,0.005402081404070793
1314,10124,50,150,50,150,DepthHigh,DepthHigh,DepthHigh--DepthHigh,6,0.08484726156597633,7.139608619421742e-05,0.005401379985728679
1315,21991,142,195,142,195,DepthHigh,DepthHigh,DepthHigh--DepthHigh,9,0.15147646890680908,7.13921434797649e-05,0.0054010817046874
1316,3966,18,88,18,88,DepthHigh,DepthMid,DepthHigh--DepthMid,8,0.13830118894869567,7.137445498938502e-05,0.005399743504472114
1317,19030,112,159,112,159,DepthHigh,DepthHigh,DepthHigh--DepthHigh,8,0.12333507851526353,7.13273888944128e-05,0.005396182778990639
1318,15089,81,186,81,186,DepthMid,DepthMid,DepthMid--DepthMid,10,0.44733952532537663,7.130840435202582e-05,0.00539474652761114
1319,12265,63,107,63,107,DepthMid,DepthMid,DepthMid--DepthMid,5,0.06415692544813818,7.13071378682796e-05,0.005394650713396052
1320,10804,54,140,54,140,DepthMid,DepthHigh,DepthHigh--DepthMid,10,0.2189474379224147,7.126691232154957e-05,0.005391607500881131
1321,8040,39,46,39,46,DepthLow,DepthHigh,DepthHigh--DepthLow,9,0.14355820372258077,7.124600203627973e-05,0.0053900255598760575
1322,23729,167,183,167,183,DepthLow,DepthMid,DepthLow--DepthMid,3,0.03179116508920363,7.123559308910183e-05,0.0053892380842319966
1323,14203,75,179,75,179,DepthMid,DepthHigh,DepthHigh--DepthMid,6,0.0836582733464847,7.122875816484987e-05,0.005388720996741262
1324,3728,17,57,17,57,DepthHigh,DepthMid,DepthHigh--DepthMid,9,0.15751858147513895,7.122583646731205e-05,0.005388499959434508
1325,1937,8,174,8,174,DepthMid,DepthHigh,DepthHigh--DepthMid,8,0.1252097833110617,7.1223032866255e-05,0.0053882878565666235
1326,15973,88,90,88,90,DepthMid,DepthMid,DepthMid--DepthMid,10,0.901064170732756,7.121482358665554e-05,0.005387666793972168
1327,13298,69,189,69,189,DepthHigh,DepthMid,DepthHigh--DepthMid,3,0.04276973307468779,7.120187891858713e-05,0.005386687481593105
1328,10092,50,118,50,118,DepthHigh,DepthHigh,DepthHigh--DepthHigh,9,0.14369706348952793,7.118658542624816e-05,0.00538553047190483
1329,15282,83,94,83,94,DepthLow,DepthHigh,DepthHigh--DepthLow,10,0.21669660354904235,7.117658955710326e-05,0.005384774247153345
1330,4911,22,215,22,215,DepthHigh,DepthMid,DepthHigh--DepthMid,9,0.15047040842139547,7.117036303332662e-05,0.005384303187425837
1331,7304,35,60,35,60,DepthLow,DepthMid,DepthLow--DepthMid,9,0.14915160639852618,7.116737865706046e-05,0.005384077408239705
1332,11605,59,101,59,101,DepthLow,DepthMid,DepthLow--DepthMid,2,0.02542144139950731,7.116164081015218e-05,0.005383643318738395
1333,22664,151,166,151,166,DepthHigh,DepthHigh,DepthHigh--DepthHigh,6,0.0830016030812443,7.113806694800494e-05,0.0053818598682164424
1334,15413,83,225,83,225,DepthLow,DepthLow,DepthLow--DepthLow,10,0.21162132076793355,7.113347794765523e-05,0.005381512693238588
1335,15024,81,121,81,121,DepthMid,DepthHigh,DepthHigh--DepthMid,10,0.20161748347366718,7.113179600868089e-05,0.0053813854482872535
1336,13108,68,155,68,155,DepthLow,DepthLow,DepthLow--DepthLow,10,0.26683064849829297,7.112673238219121e-05,0.005381002366073165
1337,7616,36,183,36,183,DepthHigh,DepthMid,DepthHigh--DepthMid,8,0.13165956123179012,7.110972066325994e-05,0.005379715366140027
1338,13432,70,168,70,168,DepthMid,DepthLow,DepthLow--DepthMid,9,0.16095181833583833,7.109665590580811e-05,0.005378726968551583
1339,18403,106,225,106,225,DepthMid,DepthLow,DepthLow--DepthMid,7,0.10033022908793382,7.109238554433222e-05,0.005378403899791974
1340,6414,30,130,30,130,DepthMid,DepthMid,DepthMid--DepthMid,10,0.19435983131799855,7.107251754321458e-05,0.005376900811467198
1341,11734,60,65,60,65,DepthMid,DepthMid,DepthMid--DepthMid,6,0.09473556612588413,7.106923927845669e-05,0.00537665279852146
1342,3199,14,155,14,155,DepthLow,DepthLow,DepthLow--DepthLow,9,0.1562807799713233,7.106067223631673e-05,0.005376004669857575
1343,10679,53,186,53,186,DepthHigh,DepthMid,DepthHigh--DepthMid,1,-0.027926925332050285,7.104714432707106e-05,0.005374981233109942
1344,12254,63,96,63,96,DepthMid,DepthHigh,DepthHigh--DepthMid,5,0.06708160804580846,7.104183552620951e-05,0.005374579602540953
1345,11577,59,73,59,73,DepthLow,DepthMid,DepthLow--DepthMid,10,0.19168086870890896,7.103508440389181e-05,0.005374068854978841
1346,4578,21,85,21,85,DepthHigh,DepthMid,DepthHigh--DepthMid,9,0.16090242475451297,7.100984753933166e-05,0.0053721595921269955
1347,4532,21,39,21,39,DepthHigh,DepthLow,DepthHigh--DepthLow,8,0.13357939510422406,7.099281795826263e-05,0.005370871240856573
1348,17954,103,136,103,136,DepthMid,DepthHigh,DepthHigh--DepthMid,3,0.041122036542283996,7.097696964212548e-05,0.005369672256680356
1349,11689,59,185,59,185,DepthLow,DepthMid,DepthLow--DepthMid,10,0.21304940049871218,7.096528612216299e-05,0.0053687883548553085
1350,11231,57,60,57,60,DepthMid,DepthMid,DepthMid--DepthMid,10,0.8638703334521106,7.095412819846246e-05,0.00536794421634617
1351,3939,18,61,18,61,DepthHigh,DepthMid,DepthHigh--DepthMid,4,0.05563637925834919,7.093908890640046e-05,0.005366806437856152
1352,12286,63,128,63,128,DepthMid,DepthMid,DepthMid--DepthMid,9,0.14303374910994834,7.09370761439781e-05,0.005366654164878127
1353,16062,88,179,88,179,DepthMid,DepthHigh,DepthHigh--DepthMid,9,0.15806997151069788,7.09206398668494e-05,0.0053654106992618
1354,6072,28,179,28,179,DepthHigh,DepthHigh,DepthHigh--DepthHigh,7,0.11152271334482847,7.09159488851865e-05,0.0053650558090175575
1355,9621,47,175,47,175,DepthHigh,DepthMid,DepthHigh--DepthMid,4,0.057943807970131274,7.090823988076933e-05,0.00536447259410497
1356,7262,34,208,34,208,DepthHigh,DepthLow,DepthHigh--DepthLow,10,0.18119377851416538,7.089357521450999e-05,0.0053633631574530076
1357,8697,42,151,42,151,DepthMid,DepthHigh,DepthHigh--DepthMid,10,0.2087300855713152,7.08855464136568e-05,0.005362755748748281
1358,5690,26,192,26,192,DepthHigh,DepthLow,DepthHigh--DepthLow,5,0.06456065183486964,7.087181940363933e-05,0.0053617172492852905
1359,20701,128,158,128,158,DepthMid,DepthHigh,DepthHigh--DepthMid,8,0.1251489953323447,7.085553336225594e-05,0.005360485149562965
1360,11984,61,151,61,151,DepthMid,DepthHigh,DepthHigh--DepthMid,9,0.1675149750943556,7.083298698454573e-05,0.005358779432067705
1361,3327,15,73,15,73,DepthLow,DepthMid,DepthLow--DepthMid,9,0.1696591561743301,7.080995842388823e-05,0.0053570372356355755
1362,14507,77,186,77,186,DepthMid,DepthMid,DepthMid--DepthMid,10,0.7031120719156679,7.080638750661099e-05,0.0053567670824361474
1363,12253,63,95,63,95,DepthMid,DepthHigh,DepthHigh--DepthMid,2,0.012636749735829232,7.073682060443984e-05,0.005351504087038413
1364,20901,130,167,130,167,DepthMid,DepthLow,DepthLow--DepthMid,4,0.05358165764120659,7.073538168323189e-05,0.005351395227286739
1365,8121,39,127,39,127,DepthLow,DepthMid,DepthLow--DepthMid,9,0.1734745685533883,7.072766555652396e-05,0.005350811473546314
1366,15707,86,99,86,99,DepthMid,DepthMid,DepthMid--DepthMid,8,0.12271515930492893,7.072542924494406e-05,0.00535064228824144
1367,10510,52,189,52,189,DepthHigh,DepthMid,DepthHigh--DepthMid,6,0.07862986335689559,7.07242342732545e-05,0.005350551884179937
1368,18905,111,147,111,147,DepthMid,DepthHigh,DepthHigh--DepthMid,9,0.1513862030974549,7.071968785454168e-05,0.0053502079306615965
1369,4777,22,81,22,81,DepthHigh,DepthMid,DepthHigh--DepthMid,9,0.17065947178231708,7.06722246436378e-05,0.005346617161879997
1370,17681,101,108,101,108,DepthMid,DepthMid,DepthMid--DepthMid,9,0.17671644485054624,7.065783585299157e-05,0.005345528596246245
1371,11940,61,107,61,107,DepthMid,DepthMid,DepthMid--DepthMid,8,0.1229140439537902,7.064340565986285e-05,0.005344436898360402
1372,8870,43,142,43,142,DepthLow,DepthHigh,DepthHigh--DepthLow,8,0.13241548125946595,7.063028117940804e-05,0.005343443982504218
1373,4577,21,84,21,84,DepthHigh,DepthMid,DepthHigh--DepthMid,9,0.16656154520038235,7.062583295039599e-05,0.005343107457402657
1374,1217,5,108,5,108,DepthMid,DepthMid,DepthMid--DepthMid,3,0.034109604878617195,7.058590918351381e-05,0.005340087075657841
1375,12276,63,118,63,118,DepthMid,DepthHigh,DepthHigh--DepthMid,10,0.20752255927271213,7.056808557570694e-05,0.005338738653305674
1376,14034,74,160,74,160,DepthLow,DepthLow,DepthLow--DepthLow,9,0.14065199456984886,7.056338154410941e-05,0.005338382775785245
1377,6063,28,170,28,170,DepthHigh,DepthHigh,DepthHigh--DepthHigh,9,0.15057899861635762,7.055203029602828e-05,0.00533752401156627
1378,16460,91,172,91,172,DepthMid,DepthLow,DepthLow--DepthMid,6,0.0797607291567611,7.054715540401144e-05,0.005337155207818391
1379,10949,55,115,55,115,DepthHigh,DepthHigh,DepthHigh--DepthHigh,8,0.13703539369486462,7.053086613830465e-05,0.005335922864163984
1380,15184,82,138,82,138,DepthMid,DepthHigh,DepthHigh--DepthMid,10,0.19228551484405523,7.052907307388082e-05,0.005335787212158276
1381,11668,59,164,59,164,DepthLow,DepthLow,DepthLow--DepthLow,10,0.2605544265033532,7.052505448052257e-05,0.005335483190595007
1382,17682,101,109,101,109,DepthMid,DepthMid,DepthMid--DepthMid,8,0.11634373220731478,7.05246784450352e-05,0.005335454742109051
1383,11655,59,151,59,151,DepthLow,DepthHigh,DepthHigh--DepthLow,10,0.206567763919976,7.051428167398688e-05,0.005334668187634569
1384,1783,8,20,8,20,DepthMid,DepthHigh,DepthHigh--DepthMid,7,0.10611996694453317,7.050236314330343e-05,0.005333766506372689
1385,13541,71,123,71,123,DepthLow,DepthLow,DepthLow--DepthLow,10,0.65684312368293,7.048390728456423e-05,0.005332370251881342
1386,22970,155,186,155,186,DepthLow,DepthMid,DepthLow--DepthMid,8,0.12970768890043569,7.048246579916825e-05,0.005332261198139286
1387,22499,149,150,149,150,DepthHigh,DepthHigh,DepthHigh--DepthHigh,10,0.6959983805479356,7.046595607215371e-05,0.005331012175765376
1388,2345,10,151,10,151,DepthLow,DepthHigh,DepthHigh--DepthLow,8,0.12347533199037972,7.04588497242386e-05,0.005330474554063033
1389,16695,93,142,93,142,DepthLow,DepthHigh,DepthHigh--DepthLow,7,0.10346522148465133,7.044811095348478e-05,0.005329662126036331
1390,4348,20,59,20,59,DepthHigh,DepthLow,DepthHigh--DepthLow,7,0.09791236782881962,7.040759980936065e-05,0.0053265973070142384
1391,5085,23,187,23,187,DepthHigh,DepthMid,DepthHigh--DepthMid,10,0.19587454036830054,7.038572913977713e-05,0.005324942709356861
1392,2347,10,153,10,153,DepthLow,DepthHigh,DepthHigh--DepthLow,9,0.1407721012421889,7.037948126065956e-05,0.005324470034018228
1393,3859,17,188,17,188,DepthHigh,DepthMid,DepthHigh--DepthMid,8,0.13488896956177135,7.037668034657395e-05,0.005324258134429746
1394,15424,84,95,84,95,DepthMid,DepthHigh,DepthHigh--DepthMid,9,0.14266894288045234,7.035468593712218e-05,0.005322594175390205
1395,13355,70,91,70,91,DepthMid,DepthMid,DepthMid--DepthMid,8,0.11971773870020559,7.03408965615223e-05,0.005321550957738494
1396,10507,52,186,52,186,DepthHigh,DepthMid,DepthHigh--DepthMid,1,-0.011367713573161058,7.032209977917544e-05,0.005320128911105738
1397,9100,44,191,44,191,DepthLow,DepthLow,DepthLow--DepthLow,10,0.28041865440298747,7.032178059402656e-05,0.005320104763559748
1398,11962,61,129,61,129,DepthMid,DepthMid,DepthMid--DepthMid,8,0.1304185494946342,7.032068832230649e-05,0.005320022129133658
1399,4835,22,139,22,139,DepthHigh,DepthHigh,DepthHigh--DepthHigh,10,0.19055197543039415,7.030501215388671e-05,0.005318836168573787
1400,13023,68,70,68,70,DepthLow,DepthMid,DepthLow--DepthMid,6,0.08344820504870343,7.029951431379072e-05,0.0053184202364822365
1401,3109,14,65,14,65,DepthLow,DepthMid,DepthLow--DepthMid,10,0.2136535802924665,7.029637976015696e-05,0.005318183095818594
1402,12477,64,158,64,158,DepthMid,DepthHigh,DepthHigh--DepthMid,9,0.15816374668752625,7.029342799219474e-05,0.005317959783572174
1403,2978,13,145,13,145,DepthLow,DepthLow,DepthLow--DepthLow,9,0.15278081475383615,7.02842222623575e-05,0.005317263335803853
1404,971,4,82,4,82,DepthMid,DepthMid,DepthMid--DepthMid,8,0.13353448421255787,7.022554011459523e-05,0.005312823812640349
1405,12071,62,75,62,75,DepthMid,DepthMid,DepthMid--DepthMid,7,0.10561702871514815,7.022292141630897e-05,0.005312625698356135
1406,10148,50,174,50,174,DepthHigh,DepthHigh,DepthHigh--DepthHigh,8,0.12182419863742776,7.019200665466562e-05,0.005310286881430656
1407,16731,93,178,93,178,DepthLow,DepthHigh,DepthHigh--DepthLow,7,0.1099035400025527,7.017393186172264e-05,0.005308919455986874
1408,4064,18,186,18,186,DepthHigh,DepthMid,DepthHigh--DepthMid,8,0.13757400518703614,7.017198678558325e-05,0.0053087723037283955
1409,5626,26,128,26,128,DepthHigh,DepthMid,DepthHigh--DepthMid,9,0.14115479210714932,7.014462150870744e-05,0.005306702018553116
1410,11579,59,75,59,75,DepthLow,DepthMid,DepthLow--DepthMid,5,0.07670638557886887,7.014387619003296e-05,0.005306645632417881
1411,25206,204,217,204,217,DepthLow,DepthLow,DepthLow--DepthLow,10,0.6609423042821928,7.011796310213012e-05,0.005304685210750143
1412,9081,44,172,44,172,DepthLow,DepthLow,DepthLow--DepthLow,10,0.24475296433156757,7.010913294148355e-05,0.005304017176190694
1413,5083,23,185,23,185,DepthHigh,DepthMid,DepthHigh--DepthMid,9,0.15804607173283525,7.01062158303608e-05,0.005303796485863332
1414,18489,107,193,107,193,DepthMid,DepthLow,DepthLow--DepthMid,6,0.0931837305655885,7.009939904214292e-05,0.00530328077043116
1415,7193,34,139,34,139,DepthHigh,DepthHigh,DepthHigh--DepthHigh,8,0.11572918122370841,7.00886101773057e-05,0.005302464552600369
1416,12143,62,147,62,147,DepthMid,DepthHigh,DepthHigh--DepthMid,9,0.1722789415141507,7.007029724785129e-05,0.005301079111242056
1417,24696,187,200,187,200,DepthMid,DepthHigh,DepthHigh--DepthMid,9,0.1750046835789747,7.001135567247077e-05,0.005296619961412448
1418,8056,39,62,39,62,DepthLow,DepthMid,DepthLow--DepthMid,10,0.1870779296855898,6.999171629244283e-05,0.005295134169125087
1419,7591,36,158,36,158,DepthHigh,DepthHigh,DepthHigh--DepthHigh,8,0.12077907686629506,6.996294608641644e-05,0.0052929575958239475
1420,24527,183,189,183,189,DepthMid,DepthMid,DepthMid--DepthMid,10,0.4108462586938668,6.995353172162921e-05,0.005292245364044159
1421,16337,90,183,90,183,DepthMid,DepthMid,DepthMid--DepthMid,10,0.2621478712632194,6.99511190890552e-05,0.005292062839399001
1422,17257,97,186,97,186,DepthMid,DepthMid,DepthMid--DepthMid,10,0.2212093366317853,6.994880081894908e-05,0.0052918874536261925
1423,3611,16,148,16,148,DepthMid,DepthHigh,DepthHigh--DepthMid,6,0.08873906160508971,6.994391614560734e-05,0.005291517909884633
1424,15795,86,187,86,187,DepthMid,DepthMid,DepthMid--DepthMid,10,0.18662039186618173,6.993268589118127e-05,0.00529066829928656
1425,9406,46,138,46,138,DepthHigh,DepthHigh,DepthHigh--DepthHigh,2,0.021155193016300818,6.989624675172257e-05,0.005287911542592166
1426,10188,50,214,50,214,DepthHigh,DepthMid,DepthHigh--DepthMid,10,0.19509114676998557,6.988332506748422e-05,0.005286933969025499
1427,17888,102,192,102,192,DepthMid,DepthLow,DepthLow--DepthMid,5,0.0781708216582509,6.987541877592718e-05,0.005286335828605569
1428,1785,8,22,8,22,DepthMid,DepthHigh,DepthHigh--DepthMid,7,0.11074816265657178,6.986609436426353e-05,0.005285630402114799
1429,5526,26,28,26,28,DepthHigh,DepthHigh,DepthHigh--DepthHigh,10,0.5464965562677627,6.985395369246736e-05,0.00528471191504991
1430,3405,15,151,15,151,DepthLow,DepthHigh,DepthHigh--DepthLow,9,0.16188763299295988,6.984921042881276e-05,0.0052843530694781605
1431,2367,10,173,10,173,DepthLow,DepthLow,DepthLow--DepthLow,7,0.09712332415187713,6.983690605163431e-05,0.005283422197491036
1432,4328,20,39,20,39,DepthHigh,DepthLow,DepthHigh--DepthLow,8,0.13038316910493988,6.983660802580118e-05,0.005283399650726135
1433,2898,13,65,13,65,DepthLow,DepthMid,DepthLow--DepthMid,10,0.22066606054784288,6.982251819895606e-05,0.005282333702818057
1434,6776,32,105,32,105,DepthMid,DepthMid,DepthMid--DepthMid,10,0.20045860551264957,6.981084881356315e-05,0.005281450870325874
1435,7090,34,36,34,36,DepthHigh,DepthHigh,DepthHigh--DepthHigh,10,0.2963363064949044,6.980377544204666e-05,0.005280915743410977
1436,2220,10,26,10,26,DepthLow,DepthHigh,DepthHigh--DepthLow,6,0.08567737307675859,6.980016554539635e-05,0.005280642641276716
1437,15566,85,97,85,97,DepthMid,DepthMid,DepthMid--DepthMid,10,0.6199726722281522,6.97964489379458e-05,0.005280361466072748
1438,12332,63,174,63,174,DepthMid,DepthHigh,DepthHigh--DepthMid,8,0.1251435451927665,6.97943154074278e-05,0.005280200056538232
1439,16324,90,170,90,170,DepthMid,DepthHigh,DepthHigh--DepthMid,9,0.16094941941096222,6.9776510285772e-05,0.005278853032732284
1440,16445,91,157,91,157,DepthMid,DepthHigh,DepthHigh--DepthMid,8,0.12328118521400133,6.97561291556893e-05,0.005277311124289072
1441,11824,60,155,60,155,DepthMid,DepthLow,DepthLow--DepthMid,8,0.13780939747392815,6.973374736952589e-05,0.005275617858757694
1442,12673,65,194,65,194,DepthMid,DepthLow,DepthLow--DepthMid,10,0.3413818529816587,6.971835305780495e-05,0.00527445322170746
1443,15912,87,166,87,166,DepthMid,DepthHigh,DepthHigh--DepthMid,10,0.22040152133611346,6.970102017179536e-05,0.005273141924287984
1444,23919,170,205,170,205,DepthHigh,DepthLow,DepthHigh--DepthLow,7,0.11001974836581914,6.969450018524567e-05,0.005272648663008073
1445,18686,109,157,109,157,DepthMid,DepthHigh,DepthHigh--DepthMid,10,0.22675129203053385,6.968743852210289e-05,0.005272114421875281
1446,14116,75,92,75,92,DepthMid,DepthMid,DepthMid--DepthMid,9,0.1454664937363652,6.96857296948251e-05,0.00527198514272359
1447,4934,23,36,23,36,DepthHigh,DepthHigh,DepthHigh--DepthHigh,10,0.39883026514903763,6.96740385248553e-05,0.00527110066214698
1448,469,2,23,2,23,DepthHigh,DepthHigh,DepthHigh--DepthHigh,9,0.15138821246521417,6.96711459888162e-05,0.005270881831016278
1449,14500,77,179,77,179,DepthMid,DepthHigh,DepthHigh--DepthMid,9,0.15817058912378057,6.966296409147378e-05,0.0052702628399916105
1450,13937,73,214,73,214,DepthMid,DepthMid,DepthMid--DepthMid,10,0.23977609971461844,6.964480789826017e-05,0.00526888925631401
1451,16744,93,191,93,191,DepthLow,DepthLow,DepthLow--DepthLow,10,0.26786356857061766,6.963875391155226e-05,0.005268431249658728
1452,16929,95,115,95,115,DepthHigh,DepthHigh,DepthHigh--DepthHigh,10,0.6021901773923511,6.963385102709919e-05,0.0052680603281787305
1453,15564,85,95,85,95,DepthMid,DepthHigh,DepthHigh--DepthMid,9,0.1581023386599424,6.961693073140783e-05,0.005266780244754392
1454,17465,99,141,99,141,DepthMid,DepthHigh,DepthHigh--DepthMid,10,0.21214341230963135,6.958782450938069e-05,0.005264578250590595
1455,21939,142,143,142,143,DepthHigh,DepthHigh,DepthHigh--DepthHigh,10,0.2817021333699194,6.958118240147184e-05,0.005264075750374767
1456,12118,62,122,62,122,DepthMid,DepthHigh,DepthHigh--DepthMid,9,0.16467125313236514,6.955954116211347e-05,0.005262438509968917
1457,17527,99,203,99,203,DepthMid,DepthHigh,DepthHigh--DepthMid,10,0.23643796453213264,6.955641975401068e-05,0.005262202363813681
1458,23173,158,185,158,185,DepthHigh,DepthMid,DepthHigh--DepthMid,8,0.12350254639408492,6.955242135705973e-05,0.005261899870183889
1459,4722,22,26,22,26,DepthHigh,DepthHigh,DepthHigh--DepthHigh,7,0.10396739241672324,6.953257125669182e-05,0.005260398136117539
1460,20160,122,214,122,214,DepthHigh,DepthMid,DepthHigh--DepthMid,9,0.16784701502199612,6.951402778944635e-05,0.0052589952537162084
1461,7239,34,185,34,185,DepthHigh,DepthMid,DepthHigh--DepthMid,9,0.15994813884936962,6.950479909701981e-05,0.005258297068742433
1462,14207,75,183,75,183,DepthMid,DepthMid,DepthMid--DepthMid,6,0.09027060056134084,6.946589952686296e-05,0.005255354171296667
1463,10209,51,61,51,61,DepthHigh,DepthMid,DepthHigh--DepthMid,10,0.19290779390308452,6.944595210506816e-05,0.005253845074501694
1464,5995,28,102,28,102,DepthHigh,DepthMid,DepthHigh--DepthMid,5,0.07212063145582427,6.941638932600928e-05,0.005251608540097038
1465,23660,166,172,166,172,DepthHigh,DepthLow,DepthHigh--DepthLow,10,0.21294040078424883,6.941221707750914e-05,0.005251292893949673
1466,10992,55,158,55,158,DepthHigh,DepthHigh,DepthHigh--DepthHigh,10,0.2767259333570839,6.940770550922032e-05,0.005250951576995783
1467,13351,70,87,70,87,DepthMid,DepthMid,DepthMid--DepthMid,10,0.19011642577777307,6.937472780725129e-05,0.0052484566909469
1468,24619,185,200,185,200,DepthMid,DepthHigh,DepthHigh--DepthMid,10,0.1805117510528408,6.937082800825476e-05,0.0052481616566197944
1469,9470,46,202,46,202,DepthHigh,DepthLow,DepthHigh--DepthLow,9,0.17763755559756386,6.936433439615634e-05,0.00524767039066541
1470,15133,82,87,82,87,DepthMid,DepthMid,DepthMid--DepthMid,10,0.6636717028268568,6.935946967657672e-05,0.005247302356500316
1471,2229,10,35,10,35,DepthLow,DepthLow,DepthLow--DepthLow,10,0.1835868222279138,6.935800218165288e-05,0.005247191335040551
1472,21058,132,137,132,137,DepthLow,DepthLow,DepthLow--DepthLow,10,0.8096607668380706,6.934415034062372e-05,0.00524614339164633
1473,3439,15,185,15,185,DepthLow,DepthMid,DepthLow--DepthMid,10,0.19481810904533345,6.933861157037533e-05,0.005245724363036221
1474,14942,80,183,80,183,DepthHigh,DepthMid,DepthHigh--DepthMid,1,-0.017046447877517645,6.933087182215181e-05,0.005245138822240114
1475,24993,196,200,196,200,DepthHigh,DepthHigh,DepthHigh--DepthHigh,10,0.24373468001498197,6.932731845857765e-05,0.00524486999704374
1476,18262,105,203,105,203,DepthMid,DepthHigh,DepthHigh--DepthMid,10,0.24970529662821261,6.927121153902583e-05,0.0052406252994912205
1477,8725,42,179,42,179,DepthMid,DepthHigh,DepthHigh--DepthMid,8,0.12685767893661654,6.92600661129366e-05,0.00523978210647295
1478,15763,86,155,86,155,DepthMid,DepthLow,DepthLow--DepthMid,2,0.026745384095658388,6.925342596678978e-05,0.005239279754671729
1479,5638,26,140,26,140,DepthHigh,DepthHigh,DepthHigh--DepthHigh,8,0.1307416776916227,6.924188811890399e-05,0.005238406873482148
1480,1609,7,63,7,63,DepthMid,DepthMid,DepthMid--DepthMid,8,0.13488820751471003,6.923759828408925e-05,0.005238082331491886
1481,1637,7,91,7,91,DepthMid,DepthMid,DepthMid--DepthMid,9,0.17799007186580681,6.921426194433828e-05,0.005236316850424363
1482,18454,107,158,107,158,DepthMid,DepthHigh,DepthHigh--DepthMid,5,0.07642723856038772,6.92122165640119e-05,0.0052361621097803445
1483,14448,77,127,77,127,DepthMid,DepthMid,DepthMid--DepthMid,10,0.19550192935921276,6.919392628720331e-05,0.005234778382179107
1484,17153,96,210,96,210,DepthHigh,DepthLow,DepthHigh--DepthLow,3,0.028819679619368432,6.918326505549583e-05,0.005233971820270217
1485,14041,74,167,74,167,DepthLow,DepthLow,DepthLow--DepthLow,9,0.16120947228288207,6.918259370423625e-05,0.0052339210300455675
1486,12279,63,121,63,121,DepthMid,DepthHigh,DepthHigh--DepthMid,10,0.18790651350388932,6.914283661827056e-05,0.005230913258333239
1487,14850,80,91,80,91,DepthHigh,DepthMid,DepthHigh--DepthMid,10,0.21661422126856156,6.913271431595361e-05,0.005230147468441122
1488,8557,41,194,41,194,DepthLow,DepthLow,DepthLow--DepthLow,10,0.2128290664172011,6.913171635868912e-05,0.005230071969255069
1489,24310,178,192,178,192,DepthHigh,DepthLow,DepthHigh--DepthLow,9,0.14281543394396132,6.912969242655284e-05,0.00522991885124656
1490,3257,14,213,14,213,DepthLow,DepthLow,DepthLow--DepthLow,9,0.16184691253093483,6.911579542026323e-05,0.0052288674909320735
1491,6093,28,200,28,200,DepthHigh,DepthHigh,DepthHigh--DepthHigh,10,0.19317377680208028,6.905074698639385e-05,0.0052239463344999236
1492,14208,75,184,75,184,DepthMid,DepthHigh,DepthHigh--DepthMid,7,0.11109449085348244,6.904140092722057e-05,0.005223239270294377
1493,12505,64,186,64,186,DepthMid,DepthMid,DepthMid--DepthMid,7,0.09976066318375629,6.90411210772277e-05,0.005223218098599526
1494,15652,85,183,85,183,DepthMid,DepthMid,DepthMid--DepthMid,10,0.1863175786925056,6.903847515474773e-05,0.0052230179247036036
1495,11328,57,157,57,157,DepthMid,DepthHigh,DepthHigh--DepthMid,3,0.03145387350385553,6.903393472277596e-05,0.0052226744241045345
1496,21865,141,152,141,152,DepthHigh,DepthHigh,DepthHigh--DepthHigh,7,0.11002349161754851,6.902711340430308e-05,0.0052221583659416895
1497,2900,13,67,13,67,DepthLow,DepthLow,DepthLow--DepthLow,9,0.1734325298418051,6.902239023084581e-05,0.005221801040268237
1498,6630,31,152,31,152,DepthMid,DepthHigh,DepthHigh--DepthMid,4,0.04712350710773423,6.901818717905043e-05,0.005221483063736795
1499,5726,27,30,27,30,DepthMid,DepthMid,DepthMid--DepthMid,10,0.7657658708709576,6.899121944478155e-05,0.005219442854141215
1500,12125,62,129,62,129,DepthMid,DepthMid,DepthMid--DepthMid,8,0.11856574253187745,6.896895389039362e-05,0.005217758381976802
1501,17254,97,183,97,183,DepthMid,DepthMid,DepthMid--DepthMid,9,0.17771034291482496,6.895314243556295e-05,0.0052165621864957885
1502,15936,87,190,87,190,DepthMid,DepthLow,DepthLow--DepthMid,8,0.12697614767182427,6.89440986975753e-05,0.0052158779940145675
1503,10744,54,80,54,80,DepthMid,DepthHigh,DepthHigh--DepthMid,9,0.17382998354875728,6.894158481927851e-05,0.0052156878097531795
1504,8746,42,200,42,200,DepthMid,DepthHigh,DepthHigh--DepthMid,8,0.13229678589474664,6.893908024646442e-05,0.005215498329486236
1505,14267,76,94,76,94,DepthLow,DepthHigh,DepthHigh--DepthLow,8,0.13708045787011605,6.892425110166924e-05,0.0052143764494200886
1506,5979,28,86,28,86,DepthHigh,DepthMid,DepthHigh--DepthMid,8,0.12225993850091738,6.892423673093284e-05,0.005214375362220326
1507,6779,32,108,32,108,DepthMid,DepthMid,DepthMid--DepthMid,10,0.2050041597168731,6.891719580795438e-05,0.005213842690158255
1508,9318,46,50,46,50,DepthHigh,DepthHigh,DepthHigh--DepthHigh,10,0.7748056114251463,6.888983456481073e-05,0.005211772710149844
1509,20338,124,189,124,189,DepthLow,DepthMid,DepthLow--DepthMid,10,0.19292287442909442,6.886795748217685e-05,0.005210117627321308
1510,22528,149,179,149,179,DepthHigh,DepthHigh,DepthHigh--DepthHigh,5,0.07408795333562922,6.885812391634401e-05,0.00520937368142022
1511,11961,61,128,61,128,DepthMid,DepthMid,DepthMid--DepthMid,9,0.16420542215568323,6.885112826072421e-05,0.0052088444340025256
1512,24401,180,192,180,192,DepthHigh,DepthLow,DepthHigh--DepthLow,9,0.15230857466576453,6.882840645554171e-05,0.005207125444765237
1513,4267,19,183,19,183,DepthHigh,DepthMid,DepthHigh--DepthMid,9,0.1634239889264273,6.882752596630627e-05,0.005207058832473339
1514,9528,47,82,47,82,DepthHigh,DepthMid,DepthHigh--DepthMid,10,0.21443585886959357,6.880789178205633e-05,0.005205573433265948
1515,467,2,21,2,21,DepthHigh,DepthHigh,DepthHigh--DepthHigh,9,0.14029642711425988,6.880738248890984e-05,0.005205534903341481
1516,5664,26,166,26,166,DepthHigh,DepthHigh,DepthHigh--DepthHigh,10,0.23498993340351473,6.879890779213083e-05,0.0052048937609482865
1517,4719,22,23,22,23,DepthHigh,DepthHigh,DepthHigh--DepthHigh,10,0.8180804039029671,6.878208646947547e-05,0.005203621165202953
1518,11955,61,122,61,122,DepthMid,DepthHigh,DepthHigh--DepthMid,9,0.16342921020914142,6.877002335742512e-05,0.00520270854582187
1519,5623,26,125,26,125,DepthHigh,DepthMid,DepthHigh--DepthMid,3,0.04187506249525379,6.875051466099603e-05,0.005201232640235771
1520,14032,74,158,74,158,DepthLow,DepthHigh,DepthHigh--DepthLow,9,0.1474181644952696,6.872932537073635e-05,0.005199629591463473
1521,24285,177,214,177,214,DepthLow,DepthMid,DepthLow--DepthMid,10,0.24420038839221964,6.872129572187857e-05,0.005199022118604038
1522,3295,15,41,15,41,DepthLow,DepthLow,DepthLow--DepthLow,9,0.16148861196317546,6.871846350286151e-05,0.005198807850680832
1523,3373,15,119,15,119,DepthLow,DepthHigh,DepthHigh--DepthLow,8,0.11769162182895312,6.869577929149678e-05,0.005197091705555955
1524,11951,61,118,61,118,DepthMid,DepthHigh,DepthHigh--DepthMid,10,0.20526960423017,6.866751906881629e-05,0.005194953714395439
1525,10802,54,138,54,138,DepthMid,DepthHigh,DepthHigh--DepthMid,10,0.2423317927674616,6.866379295370853e-05,0.005194671819901772
1526,14194,75,170,75,170,DepthMid,DepthHigh,DepthHigh--DepthMid,6,0.090537541602051,6.865594955978463e-05,0.005194078437922184
1527,6012,28,119,28,119,DepthHigh,DepthHigh,DepthHigh--DepthHigh,10,0.20333631474650948,6.864884015768925e-05,0.005193540585159723
1528,11935,61,102,61,102,DepthMid,DepthMid,DepthMid--DepthMid,6,0.07872187916400596,6.859737125271113e-05,0.00518964677069376
1529,24313,178,195,178,195,DepthHigh,DepthHigh,DepthHigh--DepthHigh,10,0.3118839379515977,6.85879984045186e-05,0.005188937679799076
1530,17486,99,162,99,162,DepthMid,DepthMid,DepthMid--DepthMid,7,0.09901830659755156,6.858325154540056e-05,0.0051885785622171185
1531,15060,81,157,81,157,DepthMid,DepthHigh,DepthHigh--DepthMid,3,0.03533592886056085,6.858045573304148e-05,0.0051883670485932615
1532,14035,74,161,74,161,DepthLow,DepthLow,DepthLow--DepthLow,8,0.13638598003219868,6.856226723421205e-05,0.005186991020875433
1533,4504,20,215,20,215,DepthHigh,DepthMid,DepthHigh--DepthMid,8,0.12028236686492214,6.855401723119268e-05,0.0051863668774025
1534,11906,61,73,61,73,DepthMid,DepthMid,DepthMid--DepthMid,10,0.23003810062055477,6.854208750370058e-05,0.00518546434906032
1535,6330,30,46,30,46,DepthMid,DepthHigh,DepthHigh--DepthMid,8,0.11801352180998165,6.853747266071814e-05,0.005185115218990993
1536,9561,47,115,47,115,DepthHigh,DepthHigh,DepthHigh--DepthHigh,9,0.14396149022331028,6.851637474984261e-05,0.005183519083409643
1537,14411,77,90,77,90,DepthMid,DepthMid,DepthMid--DepthMid,10,0.2898980741753229,6.850096123171961e-05,0.005182352993323517
1538,1514,6,186,6,186,DepthMid,DepthMid,DepthMid--DepthMid,6,0.08707898002803045,6.848556602250752e-05,0.005181188288374732
1539,8732,42,186,42,186,DepthMid,DepthMid,DepthMid--DepthMid,10,0.36937904756774964,6.847929704155553e-05,0.0051807140166036875
1540,17509,99,185,99,185,DepthMid,DepthMid,DepthMid--DepthMid,9,0.14441967873271744,6.84613522586354e-05,0.00517935642690263
1541,11716,59,212,59,212,DepthLow,DepthLow,DepthLow--DepthLow,9,0.15336645665933735,6.845903756276043e-05,0.005179181311533727
1542,11764,60,95,60,95,DepthMid,DepthHigh,DepthHigh--DepthMid,7,0.11370028262062207,6.845308812553916e-05,0.005178731214436726
1543,15644,85,175,85,175,DepthMid,DepthMid,DepthMid--DepthMid,10,0.20872779838727692,6.84425771085249e-05,0.00517793601682917
1544,2879,13,46,13,46,DepthLow,DepthHigh,DepthHigh--DepthLow,9,0.1683887822435673,6.844028741182797e-05,0.0051777627927412475
1545,7240,34,186,34,186,DepthHigh,DepthMid,DepthHigh--DepthMid,8,0.13353485578353844,6.843937356300522e-05,0.005177693656672252
1546,20648,127,202,127,202,DepthMid,DepthLow,DepthLow--DepthMid,8,0.13080309335729604,6.840715836979088e-05,0.005175256457252231
1547,14413,77,92,77,92,DepthMid,DepthMid,DepthMid--DepthMid,10,0.29536266651345994,6.839792258682428e-05,0.005174557735852676
1548,15423,84,94,84,94,DepthMid,DepthHigh,DepthHigh--DepthMid,8,0.11791453613309075,6.839489101267004e-05,0.005174328385970424
1549,4104,19,20,19,20,DepthHigh,DepthHigh,DepthHigh--DepthHigh,10,0.5508500826926231,6.838648127773681e-05,0.00517369215818295
1550,15933,87,187,87,187,DepthMid,DepthMid,DepthMid--DepthMid,10,0.2560381179225693,6.836798486928338e-05,0.005172292835954607
1551,16799,94,115,94,115,DepthHigh,DepthHigh,DepthHigh--DepthHigh,10,0.6660881282378853,6.836447603163735e-05,0.005172027379310627
1552,2236,10,42,10,42,DepthLow,DepthMid,DepthLow--DepthMid,10,0.1887516764736976,6.835443137191573e-05,0.00517126746337019
1553,17520,99,196,99,196,DepthMid,DepthHigh,DepthHigh--DepthMid,10,0.18023481297050067,6.83443898657093e-05,0.005170507786004929
1554,12204,62,208,62,208,DepthMid,DepthLow,DepthLow--DepthMid,8,0.13891060174440706,6.827812941964362e-05,0.005165494936333435
1555,2920,13,87,13,87,DepthLow,DepthMid,DepthLow--DepthMid,6,0.08265827730367209,6.82651308661882e-05,0.005164511547324036
1556,11337,57,166,57,166,DepthMid,DepthHigh,DepthHigh--DepthMid,9,0.1626127903072505,6.826494201545503e-05,0.005164497260062299
1557,3087,14,43,14,43,DepthLow,DepthLow,DepthLow--DepthLow,10,0.21870059379779808,6.826428249395738e-05,0.005164447364803224
1558,8168,39,174,39,174,DepthLow,DepthHigh,DepthHigh--DepthLow,8,0.1276293516074585,6.825825855427835e-05,0.0051639916313176515
1559,6343,30,59,30,59,DepthMid,DepthLow,DepthLow--DepthMid,9,0.16305261802786142,6.824748155712436e-05,0.005163176311321322
1560,6077,28,184,28,184,DepthHigh,DepthHigh,DepthHigh--DepthHigh,9,0.17838578406404307,6.824676183333246e-05,0.005163121861534337
1561,4370,20,81,20,81,DepthHigh,DepthMid,DepthHigh--DepthMid,9,0.14935230166486352,6.824181018682496e-05,0.005162747251023205
1562,11330,57,159,57,159,DepthMid,DepthHigh,DepthHigh--DepthMid,2,0.0033718458988102875,6.82385067260736e-05,0.005162497331906666
1563,3132,14,88,14,88,DepthLow,DepthMid,DepthLow--DepthMid,10,0.19793949395940816,6.821399816548013e-05,0.005160643167964002
1564,2551,11,143,11,143,DepthMid,DepthHigh,DepthHigh--DepthMid,6,0.09344998487915253,6.820208027580923e-05,0.005159741535197111
1565,8554,41,191,41,191,DepthLow,DepthLow,DepthLow--DepthLow,10,0.22772496030373054,6.81960158442495e-05,0.005159282738349867
1566,25421,222,225,222,225,DepthLow,DepthLow,DepthLow--DepthLow,10,0.6900900024222377,6.817655193041495e-05,0.00515781022073393
1567,1511,6,183,6,183,DepthMid,DepthMid,DepthMid--DepthMid,5,0.07738256860867848,6.817144280404083e-05,0.005157423696284023
1568,18244,105,185,105,185,DepthMid,DepthMid,DepthMid--DepthMid,7,0.09772500214444226,6.814756351239177e-05,0.0051556171388820425
1569,2877,13,44,13,44,DepthLow,DepthLow,DepthLow--DepthLow,10,0.1946574510334919,6.813815762868505e-05,0.005154905548727599
1570,14532,77,211,77,211,DepthMid,DepthLow,DepthLow--DepthMid,8,0.12436137817222193,6.813648794994736e-05,0.0051547792313088574
1571,11825,60,156,60,156,DepthMid,DepthLow,DepthLow--DepthMid,8,0.13367992538491796,6.812693950786004e-05,0.005154056856081663
1572,4061,18,183,18,183,DepthHigh,DepthMid,DepthHigh--DepthMid,9,0.14932121678605617,6.810171557001628e-05,0.005152148571184085
1573,10907,55,73,55,73,DepthHigh,DepthMid,DepthHigh--DepthMid,7,0.11358813550267198,6.808386522304476e-05,0.005150798125914466
1574,16752,93,199,93,199,DepthLow,DepthLow,DepthLow--DepthLow,9,0.15934961247895754,6.808073347625068e-05,0.005150561197598706
1575,12337,63,179,63,179,DepthMid,DepthHigh,DepthHigh--DepthMid,9,0.14779321167137466,6.80767285607055e-05,0.005150258210812967
1576,9102,44,193,44,193,DepthLow,DepthLow,DepthLow--DepthLow,10,0.26954630789555895,6.807397699462208e-05,0.005150050044584752
1577,15784,86,176,86,176,DepthMid,DepthHigh,DepthHigh--DepthMid,5,0.07011615599149801,6.805242313231256e-05,0.005148419414578268
1578,6925,33,62,33,62,DepthLow,DepthMid,DepthLow--DepthMid,10,0.19349949397022417,6.803904306220063e-05,0.005147407162412042
1579,13800,73,77,73,77,DepthMid,DepthMid,DepthMid--DepthMid,10,0.3091410967759746,6.803314248492645e-05,0.005146960761752119
1580,15186,82,140,82,140,DepthMid,DepthHigh,DepthHigh--DepthMid,10,0.20127804522731502,6.80310309443288e-05,0.005146801015837026
1581,22234,145,195,145,195,DepthLow,DepthHigh,DepthHigh--DepthLow,8,0.11620441370779598,6.801388795066757e-05,0.005145504084481357
1582,3140,14,96,14,96,DepthLow,DepthHigh,DepthHigh--DepthLow,2,0.0029991433166373493,6.798648072824939e-05,0.005143430625969482
1583,4708,21,215,21,215,DepthHigh,DepthMid,DepthHigh--DepthMid,8,0.1364112287063315,6.798095547190534e-05,0.005143012619736597
1584,12547,65,68,65,68,DepthMid,DepthLow,DepthLow--DepthMid,5,0.06427841724885161,6.793544241570279e-05,0.0051395693874256125
1585,8909,43,181,43,181,DepthLow,DepthHigh,DepthHigh--DepthLow,8,0.12506555008083822,6.791573956334717e-05,0.0051380787932201275
1586,17983,103,165,103,165,DepthMid,DepthLow,DepthLow--DepthMid,9,0.15190073733629694,6.791112485429997e-05,0.005137729673283501
1587,8920,43,192,43,192,DepthLow,DepthLow,DepthLow--DepthLow,10,0.269750962042666,6.788457648874102e-05,0.005135721190493648
1588,11622,59,118,59,118,DepthLow,DepthHigh,DepthHigh--DepthLow,8,0.1396111012612673,6.785781566693437e-05,0.005133696634596916
1589,2868,13,35,13,35,DepthLow,DepthLow,DepthLow--DepthLow,10,0.1790487791498151,6.784523415785193e-05,0.005132744796548493
1590,10942,55,108,55,108,DepthHigh,DepthMid,DepthHigh--DepthMid,10,0.25278575580367707,6.784275594158902e-05,0.005132557310252866
1591,3131,14,87,14,87,DepthLow,DepthMid,DepthLow--DepthMid,6,0.08572600620872511,6.782793266402903e-05,0.0051314358740649265
1592,12320,63,162,63,162,DepthMid,DepthMid,DepthMid--DepthMid,8,0.13355048128098287,6.781562687081341e-05,0.005130504894949314
1593,3141,14,97,14,97,DepthLow,DepthMid,DepthLow--DepthMid,10,0.18334941159507798,6.780066202801954e-05,0.005129372748823873
1594,3227,14,183,14,183,DepthLow,DepthMid,DepthLow--DepthMid,9,0.16168612810902874,6.778959065719516e-05,0.005128535158362364
1595,24051,173,178,173,178,DepthLow,DepthHigh,DepthHigh--DepthLow,5,0.06679135374668722,6.778488394449324e-05,0.0051281790780063966
1596,19029,112,158,112,158,DepthHigh,DepthHigh,DepthHigh--DepthHigh,8,0.12447513013273905,6.77609258616007e-05,0.0051263665597532215
1597,23948,171,180,171,180,DepthLow,DepthHigh,DepthHigh--DepthLow,5,0.07276116029945398,6.775857894031631e-05,0.005126189006412005
1598,18598,108,185,108,185,DepthMid,DepthMid,DepthMid--DepthMid,6,0.0788377281716624,6.775275253397022e-05,0.005125748217059198
1599,16733,93,180,93,180,DepthLow,DepthHigh,DepthHigh--DepthLow,7,0.10277808721026027,6.774660616602797e-05,0.005125283221419271
1600,18879,111,121,111,121,DepthMid,DepthHigh,DepthHigh--DepthMid,10,0.19867607305781468,6.773952921170782e-05,0.005124747823451926
1601,18589,108,176,108,176,DepthMid,DepthHigh,DepthHigh--DepthMid,7,0.10088162728060805,6.772301176241786e-05,0.005123498216859103
1602,12322,63,164,63,164,DepthMid,DepthLow,DepthLow--DepthMid,9,0.16473994469950812,6.771786077026032e-05,0.0051231085251066625
1603,23744,167,198,167,198,DepthLow,DepthLow,DepthLow--DepthLow,9,0.16118576949276442,6.771442354572998e-05,0.005122848486261758
1604,9634,47,188,47,188,DepthHigh,DepthMid,DepthHigh--DepthMid,5,0.07684493505463169,6.770921153384132e-05,0.005122454178139262
1605,24378,179,214,179,214,DepthHigh,DepthMid,DepthHigh--DepthMid,9,0.15690647054775902,6.770217654447228e-05,0.005121921954976855
1606,12873,67,77,67,77,DepthLow,DepthMid,DepthLow--DepthMid,9,0.15789621158081416,6.769170786032485e-05,0.005121129960008434
1607,4884,22,188,22,188,DepthHigh,DepthMid,DepthHigh--DepthMid,6,0.0855892331570258,6.768552355243368e-05,0.005120662094069983
1608,12244,63,86,63,86,DepthMid,DepthMid,DepthMid--DepthMid,2,0.008001229455452194,6.768243515441003e-05,0.00512042844525025
1609,10506,52,185,52,185,DepthHigh,DepthMid,DepthHigh--DepthMid,6,0.09386914523562868,6.765583252267446e-05,0.005118415857021906
1610,3238,14,194,14,194,DepthLow,DepthLow,DepthLow--DepthLow,9,0.14768054844631917,6.765097552544672e-05,0.005118048407081509
1611,24780,189,211,189,211,DepthMid,DepthLow,DepthLow--DepthMid,7,0.11073258245870697,6.764531650217844e-05,0.005117620280882309
1612,6594,31,116,31,116,DepthMid,DepthMid,DepthMid--DepthMid,6,0.09145603397225449,6.76407409854665e-05,0.005117274125991901
1613,15417,84,88,84,88,DepthMid,DepthMid,DepthMid--DepthMid,10,0.7171087387933207,6.763766007448527e-05,0.005117041043594826
1614,4989,23,91,23,91,DepthHigh,DepthMid,DepthHigh--DepthMid,3,0.035047298296283856,6.763329320281345e-05,0.005116710673479239
1615,7105,34,51,34,51,DepthHigh,DepthHigh,DepthHigh--DepthHigh,10,0.24827502102983398,6.763232924599572e-05,0.005116637746553691
1616,8348,40,169,40,169,DepthLow,DepthLow,DepthLow--DepthLow,9,0.16570918975716778,6.762865549042219e-05,0.005116359813253911
1617,20719,128,176,128,176,DepthMid,DepthHigh,DepthHigh--DepthMid,4,0.058728441954197595,6.762863361331839e-05,0.005116358158169481
1618,11763,60,94,60,94,DepthMid,DepthHigh,DepthHigh--DepthMid,8,0.1276267734117544,6.762135622886353e-05,0.0051158075969155205
1619,3130,14,86,14,86,DepthLow,DepthMid,DepthLow--DepthMid,2,0.022695863444064487,6.761181581051799e-05,0.0051150858287142935
1620,10891,55,57,55,57,DepthHigh,DepthMid,DepthHigh--DepthMid,2,0.011657651674835172,6.760026026921788e-05,0.005114211608951982
1621,17126,96,183,96,183,DepthHigh,DepthMid,DepthHigh--DepthMid,4,0.046860138743895365,6.759495829602107e-05,0.005113810494921275
1622,11019,55,185,55,185,DepthHigh,DepthMid,DepthHigh--DepthMid,8,0.12568066824289245,6.758788203741532e-05,0.005113275149587316
1623,22991,155,207,155,207,DepthLow,DepthLow,DepthLow--DepthLow,7,0.11088685408515801,6.757907732081365e-05,0.005112609039964684
1624,12714,66,76,66,76,DepthLow,DepthLow,DepthLow--DepthLow,3,0.04471612318299039,6.756876840362873e-05,0.005111829131962365
1625,2365,10,171,10,171,DepthLow,DepthLow,DepthLow--DepthLow,8,0.11843586477659503,6.756735993346343e-05,0.005111722575945545
1626,9391,46,123,46,123,DepthHigh,DepthLow,DepthHigh--DepthLow,3,0.033024439122136914,6.756371582634303e-05,0.005111446885661732
1627,2917,13,84,13,84,DepthLow,DepthMid,DepthLow--DepthMid,10,0.2153006239808551,6.754501169387431e-05,0.005110031848337527
1628,4858,22,162,22,162,DepthHigh,DepthMid,DepthHigh--DepthMid,7,0.101132538836028,6.754468347024384e-05,0.0051100070169967215
1629,24633,185,214,185,214,DepthMid,DepthMid,DepthMid--DepthMid,10,0.3397304751644081,6.751346678668214e-05,0.0051076453585529764
1630,5938,28,45,28,45,DepthHigh,DepthHigh,DepthHigh--DepthHigh,10,0.19598224400154654,6.750951340032245e-05,0.0051073462701421496
1631,2281,10,87,10,87,DepthLow,DepthMid,DepthLow--DepthMid,6,0.0795105779758993,6.749279291400997e-05,0.005106081303041934
1632,11345,57,174,57,174,DepthMid,DepthHigh,DepthHigh--DepthMid,9,0.17282053069521655,6.74787446900906e-05,0.005105018502550227
1633,12679,65,200,65,200,DepthMid,DepthHigh,DepthHigh--DepthMid,8,0.1214605604071727,6.746600620105244e-05,0.005104054788383151
1634,13431,70,167,70,167,DepthMid,DepthLow,DepthLow--DepthMid,8,0.13793793971875218,6.745878223410635e-05,0.005103508268362795
1635,10925,55,91,55,91,DepthHigh,DepthMid,DepthHigh--DepthMid,9,0.1508972777931087,6.745589140800433e-05,0.005103289566595206
1636,332,1,109,1,109,DepthLow,DepthMid,DepthLow--DepthMid,7,0.1005187109772729,6.744517301079909e-05,0.005102478679903377
1637,11678,59,174,59,174,DepthLow,DepthHigh,DepthHigh--DepthLow,8,0.121505188770287,6.740122991860747e-05,0.0050991542212204585
1638,6080,28,187,28,187,DepthHigh,DepthMid,DepthHigh--DepthMid,10,0.2117436673409361,6.738847682136844e-05,0.005098189401888547
1639,18616,108,203,108,203,DepthMid,DepthHigh,DepthHigh--DepthMid,10,0.2569208237736063,6.735743959618691e-05,0.005095841320140032
1640,3917,18,39,18,39,DepthHigh,DepthLow,DepthHigh--DepthLow,8,0.12993440947102766,6.735376478321636e-05,0.005095563306844227
1641,9527,47,81,47,81,DepthHigh,DepthMid,DepthHigh--DepthMid,2,0.003087822737901699,6.735214622683075e-05,0.005095440857021932
1642,13662,72,91,72,91,DepthLow,DepthMid,DepthLow--DepthMid,9,0.14207873412456537,6.73502526213811e-05,0.005095297598712944
1643,17564,100,115,100,115,DepthMid,DepthHigh,DepthHigh--DepthMid,6,0.08269598817387665,6.734187006867288e-05,0.0050946634273620894
1644,12309,63,151,63,151,DepthMid,DepthHigh,DepthHigh--DepthMid,10,0.1795890403203351,6.732848008591256e-05,0.005093650425267071
1645,7429,35,185,35,185,DepthLow,DepthMid,DepthLow--DepthMid,8,0.1197868879904043,6.732386186848074e-05,0.005093301039908073
1646,11165,56,162,56,162,DepthMid,DepthMid,DepthMid--DepthMid,9,0.1440682865133328,6.730983620740507e-05,0.0050922399463795755
1647,24741,188,208,188,208,DepthMid,DepthLow,DepthLow--DepthMid,5,0.07151589283244598,6.730323704137294e-05,0.005091740694876749
1648,11742,60,73,60,73,DepthMid,DepthMid,DepthMid--DepthMid,10,0.2721263380001381,6.730194958579468e-05,0.0050916432940644124
1649,17496,99,172,99,172,DepthMid,DepthLow,DepthLow--DepthMid,8,0.1259585541205601,6.728150054673097e-05,0.005090096248053717
1650,20020,121,177,121,177,DepthHigh,DepthLow,DepthHigh--DepthLow,8,0.1386251441081141,6.727962545246779e-05,0.0050899543901849675
1651,10961,55,127,55,127,DepthHigh,DepthMid,DepthHigh--DepthMid,6,0.09389748980858025,6.72764586760587e-05,0.00508971481174829
1652,3043,13,210,13,210,DepthLow,DepthLow,DepthLow--DepthLow,9,0.15346509625631022,6.725863072314063e-05,0.005088366060672268
1653,18461,107,165,107,165,DepthMid,DepthLow,DepthLow--DepthMid,8,0.12873532388015074,6.723098867282563e-05,0.005086274836554888
1654,11350,57,179,57,179,DepthMid,DepthHigh,DepthHigh--DepthMid,9,0.16929760819219142,6.722059738216846e-05,0.005085488696692419
1655,16719,93,166,93,166,DepthLow,DepthHigh,DepthHigh--DepthLow,9,0.15797530688985123,6.721099919710462e-05,0.005084762558223678
1656,1784,8,21,8,21,DepthMid,DepthHigh,DepthHigh--DepthMid,8,0.1196052097385982,6.720312892462803e-05,0.005084167142781414
1657,16610,92,189,92,189,DepthMid,DepthMid,DepthMid--DepthMid,10,0.2274167093586782,6.719882799732431e-05,0.005083841761603022
1658,7496,36,63,36,63,DepthHigh,DepthMid,DepthHigh--DepthMid,9,0.14204930095967572,6.718922125526173e-05,0.0050831149757654395
1659,13168,68,215,68,215,DepthLow,DepthMid,DepthLow--DepthMid,10,0.21152112483532975,6.71811408207853e-05,0.005082503660784695
1660,11266,57,95,57,95,DepthMid,DepthHigh,DepthHigh--DepthMid,8,0.12001149972082027,6.716969892743097e-05,0.0050816380389130025
1661,12981,67,185,67,185,DepthLow,DepthMid,DepthLow--DepthMid,8,0.1258515050833763,6.714794839447977e-05,0.005079992530039562
1662,8173,39,179,39,179,DepthLow,DepthHigh,DepthHigh--DepthLow,9,0.14131109218352994,6.711102787341632e-05,0.00507719935503285
1663,13906,73,183,73,183,DepthMid,DepthMid,DepthMid--DepthMid,10,0.19593281360702144,6.70880846682607e-05,0.0050754636160625245
1664,9693,48,70,48,70,DepthHigh,DepthMid,DepthHigh--DepthMid,4,0.060701165748608545,6.708757232319023e-05,0.005075424855248634
1665,3223,14,179,14,179,DepthLow,DepthHigh,DepthHigh--DepthLow,7,0.11389561497509906,6.70853077979787e-05,0.005075253535477387
1666,8562,41,199,41,199,DepthLow,DepthLow,DepthLow--DepthLow,8,0.12027321290148357,6.707803497142275e-05,0.005074703319045465
1667,21441,136,158,136,158,DepthHigh,DepthHigh,DepthHigh--DepthHigh,10,0.2096599850307198,6.70394237646935e-05,0.005071782237367614
1668,10645,53,152,53,152,DepthHigh,DepthHigh,DepthHigh--DepthHigh,3,0.04198403442698228,6.703696834625655e-05,0.00507159647581248
1669,7019,33,156,33,156,DepthLow,DepthLow,DepthLow--DepthLow,10,0.5378425689791432,6.70100129680447e-05,0.005069557200998659
1670,10915,55,81,55,81,DepthHigh,DepthMid,DepthHigh--DepthMid,3,0.02762794110901733,6.699834001227536e-05,0.0050686740983941925
1671,4944,23,46,23,46,DepthHigh,DepthHigh,DepthHigh--DepthHigh,9,0.15811052827570338,6.696476487022459e-05,0.005066134013776701
1672,3027,13,194,13,194,DepthLow,DepthLow,DepthLow--DepthLow,9,0.1442008011988297,6.696190297074956e-05,0.005065917500416242
1673,7100,34,46,34,46,DepthHigh,DepthHigh,DepthHigh--DepthHigh,10,0.23539440451750077,6.695201217579465e-05,0.005065169224918799
1674,8536,41,173,41,173,DepthLow,DepthLow,DepthLow--DepthLow,10,0.18373272185547446,6.694519552179407e-05,0.005064653519640667
1675,17889,102,193,102,193,DepthMid,DepthLow,DepthLow--DepthMid,6,0.0823872949113409,6.694483404220526e-05,0.005064626172362681
1676,24142,174,218,174,218,DepthHigh,DepthHigh,DepthHigh--DepthHigh,7,0.09772808536172503,6.693054371568033e-05,0.005063545055906643
1677,10381,52,60,52,60,DepthHigh,DepthMid,DepthHigh--DepthMid,1,-0.026753072526456454,6.692304097641239e-05,0.005062977445721264
1678,10436,52,115,52,115,DepthHigh,DepthHigh,DepthHigh--DepthHigh,9,0.164988072973732,6.690370015230115e-05,0.005061514240301604
1679,14268,76,95,76,95,DepthLow,DepthHigh,DepthHigh--DepthLow,9,0.15029257528925954,6.688713677281745e-05,0.00506026115891846
1680,3050,13,217,13,217,DepthLow,DepthLow,DepthLow--DepthLow,9,0.14261530636454625,6.688553657211345e-05,0.005060140097771884
1681,21899,141,186,141,186,DepthHigh,DepthMid,DepthHigh--DepthMid,9,0.16766003647565308,6.68396358501931e-05,0.00505666753710467
1682,19761,119,127,119,127,DepthHigh,DepthMid,DepthHigh--DepthMid,8,0.1236751725286091,6.683448824232861e-05,0.005056278101386611
1683,24030,172,209,172,209,DepthLow,DepthLow,DepthLow--DepthLow,7,0.10995104597867414,6.682638086952091e-05,0.005055664748420718
1684,4735,22,39,22,39,DepthHigh,DepthLow,DepthHigh--DepthLow,9,0.14424720364709548,6.682027010049078e-05,0.005055202445971156
1685,4078,18,200,18,200,DepthHigh,DepthHigh,DepthHigh--DepthHigh,5,0.06538728346322528,6.679617203360047e-05,0.005053379337406886
1686,18990,112,119,112,119,DepthHigh,DepthHigh,DepthHigh--DepthHigh,10,0.5729358345765174,6.679442483541863e-05,0.005053247155353309
1687,15214,82,168,82,168,DepthMid,DepthLow,DepthLow--DepthMid,8,0.12022361073975056,6.678941174178764e-05,0.0050528678961382955
1688,3088,14,44,14,44,DepthLow,DepthLow,DepthLow--DepthLow,10,0.19811264173396712,6.67875771747368e-05,0.00505272910430419
1689,11749,60,80,60,80,DepthMid,DepthHigh,DepthHigh--DepthMid,2,0.0033075223393462137,6.677507182345823e-05,0.005051783027877439
1690,18754,109,225,109,225,DepthMid,DepthLow,DepthLow--DepthMid,6,0.09066970380984891,6.675838242056172e-05,0.005050520412353477
1691,22973,155,189,155,189,DepthLow,DepthMid,DepthLow--DepthMid,9,0.1411110298108557,6.674412962500173e-05,0.0050494421352548
1692,18182,105,123,105,123,DepthMid,DepthLow,DepthLow--DepthMid,7,0.11019008924711425,6.673603016927553e-05,0.0050488293812456266
1693,5461,25,162,25,162,DepthMid,DepthMid,DepthMid--DepthMid,9,0.1535564284526154,6.672207987855767e-05,0.005047773989765573
1694,24107,174,183,174,183,DepthHigh,DepthMid,DepthHigh--DepthMid,9,0.1602197545433862,6.67214082877603e-05,0.0050477231814189975
1695,7480,36,47,36,47,DepthHigh,DepthHigh,DepthHigh--DepthHigh,4,0.05361943597169181,6.667423046645873e-05,0.005044154003424347
1696,23755,167,209,167,209,DepthLow,DepthLow,DepthLow--DepthLow,4,0.055185545158168266,6.666448682515197e-05,0.00504341686064877
1697,7475,36,42,36,42,DepthHigh,DepthMid,DepthHigh--DepthMid,10,0.21491449195866974,6.666259731446631e-05,0.005043273912123937
1698,14864,80,105,80,105,DepthHigh,DepthMid,DepthHigh--DepthMid,10,0.20035552143662794,6.665178360291659e-05,0.005042455814546751
1699,10580,53,87,53,87,DepthHigh,DepthMid,DepthHigh--DepthMid,9,0.15216217873222038,6.663780071425252e-05,0.005041397956910587
1700,5971,28,78,28,78,DepthHigh,DepthLow,DepthHigh--DepthLow,8,0.1324614997236977,6.66348230778837e-05,0.005041172687622805
1701,15042,81,139,81,139,DepthMid,DepthHigh,DepthHigh--DepthMid,9,0.1433079794393432,6.662630765131443e-05,0.005040528463869194
1702,12637,65,158,65,158,DepthMid,DepthHigh,DepthHigh--DepthMid,8,0.13914921190223295,6.662299206672284e-05,0.00504027762753896
1703,11808,60,139,60,139,DepthMid,DepthHigh,DepthHigh--DepthMid,7,0.11527287212488493,6.662173822878927e-05,0.0050401827700267245
1704,12570,65,91,65,91,DepthMid,DepthMid,DepthMid--DepthMid,7,0.10160847192110144,6.661450906486796e-05,0.005039635856835827
1705,8555,41,192,41,192,DepthLow,DepthLow,DepthLow--DepthLow,10,0.2366486743304605,6.661106747510595e-05,0.005039375487744879
1706,12682,65,203,65,203,DepthMid,DepthHigh,DepthHigh--DepthMid,7,0.10359607555893097,6.659123822617318e-05,0.005037875331167303
1707,5998,28,105,28,105,DepthHigh,DepthMid,DepthHigh--DepthMid,10,0.20671895119525163,6.659070332882282e-05,0.005037834864189395
1708,11478,58,140,58,140,DepthMid,DepthHigh,DepthHigh--DepthMid,4,0.045027058319441426,6.656544624801238e-05,0.0050359240719028775
1709,12487,64,168,64,168,DepthMid,DepthLow,DepthLow--DepthMid,9,0.15195223779182498,6.655696178711049e-05,0.005035282190817401
1710,9101,44,192,44,192,DepthLow,DepthLow,DepthLow--DepthLow,10,0.26497843786021175,6.65564891562444e-05,0.005035246434531073
1711,3448,15,194,15,194,DepthLow,DepthLow,DepthLow--DepthLow,8,0.13457370788526665,6.655052157970016e-05,0.005034794965126689
1712,9455,46,187,46,187,DepthHigh,DepthMid,DepthHigh--DepthMid,9,0.1588001663605365,6.654591906200236e-05,0.005034446767511077
1713,18010,103,192,103,192,DepthMid,DepthLow,DepthLow--DepthMid,6,0.08399536217871603,6.654277016826503e-05,0.0050342085419651595
1714,24402,180,193,180,193,DepthHigh,DepthLow,DepthHigh--DepthLow,8,0.12956400744844693,6.653602565526649e-05,0.005033698294422672
1715,8643,42,97,42,97,DepthMid,DepthMid,DepthMid--DepthMid,10,0.30758757385779334,6.653563142307569e-05,0.00503366846928829
1716,23109,157,188,157,188,DepthHigh,DepthMid,DepthHigh--DepthMid,4,0.05000703583704856,6.652155482770572e-05,0.005032603522390616
1717,12110,62,114,62,114,DepthMid,DepthMid,DepthMid--DepthMid,8,0.1283417069038999,6.652097904170671e-05,0.005032559962034063
1718,14468,77,147,77,147,DepthMid,DepthHigh,DepthHigh--DepthMid,10,0.3268076520355476,6.649805634179539e-05,0.005030825774361884
1719,8735,42,189,42,189,DepthMid,DepthMid,DepthMid--DepthMid,10,0.3958423685304565,6.649741831963464e-05,0.005030777505607766
1720,3218,14,174,14,174,DepthLow,DepthHigh,DepthHigh--DepthLow,8,0.1301137683788154,6.648727543353404e-05,0.005030010158475708
1721,10298,51,150,51,150,DepthHigh,DepthHigh,DepthHigh--DepthHigh,6,0.08122247627431378,6.647552164571087e-05,0.00502912094062514
1722,17663,100,214,100,214,DepthMid,DepthMid,DepthMid--DepthMid,10,0.2268373016014757,6.64736448090892e-05,0.005028978950940479
1723,3214,14,170,14,170,DepthLow,DepthHigh,DepthHigh--DepthLow,9,0.14722484596508797,6.646914896644789e-05,0.005028638823690426
1724,13215,69,106,69,106,DepthHigh,DepthMid,DepthHigh--DepthMid,10,0.2116425490240653,6.645827894125605e-05,0.005027816465776354
1725,2261,10,67,10,67,DepthLow,DepthLow,DepthLow--DepthLow,10,0.19282474508549577,6.643842726672882e-05,0.0050263146126189855
1726,15187,82,141,82,141,DepthMid,DepthHigh,DepthHigh--DepthMid,10,0.192561024679588,6.643129764232218e-05,0.005025775229963316
1727,12044,61,211,61,211,DepthMid,DepthLow,DepthLow--DepthMid,10,0.1834931391744396,6.642942718298598e-05,0.005025633722744066
1728,3165,14,121,14,121,DepthLow,DepthHigh,DepthHigh--DepthLow,10,0.19559881769900397,6.641193324423569e-05,0.0050243102410845765
1729,18009,103,191,103,191,DepthMid,DepthLow,DepthLow--DepthMid,6,0.08671068760884408,6.640024188231507e-05,0.005023425745986174
1730,25219,205,210,205,210,DepthLow,DepthLow,DepthLow--DepthLow,10,0.186230549459497,6.63910114404941e-05,0.00502272742866419
1731,8703,42,157,42,157,DepthMid,DepthHigh,DepthHigh--DepthMid,7,0.09811246044816209,6.637984857884163e-05,0.005021882916580586
1732,4541,21,48,21,48,DepthHigh,DepthHigh,DepthHigh--DepthHigh,6,0.08619325062692242,6.637965217846e-05,0.005021868058159808
1733,11623,59,119,59,119,DepthLow,DepthHigh,DepthHigh--DepthLow,10,0.23606692487517555,6.637943604627981e-05,0.005021851706954937
1734,16328,90,174,90,174,DepthMid,DepthHigh,DepthHigh--DepthMid,9,0.16909270080432692,6.63754956668462e-05,0.005021553602566541
1735,18861,110,217,110,217,DepthMid,DepthLow,DepthLow--DepthMid,9,0.1405411129670614,6.632054396924244e-05,0.005017396301859449
1736,2933,13,100,13,100,DepthLow,DepthMid,DepthLow--DepthMid,9,0.14710682372023698,6.631850309834332e-05,0.005017241902370408
1737,10916,55,82,55,82,DepthHigh,DepthMid,DepthHigh--DepthMid,9,0.17599454954032243,6.631585941786529e-05,0.005017041898090287
1738,12647,65,168,65,168,DepthMid,DepthLow,DepthLow--DepthMid,9,0.155783214235086,6.630453446807029e-05,0.005016185123434661
1739,20445,125,196,125,196,DepthMid,DepthHigh,DepthHigh--DepthMid,5,0.06913401891023632,6.627122877037389e-05,0.005013665423286691
1740,5597,26,99,26,99,DepthHigh,DepthMid,DepthHigh--DepthMid,10,0.21136207881379843,6.626951815305723e-05,0.005013536008711888
1741,12272,63,114,63,114,DepthMid,DepthMid,DepthMid--DepthMid,8,0.13188719967979873,6.626507269299715e-05,0.005013199693091861
1742,15203,82,157,82,157,DepthMid,DepthHigh,DepthHigh--DepthMid,10,0.19145476310706422,6.624830562020329e-05,0.005011931201550719
1743,25316,210,222,210,222,DepthLow,DepthLow,DepthLow--DepthLow,8,0.1274110010399044,6.624591912901918e-05,0.005011750654599127
1744,14229,75,205,75,205,DepthMid,DepthLow,DepthLow--DepthMid,4,0.05359133443709621,6.624506738474469e-05,0.005011686216970646
1745,2918,13,85,13,85,DepthLow,DepthMid,DepthLow--DepthMid,10,0.20760249236892422,6.624104234145055e-05,0.005011381707445691
1746,13430,70,166,70,166,DepthMid,DepthHigh,DepthHigh--DepthMid,10,0.6716591548421835,6.62405577981277e-05,0.005011345049937615
1747,8321,40,142,40,142,DepthLow,DepthHigh,DepthHigh--DepthLow,7,0.1048493521221728,6.622737669064064e-05,0.0050103478500354145
1748,14418,77,97,77,97,DepthMid,DepthMid,DepthMid--DepthMid,10,0.3211081200335522,6.621417984890496e-05,0.005009349459778671
1749,17132,96,189,96,189,DepthHigh,DepthMid,DepthHigh--DepthMid,9,0.14979812687865743,6.62098001389685e-05,0.005009018118400521
1750,5999,28,106,28,106,DepthHigh,DepthMid,DepthHigh--DepthMid,9,0.1614399279457822,6.620446319613946e-05,0.005008614358786817
1751,12417,64,98,64,98,DepthMid,DepthLow,DepthLow--DepthMid,9,0.1416509276948796,6.618585068541837e-05,0.005007206252989258
1752,5753,27,57,27,57,DepthMid,DepthMid,DepthMid--DepthMid,9,0.17370836385876287,6.618236364778496e-05,0.005006942445597473
1753,1357,6,29,6,29,DepthMid,DepthMid,DepthMid--DepthMid,8,0.11894651180502529,6.61661372064812e-05,0.005005714854843278
1754,14993,81,90,81,90,DepthMid,DepthMid,DepthMid--DepthMid,10,0.21184240662840034,6.616595619795366e-05,0.005005701160873622
1755,24082,173,209,173,209,DepthLow,DepthLow,DepthLow--DepthLow,7,0.10778748272111739,6.614610454733177e-05,0.005004199309524781
1756,11244,57,73,57,73,DepthMid,DepthMid,DepthMid--DepthMid,10,0.2594180101861979,6.614372202437298e-05,0.0050040190627842224
1757,20226,123,178,123,178,DepthLow,DepthHigh,DepthHigh--DepthLow,6,0.09584894870021583,6.614314570946177e-05,0.005003975462413491
1758,23900,170,186,170,186,DepthHigh,DepthMid,DepthHigh--DepthMid,10,0.195691524298437,6.613327889899283e-05,0.005003229001431793
1759,23554,164,185,164,185,DepthLow,DepthMid,DepthLow--DepthMid,8,0.12027121609437906,6.612044471546443e-05,0.005002258047619915
1760,20728,128,185,128,185,DepthMid,DepthMid,DepthMid--DepthMid,9,0.1585274018396821,6.61130073023669e-05,0.005001695379602773
1761,15425,84,96,84,96,DepthMid,DepthHigh,DepthHigh--DepthMid,8,0.12886230647999253,6.611135226480723e-05,0.00500157016984371
1762,8901,43,173,43,173,DepthLow,DepthLow,DepthLow--DepthLow,10,0.23106821343482917,6.610888641535473e-05,0.005001383619143377
1763,5328,25,29,25,29,DepthMid,DepthMid,DepthMid--DepthMid,10,0.8370481377795476,6.609191340765804e-05,0.005000099547859397
1764,20746,128,203,128,203,DepthMid,DepthHigh,DepthHigh--DepthMid,9,0.16240693768827197,6.608937262254721e-05,0.004999907327997256
1765,22712,151,214,151,214,DepthHigh,DepthMid,DepthHigh--DepthMid,10,0.24148969765414155,6.60815084498072e-05,0.004999312374022796
1766,15563,85,94,85,94,DepthMid,DepthHigh,DepthHigh--DepthMid,8,0.124858915813822,6.607864299389271e-05,0.004999095591604437
1767,991,4,102,4,102,DepthMid,DepthMid,DepthMid--DepthMid,8,0.12112078294859203,6.606477838691242e-05,0.004998046682418439
1768,16595,92,174,92,174,DepthMid,DepthHigh,DepthHigh--DepthMid,9,0.17080718106702056,6.606385506226484e-05,0.0049979768294679825
1769,16938,95,124,95,124,DepthHigh,DepthLow,DepthHigh--DepthLow,5,0.06824383997144184,6.60604515697614e-05,0.004997719342576619
1770,15043,81,140,81,140,DepthMid,DepthHigh,DepthHigh--DepthMid,8,0.12570998883458046,6.604931756992796e-05,0.00499687701399718
1771,24109,174,185,174,185,DepthHigh,DepthMid,DepthHigh--DepthMid,8,0.13485006783681547,6.60374550264903e-05,0.004995979568379087
1772,5530,26,32,26,32,DepthHigh,DepthMid,DepthHigh--DepthMid,8,0.12567216694144442,6.603094347087874e-05,0.004995486944931065
1773,6926,33,63,33,63,DepthLow,DepthMid,DepthLow--DepthMid,9,0.16196226660107307,6.602450748109174e-05,0.004995000038319276
1774,4786,22,90,22,90,DepthHigh,DepthMid,DepthHigh--DepthMid,8,0.13299779301331827,6.601364527517243e-05,0.0049941782719623105
1775,15329,83,141,83,141,DepthLow,DepthHigh,DepthHigh--DepthLow,4,0.05732815673426872,6.600711079388824e-05,0.00499368391410172
1776,11809,60,140,60,140,DepthMid,DepthHigh,DepthHigh--DepthMid,8,0.13721940056267784,6.600664567747818e-05,0.004993648726311992
1777,969,4,80,4,80,DepthMid,DepthHigh,DepthHigh--DepthMid,2,0.017706526234261877,6.60007081623932e-05,0.004993199531169031
1778,10733,54,69,54,69,DepthMid,DepthHigh,DepthHigh--DepthMid,9,0.17515668300645712,6.599803771154938e-05,0.004992997501610975
1779,9158,45,69,45,69,DepthHigh,DepthHigh,DepthHigh--DepthHigh,10,0.21726121039072804,6.599019818040162e-05,0.004992404411864798
1780,14487,77,166,77,166,DepthMid,DepthHigh,DepthHigh--DepthMid,9,0.1712566946554562,6.598368756893261e-05,0.004991911859844678
1781,25305,210,211,210,211,DepthLow,DepthLow,DepthLow--DepthLow,9,0.17088806631243408,6.597885685931904e-05,0.004991546398660256
1782,8809,43,81,43,81,DepthLow,DepthMid,DepthLow--DepthMid,2,0.01984732010842983,6.597639251266688e-05,0.00499135996165237
1783,10574,53,81,53,81,DepthHigh,DepthMid,DepthHigh--DepthMid,2,0.011882961302484375,6.597131188506282e-05,0.0049909755932406215
1784,4066,18,188,18,188,DepthHigh,DepthMid,DepthHigh--DepthMid,6,0.0887153010847466,6.597052631902931e-05,0.004990916162242691
1785,24411,180,202,180,202,DepthHigh,DepthLow,DepthHigh--DepthLow,5,0.07537957071771077,6.596827700192867e-05,0.004990745993021707
1786,8541,41,178,41,178,DepthLow,DepthHigh,DepthHigh--DepthLow,6,0.09006907186004483,6.595873357964631e-05,0.0049900239975614645
1787,16751,93,198,93,198,DepthLow,DepthLow,DepthLow--DepthLow,10,0.2057410320000116,6.594937068479314e-05,0.004989315659673995
1788,10286,51,138,51,138,DepthHigh,DepthHigh,DepthHigh--DepthHigh,2,0.024349842750023682,6.594898390478992e-05,0.004989286398325374
1789,14332,76,159,76,159,DepthLow,DepthHigh,DepthHigh--DepthLow,9,0.14824845704084294,6.594283355220138e-05,0.004988821101232107
1790,14472,77,151,77,151,DepthMid,DepthHigh,DepthHigh--DepthMid,10,0.27648539102653963,6.5923063958084e-05,0.004987325457763624
1791,18301,106,123,106,123,DepthMid,DepthLow,DepthLow--DepthMid,6,0.09051389472510978,6.591474693431403e-05,0.0049866962439211494
1792,25199,204,210,204,210,DepthLow,DepthLow,DepthLow--DepthLow,10,0.7376273793114448,6.590900822567702e-05,0.004986262089226849
1793,18536,108,123,108,123,DepthMid,DepthLow,DepthLow--DepthMid,7,0.10115446944086214,6.5901712715816e-05,0.0049857101567183666
1794,8704,42,158,42,158,DepthMid,DepthHigh,DepthHigh--DepthMid,6,0.08470113951297077,6.58952598795114e-05,0.00498522197560474
1795,23702,166,214,166,214,DepthHigh,DepthMid,DepthHigh--DepthMid,9,0.1761113065462176,6.588828494617935e-05,0.004984694295905337
1796,19755,119,121,119,121,DepthHigh,DepthHigh,DepthHigh--DepthHigh,8,0.1350609263611809,6.588618792680759e-05,0.004984535648575096
1797,13026,68,73,68,73,DepthLow,DepthMid,DepthLow--DepthMid,10,0.21606029597632134,6.588606302464609e-05,0.0049845261992611176
1798,25274,208,211,208,211,DepthLow,DepthLow,DepthLow--DepthLow,10,0.20536616949959308,6.587584722133598e-05,0.004983753335670426
1799,15736,86,128,86,128,DepthMid,DepthMid,DepthMid--DepthMid,4,0.05793657824468084,6.58487588892459e-05,0.004981704002400252
1800,4131,19,47,19,47,DepthHigh,DepthHigh,DepthHigh--DepthHigh,4,0.055590052013022334,6.584574985827754e-05,0.004981476357994019
1801,4607,21,114,21,114,DepthHigh,DepthMid,DepthHigh--DepthMid,6,0.09106879678804217,6.584022011491702e-05,0.004981058012301618
1802,2211,10,17,10,17,DepthLow,DepthHigh,DepthHigh--DepthLow,7,0.11388062329988921,6.584021587810171e-05,0.004981057691770751
1803,25200,204,211,204,211,DepthLow,DepthLow,DepthLow--DepthLow,10,0.19914816281604664,6.58255150239923e-05,0.004979945517373071
1804,8619,42,73,42,73,DepthMid,DepthMid,DepthMid--DepthMid,10,0.23906806847319026,6.581837983985506e-05,0.004979405714103063
1805,12513,64,194,64,194,DepthMid,DepthLow,DepthLow--DepthMid,10,0.34875778019650516,6.578216954805102e-05,0.004976666270586571
1806,9339,46,71,46,71,DepthHigh,DepthLow,DepthHigh--DepthLow,1,-0.0006113791565060397,6.577789447942971e-05,0.0049763428457138695
1807,24543,183,205,183,205,DepthMid,DepthLow,DepthLow--DepthMid,8,0.1201448368794514,6.577587601085566e-05,0.004976190141044204
1808,7525,36,92,36,92,DepthHigh,DepthMid,DepthHigh--DepthMid,8,0.12973611308380723,6.577523262823907e-05,0.004976141466751625
1809,23383,161,200,161,200,DepthLow,DepthHigh,DepthHigh--DepthLow,3,0.027787205518138066,6.575692005758281e-05,0.00497475605253773
1810,985,4,96,4,96,DepthMid,DepthHigh,DepthHigh--DepthMid,5,0.07798548970014697,6.574633820267952e-05,0.004973955495779884
1811,4429,20,140,20,140,DepthHigh,DepthHigh,DepthHigh--DepthHigh,9,0.15616900296061872,6.573983228084202e-05,0.004973463298547865
1812,11172,56,169,56,169,DepthMid,DepthLow,DepthLow--DepthMid,6,0.08516913006263041,6.569094919949775e-05,0.00496976511127615
1813,3899,18,21,18,21,DepthHigh,DepthHigh,DepthHigh--DepthHigh,10,0.508797446085489,6.568581804527702e-05,0.004969376920337558
1814,24351,179,187,179,187,DepthHigh,DepthMid,DepthHigh--DepthMid,7,0.11139122346382674,6.568446491308136e-05,0.004969274550844364
1815,11826,60,157,60,157,DepthMid,DepthHigh,DepthHigh--DepthMid,2,0.012082613457972107,6.568288912751957e-05,0.004969155336794283
1816,21241,134,137,134,137,DepthLow,DepthLow,DepthLow--DepthLow,10,0.7554116835454998,6.567779923041159e-05,0.004968770267110019
1817,17156,96,213,96,213,DepthHigh,DepthLow,DepthHigh--DepthLow,7,0.10286847773877093,6.567225270137628e-05,0.004968350651518765
1818,8716,42,170,42,170,DepthMid,DepthHigh,DepthHigh--DepthMid,10,0.19482479723743407,6.565902039793427e-05,0.004967349578451785
1819,7514,36,81,36,81,DepthHigh,DepthMid,DepthHigh--DepthMid,10,0.1805064815363378,6.564938597800815e-05,0.004966620698680681
1820,13820,73,97,73,97,DepthMid,DepthMid,DepthMid--DepthMid,10,0.2908328266246327,6.56453437537559e-05,0.004966314889352217
1821,16745,93,192,93,192,DepthLow,DepthLow,DepthLow--DepthLow,10,0.25772594308545266,6.561986253582641e-05,0.004964387140257373
1822,18047,104,108,104,108,DepthMid,DepthMid,DepthMid--DepthMid,7,0.10549693394082683,6.561303747649508e-05,0.004963870799084645
1823,11642,59,138,59,138,DepthLow,DepthHigh,DepthHigh--DepthLow,4,0.061238810921217086,6.561252822846307e-05,0.004963832272573257
1824,13425,70,161,70,161,DepthMid,DepthLow,DepthLow--DepthMid,9,0.1426269272896743,6.561061530495425e-05,0.004963687552781101
1825,23365,161,182,161,182,DepthLow,DepthLow,DepthLow--DepthLow,4,0.04700448055459381,6.560416796325756e-05,0.00496319978735504
1826,5639,26,141,26,141,DepthHigh,DepthHigh,DepthHigh--DepthHigh,9,0.1400236899808199,6.55992646015027e-05,0.004962828829765384
1827,15979,88,96,88,96,DepthMid,DepthHigh,DepthHigh--DepthMid,9,0.14675466123065442,6.558514765851788e-05,0.004961760830420286
1828,24832,191,194,191,194,DepthLow,DepthLow,DepthLow--DepthLow,10,0.861353704910412,6.556022494593842e-05,0.004959875334336503
1829,12473,64,154,64,154,DepthMid,DepthLow,DepthLow--DepthMid,8,0.12233509992119766,6.555833987064249e-05,0.004959732721365431
1830,14033,74,159,74,159,DepthLow,DepthHigh,DepthHigh--DepthLow,8,0.12650822209245519,6.555404727238722e-05,0.004959407970310594
1831,12099,62,103,62,103,DepthMid,DepthMid,DepthMid--DepthMid,4,0.053218358907948585,6.554663251860935e-05,0.004958847016555426
1832,14429,77,108,77,108,DepthMid,DepthMid,DepthMid--DepthMid,4,0.05600725148480738,6.552962655520698e-05,0.0049575604520495
1833,15204,82,158,82,158,DepthMid,DepthHigh,DepthHigh--DepthMid,10,0.2112790730119133,6.550944649088247e-05,0.004956033754980186
1834,20376,125,127,125,127,DepthMid,DepthMid,DepthMid--DepthMid,6,0.08154346069990367,6.550830394555192e-05,0.004955947317168113
1835,16645,92,224,92,224,DepthMid,DepthLow,DepthLow--DepthMid,10,0.23198855645238178,6.549214720515437e-05,0.004954724999547221
1836,5329,25,30,25,30,DepthMid,DepthMid,DepthMid--DepthMid,10,0.7609034005070785,6.547141633447083e-05,0.0049531566319242085
1837,3935,18,57,18,57,DepthHigh,DepthMid,DepthHigh--DepthMid,7,0.10984574454658244,6.546826399779435e-05,0.004952918145907113
1838,10402,52,81,52,81,DepthHigh,DepthMid,DepthHigh--DepthMid,1,-0.014613613336577042,6.54623154824749e-05,0.0049524681185554205
1839,10584,53,91,53,91,DepthHigh,DepthMid,DepthHigh--DepthMid,8,0.13760540410133015,6.545732066139675e-05,0.0049520902417271246
1840,15975,88,92,88,92,DepthMid,DepthMid,DepthMid--DepthMid,10,0.7623214221021268,6.545294115786739e-05,0.004951758915964441
1841,12282,63,124,63,124,DepthMid,DepthLow,DepthLow--DepthMid,9,0.15463542625637233,6.543873274140522e-05,0.004950683996309897
1842,2294,10,100,10,100,DepthLow,DepthMid,DepthLow--DepthMid,9,0.1430695534263272,6.54270308183534e-05,0.004949798702222561
1843,10914,55,80,55,80,DepthHigh,DepthHigh,DepthHigh--DepthHigh,9,0.17328062206331105,6.541366438405673e-05,0.0049487874816565745
1844,11375,57,204,57,204,DepthMid,DepthLow,DepthLow--DepthMid,9,0.15602059304191823,6.540465592924446e-05,0.004948105958479058
1845,14865,80,106,80,106,DepthHigh,DepthMid,DepthHigh--DepthMid,10,0.18561828985504425,6.540221514494179e-05,0.004947921304050717
1846,11856,60,187,60,187,DepthMid,DepthMid,DepthMid--DepthMid,10,0.4537136114699768,6.539646822964541e-05,0.004947486528492053
1847,15388,83,200,83,200,DepthLow,DepthHigh,DepthHigh--DepthLow,1,-0.0224791292707985,6.539052208669452e-05,0.004947036680618882
1848,10955,55,121,55,121,DepthHigh,DepthHigh,DepthHigh--DepthHigh,2,0.016130960096906694,6.538331186158606e-05,0.004946491200219753
1849,15639,85,170,85,170,DepthMid,DepthHigh,DepthHigh--DepthMid,10,0.18386282259265885,6.537519337534344e-05,0.004945877006481093
1850,1575,7,29,7,29,DepthMid,DepthMid,DepthMid--DepthMid,7,0.11186381228757958,6.536598752048685e-05,0.004945180549254592
1851,3440,15,186,15,186,DepthLow,DepthMid,DepthLow--DepthMid,8,0.12276661288230196,6.53592593482137e-05,0.004944671537948876
1852,10935,55,101,55,101,DepthHigh,DepthMid,DepthHigh--DepthMid,7,0.09622882466814532,6.534693792009128e-05,0.004943739375994297
1853,18481,107,185,107,185,DepthMid,DepthMid,DepthMid--DepthMid,9,0.1453969525911482,6.534373435231073e-05,0.004943497014153262
1854,23999,172,178,172,178,DepthLow,DepthHigh,DepthHigh--DepthLow,5,0.0728413711753415,6.534081445360056e-05,0.004943276112934523
1855,19813,119,179,119,179,DepthHigh,DepthHigh,DepthHigh--DepthHigh,6,0.08699830223932502,6.534066044169562e-05,0.004943264461359972
1856,10208,51,60,51,60,DepthHigh,DepthMid,DepthHigh--DepthMid,10,0.18691808675500465,6.529988801652029e-05,0.004940179875452665
1857,14574,78,106,78,106,DepthLow,DepthMid,DepthLow--DepthMid,8,0.12229961665024827,6.529090838331187e-05,0.004939500532736885
1858,11843,60,174,60,174,DepthMid,DepthHigh,DepthHigh--DepthMid,9,0.17822779415833584,6.529057077841259e-05,0.004939474991668135
1859,11974,61,141,61,141,DepthMid,DepthHigh,DepthHigh--DepthMid,4,0.05861694527038805,6.528467491667135e-05,0.004939028947755851
1860,4681,21,188,21,188,DepthHigh,DepthMid,DepthHigh--DepthMid,6,0.09464641940179122,6.528333248053905e-05,0.004938927387459712
1861,9230,45,141,45,141,DepthHigh,DepthHigh,DepthHigh--DepthHigh,5,0.07638535787964636,6.52804813720769e-05,0.0049387116904795894
1862,16032,88,149,88,149,DepthMid,DepthHigh,DepthHigh--DepthMid,10,0.19423240010597614,6.52746423457856e-05,0.0049382699463808985
1863,3079,14,35,14,35,DepthLow,DepthLow,DepthLow--DepthLow,9,0.16518197773621757,6.52730469096557e-05,0.0049381492456921075
1864,15185,82,139,82,139,DepthMid,DepthHigh,DepthHigh--DepthMid,10,0.19523958101750988,6.52632844864397e-05,0.004937410681995106
1865,12062,62,66,62,66,DepthMid,DepthLow,DepthLow--DepthMid,8,0.13187036743868225,6.52627170603269e-05,0.004937367754095099
1866,12646,65,167,65,167,DepthMid,DepthLow,DepthLow--DepthMid,8,0.12934335731930519,6.525618450562336e-05,0.004936873541987513
1867,17832,102,136,102,136,DepthMid,DepthHigh,DepthHigh--DepthMid,5,0.06476294894232608,6.524406285155506e-05,0.004935956493684608
1868,18420,107,124,107,124,DepthMid,DepthLow,DepthLow--DepthMid,8,0.1195571632129011,6.523772180731367e-05,0.004935476770057169
1869,11737,60,68,60,68,DepthMid,DepthLow,DepthLow--DepthMid,9,0.16896202096720433,6.521677353245468e-05,0.004933891954998104
1870,19822,119,188,119,188,DepthHigh,DepthMid,DepthHigh--DepthMid,9,0.16470930927024713,6.521286184958707e-05,0.004933596021611866
1871,6089,28,196,28,196,DepthHigh,DepthHigh,DepthHigh--DepthHigh,9,0.16680404208048266,6.521229256304908e-05,0.004933552952963759
1872,2369,10,175,10,175,DepthLow,DepthMid,DepthLow--DepthMid,7,0.09963590567286724,6.519802293254698e-05,0.004932473402238975
1873,3005,13,172,13,172,DepthLow,DepthLow,DepthLow--DepthLow,8,0.1203313101284212,6.519702749096711e-05,0.004932398093373838
1874,12226,63,68,63,68,DepthMid,DepthLow,DepthLow--DepthMid,8,0.13692651769952718,6.518777082396738e-05,0.004931697792019352
1875,4633,21,140,21,140,DepthHigh,DepthHigh,DepthHigh--DepthHigh,9,0.15072831263733064,6.518444834907535e-05,0.004931446434412211
1876,22672,151,174,151,174,DepthHigh,DepthHigh,DepthHigh--DepthHigh,7,0.1105191125212914,6.517716804578562e-05,0.004930895652337517
1877,2625,11,217,11,217,DepthMid,DepthLow,DepthLow--DepthMid,6,0.09355848664180245,6.516175048361228e-05,0.004929729256303912
1878,3217,14,173,14,173,DepthLow,DepthLow,DepthLow--DepthLow,7,0.09890417434817407,6.51579862173681e-05,0.0049294444755346
1879,18366,106,188,106,188,DepthMid,DepthMid,DepthMid--DepthMid,8,0.11809304857389055,6.514352130531461e-05,0.004928350151032715
1880,4063,18,185,18,185,DepthHigh,DepthMid,DepthHigh--DepthMid,6,0.08781445804624859,6.510683617858107e-05,0.004925574784484282
1881,167,0,168,0,168,DepthLow,DepthLow,DepthLow--DepthLow,10,0.18057344793574237,6.510588994389959e-05,0.004925503198304383
1882,11820,60,151,60,151,DepthMid,DepthHigh,DepthHigh--DepthMid,10,0.24482302238473913,6.510329647849742e-05,0.004925306992981883
1883,4912,22,216,22,216,DepthHigh,DepthHigh,DepthHigh--DepthHigh,8,0.11666243516908674,6.507676599504623e-05,0.004923299863040122
1884,15015,81,112,81,112,DepthMid,DepthHigh,DepthHigh--DepthMid,10,0.24848378817183522,6.507632741416544e-05,0.004923266682762072
1885,22825,153,182,153,182,DepthHigh,DepthLow,DepthHigh--DepthLow,6,0.08229560748099077,6.507304472804625e-05,0.004923018335323875
1886,9228,45,139,45,139,DepthHigh,DepthHigh,DepthHigh--DepthHigh,4,0.054281084336527806,6.506630266271517e-05,0.004922508272956552
1887,9103,44,194,44,194,DepthLow,DepthLow,DepthLow--DepthLow,10,0.24740044577103143,6.506150959749814e-05,0.004922145659711016
1888,12366,63,208,63,208,DepthMid,DepthLow,DepthLow--DepthMid,8,0.12569346562515948,6.505896393394193e-05,0.004921953070776301
1889,15092,81,189,81,189,DepthMid,DepthMid,DepthMid--DepthMid,10,0.314181131866402,6.505209574120363e-05,0.0049214334664005955
1890,3339,15,85,15,85,DepthLow,DepthMid,DepthLow--DepthMid,10,0.2040862388903198,6.501054359190951e-05,0.004918289891457975
1891,18981,111,223,111,223,DepthMid,DepthMid,DepthMid--DepthMid,7,0.11437180230700086,6.50057316937036e-05,0.004917925853426646
1892,4172,19,88,19,88,DepthHigh,DepthMid,DepthHigh--DepthMid,9,0.16706649145684563,6.499700610745122e-05,0.004917265730309824
1893,3375,15,121,15,121,DepthLow,DepthHigh,DepthHigh--DepthLow,10,0.1856610599073838,6.499024670973525e-05,0.004916754356682995
1894,5688,26,190,26,190,DepthHigh,DepthLow,DepthHigh--DepthLow,7,0.10013417915871195,6.498587233345867e-05,0.004916423418816092
1895,16726,93,173,93,173,DepthLow,DepthLow,DepthLow--DepthLow,10,0.19850936651898712,6.498025325288935e-05,0.004915998314430919
1896,12275,63,117,63,117,DepthMid,DepthMid,DepthMid--DepthMid,8,0.12577374162350277,6.496409393358876e-05,0.004914775801706401
1897,23897,170,183,170,183,DepthHigh,DepthMid,DepthHigh--DepthMid,10,0.21837155304626643,6.49520250949601e-05,0.004913862749088328
1898,3670,16,207,16,207,DepthMid,DepthLow,DepthLow--DepthMid,10,0.3802978265581374,6.494255751539071e-05,0.004913146491411957
1899,12533,64,214,64,214,DepthMid,DepthMid,DepthMid--DepthMid,9,0.15271687316238505,6.493989934203004e-05,0.0049129453906912555
1900,17067,96,124,96,124,DepthHigh,DepthLow,DepthHigh--DepthLow,4,0.05549951196207897,6.492913856744506e-05,0.004912131297992727
1901,12335,63,177,63,177,DepthMid,DepthLow,DepthLow--DepthMid,9,0.1627857353086149,6.49168472007186e-05,0.0049112014102947795
1902,15200,82,154,82,154,DepthMid,DepthLow,DepthLow--DepthMid,8,0.12936364132800246,6.490274613267044e-05,0.0049101346119478015
1903,2872,13,39,13,39,DepthLow,DepthLow,DepthLow--DepthLow,8,0.13539046329379162,6.486363618241853e-05,0.00490717579846384
1904,23504,163,196,163,196,DepthHigh,DepthHigh,DepthHigh--DepthHigh,10,0.2646521783938764,6.485357613628242e-05,0.004906414718483808
1905,9176,45,87,45,87,DepthHigh,DepthMid,DepthHigh--DepthMid,9,0.17258726262008342,6.482378492003789e-05,0.004904160901954761
1906,11279,57,108,57,108,DepthMid,DepthMid,DepthMid--DepthMid,6,0.07900925134671968,6.482262394445819e-05,0.0049040730698256575
1907,11936,61,103,61,103,DepthMid,DepthMid,DepthMid--DepthMid,6,0.08634951492964588,6.481457862731777e-05,0.004903464411602252
1908,12305,63,147,63,147,DepthMid,DepthHigh,DepthHigh--DepthMid,9,0.17113472248379438,6.481042984398205e-05,0.004903150540682021
1909,12633,65,154,65,154,DepthMid,DepthLow,DepthLow--DepthMid,8,0.1233515675119685,6.480940271755365e-05,0.004903072834740016
1910,18855,110,211,110,211,DepthMid,DepthLow,DepthLow--DepthMid,7,0.09829113142334875,6.480486206377342e-05,0.0049027293173603105
1911,10205,51,57,51,57,DepthHigh,DepthMid,DepthHigh--DepthMid,9,0.15911576108401043,6.480167697466047e-05,0.004902488353499342
1912,16446,91,158,91,158,DepthMid,DepthHigh,DepthHigh--DepthMid,8,0.13305576870784722,6.479685454238784e-05,0.004902123518526608
1913,20605,127,159,127,159,DepthMid,DepthHigh,DepthHigh--DepthMid,9,0.14080889120898718,6.478762861091388e-05,0.004901425542429185
1914,17732,101,159,101,159,DepthMid,DepthHigh,DepthHigh--DepthMid,10,0.23500999741863374,6.476937572892339e-05,0.0049000446438852915
1915,14998,81,95,81,95,DepthMid,DepthHigh,DepthHigh--DepthMid,7,0.09702708923781746,6.474603646767242e-05,0.004898278941795407
1916,24258,177,187,177,187,DepthLow,DepthMid,DepthLow--DepthMid,9,0.1625623414206595,6.471451689196187e-05,0.004895894368431841
1917,9687,48,64,48,64,DepthHigh,DepthMid,DepthHigh--DepthMid,5,0.07570259758419429,6.471400825192057e-05,0.004895855887917215
1918,19998,121,155,121,155,DepthHigh,DepthLow,DepthHigh--DepthLow,8,0.11560534974021425,6.46990725602957e-05,0.004894725947186345
1919,16222,89,203,89,203,DepthLow,DepthHigh,DepthHigh--DepthLow,9,0.17442881078819394,6.46957717863808e-05,0.004894476231338997
1920,13973,74,99,74,99,DepthLow,DepthMid,DepthLow--DepthMid,8,0.13516849519928867,6.469044759034782e-05,0.004894073436067916
1921,15618,85,149,85,149,DepthMid,DepthHigh,DepthHigh--DepthMid,10,0.18905052026996902,6.467746797660825e-05,0.004893091479918602
1922,3129,14,85,14,85,DepthLow,DepthMid,DepthLow--DepthMid,10,0.2137153034994527,6.467737592524482e-05,0.004893084515889919
1923,11476,58,138,58,138,DepthMid,DepthHigh,DepthHigh--DepthMid,2,0.02459488331414825,6.467336626085767e-05,0.004892781169836589
1924,21423,136,140,136,140,DepthHigh,DepthHigh,DepthHigh--DepthHigh,8,0.13496718400500102,6.466192443885544e-05,0.004891915553362949
1925,18570,108,157,108,157,DepthMid,DepthHigh,DepthHigh--DepthMid,10,0.2646043221944705,6.46577833498627e-05,0.004891602264548439
1926,2923,13,90,13,90,DepthLow,DepthMid,DepthLow--DepthMid,10,0.20707120910580704,6.464969187223153e-05,0.0048909901141118844
1927,17730,101,157,101,157,DepthMid,DepthHigh,DepthHigh--DepthMid,10,0.1983873547133748,6.464557888944307e-05,0.004890678951636468
1928,224,0,225,0,225,DepthLow,DepthLow,DepthLow--DepthLow,10,0.7463549013120288,6.463633201706866e-05,0.004889979391281887
1929,23301,160,182,160,182,DepthLow,DepthLow,DepthLow--DepthLow,5,0.06523234427728818,6.462479143753742e-05,0.004889106303433148
1930,20029,121,186,121,186,DepthHigh,DepthMid,DepthHigh--DepthMid,9,0.154131576442012,6.461117993526606e-05,0.004888076542561604
1931,17278,97,207,97,207,DepthMid,DepthLow,DepthLow--DepthMid,9,0.174121942218065,6.457817461576894e-05,0.0048855795671438
1932,24323,178,205,178,205,DepthHigh,DepthLow,DepthHigh--DepthLow,4,0.061356581437241375,6.457602392341785e-05,0.004885416859252655
1933,20389,125,140,125,140,DepthMid,DepthHigh,DepthHigh--DepthMid,4,0.055398897305585504,6.457079150428972e-05,0.004885021007246444
1934,9622,47,176,47,176,DepthHigh,DepthHigh,DepthHigh--DepthHigh,4,0.058461220867076516,6.457066115777667e-05,0.004885011146046982
1935,4157,19,73,19,73,DepthHigh,DepthMid,DepthHigh--DepthMid,10,0.22491865143188783,6.455592560988404e-05,0.004883896346935312
1936,16040,88,157,88,157,DepthMid,DepthHigh,DepthHigh--DepthMid,4,0.054410859838765445,6.454552509335608e-05,0.004883109509101337
1937,9861,49,62,49,62,DepthHigh,DepthMid,DepthHigh--DepthMid,8,0.12927295490118784,6.453423938523358e-05,0.004882255703224473
1938,11326,57,155,57,155,DepthMid,DepthLow,DepthLow--DepthMid,8,0.1284630290423174,6.452919256795424e-05,0.0048818738926897885
1939,3094,14,50,14,50,DepthLow,DepthHigh,DepthHigh--DepthLow,9,0.1673817660361704,6.452590473868266e-05,0.004881625156152947
1940,13464,70,200,70,200,DepthMid,DepthHigh,DepthHigh--DepthMid,9,0.14774272698635071,6.451487152291959e-05,0.004880790452264014
1941,7192,34,138,34,138,DepthHigh,DepthHigh,DepthHigh--DepthHigh,5,0.0677117161159557,6.451217489054911e-05,0.004880586441975899
1942,17511,99,187,99,187,DepthMid,DepthMid,DepthMid--DepthMid,10,0.17899665664610906,6.447935604387702e-05,0.00487810357392222
1943,11733,60,64,60,64,DepthMid,DepthMid,DepthMid--DepthMid,7,0.11016528725262861,6.44788938901113e-05,0.004878068610267579
1944,108,0,109,0,109,DepthLow,DepthMid,DepthLow--DepthMid,6,0.0895372843693013,6.447055413003191e-05,0.004877437676338566
1945,3112,14,68,14,68,DepthLow,DepthLow,DepthLow--DepthLow,10,0.20612869861477814,6.44602209650848e-05,0.004876655933902675
1946,11691,59,187,59,187,DepthLow,DepthMid,DepthLow--DepthMid,10,0.2067943489937599,6.445600043704781e-05,0.004876336635228429
1947,21876,141,163,141,163,DepthHigh,DepthHigh,DepthHigh--DepthHigh,10,0.2952202323073569,6.443281266034216e-05,0.004874582393508921
1948,21668,138,210,138,210,DepthHigh,DepthLow,DepthHigh--DepthLow,4,0.049181196426792535,6.442326173194978e-05,0.004873859830183483
1949,8352,40,173,40,173,DepthLow,DepthLow,DepthLow--DepthLow,9,0.14298999461221037,6.44180207704056e-05,0.004873463331911664
1950,12476,64,157,64,157,DepthMid,DepthHigh,DepthHigh--DepthMid,9,0.1743736656789993,6.440027160482237e-05,0.004872120541391132
1951,22729,152,158,152,158,DepthHigh,DepthHigh,DepthHigh--DepthHigh,9,0.15357637727851545,6.439306251672379e-05,0.004871575147011038
1952,9506,47,60,47,60,DepthHigh,DepthMid,DepthHigh--DepthMid,1,-0.0201482688507543,6.437737797295104e-05,0.004870388552824503
1953,20406,125,157,125,157,DepthMid,DepthHigh,DepthHigh--DepthMid,6,0.09275443526226058,6.435772744299597e-05,0.004868901917003604
1954,11835,60,166,60,166,DepthMid,DepthHigh,DepthHigh--DepthMid,9,0.17484273465323047,6.435723589080939e-05,0.0048688647292488675
1955,3111,14,67,14,67,DepthLow,DepthLow,DepthLow--DepthLow,9,0.14260896395986714,6.435611310683013e-05,0.004868779786456663
1956,19071,112,200,112,200,DepthHigh,DepthHigh,DepthHigh--DepthHigh,9,0.15385300219199036,6.433426348986029e-05,0.004867126781507964
1957,10575,53,82,53,82,DepthHigh,DepthMid,DepthHigh--DepthMid,9,0.17331179968676588,6.431965151825642e-05,0.00486602133140306
1958,13870,73,147,73,147,DepthMid,DepthHigh,DepthHigh--DepthMid,9,0.14649074672569135,6.431043986744566e-05,0.004865324435691026
1959,18519,107,223,107,223,DepthMid,DepthMid,DepthMid--DepthMid,5,0.06400925279587262,6.430679690411467e-05,0.004865048831939145
1960,16041,88,158,88,158,DepthMid,DepthHigh,DepthHigh--DepthMid,5,0.0739050138893753,6.430088330101697e-05,0.00486460144582713
1961,9965,49,166,49,166,DepthHigh,DepthHigh,DepthHigh--DepthHigh,3,0.03361862272466019,6.429147780543703e-05,0.004863889885035925
1962,22233,145,194,145,194,DepthLow,DepthLow,DepthLow--DepthLow,10,0.8134923724608645,6.429074377476214e-05,0.004863834352879926
1963,903,4,14,4,14,DepthMid,DepthLow,DepthLow--DepthMid,7,0.09842980966949082,6.427490752508517e-05,0.004862636281576388
1964,13994,74,120,74,120,DepthLow,DepthMid,DepthLow--DepthMid,6,0.08264299806971993,6.42606218047406e-05,0.00486155551359506
1965,6626,31,148,31,148,DepthMid,DepthHigh,DepthHigh--DepthMid,5,0.07827558335410109,6.423908418470327e-05,0.004859926112376995
1966,21442,136,159,136,159,DepthHigh,DepthHigh,DepthHigh--DepthHigh,10,0.19190657642160877,6.423580198559267e-05,0.0048596778017828135
1967,23096,157,175,157,175,DepthHigh,DepthMid,DepthHigh--DepthMid,8,0.12551185424786832,6.42353181298649e-05,0.004859641196293867
1968,24126,174,202,174,202,DepthHigh,DepthLow,DepthHigh--DepthLow,6,0.09457805488921103,6.422805357261208e-05,0.004859091605465543
1969,18253,105,194,105,194,DepthMid,DepthLow,DepthLow--DepthMid,5,0.07782307280227199,6.421574961179621e-05,0.0048581607649778
1970,16387,91,99,91,99,DepthMid,DepthMid,DepthMid--DepthMid,10,0.47657576217653225,6.42131853876288e-05,0.00485796677186368
1971,20665,127,219,127,219,DepthMid,DepthHigh,DepthHigh--DepthMid,5,0.06807632987902051,6.420415528276267e-05,0.004857283610778907
1972,3191,14,147,14,147,DepthLow,DepthHigh,DepthHigh--DepthLow,8,0.12221951232095485,6.42007605636418e-05,0.004857026787626631
1973,3366,15,112,15,112,DepthLow,DepthHigh,DepthHigh--DepthLow,8,0.11698813325672718,6.418315667697859e-05,0.004855694987997796
1974,23388,161,205,161,205,DepthLow,DepthLow,DepthLow--DepthLow,7,0.10189685316966789,6.417346812124025e-05,0.004854962012650754
1975,384,1,161,1,161,DepthLow,DepthLow,DepthLow--DepthLow,9,0.1598989411735334,6.41624727046167e-05,0.004854130168407588
1976,12486,64,167,64,167,DepthMid,DepthLow,DepthLow--DepthMid,8,0.1259970318606527,6.41613979409381e-05,0.00485404885853008
1977,18363,106,185,106,185,DepthMid,DepthMid,DepthMid--DepthMid,6,0.08888913095192742,6.4156076432014e-05,0.004853646266548802
1978,3296,15,42,15,42,DepthLow,DepthMid,DepthLow--DepthMid,10,0.2038998368760897,6.41520792016943e-05,0.0048533438611790105
1979,11395,57,224,57,224,DepthMid,DepthLow,DepthLow--DepthMid,9,0.1759984921715067,6.414941711445403e-05,0.004853142464358732
1980,11267,57,96,57,96,DepthMid,DepthHigh,DepthHigh--DepthMid,9,0.14355313585059676,6.412779814674518e-05,0.004851506908886167
1981,18003,103,185,103,185,DepthMid,DepthMid,DepthMid--DepthMid,7,0.11095995458150701,6.411751500510258e-05,0.004850728950899679
1982,3664,16,201,16,201,DepthMid,DepthLow,DepthLow--DepthMid,10,0.3519862958210521,6.411653043720232e-05,0.004850654464668928
1983,12152,62,156,62,156,DepthMid,DepthLow,DepthLow--DepthMid,9,0.14493770308579995,6.407919032753404e-05,0.004847829546220617
1984,4477,20,188,20,188,DepthHigh,DepthMid,DepthHigh--DepthMid,6,0.09170900579808028,6.406999289573191e-05,0.004847133726229575
1985,14341,76,168,76,168,DepthLow,DepthLow,DepthLow--DepthLow,10,0.18315951768361355,6.406750953172261e-05,0.004846945850487751
1986,14269,76,96,76,96,DepthLow,DepthHigh,DepthHigh--DepthLow,8,0.1252668877924101,6.406616378575095e-05,0.004846844039789928
1987,23366,161,183,161,183,DepthLow,DepthMid,DepthLow--DepthMid,3,0.033189492987101415,6.405496408383279e-05,0.004845996740602935
1988,1982,8,219,8,219,DepthMid,DepthHigh,DepthHigh--DepthMid,10,0.21333759455675513,6.404531389699575e-05,0.004845266668006261
1989,19607,117,186,117,186,DepthMid,DepthMid,DepthMid--DepthMid,8,0.13059891921713562,6.403279966112342e-05,0.004844319919426884
1990,16224,89,205,89,205,DepthLow,DepthLow,DepthLow--DepthLow,1,-0.000796219301949759,6.401103518434487e-05,0.004842673355650941
1991,11765,60,96,60,96,DepthMid,DepthHigh,DepthHigh--DepthMid,8,0.13979920423852155,6.400800341718109e-05,0.004842443991166796
1992,22848,153,205,153,205,DepthHigh,DepthLow,DepthHigh--DepthLow,7,0.09942644981607601,6.400670566251282e-05,0.00484234581118992
1993,12588,65,109,65,109,DepthMid,DepthMid,DepthMid--DepthMid,9,0.1398394733413096,6.399209112728145e-05,0.004841240167137042
1994,18011,103,193,103,193,DepthMid,DepthLow,DepthLow--DepthMid,6,0.08525990547282662,6.395394879815322e-05,0.00483835455779703
1995,2984,13,151,13,151,DepthLow,DepthHigh,DepthHigh--DepthLow,8,0.13203676883270282,6.394592296345771e-05,0.004837747373493185
1996,8897,43,169,43,169,DepthLow,DepthLow,DepthLow--DepthLow,10,0.2520331195698066,6.393825200280884e-05,0.004837167036733444
1997,13919,73,196,73,196,DepthMid,DepthHigh,DepthHigh--DepthMid,9,0.17329216033706812,6.393668749138457e-05,0.00483704867561388
1998,10688,53,195,53,195,DepthHigh,DepthHigh,DepthHigh--DepthHigh,8,0.13345908774960677,6.393033704116808e-05,0.004836568240389372
1999,24637,185,218,185,218,DepthMid,DepthHigh,DepthHigh--DepthMid,4,0.05396824787894648,6.39286795942373e-05,0.004836442848352406
2000,24726,188,193,188,193,DepthMid,DepthLow,DepthLow--DepthMid,3,0.039996449226134254,6.392531291851709e-05,0.004836188146787895
2001,3008,13,175,13,175,DepthLow,DepthMid,DepthLow--DepthMid,7,0.10027376909544868,6.391396044122599e-05,0.004835329289574605
2002,2901,13,68,13,68,DepthLow,DepthLow,DepthLow--DepthLow,10,0.2363038797567072,6.390715682404866e-05,0.004834814570580734
2003,19323,115,119,115,119,DepthHigh,DepthHigh,DepthHigh--DepthHigh,8,0.12962037217423342,6.389875945706575e-05,0.004834179278474793
2004,3041,13,208,13,208,DepthLow,DepthLow,DepthLow--DepthLow,8,0.12968407171295496,6.389767854013188e-05,0.0048340975030805935
2005,20022,121,179,121,179,DepthHigh,DepthHigh,DepthHigh--DepthHigh,7,0.1042573947299012,6.38833538366579e-05,0.00483301378588025
2006,16135,89,116,89,116,DepthLow,DepthMid,DepthLow--DepthMid,8,0.12158263674346727,6.388243008763011e-05,0.004832943900823849
2007,15884,87,138,87,138,DepthMid,DepthHigh,DepthHigh--DepthMid,9,0.14515419570711555,6.388141590950258e-05,0.0048328671744690575
2008,17731,101,158,101,158,DepthMid,DepthHigh,DepthHigh--DepthMid,10,0.24661748571689623,6.38724468424725e-05,0.0048321886311240465
2009,16459,91,171,91,171,DepthMid,DepthLow,DepthLow--DepthMid,5,0.06641600634261566,6.386695743958821e-05,0.004831773337339004
2010,10608,53,115,53,115,DepthHigh,DepthHigh,DepthHigh--DepthHigh,9,0.16332771197113866,6.386332623074479e-05,0.004831498622857913
2011,7317,35,73,35,73,DepthLow,DepthMid,DepthLow--DepthMid,8,0.12841610916876492,6.386185540916408e-05,0.004831387349724158
2012,12082,62,86,62,86,DepthMid,DepthMid,DepthMid--DepthMid,1,-0.007439656548231806,6.385418267106213e-05,0.004830806878493468
2013,15699,86,91,86,91,DepthMid,DepthMid,DepthMid--DepthMid,8,0.11694639546622748,6.383965468106675e-05,0.004829707781910212
2014,15444,84,115,84,115,DepthMid,DepthHigh,DepthHigh--DepthMid,8,0.12181835340154032,6.383485774825868e-05,0.004829344876066999
2015,8927,43,199,43,199,DepthLow,DepthLow,DepthLow--DepthLow,8,0.13052139512227084,6.382467618824907e-05,0.004828574603109603
2016,18423,107,127,107,127,DepthMid,DepthMid,DepthMid--DepthMid,8,0.1351192772935586,6.382441861290675e-05,0.004828555116575074
2017,19652,118,124,118,124,DepthHigh,DepthLow,DepthHigh--DepthLow,7,0.11251775222504196,6.382178833998483e-05,0.004828356126626537
2018,63,0,64,0,64,DepthLow,DepthMid,DepthLow--DepthMid,9,0.17038579540584664,6.3816792986849e-05,0.004827978209546095
2019,10336,51,188,51,188,DepthHigh,DepthMid,DepthHigh--DepthMid,6,0.08329721308799798,6.381641143984628e-05,0.004827949344093464
2020,13958,74,84,74,84,DepthLow,DepthMid,DepthLow--DepthMid,9,0.15005537339242353,6.381323692936584e-05,0.004827709180545466
2021,15114,81,211,81,211,DepthMid,DepthLow,DepthLow--DepthMid,9,0.17838187949892087,6.380184840946795e-05,0.0048268475965746556
2022,11807,60,138,60,138,DepthMid,DepthHigh,DepthHigh--DepthMid,7,0.10413338636838154,6.37842912754086e-05,0.004825519333954533
2023,13080,68,127,68,127,DepthLow,DepthMid,DepthLow--DepthMid,9,0.1588474016722882,6.376232122340102e-05,0.004823857217646415
2024,4998,23,100,23,100,DepthHigh,DepthMid,DepthHigh--DepthMid,9,0.1522335781546787,6.375453761834416e-05,0.004823268358917428
2025,15228,82,182,82,182,DepthMid,DepthLow,DepthLow--DepthMid,8,0.13184126223356132,6.374299922994187e-05,0.004822395436835759
2026,7430,35,186,35,186,DepthLow,DepthMid,DepthLow--DepthMid,9,0.1653410721283064,6.374028604829786e-05,0.004822190174533429
2027,16591,92,170,92,170,DepthMid,DepthHigh,DepthHigh--DepthMid,9,0.17098400141477574,6.373386837968486e-05,0.004821704653986728
2028,2222,10,28,10,28,DepthLow,DepthHigh,DepthHigh--DepthLow,8,0.13251799780487933,6.373240416941359e-05,0.00482159388102317
2029,6780,32,109,32,109,DepthMid,DepthMid,DepthMid--DepthMid,9,0.1758044501500351,6.372530963623307e-05,0.004821057153149529
2030,23828,168,225,168,225,DepthLow,DepthLow,DepthLow--DepthLow,10,0.18133939678052652,6.371728936205743e-05,0.004820450389519734
2031,11329,57,158,57,158,DepthMid,DepthHigh,DepthHigh--DepthMid,2,0.006718625765563012,6.371479221079418e-05,0.004820261470720768
2032,15410,83,222,83,222,DepthLow,DepthLow,DepthLow--DepthLow,10,0.20478107934083878,6.371412500826303e-05,0.0048202109943628856
2033,4403,20,114,20,114,DepthHigh,DepthMid,DepthHigh--DepthMid,5,0.0759168640666278,6.371323227522238e-05,0.004820143455781495
2034,4796,22,100,22,100,DepthHigh,DepthMid,DepthHigh--DepthMid,9,0.1522829688096966,6.371177432833448e-05,0.004820033156666232
2035,8942,43,214,43,214,DepthLow,DepthMid,DepthLow--DepthMid,5,0.0687026871716022,6.370428788852537e-05,0.004819466779595655
2036,24281,177,210,177,210,DepthLow,DepthLow,DepthLow--DepthLow,9,0.1519386333567895,6.370325473992552e-05,0.004819388618053938
2037,13900,73,177,73,177,DepthMid,DepthLow,DepthLow--DepthMid,9,0.16867814715182938,6.368416999975486e-05,0.004817944786338705
2038,14031,74,157,74,157,DepthLow,DepthHigh,DepthHigh--DepthLow,8,0.11787586221190442,6.368179643402076e-05,0.004817765217245575
2039,2349,10,155,10,155,DepthLow,DepthLow,DepthLow--DepthLow,8,0.13520410778455322,6.367170116926893e-05,0.004817001472846018
2040,11299,57,128,57,128,DepthMid,DepthMid,DepthMid--DepthMid,10,0.19226376271532583,6.366097428703744e-05,0.004816189944230333
2041,17271,97,200,97,200,DepthMid,DepthHigh,DepthHigh--DepthMid,9,0.1435643479263815,6.36417035941882e-05,0.0048147320445019945
2042,24186,175,212,175,212,DepthMid,DepthLow,DepthLow--DepthMid,8,0.11570129380770572,6.363361573827042e-05,0.004814120168061557
2043,18603,108,190,108,190,DepthMid,DepthLow,DepthLow--DepthMid,6,0.09449108133401578,6.363300033629483e-05,0.004814073610608742
2044,8055,39,61,39,61,DepthLow,DepthMid,DepthLow--DepthMid,10,0.1907858227295439,6.360692549502875e-05,0.004812100951696283
2045,19800,119,166,119,166,DepthHigh,DepthHigh,DepthHigh--DepthHigh,9,0.15060014217342807,6.360149598999108e-05,0.004811690189406553
2046,23319,160,200,160,200,DepthLow,DepthHigh,DepthHigh--DepthLow,2,0.023471091854970056,6.359309380340616e-05,0.00481105453267976
2047,14728,79,114,79,114,DepthLow,DepthMid,DepthLow--DepthMid,9,0.14528397927492973,6.358281003346752e-05,0.004810276527160335
2048,25276,208,213,208,213,DepthLow,DepthLow,DepthLow--DepthLow,10,0.6812419085131911,6.358144602693698e-05,0.004810173334983184
2049,10337,51,189,51,189,DepthHigh,DepthMid,DepthHigh--DepthMid,9,0.1717654482256802,6.356340659148779e-05,0.00480880858446557
2050,2934,13,101,13,101,DepthLow,DepthMid,DepthLow--DepthMid,3,0.03036769504283582,6.356014349748681e-05,0.004808561719244128
2051,8720,42,174,42,174,DepthMid,DepthHigh,DepthHigh--DepthMid,8,0.13842103591463872,6.354227339944995e-05,0.004807209779732812
2052,7127,34,73,34,73,DepthHigh,DepthMid,DepthHigh--DepthMid,8,0.12706878376793385,6.353717928871143e-05,0.004806824391271695
2053,992,4,103,4,103,DepthMid,DepthMid,DepthMid--DepthMid,8,0.11958915277831764,6.353075187639419e-05,0.004806338133577458
2054,328,1,105,1,105,DepthLow,DepthMid,DepthLow--DepthMid,6,0.09198557119866468,6.353030964173602e-05,0.004806304676877533
2055,1942,8,179,8,179,DepthMid,DepthHigh,DepthHigh--DepthMid,9,0.1520052184970823,6.352891627784272e-05,0.004806199263706486
2056,13880,73,157,73,157,DepthMid,DepthHigh,DepthHigh--DepthMid,9,0.1616675927741503,6.35146760085842e-05,0.004805121934269195
2057,20287,124,138,124,138,DepthLow,DepthHigh,DepthHigh--DepthLow,7,0.11537671708783163,6.35066203973743e-05,0.004804512497261071
2058,8053,39,59,39,59,DepthLow,DepthLow,DepthLow--DepthLow,10,0.20050224422129034,6.349823033556416e-05,0.004803877757818673
2059,10422,52,101,52,101,DepthHigh,DepthMid,DepthHigh--DepthMid,5,0.07727282239726753,6.349694310719958e-05,0.0048037803741959
2060,13186,69,77,69,77,DepthHigh,DepthMid,DepthHigh--DepthMid,1,-0.0031468490432918135,6.34799444941609e-05,0.004802494365772376
2061,2388,10,194,10,194,DepthLow,DepthLow,DepthLow--DepthLow,8,0.11624346518408615,6.347576693112287e-05,0.004802178317560415
2062,16396,91,108,91,108,DepthMid,DepthMid,DepthMid--DepthMid,10,0.29841305187242645,6.347161110943303e-05,0.004801863914162465
2063,20434,125,185,125,185,DepthMid,DepthMid,DepthMid--DepthMid,4,0.054783225138740885,6.345968559247799e-05,0.0048009617043631055
2064,7433,35,189,35,189,DepthLow,DepthMid,DepthLow--DepthMid,9,0.16061844393273675,6.344740897492527e-05,0.004800032932495117
2065,17071,96,128,96,128,DepthHigh,DepthMid,DepthHigh--DepthMid,10,0.1909599694841173,6.344600128294519e-05,0.0047999264353509085
2066,3730,17,59,17,59,DepthHigh,DepthLow,DepthHigh--DepthLow,9,0.1527803883936395,6.343354303874658e-05,0.004798983922750307
2067,3095,14,51,14,51,DepthLow,DepthHigh,DepthHigh--DepthLow,8,0.13310915432248419,6.342824146991079e-05,0.004798582839311017
2068,8729,42,183,42,183,DepthMid,DepthMid,DepthMid--DepthMid,10,0.3560521041703516,6.342319923538736e-05,0.004798201375478895
2069,15173,82,127,82,127,DepthMid,DepthMid,DepthMid--DepthMid,10,0.19274076584691666,6.341095708325842e-05,0.0047972752110486535
2070,10496,52,175,52,175,DepthHigh,DepthMid,DepthHigh--DepthMid,4,0.05158961565603057,6.339363282020285e-05,0.004795964565987784
2071,21661,138,203,138,203,DepthHigh,DepthHigh,DepthHigh--DepthHigh,9,0.14781103707621548,6.339116933124154e-05,0.004795778193867406
2072,7303,35,59,35,59,DepthLow,DepthLow,DepthLow--DepthLow,10,0.2726261790390863,6.339052494813146e-05,0.004795729443883767
2073,4380,20,91,20,91,DepthHigh,DepthMid,DepthHigh--DepthMid,2,0.01708479424062137,6.33845036973632e-05,0.004795273913824314
2074,24006,172,185,172,185,DepthLow,DepthMid,DepthLow--DepthMid,9,0.14770830633434523,6.338237166214467e-05,0.004795112617414776
2075,3329,15,75,15,75,DepthLow,DepthMid,DepthLow--DepthMid,6,0.09028355441418238,6.338035353720105e-05,0.004794959938742033
2076,12280,63,122,63,122,DepthMid,DepthHigh,DepthHigh--DepthMid,9,0.1561293296743811,6.336396204025727e-05,0.004793719860913572
2077,18248,105,189,105,189,DepthMid,DepthMid,DepthMid--DepthMid,9,0.15560128987126884,6.336154282549359e-05,0.004793536838301238
2078,22371,147,175,147,175,DepthHigh,DepthMid,DepthHigh--DepthMid,10,0.21766760264386992,6.336121365728061e-05,0.004793511935499245
2079,12636,65,157,65,157,DepthMid,DepthHigh,DepthHigh--DepthMid,9,0.14861258736704355,6.334839618074621e-05,0.004792542245633725
2080,25202,204,213,204,213,DepthLow,DepthLow,DepthLow--DepthLow,10,0.6940714068220324,6.334648717146799e-05,0.004792397821967699
2081,23785,168,182,168,182,DepthLow,DepthLow,DepthLow--DepthLow,7,0.09791972003778827,6.33349801582842e-05,0.004791527273538233
2082,22951,155,167,155,167,DepthLow,DepthLow,DepthLow--DepthLow,4,0.04591762733949565,6.332846128131904e-05,0.004791034096202528
2083,15804,86,196,86,196,DepthMid,DepthHigh,DepthHigh--DepthMid,6,0.09516632878997063,6.332154385041204e-05,0.004790510766775869
2084,22399,147,203,147,203,DepthHigh,DepthHigh,DepthHigh--DepthHigh,8,0.12839454843063905,6.330945518210634e-05,0.00478959621396883
2085,23671,166,183,166,183,DepthHigh,DepthMid,DepthHigh--DepthMid,9,0.1777250100020591,6.330876772531566e-05,0.004789544205300734
2086,13268,69,159,69,159,DepthHigh,DepthHigh,DepthHigh--DepthHigh,10,0.2121855155042806,6.33024707207247e-05,0.004789067813436967
2087,329,1,106,1,106,DepthLow,DepthMid,DepthLow--DepthMid,5,0.0756936815303655,6.33022800495246e-05,0.004789053388450123
2088,11379,57,208,57,208,DepthMid,DepthLow,DepthLow--DepthMid,8,0.13193789835869033,6.330091779497193e-05,0.004788950328816627
2089,24414,180,205,180,205,DepthHigh,DepthLow,DepthHigh--DepthLow,5,0.06698613159322572,6.329373548394875e-05,0.004788406960222075
2090,10427,52,106,52,106,DepthHigh,DepthMid,DepthHigh--DepthMid,10,0.24503805129651712,6.32883583681917e-05,0.004788000161376658
2091,9547,47,101,47,101,DepthHigh,DepthMid,DepthHigh--DepthMid,6,0.08807374576377767,6.32874711272652e-05,0.004787933038294171
2092,18424,107,128,107,128,DepthMid,DepthMid,DepthMid--DepthMid,7,0.10311771973580897,6.328290398861519e-05,0.004787587517235368
2093,5552,26,54,26,54,DepthHigh,DepthMid,DepthHigh--DepthMid,7,0.1053157106217239,6.327119043351688e-05,0.004786701343140367
2094,14945,80,186,80,186,DepthHigh,DepthMid,DepthHigh--DepthMid,2,0.014507458926524077,6.326906424823731e-05,0.004786540489300511
2095,20649,127,203,127,203,DepthMid,DepthHigh,DepthHigh--DepthMid,7,0.10332990616730861,6.325058005407948e-05,0.0047851420911291485
2096,83,0,84,0,84,DepthLow,DepthMid,DepthLow--DepthMid,10,0.22084217537585765,6.324901332108428e-05,0.004785023561939464
2097,23688,166,200,166,200,DepthHigh,DepthHigh,DepthHigh--DepthHigh,10,0.18518934811137994,6.324505419409472e-05,0.004784724039228595
2098,14680,78,212,78,212,DepthLow,DepthLow,DepthLow--DepthLow,6,0.09494198270213869,6.324413046955638e-05,0.004784654156024911
2099,22677,151,179,151,179,DepthHigh,DepthHigh,DepthHigh--DepthHigh,7,0.10628496644760708,6.323667981839307e-05,0.004784090486498759
2100,4243,19,159,19,159,DepthHigh,DepthHigh,DepthHigh--DepthHigh,9,0.1702178249537125,6.323620548601524e-05,0.004784054601486726
2101,16646,92,225,92,225,DepthMid,DepthLow,DepthLow--DepthMid,10,0.18673373015457304,6.321445476769501e-05,0.004782409078589428
2102,17060,96,117,96,117,DepthHigh,DepthMid,DepthHigh--DepthMid,10,0.18162320525551473,6.320575140255746e-05,0.004781750636582753
2103,21528,137,157,137,157,DepthLow,DepthHigh,DepthHigh--DepthLow,4,0.05895351638506008,6.318528264546378e-05,0.0047802020988296084
2104,2930,13,97,13,97,DepthLow,DepthMid,DepthLow--DepthMid,10,0.18122394427900745,6.318499965801594e-05,0.004780180689774595
2105,12288,63,130,63,130,DepthMid,DepthMid,DepthMid--DepthMid,6,0.09499617146720118,6.318414139904172e-05,0.004780115759284802
2106,11235,57,64,57,64,DepthMid,DepthMid,DepthMid--DepthMid,6,0.08836440512725662,6.318336269321446e-05,0.0047800568472870395
2107,17820,102,124,102,124,DepthMid,DepthLow,DepthLow--DepthMid,8,0.13207002951347757,6.31811090376622e-05,0.004779886349846023
2108,6018,28,125,28,125,DepthHigh,DepthMid,DepthHigh--DepthMid,3,0.03519907291472744,6.316812175344309e-05,0.004778903813396347
2109,23813,168,210,168,210,DepthLow,DepthLow,DepthLow--DepthLow,3,0.04103855052126506,6.316040525925602e-05,0.004778320031854755
2110,25275,208,212,208,212,DepthLow,DepthLow,DepthLow--DepthLow,9,0.1684502428432085,6.314943845358042e-05,0.004777490352136425
2111,23394,161,211,161,211,DepthLow,DepthLow,DepthLow--DepthLow,5,0.07659437895088132,6.313952062116144e-05,0.004776740031154067
2112,19787,119,153,119,153,DepthHigh,DepthHigh,DepthHigh--DepthHigh,9,0.17043298028277945,6.311792679558543e-05,0.0047751063777775465
2113,16607,92,186,92,186,DepthMid,DepthMid,DepthMid--DepthMid,10,0.24727021586396394,6.311352381346685e-05,0.004774773275772093
2114,12146,62,150,62,150,DepthMid,DepthHigh,DepthHigh--DepthMid,6,0.08564441914894298,6.31127478540543e-05,0.004774714571550838
2115,24311,178,193,178,193,DepthHigh,DepthLow,DepthHigh--DepthLow,8,0.12816351565778028,6.31001321832037e-05,0.004773760149037346
2116,2876,13,43,13,43,DepthLow,DepthLow,DepthLow--DepthLow,10,0.21730729785910954,6.309705411438861e-05,0.0047735272816607326
2117,13999,74,125,74,125,DepthLow,DepthMid,DepthLow--DepthMid,7,0.10690165460951954,6.309221160982692e-05,0.00477316092814453
2118,20377,125,128,125,128,DepthMid,DepthMid,DepthMid--DepthMid,6,0.08903673923595541,6.308259784907816e-05,0.004772433611317181
2119,3219,14,175,14,175,DepthLow,DepthMid,DepthLow--DepthMid,7,0.1032330175207991,6.307795336908294e-05,0.0047720822390973925
2120,8907,43,179,43,179,DepthLow,DepthHigh,DepthHigh--DepthLow,5,0.06623511496603168,6.307332904013463e-05,0.004771732391379397
2121,9558,47,112,47,112,DepthHigh,DepthHigh,DepthHigh--DepthHigh,5,0.07535250575413635,6.306238845609894e-05,0.004770904695425843
2122,4189,19,105,19,105,DepthHigh,DepthMid,DepthHigh--DepthMid,8,0.12774869914128423,6.305013261866621e-05,0.0047699774956513705
2123,3252,14,208,14,208,DepthLow,DepthLow,DepthLow--DepthLow,8,0.12808317370861533,6.304378044169315e-05,0.004769496929791293
2124,12508,64,189,64,189,DepthMid,DepthMid,DepthMid--DepthMid,7,0.11258708476241881,6.303320368700425e-05,0.004768696758883673
2125,10553,53,60,53,60,DepthHigh,DepthMid,DepthHigh--DepthMid,1,-0.021209116244032086,6.30319494496683e-05,0.004768601871155158
2126,13169,68,216,68,216,DepthLow,DepthHigh,DepthHigh--DepthLow,9,0.15685248838265345,6.303011249249944e-05,0.0047684628984997176
2127,15958,87,212,87,212,DepthMid,DepthLow,DepthLow--DepthMid,7,0.10004271298781076,6.301848998338377e-05,0.004767583612372596
2128,10210,51,62,51,62,DepthHigh,DepthMid,DepthHigh--DepthMid,9,0.1734608301667485,6.301178839062119e-05,0.0047670766119059065
2129,2392,10,198,10,198,DepthLow,DepthLow,DepthLow--DepthLow,9,0.17571446197651686,6.300619063239016e-05,0.004766653120635085
2130,6842,32,171,32,171,DepthMid,DepthLow,DepthLow--DepthMid,7,0.10714614816887794,6.299273070582481e-05,0.004765634827030563
2131,3215,14,171,14,171,DepthLow,DepthLow,DepthLow--DepthLow,7,0.11047750423151081,6.298330721222519e-05,0.004764921904622097
2132,12387,64,68,64,68,DepthMid,DepthLow,DepthLow--DepthMid,6,0.08091053520022516,6.297774775124716e-05,0.004764501310681184
2133,4583,21,90,21,90,DepthHigh,DepthMid,DepthHigh--DepthMid,9,0.1402228545333204,6.296519337165344e-05,0.004763551525079684
2134,14288,76,115,76,115,DepthLow,DepthHigh,DepthHigh--DepthLow,8,0.12107762178022412,6.296156321288555e-05,0.0047632768900407185
2135,23827,168,224,168,224,DepthLow,DepthLow,DepthLow--DepthLow,10,0.17952977133214587,6.295933044680198e-05,0.004763107972965856
2136,1191,5,82,5,82,DepthMid,DepthMid,DepthMid--DepthMid,8,0.12168555348208769,6.29228651924919e-05,0.004760349240585636
2137,15103,81,200,81,200,DepthMid,DepthHigh,DepthHigh--DepthMid,5,0.062044093661531935,6.291856115663431e-05,0.00476002362423356
2138,3216,14,172,14,172,DepthLow,DepthLow,DepthLow--DepthLow,8,0.12204380601412129,6.290182280796418e-05,0.0047587573057794215
2139,9797,48,174,48,174,DepthHigh,DepthHigh,DepthHigh--DepthHigh,10,0.17996372563277918,6.290140380340414e-05,0.004758725606522989
2140,9473,46,205,46,205,DepthHigh,DepthLow,DepthHigh--DepthLow,10,0.19830528906587241,6.287238929927239e-05,0.004756530551159776
2141,14995,81,92,81,92,DepthMid,DepthMid,DepthMid--DepthMid,10,0.22334882977240725,6.284267143946672e-05,0.004754282284318701
2142,16195,89,176,89,176,DepthLow,DepthHigh,DepthHigh--DepthLow,6,0.09260675181028792,6.283880097343418e-05,0.0047539894691396335
2143,17129,96,186,96,186,DepthHigh,DepthMid,DepthHigh--DepthMid,5,0.07062043278858006,6.283785109950531e-05,0.004753917607637108
2144,14210,75,186,75,186,DepthMid,DepthMid,DepthMid--DepthMid,5,0.07748613994951906,6.281977609852236e-05,0.004752550166454327
2145,2341,10,147,10,147,DepthLow,DepthHigh,DepthHigh--DepthLow,8,0.1283236913198988,6.281472332728866e-05,0.004752167905480807
2146,10933,55,99,55,99,DepthHigh,DepthMid,DepthHigh--DepthMid,9,0.16989589974827463,6.280606928745352e-05,0.004751513195117076
2147,11251,57,80,57,80,DepthMid,DepthHigh,DepthHigh--DepthMid,3,0.03142285321952819,6.279306588735766e-05,0.0047505294394412645
2148,18218,105,159,105,159,DepthMid,DepthHigh,DepthHigh--DepthMid,10,0.28633310061430006,6.279004887340469e-05,0.004750301191092498
2149,15106,81,203,81,203,DepthMid,DepthHigh,DepthHigh--DepthMid,6,0.09476543023632993,6.278878293535696e-05,0.0047502054181615344
2150,18337,106,159,106,159,DepthMid,DepthHigh,DepthHigh--DepthMid,10,0.27116567948803705,6.277584799587855e-05,0.00474922684178656
2151,20290,124,141,124,141,DepthLow,DepthHigh,DepthHigh--DepthLow,7,0.11468387600226292,6.277166753382519e-05,0.004748910574253285
2152,24774,189,205,189,205,DepthMid,DepthLow,DepthLow--DepthMid,7,0.1066406438334253,6.277083640779674e-05,0.004748847696471953
2153,23067,156,214,156,214,DepthLow,DepthMid,DepthLow--DepthMid,9,0.1758329839878935,6.275779411769101e-05,0.004747860998621968
2154,25047,198,199,198,199,DepthLow,DepthLow,DepthLow--DepthLow,10,0.7900282199021614,6.275369688756195e-05,0.00474755102789394
2155,9479,46,211,46,211,DepthHigh,DepthLow,DepthHigh--DepthLow,9,0.16355976598780952,6.273594605176034e-05,0.004746208111015163
2156,5689,26,191,26,191,DepthHigh,DepthLow,DepthHigh--DepthLow,4,0.04813269885178545,6.272774620217801e-05,0.004745587761836645
2157,13782,72,211,72,211,DepthLow,DepthLow,DepthLow--DepthLow,3,0.032151546315165716,6.271963630352711e-05,0.0047449742177813016
2158,8665,42,119,42,119,DepthMid,DepthHigh,DepthHigh--DepthMid,10,0.1969685356717533,6.271635553681853e-05,0.004744726015553671
2159,17425,99,101,99,101,DepthMid,DepthMid,DepthMid--DepthMid,8,0.1336360875028016,6.271594299010261e-05,0.004744694804857212
2160,4566,21,73,21,73,DepthHigh,DepthMid,DepthHigh--DepthMid,9,0.1499590711949679,6.27155665338726e-05,0.004744666324540507
2161,20717,128,174,128,174,DepthMid,DepthHigh,DepthHigh--DepthMid,8,0.12042962952314401,6.271179645797646e-05,0.0047443811042493745
2162,22927,154,213,154,213,DepthLow,DepthLow,DepthLow--DepthLow,4,0.0541576551661438,6.269833361889655e-05,0.004743362590302272
2163,13010,67,214,67,214,DepthLow,DepthMid,DepthLow--DepthMid,9,0.14851118385923606,6.269571135385274e-05,0.004743164206179557
2164,16600,92,179,92,179,DepthMid,DepthHigh,DepthHigh--DepthMid,9,0.15492700381592545,6.266054262707767e-05,0.004740503560939009
2165,12639,65,160,65,160,DepthMid,DepthLow,DepthLow--DepthMid,8,0.13902060325469853,6.26547084312738e-05,0.004740062182284692
2166,10362,51,214,51,214,DepthHigh,DepthMid,DepthHigh--DepthMid,9,0.1789070361067256,6.265002465856958e-05,0.004739707837425039
2167,20443,125,194,125,194,DepthMid,DepthLow,DepthLow--DepthMid,3,0.040718220432666534,6.263313298514776e-05,0.004738429919382055
2168,17881,102,185,102,185,DepthMid,DepthMid,DepthMid--DepthMid,8,0.12431724452120398,6.262583650509454e-05,0.004737877913474917
2169,24786,189,217,189,217,DepthMid,DepthLow,DepthLow--DepthMid,9,0.14235775627219616,6.260569907202885e-05,0.004736354441619203
2170,24563,183,225,183,225,DepthMid,DepthLow,DepthLow--DepthMid,9,0.15774412682203054,6.260017739492579e-05,0.004735936706169238
2171,23816,168,213,168,213,DepthLow,DepthLow,DepthLow--DepthLow,4,0.05416543920927192,6.259731544146873e-05,0.004735720188724837
2172,11679,59,175,59,175,DepthLow,DepthMid,DepthLow--DepthMid,9,0.1765067660761589,6.259507946977173e-05,0.00473555102913337
2173,24329,178,211,178,211,DepthHigh,DepthLow,DepthHigh--DepthLow,5,0.06505115431162371,6.257513013054205e-05,0.004734041787277303
2174,15758,86,150,86,150,DepthMid,DepthHigh,DepthHigh--DepthMid,6,0.09310563346786557,6.25726487539537e-05,0.00473385406189128
2175,1081,4,192,4,192,DepthMid,DepthLow,DepthLow--DepthMid,9,0.14297981299027873,6.255753333658146e-05,0.004732710524237854
2176,8592,42,46,42,46,DepthMid,DepthHigh,DepthHigh--DepthMid,7,0.10125406771600054,6.255473531138249e-05,0.004732498843204412
2177,24747,188,214,188,214,DepthMid,DepthMid,DepthMid--DepthMid,10,0.35601027923728423,6.254279045986386e-05,0.004731595170673264
2178,12584,65,105,65,105,DepthMid,DepthMid,DepthMid--DepthMid,9,0.1451171798377069,6.254222962731452e-05,0.004731552741600904
2179,15654,85,185,85,185,DepthMid,DepthMid,DepthMid--DepthMid,10,0.23519930870616917,6.254174026023642e-05,0.004731515719157767
2180,25396,217,225,217,225,DepthLow,DepthLow,DepthLow--DepthLow,9,0.1463535471550115,6.253847460497228e-05,0.0047312686601672215
2181,10509,52,188,52,188,DepthHigh,DepthMid,DepthHigh--DepthMid,5,0.07045597531297641,6.253633064160224e-05,0.00473110646134857
2182,15061,81,158,81,158,DepthMid,DepthHigh,DepthHigh--DepthMid,2,0.016340736821356602,6.253256765062127e-05,0.004730821777057672
2183,22362,147,166,147,166,DepthHigh,DepthHigh,DepthHigh--DepthHigh,8,0.13095489751057401,6.252587538223975e-05,0.0047303154820151575
2184,2986,13,153,13,153,DepthLow,DepthHigh,DepthHigh--DepthLow,8,0.13861583506349828,6.252575259651546e-05,0.0047303061928175415
2185,14042,74,168,74,168,DepthLow,DepthLow,DepthLow--DepthLow,10,0.18085866506170017,6.251432335084872e-05,0.004729441527790548
2186,8906,43,178,43,178,DepthLow,DepthHigh,DepthHigh--DepthLow,6,0.08967695508617753,6.25052040889678e-05,0.004728751621645353
2187,15978,88,95,88,95,DepthMid,DepthHigh,DepthHigh--DepthMid,8,0.13590770829905327,6.24885410060118e-05,0.004727490997322975
2188,2334,10,140,10,140,DepthLow,DepthHigh,DepthHigh--DepthLow,1,-0.015038389381585948,6.248763268957059e-05,0.004727422279799259
2189,13297,69,188,69,188,DepthHigh,DepthMid,DepthHigh--DepthMid,7,0.10724362788649007,6.248262865684613e-05,0.0047270437060755914
2190,23282,160,163,160,163,DepthLow,DepthHigh,DepthHigh--DepthLow,6,0.08421536311954107,6.247761257509368e-05,0.004726664220798055
2191,16251,90,97,90,97,DepthMid,DepthMid,DepthMid--DepthMid,10,0.5636807652316196,6.245106276459238e-05,0.004724655628692929
2192,3189,14,145,14,145,DepthLow,DepthLow,DepthLow--DepthLow,9,0.1566279484697671,6.244822314372426e-05,0.004724440800792105
2193,22037,143,159,143,159,DepthHigh,DepthHigh,DepthHigh--DepthHigh,7,0.10767280236033053,6.244821971112777e-05,0.0047244405411033885
2194,23462,162,216,162,216,DepthMid,DepthHigh,DepthHigh--DepthMid,10,0.18005393727039035,6.244541173916692e-05,0.004724228107560343
2195,1732,7,186,7,186,DepthMid,DepthMid,DepthMid--DepthMid,6,0.08147895638588565,6.244492907471508e-05,0.004724191592195861
2196,18732,109,203,109,203,DepthMid,DepthHigh,DepthHigh--DepthMid,10,0.23040683725988603,6.243018584687865e-05,0.004723076212067823
2197,12979,67,183,67,183,DepthLow,DepthMid,DepthLow--DepthMid,9,0.14992533485326806,6.242454652857348e-05,0.004722649576622515
2198,9229,45,140,45,140,DepthHigh,DepthHigh,DepthHigh--DepthHigh,5,0.07002245900028083,6.242386322252831e-05,0.004722597881973785
2199,5824,27,128,27,128,DepthMid,DepthMid,DepthMid--DepthMid,8,0.1378338089991409,6.242105556491446e-05,0.004722385472212261
2200,3297,15,43,15,43,DepthLow,DepthLow,DepthLow--DepthLow,10,0.19793079639646136,6.241777939600473e-05,0.004722137617825247
2201,11846,60,177,60,177,DepthMid,DepthLow,DepthLow--DepthMid,10,0.1951247449678983,6.240745180496707e-05,0.004721356297076378
2202,2279,10,85,10,85,DepthLow,DepthMid,DepthLow--DepthMid,10,0.19422599507205196,6.24058970652469e-05,0.004721238675222643
2203,23691,166,203,166,203,DepthHigh,DepthHigh,DepthHigh--DepthHigh,10,0.18144707344263114,6.240588776935915e-05,0.004721237971954093
2204,16486,91,198,91,198,DepthMid,DepthLow,DepthLow--DepthMid,9,0.1448768095605943,6.240373047676789e-05,0.004721074764730183
2205,10985,55,151,55,151,DepthHigh,DepthHigh,DepthHigh--DepthHigh,7,0.09904247119655392,6.240250274887036e-05,0.0047209818825394755
2206,3403,15,149,15,149,DepthLow,DepthHigh,DepthHigh--DepthLow,5,0.06750393352297948,6.239494094467551e-05,0.004720409803872265
2207,14668,78,200,78,200,DepthLow,DepthHigh,DepthHigh--DepthLow,8,0.12805859519248566,6.23736415740324e-05,0.004718798427108736
2208,22896,154,182,154,182,DepthLow,DepthLow,DepthLow--DepthLow,4,0.059691360483771785,6.237249711110448e-05,0.004718711844223275
2209,12113,62,117,62,117,DepthMid,DepthMid,DepthMid--DepthMid,8,0.13737010602100624,6.236446440523816e-05,0.004718104140089752
2210,14017,74,143,74,143,DepthLow,DepthHigh,DepthHigh--DepthLow,6,0.09220903052870086,6.235661812881827e-05,0.004717510540038601
2211,11489,58,151,58,151,DepthMid,DepthHigh,DepthHigh--DepthMid,7,0.10676147300485674,6.235634450383319e-05,0.004717489839288787
2212,22777,152,206,152,206,DepthHigh,DepthLow,DepthHigh--DepthLow,6,0.08783055279259205,6.235337419945673e-05,0.0047172651246935515
2213,5694,26,196,26,196,DepthHigh,DepthHigh,DepthHigh--DepthHigh,9,0.14895885125615066,6.234739909768578e-05,0.004716813085977724
2214,4241,19,157,19,157,DepthHigh,DepthHigh,DepthHigh--DepthHigh,9,0.14483592915998614,6.234611015934645e-05,0.004716715572988988
2215,9108,44,199,44,199,DepthLow,DepthLow,DepthLow--DepthLow,9,0.1543034765893344,6.23087446132394e-05,0.004713888730179293
2216,3004,13,171,13,171,DepthLow,DepthLow,DepthLow--DepthLow,7,0.10976553744745512,6.230321204548027e-05,0.004713470170810611
2217,13898,73,175,73,175,DepthMid,DepthMid,DepthMid--DepthMid,10,0.18862220021750914,6.229077036177021e-05,0.004712528911072682
2218,12098,62,102,62,102,DepthMid,DepthMid,DepthMid--DepthMid,4,0.05865170198287744,6.228623267003498e-05,0.00471218561778272
2219,9636,47,190,47,190,DepthHigh,DepthLow,DepthHigh--DepthLow,6,0.08158838443676225,6.226119565981674e-05,0.004710291474656619
2220,15041,81,138,81,138,DepthMid,DepthHigh,DepthHigh--DepthMid,7,0.10469433308995199,6.225297225847086e-05,0.00470966934369942
2221,10403,52,82,52,82,DepthHigh,DepthMid,DepthHigh--DepthMid,10,0.19149006693083678,6.22402696073558e-05,0.00470870834080478
2222,4120,19,36,19,36,DepthHigh,DepthHigh,DepthHigh--DepthHigh,10,0.44251868392041105,6.223601931658416e-05,0.004708386790468744
2223,1729,7,183,7,183,DepthMid,DepthMid,DepthMid--DepthMid,6,0.0857872382465803,6.222762753135292e-05,0.004707751920643117
2224,3077,14,33,14,33,DepthLow,DepthLow,DepthLow--DepthLow,10,0.1840690867738557,6.221525715158559e-05,0.004706816055314178
2225,9327,46,59,46,59,DepthHigh,DepthLow,DepthHigh--DepthLow,10,0.20316862789465429,6.221346460375829e-05,0.004706680442390922
2226,16250,90,96,90,96,DepthMid,DepthHigh,DepthHigh--DepthMid,8,0.12248100441656853,6.220488294607554e-05,0.004706031208006758
2227,12010,61,177,61,177,DepthMid,DepthLow,DepthLow--DepthMid,10,0.23722130505862732,6.22043754397053e-05,0.004705992813258573
2228,1050,4,161,4,161,DepthMid,DepthLow,DepthLow--DepthMid,9,0.17044774678950456,6.21994904817138e-05,0.004705623247982199
2229,15565,85,96,85,96,DepthMid,DepthHigh,DepthHigh--DepthMid,9,0.15889111242850135,6.219873628796421e-05,0.004705566190414459
2230,15677,85,208,85,208,DepthMid,DepthLow,DepthLow--DepthMid,9,0.15224338483635283,6.218897991652056e-05,0.004704828084556587
2231,14626,78,158,78,158,DepthLow,DepthHigh,DepthHigh--DepthLow,9,0.15380180434967763,6.218111075159333e-05,0.004704232752904559
2232,22752,152,181,152,181,DepthHigh,DepthHigh,DepthHigh--DepthHigh,8,0.13429166251765431,6.216157272826393e-05,0.004702754628629161
2233,23756,167,210,167,210,DepthLow,DepthLow,DepthLow--DepthLow,4,0.056110573104785566,6.213366696988471e-05,0.004700643454013985
2234,6005,28,112,28,112,DepthHigh,DepthHigh,DepthHigh--DepthHigh,10,0.21457344953771162,6.213128934386406e-05,0.004700463577745046
2235,11790,60,121,60,121,DepthMid,DepthHigh,DepthHigh--DepthMid,10,0.185773946734393,6.21269375807608e-05,0.004700134350648974
2236,12120,62,124,62,124,DepthMid,DepthLow,DepthLow--DepthMid,10,0.18342519996659867,6.212663467586747e-05,0.004700111434764986
2237,23346,161,163,161,163,DepthLow,DepthHigh,DepthHigh--DepthLow,5,0.0776226860477033,6.212551739554694e-05,0.004700026908345074
2238,23916,170,202,170,202,DepthHigh,DepthLow,DepthHigh--DepthLow,7,0.10885417769841721,6.211925381723918e-05,0.004699553045304198
2239,10115,50,141,50,141,DepthHigh,DepthHigh,DepthHigh--DepthHigh,4,0.050971018536222025,6.210956141701903e-05,0.004698819779107781
2240,16901,94,217,94,217,DepthHigh,DepthLow,DepthHigh--DepthLow,3,0.028068891273263886,6.210490193280562e-05,0.004698467271762971
2241,24420,180,211,180,211,DepthHigh,DepthLow,DepthHigh--DepthLow,3,0.04363487258942014,6.210225475135256e-05,0.004698267002621043
2242,13798,73,75,73,75,DepthMid,DepthMid,DepthMid--DepthMid,10,0.29767795005826925,6.210098670764181e-05,0.004698171070388824
2243,5414,25,115,25,115,DepthMid,DepthHigh,DepthHigh--DepthMid,3,0.03629931285156572,6.209753514323457e-05,0.004697909946678794
2244,16746,93,193,93,193,DepthLow,DepthLow,DepthLow--DepthLow,10,0.2568508207463464,6.209739133189759e-05,0.004697899066815223
2245,1028,4,139,4,139,DepthMid,DepthHigh,DepthHigh--DepthMid,7,0.10124342968879194,6.20967850877252e-05,0.0046978532021843475
2246,17506,99,182,99,182,DepthMid,DepthLow,DepthLow--DepthMid,8,0.1300179180433102,6.209637046072573e-05,0.004697821834106686
2247,4552,21,59,21,59,DepthHigh,DepthLow,DepthHigh--DepthLow,7,0.09963306272295255,6.207865103957881e-05,0.004696481293863607
2248,3289,15,35,15,35,DepthLow,DepthLow,DepthLow--DepthLow,9,0.1432917106453462,6.207685876654925e-05,0.004696345701729825
2249,23330,160,211,160,211,DepthLow,DepthLow,DepthLow--DepthLow,5,0.07464334700720038,6.207480356786188e-05,0.004696190218290207
2250,383,1,160,1,160,DepthLow,DepthLow,DepthLow--DepthLow,9,0.16134319538549635,6.207359309180772e-05,0.004696098641265742
2251,7270,34,216,34,216,DepthHigh,DepthHigh,DepthHigh--DepthHigh,5,0.0647397158937862,6.207064790230235e-05,0.004695875826704097
2252,11963,61,130,61,130,DepthMid,DepthMid,DepthMid--DepthMid,6,0.09170657897611784,6.206180397828775e-05,0.0046952067508945665
2253,14504,77,183,77,183,DepthMid,DepthMid,DepthMid--DepthMid,10,0.603869433556153,6.205924489738802e-05,0.004695013146887813
2254,3031,13,198,13,198,DepthLow,DepthLow,DepthLow--DepthLow,10,0.19569858894973918,6.205657214202301e-05,0.004694810942984143
2255,368,1,145,1,145,DepthLow,DepthLow,DepthLow--DepthLow,10,0.18956968185923187,6.204441842960497e-05,0.0046938914693476115
2256,688,3,20,3,20,DepthHigh,DepthHigh,DepthHigh--DepthHigh,8,0.13632595085934898,6.203831326927699e-05,0.004693429591217268
2257,3972,18,94,18,94,DepthHigh,DepthHigh,DepthHigh--DepthHigh,8,0.13119380268810035,6.199173885181295e-05,0.004689906062971575
2258,7129,34,75,34,75,DepthHigh,DepthMid,DepthHigh--DepthMid,5,0.07553380654206994,6.198069738503424e-05,0.004689070734862561
2259,17879,102,183,102,183,DepthMid,DepthMid,DepthMid--DepthMid,7,0.11374149899364971,6.197997803436255e-05,0.004689016313303511
2260,1390,6,62,6,62,DepthMid,DepthMid,DepthMid--DepthMid,8,0.12524497261865633,6.19788316869047e-05,0.004688929587846337
2261,4259,19,175,19,175,DepthHigh,DepthMid,DepthHigh--DepthMid,10,0.19185388993671437,6.197424712065971e-05,0.004688582748325029
2262,10410,52,89,52,89,DepthHigh,DepthLow,DepthHigh--DepthLow,7,0.11078158807938844,6.196928386854689e-05,0.004688207259806606
2263,13467,70,203,70,203,DepthMid,DepthHigh,DepthHigh--DepthMid,8,0.13008319329583076,6.19649121610467e-05,0.004687876523842582
2264,5621,26,123,26,123,DepthHigh,DepthLow,DepthHigh--DepthLow,6,0.08510414082171593,6.194943362280867e-05,0.004686705514742449
2265,23751,167,205,167,205,DepthLow,DepthLow,DepthLow--DepthLow,7,0.11465384591225965,6.194355345717031e-05,0.004686260658298843
2266,21868,141,155,141,155,DepthHigh,DepthLow,DepthHigh--DepthLow,3,0.04381297862703783,6.193123991806693e-05,0.004685329093177954
2267,19404,115,200,115,200,DepthHigh,DepthHigh,DepthHigh--DepthHigh,10,0.21963406127235888,6.191930404372825e-05,0.004684426099803923
2268,25168,202,222,202,222,DepthLow,DepthLow,DepthLow--DepthLow,9,0.1702324170207881,6.190339504219819e-05,0.004683222524551582
2269,20218,123,170,123,170,DepthLow,DepthHigh,DepthHigh--DepthLow,5,0.06329541247383388,6.18906425589424e-05,0.004682257751669792
2270,4413,20,124,20,124,DepthHigh,DepthLow,DepthHigh--DepthLow,8,0.13618054101644333,6.18756612800487e-05,0.004681124362092148
2271,11660,59,156,59,156,DepthLow,DepthLow,DepthLow--DepthLow,10,0.274741377662845,6.187368499897614e-05,0.004680974849064186
2272,11947,61,114,61,114,DepthMid,DepthMid,DepthMid--DepthMid,8,0.12046835205610237,6.187269702592632e-05,0.004680900105221181
2273,24445,181,192,181,192,DepthHigh,DepthLow,DepthHigh--DepthLow,8,0.13903076625712266,6.187219254214705e-05,0.004680861939143266
2274,16478,91,190,91,190,DepthMid,DepthLow,DepthLow--DepthMid,9,0.1463010515149468,6.186210783203834e-05,0.004680098993241793
2275,12029,61,196,61,196,DepthMid,DepthHigh,DepthHigh--DepthMid,8,0.12436662882631647,6.185840691664542e-05,0.0046798190052004624
2276,4810,22,114,22,114,DepthHigh,DepthMid,DepthHigh--DepthMid,7,0.11076129247870145,6.185541069793861e-05,0.004679592330089564
2277,377,1,154,1,154,DepthLow,DepthLow,DepthLow--DepthLow,8,0.13981488319746818,6.185340320817322e-05,0.004679440456007687
2278,7486,36,53,36,53,DepthHigh,DepthHigh,DepthHigh--DepthHigh,3,0.04385801598822439,6.184007508208491e-05,0.004678432133600422
2279,17500,99,176,99,176,DepthMid,DepthHigh,DepthHigh--DepthMid,6,0.09171425269883068,6.183696062728212e-05,0.004678196513488242
2280,14415,77,94,77,94,DepthMid,DepthHigh,DepthHigh--DepthMid,8,0.13944428486602292,6.182960101148211e-05,0.0046776397311265785
2281,9277,45,188,45,188,DepthHigh,DepthMid,DepthHigh--DepthMid,5,0.07300409520253523,6.182890988720384e-05,0.004677587444999378
2282,6834,32,163,32,163,DepthMid,DepthHigh,DepthHigh--DepthMid,8,0.1237362375862116,6.18154413450452e-05,0.004676568499593118
2283,11954,61,121,61,121,DepthMid,DepthHigh,DepthHigh--DepthMid,10,0.18233691989156428,6.181268547822366e-05,0.0046763600079980355
2284,17387,98,189,98,189,DepthLow,DepthMid,DepthLow--DepthMid,3,0.03845784634156787,6.181128600302368e-05,0.004676254132483864
2285,6912,33,49,33,49,DepthLow,DepthHigh,DepthHigh--DepthLow,8,0.12956087222101303,6.180481578343808e-05,0.004675764636260249
2286,7421,35,177,35,177,DepthLow,DepthLow,DepthLow--DepthLow,10,0.6794956005248959,6.180161130472059e-05,0.004675522205503439
2287,9863,49,64,49,64,DepthHigh,DepthMid,DepthHigh--DepthMid,3,0.034338948726550036,6.179708379144339e-05,0.0046751796822517575
2288,5114,23,216,23,216,DepthHigh,DepthHigh,DepthHigh--DepthHigh,8,0.13718787914975164,6.179558525852156e-05,0.004675066312651778
2289,1030,4,141,4,141,DepthMid,DepthHigh,DepthHigh--DepthMid,5,0.07289177159461593,6.177826465012471e-05,0.00467375594407946
2290,8926,43,198,43,198,DepthLow,DepthLow,DepthLow--DepthLow,9,0.15494593375461915,6.175394765398616e-05,0.004671916272701697
2291,1653,7,107,7,107,DepthMid,DepthMid,DepthMid--DepthMid,8,0.13528477174347436,6.175211442538997e-05,0.0046717775821266735
2292,4505,20,216,20,216,DepthHigh,DepthHigh,DepthHigh--DepthHigh,8,0.11830205456990055,6.174792713524248e-05,0.004671460798022633
2293,21839,140,210,140,210,DepthHigh,DepthLow,DepthHigh--DepthLow,4,0.06107645559974956,6.172950913521426e-05,0.004670067407683854
2294,769,3,101,3,101,DepthHigh,DepthMid,DepthHigh--DepthMid,5,0.0752246787265587,6.171296143857438e-05,0.004668815512766289
2295,963,4,74,4,74,DepthMid,DepthLow,DepthLow--DepthMid,10,0.19819598172059294,6.169778306868845e-05,0.004667667212520604
2296,12268,63,110,63,110,DepthMid,DepthMid,DepthMid--DepthMid,5,0.07335122511970321,6.169501017524605e-05,0.004667457432798202
2297,12587,65,108,65,108,DepthMid,DepthMid,DepthMid--DepthMid,7,0.10069921884370048,6.169252314044583e-05,0.004667269279347365
2298,15786,86,178,86,178,DepthMid,DepthHigh,DepthHigh--DepthMid,8,0.11752420723714872,6.168833954530046e-05,0.004666952774784004
2299,9082,44,173,44,173,DepthLow,DepthLow,DepthLow--DepthLow,10,0.19890089117607032,6.16799945688512e-05,0.004666321446217172
2300,422,1,199,1,199,DepthLow,DepthLow,DepthLow--DepthLow,10,0.29825936727271196,6.167935546407646e-05,0.004666273095559271
2301,7485,36,52,36,52,DepthHigh,DepthHigh,DepthHigh--DepthHigh,3,0.034535738244499084,6.167914872302014e-05,0.0046662574548279176
2302,16120,89,101,89,101,DepthLow,DepthMid,DepthLow--DepthMid,6,0.09179288934270785,6.167258535610627e-05,0.004665760911661795
2303,8922,43,194,43,194,DepthLow,DepthLow,DepthLow--DepthLow,10,0.24448326299335502,6.166858047583425e-05,0.004665457927544604
2304,3970,18,92,18,92,DepthHigh,DepthMid,DepthHigh--DepthMid,8,0.12387790708403144,6.166561026868258e-05,0.004665233220304786
2305,24309,178,191,178,191,DepthHigh,DepthLow,DepthHigh--DepthLow,8,0.13771627060504646,6.16568397170118e-05,0.004664569695386495
2306,22330,146,212,146,212,DepthHigh,DepthLow,DepthHigh--DepthLow,3,0.03736676741411272,6.165335942895951e-05,0.004664306398625673
2307,25196,204,207,204,207,DepthLow,DepthLow,DepthLow--DepthLow,9,0.15212159227983446,6.164858066479767e-05,0.004663944867308256
2308,2407,10,213,10,213,DepthLow,DepthLow,DepthLow--DepthLow,7,0.10596860209745174,6.164793120025032e-05,0.00466389573289495
2309,10408,52,87,52,87,DepthHigh,DepthMid,DepthHigh--DepthMid,10,0.20106708362412332,6.16411471540162e-05,0.004663382494515866
2310,2371,10,177,10,177,DepthLow,DepthLow,DepthLow--DepthLow,10,0.2142458332875226,6.164013735088929e-05,0.004663306099146176
2311,13851,73,128,73,128,DepthMid,DepthMid,DepthMid--DepthMid,9,0.14550020284236173,6.163751584600384e-05,0.004663107772532275
2312,23759,167,213,167,213,DepthLow,DepthLow,DepthLow--DepthLow,3,0.04391305815784689,6.163450265576406e-05,0.00466287981346166
2313,15054,81,151,81,151,DepthMid,DepthHigh,DepthHigh--DepthMid,10,0.18806094538636106,6.162902342694633e-05,0.004662465289382667
2314,10457,52,136,52,136,DepthHigh,DepthHigh,DepthHigh--DepthHigh,9,0.1577922418483596,6.162865576625692e-05,0.004662437474481387
2315,25292,209,213,209,213,DepthLow,DepthLow,DepthLow--DepthLow,10,0.6478516461307301,6.161394380993652e-05,0.004661324460160073
2316,4788,22,92,22,92,DepthHigh,DepthMid,DepthHigh--DepthMid,9,0.15833940107437913,6.160941255977259e-05,0.004660981654198984
2317,4971,23,73,23,73,DepthHigh,DepthMid,DepthHigh--DepthMid,9,0.15994163949478346,6.16003388266505e-05,0.004660295192474063
2318,4136,19,52,19,52,DepthHigh,DepthHigh,DepthHigh--DepthHigh,5,0.06385920969095463,6.159804487734816e-05,0.004660121646660694
2319,20920,130,186,130,186,DepthMid,DepthMid,DepthMid--DepthMid,10,0.1978595138514483,6.159716875039289e-05,0.004660055364391547
2320,11877,60,208,60,208,DepthMid,DepthLow,DepthLow--DepthMid,8,0.1258280128087221,6.159558086397543e-05,0.004659935234866639
2321,25053,198,205,198,205,DepthLow,DepthLow,DepthLow--DepthLow,7,0.10043020014099313,6.15882824358227e-05,0.004659383081578513
2322,12866,67,70,67,70,DepthLow,DepthMid,DepthLow--DepthMid,3,0.04078471290889698,6.158720053363385e-05,0.004659301231646102
2323,17726,101,153,101,153,DepthMid,DepthHigh,DepthHigh--DepthMid,7,0.10710792504598213,6.156962029666731e-05,0.004657971221204954
2324,14028,74,154,74,154,DepthLow,DepthLow,DepthLow--DepthLow,8,0.13781654109494368,6.156689121788721e-05,0.004657764756225036
2325,749,3,81,3,81,DepthHigh,DepthMid,DepthHigh--DepthMid,10,0.19361908967460884,6.156651862123905e-05,0.004657736567900082
2326,3006,13,173,13,173,DepthLow,DepthLow,DepthLow--DepthLow,7,0.10115205342636663,6.156338188816567e-05,0.00465749926235371
2327,13362,70,98,70,98,DepthMid,DepthLow,DepthLow--DepthMid,6,0.09416367686054403,6.155962018342436e-05,0.004657214675371635
2328,6988,33,125,33,125,DepthLow,DepthMid,DepthLow--DepthMid,5,0.07278862898676838,6.15561908439345e-05,0.0046569552330594285
2329,189,0,190,0,190,DepthLow,DepthLow,DepthLow--DepthLow,8,0.12516953735286002,6.155575158225642e-05,0.004656922001276526
2330,14340,76,167,76,167,DepthLow,DepthLow,DepthLow--DepthLow,10,0.18154079607115983,6.154198267997775e-05,0.00465588033250786
2331,11371,57,200,57,200,DepthMid,DepthHigh,DepthHigh--DepthMid,6,0.08015210042079791,6.15385336215256e-05,0.00465561939838267
2332,390,1,167,1,167,DepthLow,DepthLow,DepthLow--DepthLow,9,0.17684827818005538,6.153246160841159e-05,0.00465516002796259
2333,2237,10,43,10,43,DepthLow,DepthLow,DepthLow--DepthLow,10,0.2105100644640526,6.152623715430369e-05,0.004654689124813235
2334,14279,76,106,76,106,DepthLow,DepthMid,DepthLow--DepthMid,5,0.06940522087754575,6.152220738597242e-05,0.004654384257821612
2335,19742,118,214,118,214,DepthHigh,DepthMid,DepthHigh--DepthMid,10,0.22221638178256525,6.15163800380729e-05,0.00465394339723678
2336,5686,26,188,26,188,DepthHigh,DepthMid,DepthHigh--DepthMid,8,0.12738289011925735,6.151214845286979e-05,0.004653623262046711
2337,14508,77,187,77,187,DepthMid,DepthMid,DepthMid--DepthMid,10,0.4482728597843168,6.151096984188302e-05,0.004653534095733342
2338,11714,59,210,59,210,DepthLow,DepthLow,DepthLow--DepthLow,9,0.16555329985270176,6.1510847214337e-05,0.004653524818502501
2339,1127,5,18,5,18,DepthMid,DepthHigh,DepthHigh--DepthMid,1,-0.008088497259793123,6.150005579955057e-05,0.0046527084077585485
2340,12343,63,185,63,185,DepthMid,DepthMid,DepthMid--DepthMid,10,0.3052588282874497,6.149635773057098e-05,0.004652428635058993
2341,9961,49,162,49,162,DepthHigh,DepthMid,DepthHigh--DepthMid,10,0.2171455965252693,6.147906851230083e-05,0.004651120641266739
2342,23885,170,171,170,171,DepthHigh,DepthLow,DepthHigh--DepthLow,5,0.07295570654236985,6.147829036194777e-05,0.00465106177129267
2343,19478,116,165,116,165,DepthMid,DepthLow,DepthLow--DepthMid,3,0.037562581010054934,6.147285999192652e-05,0.004650650943563709
2344,16333,90,179,90,179,DepthMid,DepthHigh,DepthHigh--DepthMid,9,0.15247605899256136,6.146941842857706e-05,0.004650390576470969
2345,15794,86,186,86,186,DepthMid,DepthMid,DepthMid--DepthMid,4,0.05254518112999584,6.145147127976511e-05,0.004649032807781379
2346,19650,118,122,118,122,DepthHigh,DepthHigh,DepthHigh--DepthHigh,10,0.3760748325474265,6.144379070767992e-05,0.004648451743880663
2347,7618,36,185,36,185,DepthHigh,DepthMid,DepthHigh--DepthMid,10,0.19492532251231828,6.143788809983201e-05,0.004648005189600271
2348,984,4,95,4,95,DepthMid,DepthHigh,DepthHigh--DepthMid,7,0.10534465002215643,6.143132334694236e-05,0.004647508541579916
2349,5970,28,77,28,77,DepthHigh,DepthMid,DepthHigh--DepthMid,10,0.24266430315537785,6.14174828711495e-05,0.004646461458008176
2350,16134,89,115,89,115,DepthLow,DepthHigh,DepthHigh--DepthLow,7,0.10090421624778298,6.141083415791003e-05,0.004645958458074471
2351,99,0,100,0,100,DepthLow,DepthMid,DepthLow--DepthMid,9,0.1405231926328331,6.140711965958606e-05,0.0046456774424337875
2352,1890,8,127,8,127,DepthMid,DepthMid,DepthMid--DepthMid,9,0.14218204648123703,6.138379298108323e-05,0.004643912692275691
2353,7479,36,46,36,46,DepthHigh,DepthHigh,DepthHigh--DepthHigh,9,0.176747551851289,6.138266091691159e-05,0.004643827047402348
2354,16620,92,199,92,199,DepthMid,DepthLow,DepthLow--DepthMid,9,0.1566412547720754,6.137873038900337e-05,0.00464352968831856
2355,20390,125,141,125,141,DepthMid,DepthHigh,DepthHigh--DepthMid,5,0.07458197308389186,6.136956853466531e-05,0.004642836559895258
2356,22683,151,185,151,185,DepthHigh,DepthMid,DepthHigh--DepthMid,10,0.2014439034070945,6.136374943755004e-05,0.004642396323513001
2357,23332,160,213,160,213,DepthLow,DepthLow,DepthLow--DepthLow,4,0.05825640692786851,6.135325395842317e-05,0.0046416023014045306
2358,24403,180,194,180,194,DepthHigh,DepthLow,DepthHigh--DepthLow,8,0.12701193001773517,6.134891194889733e-05,0.004641273812202938
2359,24446,181,193,181,193,DepthHigh,DepthLow,DepthHigh--DepthLow,9,0.1401939399606982,6.134851650591014e-05,0.004641243895467296
2360,11265,57,94,57,94,DepthMid,DepthHigh,DepthHigh--DepthMid,7,0.11106112657104396,6.13481036898565e-05,0.004641212664394436
2361,19074,112,203,112,203,DepthHigh,DepthHigh,DepthHigh--DepthHigh,9,0.176908657911801,6.134225012918288e-05,0.0046407698207155575
2362,10629,53,136,53,136,DepthHigh,DepthHigh,DepthHigh--DepthHigh,9,0.15416179107675232,6.133373300642711e-05,0.004640125468639116
2363,3985,18,107,18,107,DepthHigh,DepthMid,DepthHigh--DepthMid,6,0.08192956563597507,6.132287092265431e-05,0.00463930371152299
2364,16249,90,95,90,95,DepthMid,DepthHigh,DepthHigh--DepthMid,7,0.10884845161331112,6.132191629746426e-05,0.00463923149056985
2365,12192,62,196,62,196,DepthMid,DepthHigh,DepthHigh--DepthMid,8,0.11940743370072912,6.132181171683969e-05,0.00463922357865587
2366,18309,106,131,106,131,DepthMid,DepthMid,DepthMid--DepthMid,8,0.13018807178480454,6.131876871627022e-05,0.004638993364322723
2367,22078,143,200,143,200,DepthHigh,DepthHigh,DepthHigh--DepthHigh,6,0.0836403822784427,6.131769366544123e-05,0.004638912032721218
2368,781,3,113,3,113,DepthHigh,DepthMid,DepthHigh--DepthMid,10,0.20718724736979058,6.131335694647998e-05,0.004638583943770554
2369,8816,43,88,43,88,DepthLow,DepthMid,DepthLow--DepthMid,7,0.10848632317425219,6.131171932358602e-05,0.004638460051495849
2370,19705,118,177,118,177,DepthHigh,DepthLow,DepthHigh--DepthLow,7,0.10432648749964327,6.131167824364678e-05,0.004638456943645356
2371,16379,90,225,90,225,DepthMid,DepthLow,DepthLow--DepthMid,10,0.18720985926285955,6.13105699479892e-05,0.0046383730969486794
2372,540,2,94,2,94,DepthHigh,DepthHigh,DepthHigh--DepthHigh,10,0.261100621113477,6.130931557645251e-05,0.004638278199067379
2373,14481,77,160,77,160,DepthMid,DepthLow,DepthLow--DepthMid,2,0.02680095080086121,6.130487525277486e-05,0.004637942272033825
2374,14548,78,80,78,80,DepthLow,DepthHigh,DepthHigh--DepthLow,8,0.12597611882183588,6.12970173112831e-05,0.0046373477894765145
2375,19368,115,164,115,164,DepthHigh,DepthLow,DepthHigh--DepthLow,2,0.024249445465392764,6.129291805117499e-05,0.004637037665173006
2376,56,0,57,0,57,DepthLow,DepthMid,DepthLow--DepthMid,10,0.18618711709104444,6.128646440408207e-05,0.004636549422720222
2377,22148,144,189,144,189,DepthHigh,DepthMid,DepthHigh--DepthMid,8,0.12706189931019427,6.127228235470722e-05,0.004635476497834094
2378,6922,33,59,33,59,DepthLow,DepthLow,DepthLow--DepthLow,10,0.23865634680309333,6.126575797065014e-05,0.004634982903866362
2379,22232,145,193,145,193,DepthLow,DepthLow,DepthLow--DepthLow,10,0.8030512492307395,6.126368818669686e-05,0.004634826316997027
2380,4709,21,216,21,216,DepthHigh,DepthHigh,DepthHigh--DepthHigh,8,0.12234505553114919,6.125817786854928e-05,0.004634409440894372
2381,24777,189,208,189,208,DepthMid,DepthLow,DepthLow--DepthMid,9,0.15810946281969057,6.124541917842339e-05,0.004633444198439729
2382,10823,54,159,54,159,DepthMid,DepthHigh,DepthHigh--DepthMid,10,0.2617192794058603,6.12405257965687e-05,0.004633073995866711
2383,2393,10,199,10,199,DepthLow,DepthLow,DepthLow--DepthLow,10,0.20553793284249425,6.12400648186625e-05,0.004633039121170223
2384,21779,140,150,140,150,DepthHigh,DepthHigh,DepthHigh--DepthHigh,6,0.08516598437867222,6.123778188580379e-05,0.0046328664087918695
2385,4153,19,69,19,69,DepthHigh,DepthHigh,DepthHigh--DepthHigh,5,0.06512232659989078,6.123623368904298e-05,0.004632749281937394
2386,2278,10,84,10,84,DepthLow,DepthMid,DepthLow--DepthMid,10,0.20498264192447133,6.123396639229563e-05,0.004632577752489133
2387,23474,163,166,163,166,DepthHigh,DepthHigh,DepthHigh--DepthHigh,5,0.07681586032237961,6.123308306171048e-05,0.0046325109252385414
2388,190,0,191,0,191,DepthLow,DepthLow,DepthLow--DepthLow,8,0.12751670096906478,6.123289596174936e-05,0.004632496770429234
2389,15488,84,159,84,159,DepthMid,DepthHigh,DepthHigh--DepthMid,4,0.05986775007753533,6.123014407322149e-05,0.004632288579806894
2390,23302,160,183,160,183,DepthLow,DepthMid,DepthLow--DepthMid,3,0.028672580931087717,6.122733668025274e-05,0.004632076190066759
2391,21754,139,210,139,210,DepthHigh,DepthLow,DepthHigh--DepthLow,4,0.04498484131549036,6.1225309015121e-05,0.004631922789643232
2392,16734,93,181,93,181,DepthLow,DepthHigh,DepthHigh--DepthLow,7,0.111998428078002,6.12240899754946e-05,0.0046318305647526144
2393,2398,10,204,10,204,DepthLow,DepthLow,DepthLow--DepthLow,9,0.16442661981933537,6.122302289921087e-05,0.004631749836455176
2394,5562,26,64,26,64,DepthHigh,DepthMid,DepthHigh--DepthMid,9,0.16194676740753233,6.121875393764641e-05,0.004631426873604084
2395,18518,107,222,107,222,DepthMid,DepthLow,DepthLow--DepthMid,10,0.188688258394256,6.121556548890435e-05,0.004631185655574652
2396,16219,89,200,89,200,DepthLow,DepthHigh,DepthHigh--DepthLow,9,0.17613431431314272,6.119128458328976e-05,0.0046293487145795216
2397,7544,36,111,36,111,DepthHigh,DepthMid,DepthHigh--DepthMid,9,0.169524879568038,6.117605047723319e-05,0.00462819619768482
2398,11989,61,156,61,156,DepthMid,DepthLow,DepthLow--DepthMid,9,0.1644212614221729,6.116514747027224e-05,0.004627371344577006
2399,13757,72,186,72,186,DepthLow,DepthMid,DepthLow--DepthMid,1,-0.023105309135073495,6.114394042338769e-05,0.0046257669524498645
2400,12642,65,163,65,163,DepthMid,DepthHigh,DepthHigh--DepthMid,4,0.05855477794718547,6.114187412100457e-05,0.004625610628974286
2401,12577,65,98,65,98,DepthMid,DepthLow,DepthLow--DepthMid,7,0.10872775126645805,6.113022624461779e-05,0.004624729423718571
2402,12494,64,175,64,175,DepthMid,DepthMid,DepthMid--DepthMid,6,0.09129819312254553,6.111417150575484e-05,0.004623514822893891
2403,16447,91,159,91,159,DepthMid,DepthHigh,DepthHigh--DepthMid,9,0.14192530841649045,6.111273995472505e-05,0.0046234065207236595
2404,3305,15,51,15,51,DepthLow,DepthHigh,DepthHigh--DepthLow,8,0.11628055958656627,6.110048901675589e-05,0.004622479691611865
2405,7546,36,113,36,113,DepthHigh,DepthMid,DepthHigh--DepthMid,7,0.10091023662583719,6.109881621143351e-05,0.0046223531376553394
2406,24444,181,191,181,191,DepthHigh,DepthLow,DepthHigh--DepthLow,8,0.1265863654815868,6.106985781536867e-05,0.00462016232707648
2407,22491,148,218,148,218,DepthHigh,DepthHigh,DepthHigh--DepthHigh,3,0.039825470253330005,6.106668659678961e-05,0.004619922412573089
2408,8359,40,180,40,180,DepthLow,DepthHigh,DepthHigh--DepthLow,7,0.09956141987157058,6.104237841434381e-05,0.004618083407984028
2409,11960,61,127,61,127,DepthMid,DepthMid,DepthMid--DepthMid,10,0.2414444570776428,6.103930849683338e-05,0.004617851157283989
2410,15732,86,124,86,124,DepthMid,DepthLow,DepthLow--DepthMid,5,0.06759511781332553,6.1034300481311e-05,0.004617472282246816
2411,1388,6,60,6,60,DepthMid,DepthMid,DepthMid--DepthMid,9,0.1465516967716184,6.103133420982312e-05,0.00461724787275463
2412,22376,147,180,147,180,DepthHigh,DepthHigh,DepthHigh--DepthHigh,2,0.00437275393002363,6.101032011022801e-05,0.004615658077808975
2413,15886,87,140,87,140,DepthMid,DepthHigh,DepthHigh--DepthMid,8,0.13837584303001305,6.100555496573944e-05,0.0046152975768705955
2414,7865,38,57,38,57,DepthHigh,DepthMid,DepthHigh--DepthMid,3,0.04366313899139535,6.0995583411850996e-05,0.004614543191658875
2415,1606,7,60,7,60,DepthMid,DepthMid,DepthMid--DepthMid,9,0.158625771356079,6.099373924429777e-05,0.004614403673510986
2416,10903,55,69,55,69,DepthHigh,DepthHigh,DepthHigh--DepthHigh,10,0.207390495718082,6.098583906531463e-05,0.004613805995530051
2417,9453,46,185,46,185,DepthHigh,DepthMid,DepthHigh--DepthMid,8,0.11809558953407946,6.097960247458865e-05,0.00461333417420031
2418,22346,147,150,147,150,DepthHigh,DepthHigh,DepthHigh--DepthHigh,8,0.12040304432572935,6.096343865702372e-05,0.004612111321165332
2419,24284,177,213,177,213,DepthLow,DepthLow,DepthLow--DepthLow,9,0.16338027769590244,6.0954863576796166e-05,0.004611462584390165
2420,9090,44,181,44,181,DepthLow,DepthHigh,DepthHigh--DepthLow,8,0.12245861002914049,6.0951363862225573e-05,0.00461119781794084
2421,12864,67,68,67,68,DepthLow,DepthLow,DepthLow--DepthLow,10,0.8342917632070509,6.094363162557307e-05,0.004610612845423073
2422,16622,92,201,92,201,DepthMid,DepthLow,DepthLow--DepthMid,7,0.11476934625178813,6.0938010761856384e-05,0.004610187606136157
2423,1247,5,138,5,138,DepthMid,DepthHigh,DepthHigh--DepthMid,6,0.08601511895228675,6.092812858726548e-05,0.004609439982801377
2424,6341,30,57,30,57,DepthMid,DepthMid,DepthMid--DepthMid,9,0.16255693318388345,6.090291398973331e-05,0.004607532404533179
2425,12824,66,186,66,186,DepthLow,DepthMid,DepthLow--DepthMid,9,0.15111223604330118,6.090243505315875e-05,0.004607496171196505
2426,2973,13,140,13,140,DepthLow,DepthHigh,DepthHigh--DepthLow,1,-0.012437250719881242,6.090195407188216e-05,0.004607459783170503
2427,10322,51,174,51,174,DepthHigh,DepthHigh,DepthHigh--DepthHigh,7,0.10791270664074422,6.0894920023074106e-05,0.00460692763116504
2428,4300,19,216,19,216,DepthHigh,DepthHigh,DepthHigh--DepthHigh,9,0.1512728509613951,6.0879986082220365e-05,0.00460579782288653
2429,25320,211,212,211,212,DepthLow,DepthLow,DepthLow--DepthLow,10,0.7393519256277241,6.087857991462756e-05,0.0046056914410679
2430,8147,39,153,39,153,DepthLow,DepthHigh,DepthHigh--DepthLow,8,0.1366591558429544,6.0873798574014775e-05,0.004605329714832367
2431,22977,155,193,155,193,DepthLow,DepthLow,DepthLow--DepthLow,7,0.10776120547440371,6.086733292851626e-05,0.004604840564655486
2432,4389,20,100,20,100,DepthHigh,DepthMid,DepthHigh--DepthMid,9,0.163062270093854,6.085464842868191e-05,0.004603880934972875
2433,17000,95,186,95,186,DepthHigh,DepthMid,DepthHigh--DepthMid,5,0.06665139606723329,6.084820610422805e-05,0.004603393549119931
2434,7510,36,77,36,77,DepthHigh,DepthMid,DepthHigh--DepthMid,10,0.25192336572678703,6.08424331426677e-05,0.004602956803064333
2435,15504,84,175,84,175,DepthMid,DepthMid,DepthMid--DepthMid,10,0.21179819866252583,6.083168437368938e-05,0.004602143618634688
2436,24555,183,217,183,217,DepthMid,DepthLow,DepthLow--DepthMid,8,0.11616390564620645,6.082998526583178e-05,0.004602015074793354
2437,3002,13,169,13,169,DepthLow,DepthLow,DepthLow--DepthLow,8,0.12753093623302558,6.082822565032957e-05,0.004601881953323217
2438,8360,40,181,40,181,DepthLow,DepthHigh,DepthHigh--DepthLow,8,0.11567366773403406,6.082795076589205e-05,0.004601861157291132
2439,12892,67,96,67,96,DepthLow,DepthHigh,DepthHigh--DepthLow,3,0.041703209209657366,6.08250627348514e-05,0.004601642666980351
2440,24438,181,185,181,185,DepthHigh,DepthMid,DepthHigh--DepthMid,7,0.1116291376744238,6.082453065730829e-05,0.004601602413331371
2441,8921,43,193,43,193,DepthLow,DepthLow,DepthLow--DepthLow,10,0.2572873065012503,6.0820285358921765e-05,0.004601281240687873
2442,3962,18,84,18,84,DepthHigh,DepthMid,DepthHigh--DepthMid,9,0.14407631188881143,6.081879697491193e-05,0.004601168638890906
2443,5559,26,61,26,61,DepthHigh,DepthMid,DepthHigh--DepthMid,7,0.10091745607955083,6.081874111451602e-05,0.0046011644128437865
2444,23728,167,182,167,182,DepthLow,DepthLow,DepthLow--DepthLow,5,0.06231711572405579,6.0814001641737647e-05,0.004600805854065951
2445,9175,45,86,45,86,DepthHigh,DepthMid,DepthHigh--DepthMid,4,0.06093581038680713,6.08046157854472e-05,0.004600095779060184
2446,17370,98,172,98,172,DepthLow,DepthLow,DepthLow--DepthLow,9,0.15795637198731027,6.08044513937705e-05,0.004600083342217219
2447,14420,77,99,77,99,DepthMid,DepthMid,DepthMid--DepthMid,9,0.1768254266610658,6.079885840435058e-05,0.004599660211724729
2448,24829,190,225,190,225,DepthLow,DepthLow,DepthLow--DepthLow,9,0.15687602754271723,6.079136132619608e-05,0.004599093029823679
2449,7396,35,152,35,152,DepthLow,DepthHigh,DepthHigh--DepthLow,6,0.09035797875885844,6.0788462301683644e-05,0.004598873707815789
2450,22475,148,202,148,202,DepthHigh,DepthLow,DepthHigh--DepthLow,5,0.06405971762276894,6.078213450621651e-05,0.004598394986507495
2451,12482,64,163,64,163,DepthMid,DepthHigh,DepthHigh--DepthMid,4,0.057400022232270746,6.078184021818717e-05,0.004598372722521379
2452,13029,68,76,68,76,DepthLow,DepthLow,DepthLow--DepthLow,3,0.043350926706740636,6.077995640611757e-05,0.0045982302051180875
2453,10335,51,187,51,187,DepthHigh,DepthMid,DepthHigh--DepthMid,8,0.12783455243807637,6.0779058561283964e-05,0.004598162279810511
2454,14576,78,108,78,108,DepthLow,DepthMid,DepthLow--DepthMid,8,0.11550895698361441,6.077589301384816e-05,0.004597922794350242
2455,25322,211,214,211,214,DepthLow,DepthMid,DepthLow--DepthMid,9,0.15272291333483767,6.0757467182905e-05,0.004596528811573566
2456,2955,13,122,13,122,DepthLow,DepthHigh,DepthHigh--DepthLow,8,0.12162194816336927,6.0754314973576316e-05,0.004596290335190807
2457,22818,153,175,153,175,DepthHigh,DepthMid,DepthHigh--DepthMid,8,0.1291234623548954,6.0750218106468785e-05,0.004595980391926709
2458,14826,79,212,79,212,DepthLow,DepthLow,DepthLow--DepthLow,7,0.10907972462574428,6.0749546459303586e-05,0.004595929579315697
2459,13214,69,105,69,105,DepthHigh,DepthMid,DepthHigh--DepthMid,10,0.24831611695343886,6.074908314695314e-05,0.004595894528009803
2460,11828,60,159,60,159,DepthMid,DepthHigh,DepthHigh--DepthMid,1,-0.015483935758071147,6.074332907243466e-05,0.004595459210829307
2461,20757,128,214,128,214,DepthMid,DepthMid,DepthMid--DepthMid,9,0.16392597083321184,6.074315564371039e-05,0.004595446090300015
2462,12061,62,65,62,65,DepthMid,DepthMid,DepthMid--DepthMid,7,0.10585448439822343,6.0741957185412345e-05,0.004595355422463586
2463,16431,91,143,91,143,DepthMid,DepthHigh,DepthHigh--DepthMid,5,0.06294740069438703,6.072307413948982e-05,0.00459392684966986
2464,14272,76,99,76,99,DepthLow,DepthMid,DepthLow--DepthMid,9,0.1689895838737772,6.071263495469894e-05,0.0045931370864376935
2465,22344,147,148,147,148,DepthHigh,DepthHigh,DepthHigh--DepthHigh,6,0.09028122949916915,6.07102419512971e-05,0.004592956046812562
2466,23324,160,205,160,205,DepthLow,DepthLow,DepthLow--DepthLow,8,0.1157434732723549,6.070832321799639e-05,0.004592810887487999
2467,17673,100,224,100,224,DepthMid,DepthLow,DepthLow--DepthMid,9,0.14355668000972058,6.070067705226976e-05,0.004592232426556527
2468,3037,13,204,13,204,DepthLow,DepthLow,DepthLow--DepthLow,10,0.18453037273507655,6.0698931113177934e-05,0.004592100339757802
2469,3570,16,107,16,107,DepthMid,DepthMid,DepthMid--DepthMid,6,0.09337471784360388,6.06890810169918e-05,0.004591355143273886
2470,18487,107,191,107,191,DepthMid,DepthLow,DepthLow--DepthMid,6,0.09253334832475857,6.06881526789785e-05,0.004591284911043629
2471,448,1,225,1,225,DepthLow,DepthLow,DepthLow--DepthLow,10,0.761538120120656,6.067012339275421e-05,0.004589920928352702
2472,7077,33,214,33,214,DepthLow,DepthMid,DepthLow--DepthMid,10,0.20711173269892627,6.0669195742608006e-05,0.004589850748162154
2473,3770,17,99,17,99,DepthHigh,DepthMid,DepthHigh--DepthMid,4,0.05677696696567054,6.066718606170646e-05,0.004589698708312662
2474,24714,187,218,187,218,DepthMid,DepthHigh,DepthHigh--DepthMid,3,0.03441991123010495,6.064933791983786e-05,0.004588348429867296
2475,20604,127,158,127,158,DepthMid,DepthHigh,DepthHigh--DepthMid,8,0.13529827440603098,6.064688905318427e-05,0.004588163163978989
2476,2339,10,145,10,145,DepthLow,DepthLow,DepthLow--DepthLow,8,0.11582507673253932,6.0642803699311726e-05,0.004587854091734024
2477,995,4,106,4,106,DepthMid,DepthMid,DepthMid--DepthMid,3,0.043693111531273546,6.063220173331971e-05,0.00458705201349737
2478,2262,10,68,10,68,DepthLow,DepthLow,DepthLow--DepthLow,10,0.24787786418249805,6.0624052684457716e-05,0.00458643550758266
2479,21422,136,139,136,139,DepthHigh,DepthHigh,DepthHigh--DepthHigh,9,0.1414844907669773,6.061714968205686e-05,0.00458591326972626
2480,18344,106,166,106,166,DepthMid,DepthHigh,DepthHigh--DepthMid,9,0.17821794406003702,6.06168823744292e-05,0.004585893046908077
2481,10433,52,112,52,112,DepthHigh,DepthHigh,DepthHigh--DepthHigh,5,0.07220472184827512,6.061294525058217e-05,0.0045855951888169365
2482,23107,157,186,157,186,DepthHigh,DepthMid,DepthHigh--DepthMid,3,0.02840231701966274,6.06040799148112e-05,0.004584924493128243
2483,20353,124,204,124,204,DepthLow,DepthLow,DepthLow--DepthLow,10,0.25989094924251593,6.0601212471361155e-05,0.004584707560345413
2484,8601,42,55,42,55,DepthMid,DepthHigh,DepthHigh--DepthMid,3,0.03913039276391633,6.0596563480358084e-05,0.004584355846851069
2485,7312,35,68,35,68,DepthLow,DepthLow,DepthLow--DepthLow,10,0.30274219745246045,6.0593076379834e-05,0.00458409203470137
2486,10582,53,89,53,89,DepthHigh,DepthLow,DepthHigh--DepthLow,8,0.13231316842611113,6.0566428000658856e-05,0.004582075985508741
2487,21863,141,150,141,150,DepthHigh,DepthHigh,DepthHigh--DepthHigh,8,0.1155155898689747,6.056335672479854e-05,0.004581843632044471
2488,7131,34,77,34,77,DepthHigh,DepthMid,DepthHigh--DepthMid,10,0.2394589872634316,6.0547568931791105e-05,0.004580649226668562
2489,5123,23,225,23,225,DepthHigh,DepthLow,DepthHigh--DepthLow,8,0.1377513438959894,6.054440516333421e-05,0.004580409875794678
2490,12479,64,160,64,160,DepthMid,DepthLow,DepthLow--DepthMid,8,0.13209166798128757,6.054334281733089e-05,0.004580329505360581
2491,14841,80,82,80,82,DepthHigh,DepthMid,DepthHigh--DepthMid,10,0.22092318445384573,6.054301647958655e-05,0.0045803048166940885
2492,786,3,118,3,118,DepthHigh,DepthHigh,DepthHigh--DepthHigh,5,0.06196718460757954,6.053586481879766e-05,0.004579763766903982
2493,1557,7,11,7,11,DepthMid,DepthMid,DepthMid--DepthMid,10,0.3487582325066404,6.0532604171104573e-05,0.004579517086754848
2494,11309,57,138,57,138,DepthMid,DepthHigh,DepthHigh--DepthMid,8,0.13150569869521408,6.052081243001218e-05,0.004578624997598027
2495,12962,67,166,67,166,DepthLow,DepthHigh,DepthHigh--DepthLow,2,0.024531167740325748,6.05195019517563e-05,0.004578525855034332
2496,12103,62,107,62,107,DepthMid,DepthMid,DepthMid--DepthMid,6,0.09371554984922723,6.051914500438843e-05,0.0045784988506357505
2497,22414,147,218,147,218,DepthHigh,DepthHigh,DepthHigh--DepthHigh,4,0.052635064276940695,6.051521171973509e-05,0.0045782012829939205
2498,18688,109,159,109,159,DepthMid,DepthHigh,DepthHigh--DepthMid,10,0.26377519839612074,6.0513519461058296e-05,0.004578073257318638
2499,10163,50,189,50,189,DepthHigh,DepthMid,DepthHigh--DepthMid,9,0.16717832792981507,6.048883465061129e-05,0.004576205759417741
2500,1214,5,105,5,105,DepthMid,DepthMid,DepthMid--DepthMid,5,0.06446926197252928,6.048882601147575e-05,0.004576205105834943
2501,5022,23,124,23,124,DepthHigh,DepthLow,DepthHigh--DepthLow,8,0.12080054677626278,6.048650979041078e-05,0.004576029875079733
2502,19849,119,215,119,215,DepthHigh,DepthMid,DepthHigh--DepthMid,10,0.2228648858133958,6.048201541832385e-05,0.004575689859082599
2503,23661,166,173,166,173,DepthHigh,DepthLow,DepthHigh--DepthLow,10,0.1859120218066277,6.047589945334505e-05,0.0045752271635401565
2504,15918,87,172,87,172,DepthMid,DepthLow,DepthLow--DepthMid,7,0.11519239492381,6.046698983263795e-05,0.004574553117531012
2505,2980,13,147,13,147,DepthLow,DepthHigh,DepthHigh--DepthLow,8,0.13032526581956055,6.0466849047476945e-05,0.004574542466608931
2506,17963,103,145,103,145,DepthMid,DepthLow,DepthLow--DepthMid,7,0.11026666810319341,6.046671892385379e-05,0.00457453262227192
2507,21747,139,203,139,203,DepthHigh,DepthHigh,DepthHigh--DepthHigh,9,0.15720549147511562,6.045305661647105e-05,0.004573499017804369
2508,996,4,107,4,107,DepthMid,DepthMid,DepthMid--DepthMid,7,0.11227343249410116,6.04399255797013e-05,0.004572505605938527
2509,14211,75,187,75,187,DepthMid,DepthMid,DepthMid--DepthMid,10,0.19391836082281208,6.0438613779996066e-05,0.004572406363402264
2510,8742,42,196,42,196,DepthMid,DepthHigh,DepthHigh--DepthMid,10,0.2236092540961462,6.0430414240659565e-05,0.0045717860376949995
2511,18687,109,158,109,158,DepthMid,DepthHigh,DepthHigh--DepthMid,10,0.2678108230901331,6.04215613984652e-05,0.004571116287191934
2512,9365,46,97,46,97,DepthHigh,DepthMid,DepthHigh--DepthMid,10,0.2247722539027341,6.0419246145443484e-05,0.004570941129672804
2513,10412,52,91,52,91,DepthHigh,DepthMid,DepthHigh--DepthMid,8,0.13365033524835715,6.0415974341989215e-05,0.004570693605548764
2514,9188,45,99,45,99,DepthHigh,DepthMid,DepthHigh--DepthMid,10,0.19272233556719265,6.039997061922993e-05,0.004569482864282443
2515,18572,108,159,108,159,DepthMid,DepthHigh,DepthHigh--DepthMid,10,0.30511224308684204,6.039812142197605e-05,0.004569342965618956
2516,5866,27,170,27,170,DepthMid,DepthHigh,DepthHigh--DepthMid,5,0.07493557661977736,6.038704791592279e-05,0.004568505213619425
2517,5683,26,185,26,185,DepthHigh,DepthMid,DepthHigh--DepthMid,10,0.2218196206505133,6.0370731495298795e-05,0.004567270815594336
2518,9573,47,127,47,127,DepthHigh,DepthMid,DepthHigh--DepthMid,3,0.033169268746182604,6.037049400255926e-05,0.004567252848383548
2519,15746,86,138,86,138,DepthMid,DepthHigh,DepthHigh--DepthMid,10,0.23138476310314898,6.037000279269957e-05,0.004567215686527117
2520,6920,33,57,33,57,DepthLow,DepthMid,DepthLow--DepthMid,10,0.20870289368018308,6.03698021241274e-05,0.004567200505201819
2521,10946,55,112,55,112,DepthHigh,DepthHigh,DepthHigh--DepthHigh,6,0.08032452713186565,6.036888563003537e-05,0.004567131169008344
2522,8556,41,193,41,193,DepthLow,DepthLow,DepthLow--DepthLow,10,0.22928664644161198,6.036584736811924e-05,0.004566901313171981
2523,23674,166,186,166,186,DepthHigh,DepthMid,DepthHigh--DepthMid,10,0.20098772450332522,6.0362865105457874e-05,0.004566675693887929
2524,3427,15,173,15,173,DepthLow,DepthLow,DepthLow--DepthLow,7,0.11068411515932003,6.0361559034210695e-05,0.004566576884730866
2525,12373,63,215,63,215,DepthMid,DepthMid,DepthMid--DepthMid,9,0.15123322132259812,6.035772058250229e-05,0.004566286491554725
2526,5015,23,117,23,117,DepthHigh,DepthMid,DepthHigh--DepthMid,7,0.10372088451802275,6.0354277971274835e-05,0.00456602604518611
2527,19502,116,189,116,189,DepthMid,DepthMid,DepthMid--DepthMid,5,0.06617120108150634,6.0347444182594396e-05,0.004565509043605592
2528,12299,63,141,63,141,DepthMid,DepthHigh,DepthHigh--DepthMid,4,0.05498782446104219,6.03459712727806e-05,0.004565397612489222
2529,19814,119,180,119,180,DepthHigh,DepthHigh,DepthHigh--DepthHigh,8,0.13684287880078727,6.0342901331757155e-05,0.004565165360010336
2530,12719,66,81,66,81,DepthLow,DepthMid,DepthLow--DepthMid,9,0.16811721598289822,6.033194043639976e-05,0.004564336127429602
2531,16083,88,200,88,200,DepthMid,DepthHigh,DepthHigh--DepthMid,6,0.08562751681806287,6.0328109981780474e-05,0.004564046339263056
2532,3831,17,160,17,160,DepthHigh,DepthLow,DepthHigh--DepthLow,4,0.050998376702838875,6.029768833927867e-05,0.004561744828638296
2533,3437,15,183,15,183,DepthLow,DepthMid,DepthLow--DepthMid,9,0.1445317307277323,6.029284298184515e-05,0.004561378259291708
2534,23229,159,175,159,175,DepthHigh,DepthMid,DepthHigh--DepthMid,8,0.12568965785986455,6.0291899697344216e-05,0.004561306896303963
2535,17942,103,124,103,124,DepthMid,DepthLow,DepthLow--DepthMid,8,0.13091372477164573,6.029038767411983e-05,0.004561192506112322
2536,25280,208,217,208,217,DepthLow,DepthLow,DepthLow--DepthLow,10,0.6133890580905595,6.0283631136650075e-05,0.004560681348873777
2537,5617,26,119,26,119,DepthHigh,DepthHigh,DepthHigh--DepthHigh,9,0.1488837436489296,6.028176267324828e-05,0.004560539992654403
2538,14731,79,117,79,117,DepthLow,DepthMid,DepthLow--DepthMid,8,0.12332925907968743,6.028153141121907e-05,0.00456052249682007
2539,23148,158,160,158,160,DepthHigh,DepthLow,DepthHigh--DepthLow,3,0.041390170957628834,6.027840348251039e-05,0.0045602858573566985
2540,11360,57,189,57,189,DepthMid,DepthMid,DepthMid--DepthMid,10,0.4451083055208732,6.027116437456195e-05,0.00455973819186309
2541,3197,14,153,14,153,DepthLow,DepthHigh,DepthHigh--DepthLow,8,0.13109894831397303,6.026841993955499e-05,0.004559530565127384
2542,10045,50,71,50,71,DepthHigh,DepthLow,DepthHigh--DepthLow,1,-0.011065744188996968,6.026489414568065e-05,0.004559263825681543
2543,454,2,8,2,8,DepthHigh,DepthMid,DepthHigh--DepthMid,6,0.09102413284583626,6.026087925461226e-05,0.004558960084210299
