rank,edge_idx,neuron_i_local,neuron_j_local,neuron_i_global,neuron_j_global,layer_i,layer_j,layer_pair,strength_decile,corr_mean,edge_importance,edge_importance_raw
1,11595,76,82,76,82,DepthLow,DepthLow,DepthLow--DepthLow,10,0.9217383861933565,0.000438519897079277,0.01786580590060928
2,2215,12,14,12,14,DepthHigh,DepthHigh,DepthHigh--DepthHigh,10,0.8639251005845707,0.0004287907605485018,0.017469429667747186
3,11682,76,169,76,169,DepthLow,DepthLow,DepthLow--DepthLow,10,0.8573387966223058,0.0004276292546585782,0.01742210857942257
4,8670,52,169,52,169,DepthHigh,DepthLow,DepthHigh--DepthLow,10,0.41863593596317933,0.0003915605699541431,0.015952628803677718
5,18069,178,181,178,181,DepthLow,DepthLow,DepthLow--DepthLow,10,0.6948841644007064,0.0003798908026217435,0.015477189035825564
6,8807,53,169,53,169,DepthHigh,DepthLow,DepthHigh--DepthLow,10,0.40842645653720844,0.0003694921136574458,0.015053534465316154
7,8720,53,82,53,82,DepthHigh,DepthLow,DepthHigh--DepthLow,10,0.42486430221403865,0.0003541254470308291,0.014427478760389105
8,12345,82,169,82,169,DepthLow,DepthLow,DepthLow--DepthLow,10,0.9193303038040753,0.0003466908767351129,0.014124585799904605
9,15064,112,113,112,113,DepthHigh,DepthHigh,DepthHigh--DepthHigh,10,0.795109243725694,0.00033244070353425313,0.013544017323645479
10,17595,157,169,157,169,DepthMid,DepthLow,DepthLow--DepthMid,10,0.39448016503293315,0.0003298530752730704,0.013438594366636839
11,12333,82,157,82,157,DepthLow,DepthMid,DepthLow--DepthMid,10,0.40578319219317527,0.0003219731463190351,0.013117556981238714
12,2035,11,12,11,12,DepthHigh,DepthHigh,DepthHigh--DepthHigh,10,0.9079528597432072,0.0003195508755734718,0.013018870879953019
13,18124,184,185,184,185,DepthMid,DepthMid,DepthMid--DepthMid,10,0.9311506259814863,0.0003124013353389549,0.012727590372593547
14,2581,14,27,14,27,DepthHigh,DepthLow,DepthHigh--DepthLow,10,0.32534020915502715,0.00031169185568382556,0.012698685353931006
15,11697,76,184,76,184,DepthLow,DepthMid,DepthLow--DepthMid,10,0.29950558578324055,0.0003088292820736114,0.012582060806591374
16,8795,53,157,53,157,DepthHigh,DepthMid,DepthHigh--DepthMid,10,0.38658424275457987,0.00030697518245671886,0.012506522651774632
17,18110,182,184,182,184,DepthMid,DepthMid,DepthMid--DepthMid,10,0.8545790993605632,0.00030693661114564543,0.012504951212116911
18,18111,182,185,182,185,DepthMid,DepthMid,DepthMid--DepthMid,10,0.8953419421632026,0.0003059155117900263,0.012463350447786186
19,17613,157,187,157,187,DepthMid,DepthMid,DepthMid--DepthMid,10,0.2894230069946956,0.00029764232578128913,0.012126291316840954
20,12360,82,184,82,184,DepthLow,DepthMid,DepthLow--DepthMid,9,0.25437197296617475,0.0002970778886216441,0.012103295496572651
21,18080,179,181,179,181,DepthLow,DepthLow,DepthLow--DepthLow,10,0.8334397834431806,0.0002945818915277993,0.012001605698905262
22,8692,53,54,53,54,DepthHigh,DepthLow,DepthHigh--DepthLow,8,0.21251479229806566,0.00029358213330364993,0.011960874396861373
23,9596,59,157,59,157,DepthMid,DepthMid,DepthMid--DepthMid,5,0.15277154789495095,0.000290400060205849,0.011831233072247581
24,5589,32,38,32,38,DepthHigh,DepthHigh,DepthHigh--DepthHigh,10,0.920732817087481,0.00028939092029548987,0.011790119549497265
25,6682,39,53,39,53,DepthMid,DepthHigh,DepthHigh--DepthMid,8,0.21005155600544156,0.00028719623535945077,0.011700705556332031
26,9515,59,76,59,76,DepthMid,DepthLow,DepthLow--DepthMid,9,0.25605430315050476,0.00028541714496931124,0.011628223363844137
27,18090,180,181,180,181,DepthLow,DepthLow,DepthLow--DepthLow,10,0.889936742445849,0.00028503995977083486,0.01161285640423878
28,11670,76,157,76,157,DepthLow,DepthMid,DepthLow--DepthMid,10,0.37245351299706875,0.00028358699526937533,0.011553660956240993
29,9521,59,82,59,82,DepthMid,DepthLow,DepthLow--DepthMid,10,0.2788482986946921,0.0002758482761578645,0.011238376622539271
30,8856,54,82,54,82,DepthLow,DepthLow,DepthLow--DepthLow,9,0.24141512597670736,0.00027570230585227483,0.01123242962409225
31,6681,39,52,39,52,DepthMid,DepthHigh,DepthHigh--DepthMid,6,0.17670320381986898,0.0002753632691245489,0.011218616877142632
32,8820,53,182,53,182,DepthHigh,DepthMid,DepthHigh--DepthMid,8,0.2270177548105578,0.0002740115258431545,0.011163545298284536
33,9608,59,169,59,169,DepthMid,DepthLow,DepthLow--DepthMid,10,0.2763227438727107,0.0002732280221284258,0.011131624454138168
34,8943,54,169,54,169,DepthLow,DepthLow,DepthLow--DepthLow,10,0.2809136399874747,0.00027201416699763474,0.01108217059742012
35,8822,53,184,53,184,DepthHigh,DepthMid,DepthHigh--DepthMid,9,0.23344740818924384,0.0002707120041610976,0.011029118983015602
36,8931,54,157,54,157,DepthLow,DepthMid,DepthLow--DepthMid,7,0.20267076884615443,0.0002685715292724039,0.010941913569643863
37,6798,39,169,39,169,DepthMid,DepthLow,DepthLow--DepthMid,6,0.17641866594866298,0.00026760077281475484,0.010902363832985084
38,17931,169,187,169,187,DepthLow,DepthMid,DepthLow--DepthMid,10,0.3082312565817716,0.0002665379776767739,0.010859064334436112
39,8714,53,76,53,76,DepthHigh,DepthLow,DepthHigh--DepthLow,10,0.36436684630618676,0.000265903459834895,0.01083321334642169
40,8825,53,187,53,187,DepthHigh,DepthMid,DepthHigh--DepthMid,10,0.30252509036821007,0.00026454376599151783,0.01077781785250722
41,8961,54,187,54,187,DepthLow,DepthMid,DepthLow--DepthMid,5,0.1432829246739678,0.00026363417701923705,0.010740760149683838
42,8833,54,59,54,59,DepthLow,DepthMid,DepthLow--DepthMid,8,0.22417341825195608,0.00026345078520416344,0.010733288555820737
43,6711,39,82,39,82,DepthMid,DepthLow,DepthLow--DepthMid,6,0.17486519625994082,0.0002631193190153067,0.010719784241347959
44,2735,14,181,14,181,DepthHigh,DepthLow,DepthHigh--DepthLow,6,0.16263164100993507,0.00026265163076434205,0.010700730083100221
45,8850,54,76,54,76,DepthLow,DepthLow,DepthLow--DepthLow,9,0.2692952096381845,0.00026172749859622416,0.010663079873720739
46,12361,82,185,82,185,DepthLow,DepthMid,DepthLow--DepthMid,8,0.21035534099615905,0.000259525696869207,0.01057337593429059
47,18126,184,187,184,187,DepthMid,DepthMid,DepthMid--DepthMid,8,0.22212793497619077,0.00025917890732502874,0.01055924732866536
48,17928,169,184,169,184,DepthLow,DepthMid,DepthLow--DepthMid,8,0.22845375257518497,0.00025704769176912163,0.010472419151180606
49,6523,38,45,38,45,DepthHigh,DepthHigh,DepthHigh--DepthHigh,10,0.9342554445037331,0.0002569348268800862,0.010467820905550405
50,11700,76,187,76,187,DepthLow,DepthMid,DepthLow--DepthMid,10,0.3222328255484562,0.00025541004264920206,0.010405699439020094
51,17929,169,185,169,185,DepthLow,DepthMid,DepthLow--DepthMid,8,0.22225283900398204,0.00025460238931869164,0.010372794711699884
52,2718,14,164,14,164,DepthHigh,DepthMid,DepthHigh--DepthMid,10,0.27422634988315503,0.0002544839011441314,0.010367967366937856
53,8823,53,185,53,185,DepthHigh,DepthMid,DepthHigh--DepthMid,8,0.2062868006536748,0.00025447993877835204,0.010367805935590288
54,8956,54,182,54,182,DepthLow,DepthMid,DepthLow--DepthMid,6,0.1723080629005037,0.00025333632876733774,0.010321213945993333
55,11698,76,185,76,185,DepthLow,DepthMid,DepthLow--DepthMid,9,0.24815123886303916,0.0002526795795865567,0.01029445722761552
56,17611,157,185,157,185,DepthMid,DepthMid,DepthMid--DepthMid,4,0.1265690582731055,0.0002513876914164402,0.010241824214960175
57,17926,169,182,169,182,DepthLow,DepthMid,DepthLow--DepthMid,9,0.24601869335479812,0.00025072194136437233,0.010214700790714694
58,17610,157,184,157,184,DepthMid,DepthMid,DepthMid--DepthMid,4,0.1318034209281257,0.0002505814833640788,0.010208978369937106
59,12358,82,182,82,182,DepthLow,DepthMid,DepthLow--DepthMid,8,0.2134213594782374,0.0002501847218274113,0.010192813847756605
60,8959,54,185,54,185,DepthLow,DepthMid,DepthLow--DepthMid,6,0.17263293894229556,0.00024990104668524445,0.010181256595594192
61,8958,54,184,54,184,DepthLow,DepthMid,DepthLow--DepthMid,7,0.18247576323528752,0.00024989670823425715,0.010181079842101901
62,2037,11,14,11,14,DepthHigh,DepthHigh,DepthHigh--DepthHigh,10,0.8009083181555778,0.00024939216529121846,0.010160524181232486
63,18068,178,180,178,180,DepthLow,DepthLow,DepthLow--DepthLow,10,0.6382350913701408,0.00024812363333992076,0.010108842727844505
64,11695,76,182,76,182,DepthLow,DepthMid,DepthLow--DepthMid,9,0.24864340381820013,0.0002481114041717619,0.010108344497442402
65,17608,157,182,157,182,DepthMid,DepthMid,DepthMid--DepthMid,5,0.14191036407706156,0.0002480890649385672,0.010107434371341206
66,18067,178,179,178,179,DepthLow,DepthLow,DepthLow--DepthLow,10,0.806979150277455,0.00024743497945851363,0.010080786175200333
67,8682,52,181,52,181,DepthHigh,DepthLow,DepthHigh--DepthLow,8,0.2209102983426931,0.00024691882071842947,0.010059757273374745
68,8583,52,82,52,82,DepthHigh,DepthLow,DepthHigh--DepthLow,10,0.3868493505739512,0.0002448753736019818,0.009976504883246565
69,18113,182,187,182,187,DepthMid,DepthMid,DepthMid--DepthMid,8,0.2135160192111313,0.00024444769122052896,0.009959080610220328
70,9626,59,187,59,187,DepthMid,DepthMid,DepthMid--DepthMid,7,0.19688620481300606,0.00024426866538759215,0.009951786891500272
71,12363,82,187,82,187,DepthLow,DepthMid,DepthLow--DepthMid,10,0.3284753441973522,0.0002411780960055934,0.009825873533705305
72,2732,14,178,14,178,DepthHigh,DepthLow,DepthHigh--DepthLow,7,0.20383844903877502,0.00023966026128687288,0.009764035198308258
73,18131,185,187,185,187,DepthMid,DepthMid,DepthMid--DepthMid,7,0.19117980638096946,0.00023963471153543226,0.009762994271994339
74,4915,27,164,27,164,DepthLow,DepthMid,DepthLow--DepthMid,10,0.3588748672493877,0.00023941230353781803,0.00975393311389733
75,14579,106,111,106,111,DepthMid,DepthMid,DepthMid--DepthMid,10,0.9515705013682066,0.0002357465863162583,0.009604587570392682
76,9624,59,185,59,185,DepthMid,DepthMid,DepthMid--DepthMid,8,0.2174257156633248,0.0002356192259767195,0.009599398763406293
77,11694,76,181,76,181,DepthLow,DepthLow,DepthLow--DepthLow,9,0.23929478770844362,0.0002354127063328333,0.009590984915147848
78,9224,56,181,56,181,DepthLow,DepthLow,DepthLow--DepthLow,8,0.2166446987395146,0.0002347600097724746,0.009564393305195757
79,9621,59,182,59,182,DepthMid,DepthMid,DepthMid--DepthMid,9,0.23454142051850688,0.00023464854774341988,0.009559852213697644
80,17925,169,181,169,181,DepthLow,DepthLow,DepthLow--DepthLow,9,0.24954409593537866,0.00023259864422370385,0.009476336782260786
81,2606,14,52,14,52,DepthHigh,DepthHigh,DepthHigh--DepthHigh,10,0.401091760771606,0.00023142513774702565,0.009428526776203865
82,9623,59,184,59,184,DepthMid,DepthMid,DepthMid--DepthMid,8,0.21279653985986166,0.00023137182904424609,0.009426354918226573
83,18029,175,180,175,180,DepthLow,DepthLow,DepthLow--DepthLow,10,0.6602152451301057,0.0002304509320342198,0.009388836512915522
84,10863,69,169,69,169,DepthLow,DepthLow,DepthLow--DepthLow,10,0.5763469824256876,0.00023031655394662977,0.009383361794787179
85,0,0,1,0,1,DepthMid,DepthMid,DepthMid--DepthMid,10,0.7881588822279524,0.00022963172656852333,0.009355461138296646
86,18030,175,181,175,181,DepthLow,DepthLow,DepthLow--DepthLow,10,0.5749450421974109,0.00022914348075363556,0.009335569441206804
87,8679,52,178,52,178,DepthHigh,DepthLow,DepthHigh--DepthLow,8,0.2239397835406659,0.00022823600193574658,0.009298597708504814
88,16768,138,140,138,140,DepthHigh,DepthHigh,DepthHigh--DepthHigh,10,0.8639577519864647,0.0002266611888888535,0.009234438010363564
89,8697,53,59,53,59,DepthHigh,DepthMid,DepthHigh--DepthMid,8,0.2123767383653685,0.000225759167345139,0.0091976886132997
90,18079,179,180,179,180,DepthLow,DepthLow,DepthLow--DepthLow,10,0.7556825362939285,0.00022299293374365098,0.009084989068925334
91,14577,106,109,106,109,DepthMid,DepthMid,DepthMid--DepthMid,10,0.9244882044632466,0.000221166486877481,0.009010577519036481
92,10875,69,181,69,181,DepthLow,DepthLow,DepthLow--DepthLow,6,0.18122431126079774,0.00022024295228644948,0.00897295165563607
93,10770,69,76,69,76,DepthLow,DepthLow,DepthLow--DepthLow,10,0.5610195193442302,0.00021751760224001269,0.00886191775440341
94,14824,109,110,109,110,DepthMid,DepthMid,DepthMid--DepthMid,10,0.97885784208347,0.00021548872907247062,0.008779259123746776
95,2285,12,84,12,84,DepthHigh,DepthMid,DepthHigh--DepthMid,8,0.2069417357522006,0.0002132918057407354,0.008689753935761645
96,5596,32,45,32,45,DepthHigh,DepthHigh,DepthHigh--DepthHigh,10,0.7930780507947082,0.0002123908405972956,0.008653047577662231
97,17922,169,178,169,178,DepthLow,DepthLow,DepthLow--DepthLow,9,0.25049000987355535,0.0002114576720113468,0.008615029214207919
98,14162,101,124,101,124,DepthHigh,DepthHigh,DepthHigh--DepthHigh,7,0.1819994396640352,0.00021119794223160848,0.008604447523702383
99,9221,56,178,56,178,DepthLow,DepthLow,DepthLow--DepthLow,9,0.2353640359457472,0.00021078439986996138,0.00858759933137616
100,8554,52,53,52,53,DepthHigh,DepthHigh,DepthHigh--DepthHigh,10,0.9534593510904245,0.00020981239606283311,0.008547998776262312
101,10872,69,178,69,178,DepthLow,DepthLow,DepthLow--DepthLow,8,0.21458666651967412,0.00020908707297674333,0.008518448277966523
102,11691,76,178,76,178,DepthLow,DepthLow,DepthLow--DepthLow,9,0.27149563608096117,0.00020798797216262365,0.008473669644337696
103,18027,175,178,175,178,DepthLow,DepthLow,DepthLow--DepthLow,10,0.5624053853286085,0.0002079362202108899,0.008471561210191809
104,12152,81,84,81,84,DepthMid,DepthMid,DepthMid--DepthMid,10,0.8268791095293291,0.0002067598428610552,0.008423634241454469
105,9378,58,70,58,70,DepthLow,DepthLow,DepthLow--DepthLow,8,0.21838576446660624,0.0002064925100863156,0.008412742796171872
106,17741,162,165,162,165,DepthLow,DepthLow,DepthLow--DepthLow,10,0.7576088857922919,0.00020630708183745289,0.00840518823564968
107,2630,14,76,14,76,DepthHigh,DepthLow,DepthHigh--DepthLow,9,0.2686027387886207,0.00020601542053164335,0.008393305617978242
108,16539,133,181,133,181,DepthHigh,DepthLow,DepthHigh--DepthLow,6,0.16790786859787796,0.000202702278956837,0.00825832441258489
109,18028,175,179,175,179,DepthLow,DepthLow,DepthLow--DepthLow,10,0.5648213193463726,0.00020173527915840901,0.008218927726551464
110,8500,51,137,51,137,DepthMid,DepthHigh,DepthHigh--DepthMid,8,0.22016941990919756,0.00020057029817675885,0.008171465058985663
111,16536,133,178,133,178,DepthHigh,DepthLow,DepthHigh--DepthLow,8,0.22606372137185535,0.0001991612662978317,0.008114059476652115
112,3081,16,178,16,178,DepthHigh,DepthLow,DepthHigh--DepthLow,6,0.17520694076605262,0.0001982183957537042,0.008075645844242321
113,16871,140,142,140,142,DepthHigh,DepthHigh,DepthHigh--DepthHigh,10,0.8679935601991869,0.00019664800615424043,0.00801166636244635
114,9445,58,137,58,137,DepthLow,DepthHigh,DepthHigh--DepthLow,3,0.11642813644579134,0.00019602968311228773,0.007986475169241712
115,9119,56,76,56,76,DepthLow,DepthLow,DepthLow--DepthLow,10,0.6720905716605713,0.0001944641892546959,0.007922695145610824
116,4450,25,26,25,26,DepthMid,DepthMid,DepthMid--DepthMid,10,0.8720173094643674,0.00019411508513114226,0.007908472241354818
117,8421,51,58,51,58,DepthMid,DepthLow,DepthLow--DepthMid,8,0.22211629132049415,0.00019273304686649267,0.007852166409970888
118,9112,56,69,56,69,DepthLow,DepthLow,DepthLow--DepthLow,10,0.6991294659190317,0.00019230238558423207,0.007834620773093243
119,2610,14,56,14,56,DepthHigh,DepthLow,DepthHigh--DepthLow,7,0.19139756638061073,0.00019215113790415852,0.007828458768328786
120,3078,16,175,16,175,DepthHigh,DepthLow,DepthHigh--DepthLow,7,0.20346020428364783,0.00019186725466829082,0.00781689303818922
121,5744,33,36,33,36,DepthHigh,DepthHigh,DepthHigh--DepthHigh,10,0.8721664599686251,0.00019020031317206675,0.007748979920865318
122,2156,11,133,11,133,DepthHigh,DepthHigh,DepthHigh--DepthHigh,10,0.3345892102878243,0.00018996355523183666,0.007739334129571122
123,2723,14,169,14,169,DepthHigh,DepthLow,DepthHigh--DepthLow,9,0.23231808519317554,0.00018777476866562966,0.0076501604427893655
124,10643,68,70,68,70,DepthLow,DepthLow,DepthLow--DepthLow,10,0.6289938604863867,0.00018683253382227006,0.007611772709561356
125,8570,52,69,52,69,DepthHigh,DepthLow,DepthHigh--DepthLow,10,0.2765320785780886,0.00018663626112551946,0.007603776333736472
126,8577,52,76,52,76,DepthHigh,DepthLow,DepthHigh--DepthLow,10,0.38260340369491935,0.00018637586521567554,0.00759316750432287
127,9088,55,179,55,179,DepthLow,DepthLow,DepthLow--DepthLow,7,0.18564101372992628,0.00018432712309084188,0.0075096993894517615
128,17742,162,166,162,166,DepthLow,DepthLow,DepthLow--DepthLow,10,0.7963082574799475,0.00018431381032678202,0.007509157012104056
129,16606,135,137,135,137,DepthHigh,DepthHigh,DepthHigh--DepthHigh,10,0.5440716795179846,0.00018417667445019177,0.0075035699384741255
130,14825,109,111,109,111,DepthMid,DepthMid,DepthMid--DepthMid,10,0.9182547041478091,0.00018245784279354916,0.007433542756223264
131,3084,16,181,16,181,DepthHigh,DepthLow,DepthHigh--DepthLow,8,0.22952390852477858,0.00018226520731081964,0.0074256945646886535
132,16770,138,142,138,142,DepthHigh,DepthHigh,DepthHigh--DepthHigh,10,0.6940120399915001,0.00018177597106205177,0.0074057625161812884
133,11216,72,165,72,165,DepthLow,DepthLow,DepthLow--DepthLow,4,0.1240239850377573,0.00018156798424507798,0.007397288893600675
134,13548,94,154,94,154,DepthLow,DepthHigh,DepthHigh--DepthLow,9,0.24122831547050208,0.00018111511551628483,0.007378838499762306
135,2958,16,55,16,55,DepthHigh,DepthLow,DepthHigh--DepthLow,8,0.20934489813629945,0.00018033051785333875,0.0073468730869050355
136,9212,56,169,56,169,DepthLow,DepthLow,DepthLow--DepthLow,10,0.672246414205758,0.00018026276942949388,0.007344112938053077
137,14578,106,110,106,110,DepthMid,DepthMid,DepthMid--DepthMid,10,0.917460010080574,0.00017842422237713114,0.007269208412636042
138,10827,69,133,69,133,DepthLow,DepthHigh,DepthHigh--DepthLow,9,0.2329106504196204,0.00017824158118687344,0.007261767400092864
139,9087,55,178,55,178,DepthLow,DepthLow,DepthLow--DepthLow,6,0.17566324441756603,0.00017728517514569944,0.00722280231593684
140,2623,14,69,14,69,DepthHigh,DepthLow,DepthHigh--DepthLow,7,0.1979869417165919,0.0001768006776808089,0.007203063330944998
141,7084,41,156,41,156,DepthHigh,DepthMid,DepthHigh--DepthMid,6,0.17523642707223105,0.00017541086306981492,0.007146440682250542
142,9176,56,133,56,133,DepthLow,DepthHigh,DepthHigh--DepthLow,9,0.23553237633362645,0.00017456321621871486,0.007111906572818152
143,2253,12,52,12,52,DepthHigh,DepthHigh,DepthHigh--DepthHigh,10,0.41096132251914974,0.0001742809440163057,0.007100406478038034
144,2382,12,181,12,181,DepthHigh,DepthLow,DepthHigh--DepthLow,4,0.13283756346766307,0.0001736935462948099,0.0070764752180231495
145,3082,16,179,16,179,DepthHigh,DepthLow,DepthHigh--DepthLow,8,0.20775735278331262,0.0001735614118041109,0.007071091906617379
146,11208,72,157,72,157,DepthLow,DepthMid,DepthLow--DepthMid,10,0.289489786282894,0.00017341633087921863,0.007065181142564779
147,12546,84,157,84,157,DepthMid,DepthMid,DepthMid--DepthMid,6,0.17722371067047452,0.00017328874780149687,0.00705998326096816
148,7820,46,162,46,162,DepthLow,DepthLow,DepthLow--DepthLow,6,0.1707269347300486,0.00017275307224301874,0.0070381592214725465
149,8634,52,133,52,133,DepthHigh,DepthHigh,DepthHigh--DepthHigh,10,0.28469655179302084,0.00017270352515926096,0.007036140616188605
150,9090,55,181,55,181,DepthLow,DepthLow,DepthLow--DepthLow,5,0.14937808941234465,0.00017259315853101613,0.007031644152581686
151,17110,145,146,145,146,DepthLow,DepthLow,DepthLow--DepthLow,10,0.9372211188823374,0.0001712997756715678,0.006978950244560674
152,8829,54,55,54,55,DepthLow,DepthLow,DepthLow--DepthLow,10,0.3625570037849938,0.00017039970748564877,0.006942280429544194
153,9089,55,180,55,180,DepthLow,DepthLow,DepthLow--DepthLow,7,0.1972860416145359,0.0001698509335042373,0.006919922745205348
154,17820,165,166,165,166,DepthLow,DepthLow,DepthLow--DepthLow,10,0.7608277270929039,0.00016955378406499484,0.006907816534654038
155,7850,47,49,47,49,DepthLow,DepthLow,DepthLow--DepthLow,10,0.9272798381482436,0.00016874175868984305,0.006874733685197361
156,14716,107,165,107,165,DepthMid,DepthLow,DepthLow--DepthMid,3,0.11730582311213894,0.0001681729240396626,0.006851558706097546
157,7761,46,103,46,103,DepthLow,DepthMid,DepthLow--DepthMid,9,0.23619106107431875,0.00016783760349689303,0.006837897360805099
158,17550,156,157,156,157,DepthMid,DepthMid,DepthMid--DepthMid,10,0.7223322234442581,0.00016759189109853903,0.006827886754568978
159,16660,136,137,136,137,DepthHigh,DepthHigh,DepthHigh--DepthHigh,10,0.7804169883875234,0.00016708114799814826,0.006807078492144782
160,12317,82,141,82,141,DepthLow,DepthMid,DepthLow--DepthMid,10,0.3656654149528403,0.0001660235714249568,0.006763991603938533
161,11654,76,141,76,141,DepthLow,DepthMid,DepthLow--DepthMid,10,0.3247974068550784,0.00016568035551610668,0.0067500085923343665
162,3083,16,180,16,180,DepthHigh,DepthLow,DepthHigh--DepthLow,9,0.24527500161398905,0.00016540255028919782,0.006738690487283296
163,12545,84,156,84,156,DepthMid,DepthMid,DepthMid--DepthMid,5,0.15090595984391558,0.0001648887245042609,0.006717756632738602
164,9084,55,175,55,175,DepthLow,DepthLow,DepthLow--DepthLow,8,0.22099471690397499,0.00016319482232991548,0.006648745106322038
165,12260,82,84,82,84,DepthLow,DepthMid,DepthLow--DepthMid,5,0.1501381503582828,0.00016291819905416412,0.006637475155323051
166,1,0,2,0,2,DepthMid,DepthMid,DepthMid--DepthMid,10,0.749641300785007,0.0001628492273643089,0.006634665169204297
167,5097,28,184,28,184,DepthLow,DepthMid,DepthLow--DepthMid,8,0.2134001879169778,0.00016277526732627002,0.006631651952032613
168,16527,133,169,133,169,DepthHigh,DepthLow,DepthHigh--DepthLow,10,0.28226844791307154,0.0001626329026909229,0.006625851852745983
169,10890,70,76,70,76,DepthLow,DepthLow,DepthLow--DepthLow,10,0.6236039800361988,0.00016217069013800003,0.006607020780745954
170,3690,20,101,20,101,DepthHigh,DepthHigh,DepthHigh--DepthHigh,10,0.2890808062033947,0.00016163954818575454,0.006585381445592199
171,14540,105,156,105,156,DepthHigh,DepthMid,DepthHigh--DepthMid,10,0.29916450241667747,0.000161595485015747,0.006583586261273394
172,14365,103,152,103,152,DepthMid,DepthMid,DepthMid--DepthMid,10,0.30253206926571763,0.0001607300485902908,0.006548327384083331
173,2687,14,133,14,133,DepthHigh,DepthHigh,DepthHigh--DepthHigh,9,0.25125684306783375,0.0001605065216324276,0.006539220638256436
174,6058,35,39,35,39,DepthMid,DepthMid,DepthMid--DepthMid,10,0.6018171746739723,0.00016008987587102009,0.006522246009848017
175,8557,52,56,52,56,DepthHigh,DepthLow,DepthHigh--DepthLow,10,0.3335945817436643,0.00015993665860637767,0.006516003761938731
176,10951,70,137,70,137,DepthLow,DepthHigh,DepthHigh--DepthLow,5,0.1503755216472495,0.00015921191896818966,0.00648647703398275
177,14406,104,107,104,107,DepthMid,DepthMid,DepthMid--DepthMid,10,0.6291781302656476,0.0001591137685733061,0.006482478273799376
178,10998,70,184,70,184,DepthLow,DepthMid,DepthLow--DepthMid,7,0.1870022795518889,0.00015763024308430683,0.006422037735954691
179,2921,16,18,16,18,DepthHigh,DepthHigh,DepthHigh--DepthHigh,10,0.8793325052424742,0.0001567026888298676,0.006384248106835308
180,17712,161,164,161,164,DepthMid,DepthMid,DepthMid--DepthMid,10,0.7833141100526133,0.00015630854117336827,0.006368190077144756
181,8433,51,70,51,70,DepthMid,DepthLow,DepthLow--DepthMid,10,0.3588152752827766,0.00015597390944825515,0.006354556795077338
182,2075,11,52,11,52,DepthHigh,DepthHigh,DepthHigh--DepthHigh,10,0.36473879380253227,0.00015563307755954225,0.006340670911200597
183,2357,12,156,12,156,DepthHigh,DepthMid,DepthHigh--DepthMid,3,0.10594649098261413,0.0001555216987449909,0.006336133209957238
184,14197,101,159,101,159,DepthHigh,DepthMid,DepthHigh--DepthMid,10,0.3621732139838743,0.0001552089373408615,0.0063233909499672255
185,8658,52,157,52,157,DepthHigh,DepthMid,DepthHigh--DepthMid,10,0.3236343628265893,0.00015514199820679017,0.006320663772513161
186,11158,72,107,72,107,DepthLow,DepthMid,DepthLow--DepthMid,6,0.17441533532251471,0.00015491186478251928,0.006311287871632379
187,2273,12,72,12,72,DepthHigh,DepthLow,DepthHigh--DepthLow,9,0.24037413059042484,0.00015461159341686518,0.006299054470201754
188,12332,82,156,82,156,DepthLow,DepthMid,DepthLow--DepthMid,10,0.3393505069667802,0.00015421665804042235,0.006282964347893037
189,17515,155,156,155,156,DepthMid,DepthMid,DepthMid--DepthMid,10,0.7705091929640444,0.00015399523798094385,0.00627394343953405
190,9543,59,104,59,104,DepthMid,DepthMid,DepthMid--DepthMid,8,0.22499035378282836,0.00015377322106178032,0.006264898214423752
191,9252,57,76,57,76,DepthHigh,DepthLow,DepthHigh--DepthLow,10,0.31915418193760364,0.0001533513391957626,0.006247710261080105
192,4500,25,76,25,76,DepthMid,DepthLow,DepthLow--DepthMid,7,0.1948344042483221,0.00015305040409197633,0.00623544981819317
193,8831,54,57,54,57,DepthLow,DepthHigh,DepthHigh--DepthLow,8,0.21722875200643085,0.00015279741771132528,0.00622514286153667
194,11818,78,80,78,80,DepthMid,DepthMid,DepthMid--DepthMid,10,0.9081987212087258,0.0001523621087728142,0.006207407873788022
195,4506,25,82,25,82,DepthMid,DepthLow,DepthLow--DepthMid,7,0.1869065013478313,0.00015197002094579439,0.0061914337639239455
196,3448,19,29,19,29,DepthLow,DepthLow,DepthLow--DepthLow,9,0.26462895134864284,0.00015133047275437805,0.006165377833673044
197,9895,62,69,62,69,DepthLow,DepthLow,DepthLow--DepthLow,10,0.6829445053257891,0.0001505678465431092,0.006134307563074164
198,2379,12,178,12,178,DepthHigh,DepthLow,DepthHigh--DepthLow,9,0.23141488264527554,0.0001504049956743145,0.006127672831031193
199,17284,149,150,149,150,DepthLow,DepthLow,DepthLow--DepthLow,10,0.9277186926363591,0.00015026067979530697,0.006121793235829478
200,4565,25,141,25,141,DepthMid,DepthMid,DepthMid--DepthMid,7,0.19153710991414308,0.00014994573407743156,0.006108961984380532
201,13959,99,100,99,100,DepthMid,DepthMid,DepthMid--DepthMid,10,0.8231306588420003,0.00014932787157420586,0.006083789554054299
202,11441,74,157,74,157,DepthLow,DepthMid,DepthLow--DepthMid,10,0.3623642260145696,0.00014923464294286398,0.006079991312188817
203,4638,26,50,26,50,DepthMid,DepthLow,DepthLow--DepthMid,6,0.17423003530024453,0.00014917034548259109,0.006077371759569224
204,4757,26,169,26,169,DepthMid,DepthLow,DepthLow--DepthMid,5,0.149615208483099,0.00014840402427175064,0.006046150950430157
205,15800,122,124,122,124,DepthHigh,DepthHigh,DepthHigh--DepthHigh,10,0.9190596032898436,0.00014763099763568486,0.006014656954540946
206,14375,103,162,103,162,DepthMid,DepthLow,DepthLow--DepthMid,7,0.20365574566996664,0.0001473306204532931,0.006002419242014499
207,11368,74,84,74,84,DepthLow,DepthMid,DepthLow--DepthMid,4,0.12937362573020428,0.00014727765105524733,0.006000261207703033
208,17562,156,169,156,169,DepthMid,DepthLow,DepthLow--DepthMid,10,0.3564140750519766,0.0001471703308137117,0.0059958888574009085
209,8710,53,72,53,72,DepthHigh,DepthLow,DepthHigh--DepthLow,8,0.22799349877743996,0.000147025819840433,0.005990001313833784
210,2176,11,153,11,153,DepthHigh,DepthHigh,DepthHigh--DepthHigh,10,0.3280594204085919,0.0001468471952075691,0.0059827239404669896
211,4995,28,82,28,82,DepthLow,DepthLow,DepthLow--DepthLow,10,0.2859210577085443,0.00014666827403690005,0.0059754344858083215
212,4363,24,104,24,104,DepthMid,DepthMid,DepthMid--DepthMid,9,0.23706951258878667,0.00014652510251766265,0.005969601513142253
213,17200,147,149,147,149,DepthLow,DepthLow,DepthLow--DepthLow,10,0.9116676360932765,0.00014645556828108672,0.005966768608221891
214,13774,97,98,97,98,DepthHigh,DepthHigh,DepthHigh--DepthHigh,10,0.8016320817263028,0.00014608892734709685,0.005951831234101562
215,4593,25,169,25,169,DepthMid,DepthLow,DepthLow--DepthMid,6,0.1803208148943461,0.00014604427283918371,0.005950011957995103
216,4664,26,76,26,76,DepthMid,DepthLow,DepthLow--DepthMid,5,0.16009710253363987,0.00014570886298823896,0.0059363469741846924
217,10017,63,64,63,64,DepthMid,DepthMid,DepthMid--DepthMid,10,0.8734813777341297,0.00014560063314958226,0.005931937565847754
218,17155,146,147,146,147,DepthLow,DepthLow,DepthLow--DepthLow,10,0.7802921774779534,0.0001455475534278325,0.005929775036821464
219,2204,11,181,11,181,DepthHigh,DepthLow,DepthHigh--DepthLow,3,0.10960243686476745,0.00014544808857798773,0.005925722724228362
220,190,1,2,1,2,DepthMid,DepthMid,DepthMid--DepthMid,10,0.7877374399401508,0.00014533037632158397,0.005920926991266097
221,7932,47,131,47,131,DepthLow,DepthMid,DepthLow--DepthMid,9,0.2582103136662225,0.0001452631908456074,0.005918189777558961
222,4670,26,82,26,82,DepthMid,DepthLow,DepthLow--DepthMid,4,0.13972409095464045,0.00014496642019356983,0.005906098999234843
223,17413,152,162,152,162,DepthMid,DepthLow,DepthLow--DepthMid,7,0.18696709374463297,0.00014352719930159195,0.0058474634817236954
224,4729,26,141,26,141,DepthMid,DepthMid,DepthMid--DepthMid,6,0.16526567077816803,0.00014351538341080035,0.005846982088717741
225,16947,141,169,141,169,DepthMid,DepthLow,DepthLow--DepthMid,10,0.3471503461157514,0.0001434098243486494,0.0058426814908931046
226,17517,155,158,155,158,DepthMid,DepthMid,DepthMid--DepthMid,10,0.7401555389017472,0.00014291447039515174,0.005822500200045796
227,2275,12,74,12,74,DepthHigh,DepthLow,DepthHigh--DepthLow,10,0.27368127972953704,0.00014257839191862768,0.005808807975658846
228,9127,56,84,56,84,DepthLow,DepthMid,DepthLow--DepthMid,4,0.1400844575317987,0.0001425437160102379,0.005807395239195017
229,5851,33,143,33,143,DepthHigh,DepthHigh,DepthHigh--DepthHigh,10,0.783201709415656,0.0001424682714817359,0.00580432154217133
230,9200,56,157,56,157,DepthLow,DepthMid,DepthLow--DepthMid,10,0.3066425511079998,0.00014178783496102286,0.0057765997742704606
231,5046,28,133,28,133,DepthLow,DepthHigh,DepthHigh--DepthLow,9,0.24822638749883166,0.0001417326687488304,0.005774352239219333
232,2691,14,137,14,137,DepthHigh,DepthHigh,DepthHigh--DepthHigh,9,0.2443344301160464,0.0001414916822385508,0.005764534171108863
233,2358,12,157,12,157,DepthHigh,DepthMid,DepthHigh--DepthMid,8,0.21990255014747317,0.00014120333547229126,0.005752786591597938
234,17201,147,150,147,150,DepthLow,DepthLow,DepthLow--DepthLow,10,0.8649320533625638,0.0001409750209108648,0.0057434847932852605
235,2052,11,29,11,29,DepthHigh,DepthLow,DepthHigh--DepthLow,10,0.3050356684736128,0.00014054471310824665,0.005725953557575552
236,9199,56,156,56,156,DepthLow,DepthMid,DepthLow--DepthMid,10,0.3228717898932908,0.00014047984652270504,0.005723310818136726
237,4474,25,50,25,50,DepthMid,DepthLow,DepthLow--DepthMid,5,0.1571306932914864,0.00013977802335332173,0.005694717733525823
238,7810,46,152,46,152,DepthLow,DepthMid,DepthLow--DepthMid,10,0.31506472896859705,0.0001395614289691113,0.0056858934287377415
239,11646,76,133,76,133,DepthLow,DepthHigh,DepthHigh--DepthLow,10,0.2853162375852538,0.00013917616900927158,0.0056701974940501325
240,11135,72,84,72,84,DepthLow,DepthMid,DepthLow--DepthMid,6,0.16853479819155276,0.00013877539294365057,0.0056538694153342416
241,14539,105,155,105,155,DepthHigh,DepthMid,DepthHigh--DepthMid,10,0.3125994810416051,0.00013870671054394413,0.005651071215229489
242,14905,110,111,110,111,DepthMid,DepthMid,DepthMid--DepthMid,10,0.9117466863836298,0.00013863190951637344,0.005648023735175232
243,17113,145,149,145,149,DepthLow,DepthLow,DepthLow--DepthLow,10,0.8054111010392936,0.0001386309409559845,0.005647984274908944
244,17111,145,147,145,147,DepthLow,DepthLow,DepthLow--DepthLow,10,0.7837791793579317,0.00013810753115668558,0.005626659956575764
245,11440,74,156,74,156,DepthLow,DepthMid,DepthLow--DepthMid,10,0.3419507780046195,0.00013797608211159435,0.005621304571013873
246,7415,44,46,44,46,DepthLow,DepthLow,DepthLow--DepthLow,10,0.7550381166090705,0.0001375378547014524,0.005603450681368114
247,5265,30,31,30,31,DepthLow,DepthLow,DepthLow--DepthLow,10,0.8865882540131211,0.00013753460449627625,0.005603318264264122
248,2239,12,38,12,38,DepthHigh,DepthHigh,DepthHigh--DepthHigh,7,0.1995102912489571,0.0001372628544343762,0.005592246853612698
249,9333,57,157,57,157,DepthHigh,DepthMid,DepthHigh--DepthMid,10,0.29912241122894156,0.00013715789327779643,0.00558797061514998
250,8300,50,76,50,76,DepthLow,DepthLow,DepthLow--DepthLow,10,0.2981934480093082,0.0001370788072247323,0.00558474855821961
251,17114,145,150,145,150,DepthLow,DepthLow,DepthLow--DepthLow,10,0.8252365055163702,0.0001365739045552471,0.0055641782416802656
252,7877,47,76,47,76,DepthLow,DepthLow,DepthLow--DepthLow,4,0.12435756028558653,0.00013643017117689644,0.005558322378226508
253,16710,136,187,136,187,DepthHigh,DepthMid,DepthHigh--DepthMid,3,0.11306742259016565,0.0001361257375137679,0.005545919400000682
254,14160,101,122,101,122,DepthHigh,DepthHigh,DepthHigh--DepthHigh,6,0.16380970046920604,0.00013599670750252623,0.0055406625686652035
255,7554,44,185,44,185,DepthLow,DepthMid,DepthLow--DepthMid,9,0.24329291986448334,0.00013585694707491598,0.005534968567802525
256,12558,84,169,84,169,DepthMid,DepthLow,DepthLow--DepthMid,5,0.14273272562809858,0.00013569851481848002,0.005528513855118488
257,15660,120,121,120,121,DepthHigh,DepthHigh,DepthHigh--DepthHigh,10,0.7518264731724511,0.00013555674734667242,0.005522738084962552
258,12045,80,86,80,86,DepthMid,DepthMid,DepthMid--DepthMid,10,0.5890333439911087,0.00013550015659746353,0.005520432512631923
259,11207,72,156,72,156,DepthLow,DepthMid,DepthLow--DepthMid,10,0.3301637408786009,0.00013545765245631956,0.005518700844945444
260,11199,72,148,72,148,DepthLow,DepthLow,DepthLow--DepthLow,9,0.26480348389535463,0.00013491164969478005,0.005496456063297376
261,2246,12,45,12,45,DepthHigh,DepthHigh,DepthHigh--DepthHigh,7,0.20082178510698695,0.0001339936311524116,0.005459054930075478
262,7992,48,49,48,49,DepthLow,DepthLow,DepthLow--DepthLow,10,0.8958502236132191,0.00013386747363806705,0.005453915127573482
263,11392,74,108,74,108,DepthLow,DepthHigh,DepthHigh--DepthLow,6,0.17382369066012188,0.00013252139471406135,0.005399074321162276
264,790,4,41,4,41,DepthHigh,DepthHigh,DepthHigh--DepthHigh,8,0.21383530256932773,0.0001321694829733899,0.005384737031349757
265,4341,24,82,24,82,DepthMid,DepthLow,DepthLow--DepthMid,10,0.2720215737557312,0.00013158775941442564,0.00536103694325458
266,10922,70,108,70,108,DepthLow,DepthHigh,DepthHigh--DepthLow,6,0.17817145575835908,0.00013139588247744534,0.005353219655747842
267,9611,59,172,59,172,DepthMid,DepthLow,DepthLow--DepthMid,10,0.29999426015660735,0.0001311792407987681,0.005344393424128686
268,4416,24,157,24,157,DepthMid,DepthMid,DepthMid--DepthMid,5,0.15425805344565127,0.0001310102434365969,0.005337508276863134
269,8659,52,158,52,158,DepthHigh,DepthMid,DepthHigh--DepthMid,10,0.3477706916140128,0.00013087033754729938,0.005331808349723706
270,8555,52,54,52,54,DepthHigh,DepthLow,DepthHigh--DepthLow,6,0.1661810491090349,0.00013077972018203036,0.005328116493846917
271,4335,24,76,24,76,DepthMid,DepthLow,DepthLow--DepthMid,9,0.2372489381247564,0.0001306273060238819,0.005321906965421591
272,8968,55,59,55,59,DepthLow,DepthMid,DepthLow--DepthMid,5,0.1454308242209903,0.00013055226720186099,0.005318849797347428
273,14140,101,102,101,102,DepthHigh,DepthHigh,DepthHigh--DepthHigh,10,0.6578788179913387,0.00013055176197834743,0.005318829213959331
274,2586,14,32,14,32,DepthHigh,DepthHigh,DepthHigh--DepthHigh,6,0.1672158623169092,0.0001302455535189912,0.005306353928490142
275,8573,52,72,52,72,DepthHigh,DepthLow,DepthHigh--DepthLow,9,0.23635609362707782,0.00013020122095917447,0.005304547768920103
276,5026,28,113,28,113,DepthLow,DepthHigh,DepthHigh--DepthLow,10,0.29013954254536944,0.00013012104629279005,0.005301281360628687
277,2233,12,32,12,32,DepthHigh,DepthHigh,DepthHigh--DepthHigh,7,0.1865637100086465,0.00012983308614727233,0.005289549532492277
278,10926,70,112,70,112,DepthLow,DepthHigh,DepthHigh--DepthLow,7,0.1870754916291024,0.00012970861363132137,0.00528447837876641
279,13181,90,177,90,177,DepthMid,DepthHigh,DepthHigh--DepthMid,10,0.40128828164218683,0.00012945143501886977,0.005274000625755768
280,11150,72,99,72,99,DepthLow,DepthMid,DepthLow--DepthMid,10,0.2829007099876812,0.0001289920665162461,0.005255285423642045
281,4314,24,55,24,55,DepthMid,DepthLow,DepthLow--DepthMid,6,0.17034039339270265,0.0001285718475410533,0.005238165218386706
282,5090,28,177,28,177,DepthLow,DepthHigh,DepthHigh--DepthLow,9,0.26437497344641225,0.00012846956401698126,0.00523399806975771
283,8365,50,141,50,141,DepthLow,DepthMid,DepthLow--DepthMid,10,0.40232193540100925,0.00012837292195244703,0.0052300607606907724
284,17158,146,150,146,150,DepthLow,DepthLow,DepthLow--DepthLow,10,0.820619506064402,0.0001283469382777464,0.005229002155843244
285,5118,29,44,29,44,DepthLow,DepthLow,DepthLow--DepthLow,8,0.2096501928312671,0.000128088202184115,0.005218460949254698
286,7705,46,47,46,47,DepthLow,DepthLow,DepthLow--DepthLow,10,0.8666169769189342,0.00012777088889377147,0.005205533240175316
287,2099,11,76,11,76,DepthHigh,DepthLow,DepthHigh--DepthLow,9,0.2464406640726656,0.00012773487729067859,0.005204066085970199
288,884,4,135,4,135,DepthHigh,DepthHigh,DepthHigh--DepthHigh,7,0.19181259953813418,0.00012769157979650934,0.0052023020961673135
289,7553,44,184,44,184,DepthLow,DepthMid,DepthLow--DepthMid,9,0.26846252093867384,0.00012756134600188594,0.005196996221309779
290,5187,29,113,29,113,DepthLow,DepthHigh,DepthHigh--DepthLow,9,0.2710915240800326,0.00012748859852436907,0.00519403240525096
291,14355,103,142,103,142,DepthMid,DepthHigh,DepthHigh--DepthMid,3,0.10653184917161654,0.00012701507614901807,0.005174740558053233
292,4989,28,76,28,76,DepthLow,DepthLow,DepthLow--DepthLow,10,0.27734647524650924,0.0001266202259721686,0.005158653906874123
293,8637,52,136,52,136,DepthHigh,DepthHigh,DepthHigh--DepthHigh,8,0.21005146631087762,0.0001265868822725888,0.0051572954461322745
294,9480,58,172,58,172,DepthLow,DepthLow,DepthLow--DepthLow,10,0.300701831813388,0.00012618352450208804,0.00514086218578476
295,15165,113,137,113,137,DepthHigh,DepthHigh,DepthHigh--DepthHigh,7,0.1937199335196819,0.00012611510589723986,0.0051380747329864964
296,17157,146,149,146,149,DepthLow,DepthLow,DepthLow--DepthLow,10,0.8059321935630903,0.00012610760377660332,0.0051377690879472904
297,16680,136,157,136,157,DepthHigh,DepthMid,DepthHigh--DepthMid,4,0.13130590477496937,0.0001260280001331763,0.005134525943789133
298,14250,102,124,102,124,DepthHigh,DepthHigh,DepthHigh--DepthHigh,7,0.18472857426155767,0.00012600039053799474,0.005133401097067711
299,12204,81,136,81,136,DepthMid,DepthHigh,DepthHigh--DepthMid,5,0.14383035124525448,0.00012595033562965208,0.005131361802425029
300,6686,39,57,39,57,DepthMid,DepthHigh,DepthHigh--DepthMid,4,0.13008020029051973,0.0001254865690673831,0.005112467418293601
301,2370,12,169,12,169,DepthHigh,DepthLow,DepthHigh--DepthLow,10,0.29976885067154657,0.00012540613906307288,0.005109190607240871
302,7707,46,49,46,49,DepthLow,DepthLow,DepthLow--DepthLow,10,0.8701946446449531,0.00012528733374719033,0.005104350341775939
303,5155,29,81,29,81,DepthLow,DepthMid,DepthLow--DepthMid,4,0.1374109290684125,0.00012522928689798362,0.005101985446253578
304,13872,98,104,98,104,DepthHigh,DepthMid,DepthHigh--DepthMid,9,0.269965678075316,0.00012510947292283234,0.005097104086847789
305,14481,104,182,104,182,DepthMid,DepthMid,DepthMid--DepthMid,8,0.22292829308576514,0.00012509733163036617,0.005096609436602663
306,1861,10,17,10,17,DepthMid,DepthHigh,DepthHigh--DepthMid,7,0.1859481930294607,0.00012503802582873447,0.005094193249907854
307,9412,58,104,58,104,DepthLow,DepthMid,DepthLow--DepthMid,5,0.15752502376094035,0.0001249611377556864,0.0050910607412160075
308,2219,12,18,12,18,DepthHigh,DepthHigh,DepthHigh--DepthHigh,5,0.15854193240019274,0.00012495842776279133,0.005090950332982817
309,13483,93,185,93,185,DepthLow,DepthMid,DepthLow--DepthMid,8,0.2115295176745048,0.00012479683768866612,0.005084366967167458
310,8417,51,54,51,54,DepthMid,DepthLow,DepthLow--DepthMid,6,0.17063001634168534,0.00012471885501044985,0.005081189862999777
311,7970,47,169,47,169,DepthLow,DepthLow,DepthLow--DepthLow,5,0.1416171996280392,0.00012435106772138238,0.005066205785052676
312,9345,57,169,57,169,DepthHigh,DepthLow,DepthHigh--DepthLow,10,0.30302920206463213,0.00012384695316803345,0.005045667577272846
313,4446,24,187,24,187,DepthMid,DepthMid,DepthMid--DepthMid,9,0.2383182186297854,0.00012375335190054865,0.005041854153781523
314,15444,117,118,117,118,DepthLow,DepthLow,DepthLow--DepthLow,10,0.8332446821830047,0.00012372693660578997,0.005040777964235486
315,9258,57,82,57,82,DepthHigh,DepthLow,DepthHigh--DepthLow,10,0.2917705835513175,0.00012361419454119324,0.005036184722614445
316,4942,28,29,28,29,DepthLow,DepthLow,DepthLow--DepthLow,10,0.8338825282123611,0.00012360178175038435,0.005035679011213996
317,8499,51,136,51,136,DepthMid,DepthHigh,DepthHigh--DepthMid,7,0.1976843915158423,0.00012351560453429097,0.005032168052130877
318,15164,113,136,113,136,DepthHigh,DepthHigh,DepthHigh--DepthHigh,8,0.2268554182030856,0.0001232952060190195,0.00502318876265998
319,13480,93,182,93,182,DepthLow,DepthMid,DepthLow--DepthMid,7,0.1853691751079445,0.00012328138887090744,0.005022625836124801
320,9279,57,103,57,103,DepthHigh,DepthMid,DepthHigh--DepthMid,8,0.22316293144848276,0.0001232079243572834,0.005019632807188756
321,14142,101,104,101,104,DepthHigh,DepthMid,DepthHigh--DepthMid,7,0.18450316240473638,0.00012310593113129295,0.005015477485638106
322,9078,55,169,55,169,DepthLow,DepthLow,DepthLow--DepthLow,8,0.21679753654996847,0.00012298813145170137,0.005010678190954433
323,14496,105,112,105,112,DepthHigh,DepthHigh,DepthHigh--DepthHigh,8,0.2269735031201006,0.00012246539084177733,0.004989381136167474
324,2592,14,38,14,38,DepthHigh,DepthHigh,DepthHigh--DepthHigh,5,0.15922747403185153,0.00012244963020530732,0.004988739029677168
325,4441,24,182,24,182,DepthMid,DepthMid,DepthMid--DepthMid,6,0.17943703151873283,0.0001223247989466978,0.004983653260362022
326,2160,11,137,11,137,DepthHigh,DepthHigh,DepthHigh--DepthHigh,7,0.19866531628559192,0.00012218022073663952,0.004977762977491022
327,14230,102,104,102,104,DepthHigh,DepthMid,DepthHigh--DepthMid,8,0.2190736539486562,0.00012207787289982973,0.0049735932086869845
328,7883,47,82,47,82,DepthLow,DepthLow,DepthLow--DepthLow,4,0.13252146581560087,0.00012204281913289646,0.004972165077830697
329,8878,54,104,54,104,DepthLow,DepthMid,DepthLow--DepthMid,6,0.1678601847474056,0.00012195610555677743,0.004968632266822101
330,2638,14,84,14,84,DepthHigh,DepthMid,DepthHigh--DepthMid,5,0.16085699768141537,0.00012165254403124034,0.004956264820486688
331,4928,27,177,27,177,DepthLow,DepthHigh,DepthHigh--DepthLow,10,0.302845905843413,0.00012140064793847736,0.004946002283415054
332,8306,50,82,50,82,DepthLow,DepthLow,DepthLow--DepthLow,10,0.33006897962107773,0.00012127390242728997,0.00494083852524415
333,8774,53,136,53,136,DepthHigh,DepthHigh,DepthHigh--DepthHigh,8,0.22506773057644966,0.0001211798180931495,0.004937005421060651
334,4888,27,137,27,137,DepthLow,DepthHigh,DepthHigh--DepthLow,6,0.17866920122854837,0.00012102885721117823,0.004930855100781351
335,8728,53,90,53,90,DepthHigh,DepthMid,DepthHigh--DepthMid,10,0.37529267799438404,0.00012101465106429131,0.004930276325987852
336,7904,47,103,47,103,DepthLow,DepthMid,DepthLow--DepthMid,8,0.2280632918143216,0.00012100521223408371,0.004929891777169107
337,14285,102,159,102,159,DepthHigh,DepthMid,DepthHigh--DepthMid,10,0.41519553058233816,0.00012090524122265126,0.004925818842969689
338,9613,59,174,59,174,DepthMid,DepthLow,DepthLow--DepthMid,10,0.28129302317751714,0.00012077598227280004,0.004920552684411458
339,16511,133,153,133,153,DepthHigh,DepthHigh,DepthHigh--DepthHigh,10,0.5197627075740862,0.00012046818915463895,0.004908012838116604
340,12994,89,90,89,90,DepthMid,DepthMid,DepthMid--DepthMid,10,0.8047658968219094,0.00012034325429417183,0.004902922847942403
341,9350,57,174,57,174,DepthHigh,DepthLow,DepthHigh--DepthLow,10,0.3036830961315166,0.00012031140291018766,0.004901625185857473
342,10754,68,181,68,181,DepthLow,DepthLow,DepthLow--DepthLow,8,0.2134086108755459,0.00012011120593319198,0.004893468930333572
343,8576,52,75,52,75,DepthHigh,DepthLow,DepthHigh--DepthLow,8,0.2112323621339848,0.00011988004161014148,0.004884051029448633
344,1833,9,169,9,169,DepthMid,DepthLow,DepthLow--DepthMid,9,0.24407367867824437,0.00011978911327444981,0.004880346504278504
345,7474,44,105,44,105,DepthLow,DepthHigh,DepthHigh--DepthLow,3,0.11634535707445127,0.00011975805932484804,0.004879081330589174
346,17992,173,174,173,174,DepthLow,DepthLow,DepthLow--DepthLow,10,0.8781867025544198,0.00011974278581032329,0.004878459070008213
347,2572,14,18,14,18,DepthHigh,DepthHigh,DepthHigh--DepthHigh,5,0.15655811915857867,0.00011972789046698376,0.004877852216557094
348,15087,112,136,112,136,DepthHigh,DepthHigh,DepthHigh--DepthHigh,9,0.23592635651367846,0.00011939425897265453,0.004864259685044348
349,11125,72,74,72,74,DepthLow,DepthLow,DepthLow--DepthLow,10,0.5683590356696482,0.00011928593910478441,0.004859846608813516
350,2257,12,56,12,56,DepthHigh,DepthLow,DepthHigh--DepthLow,9,0.239575381856555,0.00011921689028041255,0.004857033480145674
351,13303,92,102,92,102,DepthMid,DepthHigh,DepthHigh--DepthMid,10,0.45140862914536023,0.00011907315441946244,0.004851177515547955
352,7855,47,54,47,54,DepthLow,DepthLow,DepthLow--DepthLow,4,0.12848283539549663,0.00011905818205467335,0.004850567524154231
353,13482,93,184,93,184,DepthLow,DepthMid,DepthLow--DepthMid,8,0.2144450748394624,0.00011898335261487425,0.00484751888655305
354,12307,82,131,82,131,DepthLow,DepthMid,DepthLow--DepthMid,9,0.2442614173024206,0.00011895489932236885,0.004846359666630487
355,14541,105,157,105,157,DepthHigh,DepthMid,DepthHigh--DepthMid,10,0.2777688871671962,0.00011846150146490934,0.004826258069389725
356,6141,35,122,35,122,DepthMid,DepthHigh,DepthHigh--DepthMid,6,0.17346527578739965,0.00011836845477488876,0.004822467240023318
357,11644,76,131,76,131,DepthLow,DepthMid,DepthLow--DepthMid,9,0.25238063813110345,0.00011830173258245298,0.004819748901021461
358,1128,6,10,6,10,DepthLow,DepthMid,DepthLow--DepthMid,6,0.17778995401800346,0.00011830106720241918,0.0048197217926721865
359,4983,28,70,28,70,DepthLow,DepthLow,DepthLow--DepthLow,7,0.20424228736548433,0.00011808467705441963,0.0048109058087026715
360,8905,54,131,54,131,DepthLow,DepthMid,DepthLow--DepthMid,4,0.13168690795522056,0.00011800350939177803,0.004807598944599539
361,7849,47,48,47,48,DepthLow,DepthLow,DepthLow--DepthLow,10,0.8492374025208305,0.0001179824903607993,0.004806742605057853
362,6316,36,143,36,143,DepthHigh,DepthHigh,DepthHigh--DepthHigh,10,0.75437558734782,0.00011791815886231873,0.0048041216656824585
363,17584,157,158,157,158,DepthMid,DepthMid,DepthMid--DepthMid,10,0.750454769916184,0.00011789753737449297,0.004803281522506902
364,2098,11,75,11,75,DepthHigh,DepthLow,DepthHigh--DepthLow,8,0.21868050051868967,0.00011774192531600672,0.004796941707936967
365,808,4,59,4,59,DepthHigh,DepthMid,DepthHigh--DepthMid,10,0.2904338270316689,0.00011767407462211109,0.004794177392485297
366,12158,81,90,81,90,DepthMid,DepthMid,DepthMid--DepthMid,10,0.4525538669027813,0.0001174189231627406,0.004783782228027009
367,5016,28,103,28,103,DepthLow,DepthMid,DepthLow--DepthMid,7,0.1875802781065931,0.00011728534137584107,0.0047783399521063525
368,807,4,58,4,58,DepthHigh,DepthLow,DepthHigh--DepthLow,7,0.18466852945629378,0.00011716835927613682,0.004773573966569363
369,8775,53,137,53,137,DepthHigh,DepthHigh,DepthHigh--DepthHigh,7,0.18689197432736918,0.00011700705602152549,0.004767002286111494
370,16733,137,157,137,157,DepthHigh,DepthMid,DepthHigh--DepthMid,4,0.13650290694139527,0.00011693818206170561,0.004764196281626991
371,1717,9,53,9,53,DepthMid,DepthHigh,DepthHigh--DepthMid,10,0.2913187828791304,0.0001169329674112962,0.004763983830760623
372,13578,94,184,94,184,DepthLow,DepthMid,DepthLow--DepthMid,9,0.24743302880623463,0.00011691157528439694,0.004763112290861227
373,9358,57,182,57,182,DepthHigh,DepthMid,DepthHigh--DepthMid,6,0.17048293166340853,0.00011678920465635126,0.0047581267704705655
374,10667,68,94,68,94,DepthLow,DepthLow,DepthLow--DepthLow,3,0.11771096260225233,0.00011667024148819926,0.004753280073922288
375,7416,44,47,44,47,DepthLow,DepthLow,DepthLow--DepthLow,10,0.6927297797566094,0.00011661385937497631,0.004750983001662132
376,8985,55,76,55,76,DepthLow,DepthLow,DepthLow--DepthLow,9,0.23704153962801638,0.00011647752459409798,0.0047454285655945845
377,14492,105,108,105,108,DepthHigh,DepthHigh,DepthHigh--DepthHigh,10,0.5865043647841836,0.00011642412322641476,0.004743252932342342
378,5025,28,112,28,112,DepthLow,DepthHigh,DepthHigh--DepthLow,10,0.29816375457575933,0.0001163863162764185,0.0047417126336356565
379,4864,27,113,27,113,DepthLow,DepthHigh,DepthHigh--DepthLow,10,0.2792200434126344,0.00011619402339136677,0.0047338783999252045
380,8187,49,103,49,103,DepthLow,DepthMid,DepthLow--DepthMid,8,0.21045683964922024,0.00011614509707466017,0.004731885085406219
381,4425,24,166,24,166,DepthMid,DepthLow,DepthLow--DepthMid,7,0.182807840048094,0.00011606991545207743,0.0047288220994726226
382,16960,141,182,141,182,DepthMid,DepthMid,DepthMid--DepthMid,9,0.23400321481937386,0.00011604916758428956,0.004727976807431786
383,2599,14,45,14,45,DepthHigh,DepthHigh,DepthHigh--DepthHigh,5,0.1570699330665217,0.00011585922795666971,0.004720238448140699
384,1977,10,133,10,133,DepthMid,DepthHigh,DepthHigh--DepthMid,3,0.11328387742327667,0.00011573235451670374,0.004715069478003946
385,8966,55,57,55,57,DepthLow,DepthHigh,DepthHigh--DepthLow,6,0.171982846609924,0.00011568392571553077,0.004713096432841074
386,8695,53,57,53,57,DepthHigh,DepthHigh,DepthHigh--DepthHigh,10,0.7615280803877523,0.0001156757319945855,0.00471276261120838
387,7906,47,105,47,105,DepthLow,DepthHigh,DepthHigh--DepthLow,2,0.08569018527524896,0.00011565355746035819,0.004711859195132894
388,7500,44,131,44,131,DepthLow,DepthMid,DepthLow--DepthMid,7,0.19243750018641423,0.00011558457825329434,0.0047090489027543985
389,12525,84,136,84,136,DepthMid,DepthHigh,DepthHigh--DepthMid,6,0.16379721449388485,0.00011542724958566528,0.004702639151549987
390,2041,11,18,11,18,DepthHigh,DepthHigh,DepthHigh--DepthHigh,7,0.18370564963035185,0.00011526104451277342,0.004695867765367148
391,14308,102,182,102,182,DepthHigh,DepthMid,DepthHigh--DepthMid,9,0.2406644028734429,0.00011509716357936196,0.004689191067304778
392,5259,29,185,29,185,DepthLow,DepthMid,DepthLow--DepthMid,6,0.17462779770037679,0.00011504514985760904,0.00468707196834668
393,2192,11,169,11,169,DepthHigh,DepthLow,DepthHigh--DepthLow,9,0.23254712466058633,0.00011479524368998677,0.004676890503118211
394,8638,52,137,52,137,DepthHigh,DepthHigh,DepthHigh--DepthHigh,7,0.18731076437876062,0.00011456273681996693,0.004667417905322764
395,2354,12,153,12,153,DepthHigh,DepthHigh,DepthHigh--DepthHigh,9,0.2387039891331318,0.0001144737146959969,0.004663791041414646
396,10927,70,113,70,113,DepthLow,DepthHigh,DepthHigh--DepthLow,7,0.18253626570813888,0.00011444841765700912,0.004662760410897249
397,15121,112,170,112,170,DepthHigh,DepthHigh,DepthHigh--DepthHigh,8,0.2138440218800118,0.00011427847956569578,0.004655836937242471
398,13987,99,128,99,128,DepthMid,DepthMid,DepthMid--DepthMid,8,0.2155618486259874,0.00011423484728779735,0.004654059307964697
399,15949,124,140,124,140,DepthHigh,DepthHigh,DepthHigh--DepthHigh,2,0.08883884821978878,0.00011423113584564579,0.004653908099534856
400,13546,94,152,94,152,DepthLow,DepthMid,DepthLow--DepthMid,9,0.26346940883364806,0.00011410200819055,0.004648647290076249
401,6343,36,170,36,170,DepthHigh,DepthHigh,DepthHigh--DepthHigh,10,0.3038836835239739,0.0001138944805376847,0.004640192374370496
402,14436,104,137,104,137,DepthMid,DepthHigh,DepthHigh--DepthMid,1,0.05434821328654788,0.00011382250663282493,0.004637260074553093
403,1746,9,82,9,82,DepthMid,DepthLow,DepthLow--DepthMid,9,0.263779095541079,0.00011372337728906792,0.0046332214308646
404,2276,12,75,12,75,DepthHigh,DepthLow,DepthHigh--DepthLow,8,0.21802941603913462,0.00011363753591690465,0.004629724154450177
405,2689,14,135,14,135,DepthHigh,DepthHigh,DepthHigh--DepthHigh,9,0.25319114852755187,0.00011359271008595811,0.004627897898445926
406,2113,11,90,11,90,DepthHigh,DepthMid,DepthHigh--DepthMid,10,0.2829463211366338,0.00011352361811597934,0.004625083011976343
407,17247,148,154,148,154,DepthLow,DepthHigh,DepthHigh--DepthLow,9,0.2349336800373842,0.00011345581526229495,0.004622320645590003
408,1703,9,39,9,39,DepthMid,DepthMid,DepthMid--DepthMid,6,0.16191589563162825,0.00011340960698221534,0.004620438067015116
409,2201,11,178,11,178,DepthHigh,DepthLow,DepthHigh--DepthLow,6,0.1777266407239847,0.00011330416419699922,0.004616142206446786
410,4428,24,169,24,169,DepthMid,DepthLow,DepthLow--DepthMid,9,0.2637186471736699,0.00011328564300742061,0.004615387631841931
411,14456,104,157,104,157,DepthMid,DepthMid,DepthMid--DepthMid,3,0.11529672907314749,0.00011324963370152191,0.004613920571227152
412,10670,68,97,68,97,DepthLow,DepthHigh,DepthHigh--DepthLow,5,0.15480931320318597,0.00011318850915059304,0.004611430286590285
413,11133,72,82,72,82,DepthLow,DepthLow,DepthLow--DepthLow,10,0.6627138509986945,0.00011312159301187656,0.004608704045993474
414,9501,59,62,59,62,DepthMid,DepthLow,DepthLow--DepthMid,6,0.165273580470813,0.00011295947177779348,0.0046020990401093925
415,9235,57,59,57,59,DepthHigh,DepthMid,DepthHigh--DepthMid,7,0.19114025339513352,0.0001129271867580397,0.004600783711203543
416,379,2,3,2,3,DepthMid,DepthMid,DepthMid--DepthMid,10,0.7365280868871287,0.00011291179803836555,0.004600156757032048
417,7875,47,74,47,74,DepthLow,DepthLow,DepthLow--DepthLow,2,0.08926242478426723,0.00011288886407574446,0.004599222400968734
418,1716,9,52,9,52,DepthMid,DepthHigh,DepthHigh--DepthMid,10,0.27191506984281877,0.00011282280996760609,0.004596531280490967
419,15086,112,135,112,135,DepthHigh,DepthHigh,DepthHigh--DepthHigh,7,0.19558233824802468,0.00011274041689444694,0.004593174491751345
420,7983,47,182,47,182,DepthLow,DepthMid,DepthLow--DepthMid,10,0.3174329410065675,0.00011249405178927699,0.004583137293487445
421,5186,29,112,29,112,DepthLow,DepthHigh,DepthHigh--DepthLow,10,0.2759701506895355,0.00011244634597993455,0.004581193703844831
422,2107,11,84,11,84,DepthHigh,DepthMid,DepthHigh--DepthMid,5,0.15734731324635867,0.00011224731320054662,0.00457308487907294
423,8600,52,99,52,99,DepthHigh,DepthMid,DepthHigh--DepthMid,4,0.13465822001830047,0.00011213541651107632,0.004568526079008651
424,4833,27,82,27,82,DepthLow,DepthLow,DepthLow--DepthLow,10,0.33065272223774267,0.00011209734341091397,0.004566974937037522
425,10995,70,181,70,181,DepthLow,DepthLow,DepthLow--DepthLow,7,0.19655100407576354,0.0001120014139251551,0.004563066659250976
426,16626,135,157,135,157,DepthHigh,DepthMid,DepthHigh--DepthMid,6,0.16262994068378742,0.00011200059025519266,0.004563033101987616
427,15163,113,135,113,135,DepthHigh,DepthHigh,DepthHigh--DepthHigh,9,0.23690589961550507,0.00011183154040231439,0.004556145816190174
428,11641,76,128,76,128,DepthLow,DepthMid,DepthLow--DepthMid,10,0.27937977149220494,0.0001117875898271726,0.00455435521911594
429,8532,51,169,51,169,DepthMid,DepthLow,DepthLow--DepthMid,10,0.3533133535859426,0.0001117753132750424,0.004553855058236246
430,16861,139,182,139,182,DepthMid,DepthMid,DepthMid--DepthMid,8,0.21083680580555944,0.00011175354734954396,0.004552968289351202
431,4313,24,54,24,54,DepthMid,DepthLow,DepthLow--DepthMid,7,0.1831811868616444,0.00011173162116848236,0.004552074991469858
432,8038,48,95,48,95,DepthLow,DepthLow,DepthLow--DepthLow,10,0.30418777548528303,0.00011170083758596527,0.004550820832847094
433,7472,44,103,44,103,DepthLow,DepthMid,DepthLow--DepthMid,6,0.18060448793483072,0.00011168256434119414,0.004550076359799394
434,13875,98,107,98,107,DepthHigh,DepthMid,DepthHigh--DepthMid,8,0.2064068262255988,0.00011161769129065058,0.004547433356968939
435,2386,12,185,12,185,DepthHigh,DepthMid,DepthHigh--DepthMid,4,0.129916825314381,0.00011158960176018563,0.004546288957131056
436,10559,67,108,67,108,DepthHigh,DepthHigh,DepthHigh--DepthHigh,6,0.16666075951304035,0.0001114247401689987,0.00453957230594093
437,14233,102,107,102,107,DepthHigh,DepthMid,DepthHigh--DepthMid,9,0.24001658629423012,0.00011133064951518764,0.00453573894428677
438,8707,53,69,53,69,DepthHigh,DepthLow,DepthHigh--DepthLow,8,0.22606037037170112,0.0001113242589525904,0.004535478585402901
439,4601,25,177,25,177,DepthMid,DepthHigh,DepthHigh--DepthMid,2,0.09321630228085533,0.00011120668502882356,0.004530688488271661
440,14400,103,187,103,187,DepthMid,DepthMid,DepthMid--DepthMid,8,0.21264978896368397,0.00011116980378310368,0.004529185903823856
441,14568,105,184,105,184,DepthHigh,DepthMid,DepthHigh--DepthMid,5,0.14982972044607532,0.00011111307497291727,0.0045268747067299196
442,1125,6,7,6,7,DepthLow,DepthLow,DepthLow--DepthLow,10,0.625744162401638,0.00011105615254547395,0.004524555621445837
443,13360,92,159,92,159,DepthMid,DepthMid,DepthMid--DepthMid,10,0.47288821850133056,0.00011098204298968447,0.004521536312748709
444,2338,12,137,12,137,DepthHigh,DepthHigh,DepthHigh--DepthHigh,8,0.22487152839831415,0.00011028393878988962,0.004493094743244099
445,5255,29,181,29,181,DepthLow,DepthLow,DepthLow--DepthLow,1,0.06769969482796023,0.00011009714970783733,0.0044854847408097144
446,8467,51,104,51,104,DepthMid,DepthMid,DepthMid--DepthMid,4,0.13479216127313118,0.00011007365317781217,0.004484527465102128
447,3277,18,29,18,29,DepthHigh,DepthLow,DepthHigh--DepthLow,6,0.16802964024999997,0.00010992753088600603,0.00447857427456152
448,14484,104,185,104,185,DepthMid,DepthMid,DepthMid--DepthMid,8,0.2065510958619379,0.00010979743246062744,0.004473273914803001
449,13506,94,112,94,112,DepthLow,DepthHigh,DepthHigh--DepthLow,9,0.26430214071146046,0.000109724561590164,0.0044703050715733566
450,16962,141,184,141,184,DepthMid,DepthMid,DepthMid--DepthMid,9,0.24571390571029061,0.00010970855013904286,0.004469652746605156
451,8991,55,82,55,82,DepthLow,DepthLow,DepthLow--DepthLow,7,0.18716658552105103,0.00010968915169933579,0.004468862431819238
452,16922,141,144,141,144,DepthMid,DepthHigh,DepthHigh--DepthMid,8,0.20598246509539836,0.00010950158626206252,0.004461220799778579
453,2079,11,56,11,56,DepthHigh,DepthLow,DepthHigh--DepthLow,6,0.17231449426831472,0.00010946360507932094,0.004459673402629086
454,7421,44,52,44,52,DepthLow,DepthHigh,DepthHigh--DepthLow,2,0.09593104346402087,0.0001094622523341285,0.004459618290231218
455,4863,27,112,27,112,DepthLow,DepthHigh,DepthHigh--DepthLow,10,0.31661015004828774,0.00010939007720327784,0.004456677792235078
456,9031,55,122,55,122,DepthLow,DepthHigh,DepthHigh--DepthLow,2,0.0819889331843212,0.00010928649364605872,0.00445245767875768
457,8683,52,182,52,182,DepthHigh,DepthMid,DepthHigh--DepthMid,6,0.1685923233143375,0.00010921712011955133,0.004449631321350692
458,2,0,3,0,3,DepthMid,DepthMid,DepthMid--DepthMid,10,0.6488131575504937,0.0001089826970528038,0.004440080655492582
459,16753,137,177,137,177,DepthHigh,DepthHigh,DepthHigh--DepthHigh,2,0.08757841499365925,0.00010890505869580324,0.00443691757936798
460,13499,94,105,94,105,DepthLow,DepthHigh,DepthHigh--DepthLow,5,0.15249897848336377,0.00010887608517896301,0.004435737164906577
461,15088,112,137,112,137,DepthHigh,DepthHigh,DepthHigh--DepthHigh,7,0.1951799707595745,0.00010884335665845081,0.004434403767268796
462,2328,12,127,12,127,DepthHigh,DepthLow,DepthHigh--DepthLow,5,0.148430314400917,0.00010875039765792715,0.004430616510473536
463,12710,86,112,86,112,DepthMid,DepthHigh,DepthHigh--DepthMid,10,0.27174556667187155,0.00010867523616603333,0.004427554344687402
464,13576,94,182,94,182,DepthLow,DepthMid,DepthLow--DepthMid,9,0.24086645098560697,0.00010867272737257622,0.00442745213355115
465,16963,141,185,141,185,DepthMid,DepthMid,DepthMid--DepthMid,9,0.23706315715304013,0.00010863939509303339,0.004426094138074769
466,15128,112,177,112,177,DepthHigh,DepthHigh,DepthHigh--DepthHigh,9,0.2405560106942649,0.00010856888542140035,0.004423221492806215
467,11824,78,86,78,86,DepthMid,DepthMid,DepthMid--DepthMid,10,0.5347434389337662,0.00010845954875906775,0.00441876699119736
468,8636,52,135,52,135,DepthHigh,DepthHigh,DepthHigh--DepthHigh,7,0.20297216864742199,0.00010841363041809715,0.004416896225075862
469,5455,31,62,31,62,DepthLow,DepthLow,DepthLow--DepthLow,7,0.1924869322158111,0.00010836994374555336,0.004415116379697557
470,9329,57,153,57,153,DepthHigh,DepthHigh,DepthHigh--DepthHigh,9,0.24166984449655388,0.00010831526297497823,0.00441288862209728
471,10008,62,182,62,182,DepthLow,DepthMid,DepthLow--DepthMid,6,0.16521081515488426,0.0001079339622890678,0.004397353992791707
472,7706,46,48,46,48,DepthLow,DepthLow,DepthLow--DepthLow,10,0.8892189819174282,0.0001077779737008137,0.004390998837965165
473,6928,40,149,40,149,DepthHigh,DepthLow,DepthHigh--DepthLow,8,0.21274904708945505,0.00010772174413227821,0.004388707980551349
474,9250,57,74,57,74,DepthHigh,DepthLow,DepthHigh--DepthLow,9,0.2688245959051548,0.00010751435594892783,0.004380258746994341
475,2644,14,90,14,90,DepthHigh,DepthMid,DepthHigh--DepthMid,10,0.29895715517869403,0.00010748405063405666,0.004379024073546565
476,8591,52,90,52,90,DepthHigh,DepthMid,DepthHigh--DepthMid,10,0.3540507543123266,0.00010744162696488725,0.004377295684381055
477,16679,136,156,136,156,DepthHigh,DepthMid,DepthHigh--DepthMid,3,0.10209524228001426,0.00010734007415475144,0.004373158305879802
478,14351,103,138,103,138,DepthMid,DepthHigh,DepthHigh--DepthMid,4,0.13223509121586138,0.00010724687327267358,0.00436936119455131
479,9605,59,166,59,166,DepthMid,DepthLow,DepthLow--DepthMid,5,0.14481732030219274,0.00010722445419293505,0.004368447815409915
480,10663,68,90,68,90,DepthLow,DepthMid,DepthLow--DepthMid,6,0.17144740470447395,0.00010693557344295299,0.004356678480786841
481,5211,29,137,29,137,DepthLow,DepthHigh,DepthHigh--DepthLow,5,0.1526360519055783,0.00010680420229617627,0.004351326268892043
482,11222,72,171,72,171,DepthLow,DepthLow,DepthLow--DepthLow,8,0.2284640218081089,0.00010670910208605922,0.0043474517767506955
483,8596,52,95,52,95,DepthHigh,DepthLow,DepthHigh--DepthLow,8,0.21774643875564562,0.00010669244970674315,0.004346773339629311
484,15185,113,157,113,157,DepthHigh,DepthMid,DepthHigh--DepthMid,4,0.12969703281524966,0.00010664065946523675,0.004344663345513966
485,2707,14,153,14,153,DepthHigh,DepthHigh,DepthHigh--DepthHigh,10,0.27202116472778576,0.0001066356204232773,0.004344458049138198
486,12985,88,182,88,182,DepthLow,DepthMid,DepthLow--DepthMid,7,0.20227645458060012,0.00010663502693111033,0.004344433869583452
487,5577,31,184,31,184,DepthLow,DepthMid,DepthLow--DepthMid,9,0.257580226861765,0.00010662376519522298,0.004343975053486834
488,2629,14,75,14,75,DepthHigh,DepthLow,DepthHigh--DepthLow,6,0.17961185088400272,0.00010661484882691435,0.004343611790367871
489,17770,163,167,163,167,DepthMid,DepthMid,DepthMid--DepthMid,10,0.784048671376064,0.00010655402681607948,0.004341133831563041
490,13783,97,107,97,107,DepthHigh,DepthMid,DepthHigh--DepthMid,7,0.20260819148717293,0.00010654409482609862,0.004340729190846881
491,7147,42,71,42,71,DepthHigh,DepthHigh,DepthHigh--DepthHigh,10,0.7647352368116911,0.0001064604555454899,0.0043373216301797945
492,3385,18,137,18,137,DepthHigh,DepthHigh,DepthHigh--DepthHigh,2,0.07686655388736063,0.00010645343054028255,0.0043370354233729395
493,4966,28,53,28,53,DepthLow,DepthHigh,DepthHigh--DepthLow,9,0.26108858752404485,0.00010644720222564475,0.004336781674657892
494,16605,135,136,135,136,DepthHigh,DepthHigh,DepthHigh--DepthHigh,10,0.5108378406298739,0.00010644232071221469,0.004336582796175927
495,6680,39,51,39,51,DepthMid,DepthMid,DepthMid--DepthMid,6,0.1769152886275607,0.00010640418103512155,0.004335028941783922
496,8051,48,108,48,108,DepthLow,DepthHigh,DepthHigh--DepthLow,2,0.09411659243692103,0.00010632430775195952,0.004331774812192262
497,14419,104,120,104,120,DepthMid,DepthHigh,DepthHigh--DepthMid,6,0.17606620872594866,0.00010623378697627645,0.004328086891486503
498,18000,173,182,173,182,DepthLow,DepthMid,DepthLow--DepthMid,8,0.2252055305494184,0.0001062061426763052,0.004326960630851959
499,14248,102,122,102,122,DepthHigh,DepthHigh,DepthHigh--DepthHigh,8,0.2288142285085975,0.00010604625453302157,0.004320446603660172
500,11465,74,181,74,181,DepthLow,DepthLow,DepthLow--DepthLow,6,0.1656992791963722,0.00010604507631211746,0.004320398601582909
501,17957,171,174,171,174,DepthLow,DepthLow,DepthLow--DepthLow,10,0.7384904945419287,0.0001060000284836158,0.004318563301142462
502,2582,14,28,14,28,DepthHigh,DepthLow,DepthHigh--DepthLow,6,0.17835801902398946,0.00010587960956676772,0.004313657295714889
503,10784,69,90,69,90,DepthLow,DepthMid,DepthLow--DepthMid,7,0.19370767968271804,0.00010580101094341394,0.0043104550972325704
504,12479,84,90,84,90,DepthMid,DepthMid,DepthMid--DepthMid,10,0.39014066062996405,0.00010575323618002535,0.004308508698322663
505,14667,107,116,107,116,DepthMid,DepthHigh,DepthHigh--DepthMid,4,0.12787964101165106,0.0001056922137168506,0.004306022572858531
506,12711,86,113,86,113,DepthMid,DepthHigh,DepthHigh--DepthMid,10,0.27242373552066346,0.00010561540417932273,0.004302893263794271
507,6922,40,143,40,143,DepthHigh,DepthHigh,DepthHigh--DepthHigh,10,0.504930785024719,0.0001056081365452142,0.004302597172006408
508,15517,118,119,118,119,DepthLow,DepthLow,DepthLow--DepthLow,10,0.7588145744963846,0.00010560238117416968,0.004302362691558309
509,9612,59,173,59,173,DepthMid,DepthLow,DepthLow--DepthMid,9,0.244730620023409,0.00010559034361168073,0.00430187226739198
510,1329,7,28,7,28,DepthLow,DepthLow,DepthLow--DepthLow,8,0.2247645881119384,0.00010550589021058462,0.00429843153851815
511,9361,57,185,57,185,DepthHigh,DepthMid,DepthHigh--DepthMid,5,0.15977871235477617,0.0001054897656054353,0.004297774603524458
512,13455,93,157,93,157,DepthLow,DepthMid,DepthLow--DepthMid,9,0.24939442987783522,0.000105455878037733,0.004296393984968617
513,6916,40,137,40,137,DepthHigh,DepthHigh,DepthHigh--DepthHigh,6,0.1716539083122026,0.00010539601159489172,0.00429395495710492
514,8416,51,53,51,53,DepthMid,DepthHigh,DepthHigh--DepthMid,10,0.7173242720693127,0.00010532509005785978,0.004291065531965434
515,8415,51,52,51,52,DepthMid,DepthHigh,DepthHigh--DepthMid,10,0.7455326624289661,0.0001051906005581172,0.00428558627477762
516,9978,62,152,62,152,DepthLow,DepthMid,DepthLow--DepthMid,7,0.18764709423614567,0.00010514321728815177,0.004283655825760878
517,8445,51,82,51,82,DepthMid,DepthLow,DepthLow--DepthMid,10,0.3482025380870264,0.00010512439495718464,0.004282888982308858
518,9916,62,90,62,90,DepthLow,DepthMid,DepthLow--DepthMid,5,0.1607081384865673,0.00010510665011542035,0.004282166037008521
519,8558,52,57,52,57,DepthHigh,DepthHigh,DepthHigh--DepthHigh,10,0.7621080733633103,0.0001050528326971495,0.004279973453375935
520,1434,7,133,7,133,DepthLow,DepthHigh,DepthHigh--DepthLow,9,0.24300211568583516,0.00010500750207788187,0.004278126631713831
521,18120,183,187,183,187,DepthMid,DepthMid,DepthMid--DepthMid,10,0.6877618743783462,0.0001049479837944017,0.004275701788263678
522,14310,102,184,102,184,DepthHigh,DepthMid,DepthHigh--DepthMid,9,0.23233470637887318,0.00010485626356366468,0.004271965000376924
523,13328,92,127,92,127,DepthMid,DepthLow,DepthLow--DepthMid,6,0.1690201939397814,0.00010473896920902438,0.004267186293214038
524,8215,49,131,49,131,DepthLow,DepthMid,DepthLow--DepthMid,8,0.22625592958954682,0.00010472962605419428,0.004266805642320417
525,4444,24,185,24,185,DepthMid,DepthMid,DepthMid--DepthMid,6,0.16721297411239788,0.00010470740014158344,0.004265900133030385
526,4364,24,105,24,105,DepthMid,DepthHigh,DepthHigh--DepthMid,6,0.17799198901945723,0.00010469448309500174,0.004265373877668713
527,9898,62,72,62,72,DepthLow,DepthLow,DepthLow--DepthLow,10,0.46526812697962694,0.00010461398466774413,0.004262094278986264
528,11238,72,187,72,187,DepthLow,DepthMid,DepthLow--DepthMid,10,0.2795715671161269,0.00010455329764007666,0.0042596218195512115
529,12357,82,181,82,181,DepthLow,DepthLow,DepthLow--DepthLow,7,0.18313611585513398,0.0001045143887944614,0.004258036628347325
530,18144,189,190,189,190,DepthHigh,DepthHigh,DepthHigh--DepthHigh,10,0.6740740593281428,0.00010440869189322784,0.0042537304147996354
531,2157,11,134,11,134,DepthHigh,DepthHigh,DepthHigh--DepthHigh,8,0.21892013356936968,0.0001042814609870557,0.004248546881077745
532,14497,105,113,105,113,DepthHigh,DepthHigh,DepthHigh--DepthHigh,7,0.1983702049046491,0.00010427584667891262,0.004248318147694794
533,5675,32,124,32,124,DepthHigh,DepthHigh,DepthHigh--DepthHigh,6,0.17418039712182157,0.0001042450058844766,0.004247061658192528
534,7895,47,94,47,94,DepthLow,DepthLow,DepthLow--DepthLow,10,0.35342260079551635,0.00010412908091427922,0.0042423387413297485
535,10404,66,76,66,76,DepthMid,DepthLow,DepthLow--DepthMid,9,0.2605315927888144,0.00010399366509027038,0.004236821744623951
536,2337,12,136,12,136,DepthHigh,DepthHigh,DepthHigh--DepthHigh,9,0.2555214861225748,0.00010392301904579601,0.004233943543368703
537,12703,86,105,86,105,DepthMid,DepthHigh,DepthHigh--DepthMid,9,0.25959391919661906,0.00010384041139549716,0.004230578012509158
538,1195,6,77,6,77,DepthLow,DepthLow,DepthLow--DepthLow,8,0.22851663138477127,0.00010378012851424292,0.004228122018464666
539,7856,47,55,47,55,DepthLow,DepthLow,DepthLow--DepthLow,3,0.10751828223962019,0.00010369089217153885,0.004224486427038486
540,17433,152,182,152,182,DepthMid,DepthMid,DepthMid--DepthMid,9,0.23416312415188847,0.00010363852248414968,0.004222352825630198
541,4808,27,57,27,57,DepthLow,DepthHigh,DepthHigh--DepthLow,9,0.26972120665277033,0.00010360481526091029,0.004220979554515582
542,11210,72,159,72,159,DepthLow,DepthMid,DepthLow--DepthMid,6,0.16555650354116944,0.00010360265368099834,0.004220891489259244
543,2676,14,122,14,122,DepthHigh,DepthHigh,DepthHigh--DepthHigh,4,0.12672927556542332,0.0001036002770725006,0.00422079466349055
544,11127,72,76,72,76,DepthLow,DepthLow,DepthLow--DepthLow,10,0.6762187560521209,0.00010355280826304063,0.004218860729496236
545,844,4,95,4,95,DepthHigh,DepthLow,DepthHigh--DepthLow,7,0.20303144408603185,0.00010354051740976244,0.004218359985971293
546,921,4,172,4,172,DepthHigh,DepthLow,DepthHigh--DepthLow,9,0.2645586553129117,0.00010352394071749135,0.004217684632427333
547,17987,172,186,172,186,DepthLow,DepthHigh,DepthHigh--DepthLow,9,0.25676297213535454,0.00010348846039630369,0.004216239123259215
548,8657,52,156,52,156,DepthHigh,DepthMid,DepthHigh--DepthMid,10,0.31727180789244147,0.00010347982902341235,0.004215887471181945
549,8393,50,169,50,169,DepthLow,DepthLow,DepthLow--DepthLow,10,0.35781900208654993,0.00010347580877134546,0.004215723681480321
550,7890,47,89,47,89,DepthLow,DepthMid,DepthLow--DepthMid,9,0.2526313804717524,0.0001034250181143671,0.00421365441159044
551,763,4,14,4,14,DepthHigh,DepthHigh,DepthHigh--DepthHigh,9,0.24264443107616349,0.00010341826217190576,0.004213379166709891
552,15161,113,133,113,133,DepthHigh,DepthHigh,DepthHigh--DepthHigh,8,0.21740520014139314,0.00010341766458468025,0.004213354820317742
553,13106,90,102,90,102,DepthMid,DepthHigh,DepthHigh--DepthMid,10,0.4612077212039757,0.00010338872533030991,0.004212175801748841
554,14246,102,120,102,120,DepthHigh,DepthHigh,DepthHigh--DepthHigh,7,0.1992615622499792,0.0001033593094751428,0.004210977365914307
555,16568,134,154,134,154,DepthHigh,DepthHigh,DepthHigh--DepthHigh,10,0.5751455110516385,0.00010334486914788065,0.004210389050342482
556,7445,44,76,44,76,DepthLow,DepthLow,DepthLow--DepthLow,5,0.14778935974738114,0.0001033272190640965,0.004209669965591443
557,15764,121,156,121,156,DepthHigh,DepthMid,DepthHigh--DepthMid,8,0.21069201793940515,0.0001033201685232248,0.0042093827184321985
558,2636,14,82,14,82,DepthHigh,DepthLow,DepthHigh--DepthLow,8,0.21957123782945037,0.00010326578237594343,0.004207166964124395
559,10911,70,97,70,97,DepthLow,DepthHigh,DepthHigh--DepthLow,7,0.1979148379231043,0.00010324078618990253,0.0042061485907027175
560,10145,64,66,64,66,DepthMid,DepthMid,DepthMid--DepthMid,10,0.5241827954335544,0.00010309954527945148,0.004200394273263189
561,8879,54,105,54,105,DepthLow,DepthHigh,DepthHigh--DepthLow,7,0.18755233228022244,0.00010308390914270036,0.004199757239034887
562,15198,113,170,113,170,DepthHigh,DepthHigh,DepthHigh--DepthHigh,8,0.20719463318837505,0.00010304449295430364,0.004198151378101487
563,17579,156,186,156,186,DepthMid,DepthHigh,DepthHigh--DepthMid,2,0.07617590534228483,0.00010302816409187365,0.004197486121430821
564,1487,7,186,7,186,DepthLow,DepthHigh,DepthHigh--DepthLow,10,0.28625270195565794,0.00010300744954276831,0.004196642186831503
565,7928,47,127,47,127,DepthLow,DepthLow,DepthLow--DepthLow,10,0.2950170618353175,0.0001029635875742474,0.004194855199693103
566,8435,51,72,51,72,DepthMid,DepthLow,DepthLow--DepthMid,9,0.2477534135992366,0.00010293845810729458,0.004193831396253498
567,5418,30,184,30,184,DepthLow,DepthMid,DepthLow--DepthMid,10,0.2755217385352154,0.00010287486601288996,0.004191240581052151
568,13897,98,129,98,129,DepthHigh,DepthMid,DepthHigh--DepthMid,8,0.22840453156274274,0.00010287235103211574,0.004191138117837471
569,7458,44,89,44,89,DepthLow,DepthMid,DepthLow--DepthMid,7,0.1973370144392924,0.00010283866006170617,0.00418976550888187
570,2208,11,185,11,185,DepthHigh,DepthMid,DepthHigh--DepthMid,5,0.14335588557332257,0.00010282721311899548,0.00418929914724586
571,4886,27,135,27,135,DepthLow,DepthHigh,DepthHigh--DepthLow,6,0.1621377749739225,0.00010281457732960244,0.0041887843506261385
572,16864,139,185,139,185,DepthMid,DepthMid,DepthMid--DepthMid,8,0.22494731982745153,0.00010280936348265371,0.004188571932493684
573,7451,44,82,44,82,DepthLow,DepthLow,DepthLow--DepthLow,3,0.12008599672795257,0.00010277105290369672,0.004187011115362822
574,10783,69,89,69,89,DepthLow,DepthMid,DepthLow--DepthMid,7,0.20257924597892232,0.00010275164957861127,0.004186220601540959
575,8654,52,153,52,153,DepthHigh,DepthHigh,DepthHigh--DepthHigh,10,0.2948958957927403,0.0001027151460238162,0.004184733404656633
576,6076,35,57,35,57,DepthMid,DepthHigh,DepthHigh--DepthMid,5,0.1413773158448785,0.00010265998033468545,0.004182485890915643
577,4443,24,184,24,184,DepthMid,DepthMid,DepthMid--DepthMid,7,0.18183166752639676,0.00010263446128879235,0.004181446215581111
578,10950,70,136,70,136,DepthLow,DepthHigh,DepthHigh--DepthLow,3,0.11650025694679828,0.0001026128819180332,0.004180567047151108
579,3744,20,155,20,155,DepthHigh,DepthMid,DepthHigh--DepthMid,5,0.1515814632394735,0.00010258508234423589,0.004179434460481973
580,10846,69,152,69,152,DepthLow,DepthMid,DepthLow--DepthMid,7,0.20231573939486455,0.00010255786241209948,0.004178325489082008
581,10919,70,105,70,105,DepthLow,DepthHigh,DepthHigh--DepthLow,9,0.24310067197597005,0.00010242204932110379,0.004172792307261406
582,16773,138,145,138,145,DepthHigh,DepthLow,DepthHigh--DepthLow,7,0.192332374189681,0.00010237717810288244,0.004170964202127282
583,9367,58,59,58,59,DepthLow,DepthMid,DepthLow--DepthMid,7,0.203803994643483,0.00010237160017802974,0.004170736951041504
584,7858,47,57,47,57,DepthLow,DepthHigh,DepthHigh--DepthLow,2,0.09849077504328377,0.00010233267007104243,0.004169150893624822
585,9313,57,137,57,137,DepthHigh,DepthHigh,DepthHigh--DepthHigh,6,0.16958001076981263,0.00010231533039986071,0.004168444455440884
586,11220,72,169,72,169,DepthLow,DepthLow,DepthLow--DepthLow,10,0.6360835374035181,0.00010231081786038902,0.004168260609383141
587,3894,21,136,21,136,DepthHigh,DepthHigh,DepthHigh--DepthHigh,7,0.18419136483259874,0.00010219744269042709,0.0041636415743200135
588,4909,27,158,27,158,DepthLow,DepthMid,DepthLow--DepthMid,8,0.22448394927095244,0.00010218388434388186,0.004163089191658876
589,16016,125,142,125,142,DepthHigh,DepthHigh,DepthHigh--DepthHigh,5,0.14416282167966613,0.0001021755210253307,0.004162748460424295
590,3553,19,134,19,134,DepthLow,DepthHigh,DepthHigh--DepthLow,3,0.1082875857381986,0.00010215910193661514,0.0041620795278307894
591,10912,70,98,70,98,DepthLow,DepthHigh,DepthHigh--DepthLow,6,0.1738439874744059,0.00010214257993413453,0.004161406402411911
592,2105,11,82,11,82,DepthHigh,DepthLow,DepthHigh--DepthLow,8,0.22270248665190578,0.00010213171835101551,0.004160963889000159
593,11151,72,100,72,100,DepthLow,DepthMid,DepthLow--DepthMid,9,0.2613596323042481,0.00010207818492240316,0.0041587828754334945
594,9999,62,173,62,173,DepthLow,DepthLow,DepthLow--DepthLow,10,0.2838837621459183,0.00010197764516011694,0.004154686769668938
595,5604,32,53,32,53,DepthHigh,DepthHigh,DepthHigh--DepthHigh,8,0.20724034347143722,0.0001019550942646185,0.004153768020201597
596,6816,39,187,39,187,DepthMid,DepthMid,DepthMid--DepthMid,5,0.15894989676511184,0.00010189022445273189,0.004151125149317757
597,17551,156,158,156,158,DepthMid,DepthMid,DepthMid--DepthMid,10,0.7695897964243158,0.00010186373190312942,0.004150045812320366
598,7526,44,157,44,157,DepthLow,DepthMid,DepthLow--DepthMid,1,0.025680949476563172,0.00010184707657126321,0.004149367254908686
599,10090,63,137,63,137,DepthMid,DepthHigh,DepthHigh--DepthMid,4,0.1346439986157024,0.00010184626769060928,0.004149334300178796
600,4923,27,172,27,172,DepthLow,DepthLow,DepthLow--DepthLow,8,0.2157011151535053,0.00010182649692321315,0.004148528816333803
601,6305,36,132,36,132,DepthHigh,DepthMid,DepthHigh--DepthMid,6,0.181186601514633,0.0001018093506606067,0.0041478302578380815
602,8236,49,152,49,152,DepthLow,DepthMid,DepthLow--DepthMid,10,0.27320146249361815,0.0001017714785812353,0.0041462873056856055
603,9275,57,99,57,99,DepthHigh,DepthMid,DepthHigh--DepthMid,4,0.12907567601529824,0.00010174190124324022,0.004145082290854588
604,4887,27,136,27,136,DepthLow,DepthHigh,DepthHigh--DepthLow,7,0.19417021847790564,0.00010169938371905282,0.004143350077927499
605,7957,47,156,47,156,DepthLow,DepthMid,DepthLow--DepthMid,1,-0.043758154324032496,0.00010165671982696098,0.004141611901803327
606,795,4,46,4,46,DepthHigh,DepthLow,DepthHigh--DepthLow,9,0.25833355060533075,0.0001016039895289812,0.004139463608704057
607,7638,45,124,45,124,DepthHigh,DepthHigh,DepthHigh--DepthHigh,7,0.2006695403610006,0.000101545039804281,0.004137061928993734
608,10853,69,159,69,159,DepthLow,DepthMid,DepthLow--DepthMid,2,0.08484325718511254,0.00010154122440172649,0.004136906485097287
609,2277,12,76,12,76,DepthHigh,DepthLow,DepthHigh--DepthLow,10,0.28351304078568795,0.00010152295784974511,0.004136162284721555
610,5691,32,140,32,140,DepthHigh,DepthHigh,DepthHigh--DepthHigh,5,0.1520803466483727,0.00010149582464538731,0.0041350568467112235
611,8173,49,89,49,89,DepthLow,DepthMid,DepthLow--DepthMid,9,0.23648489606676848,0.00010143856436848828,0.004132723997051021
612,15122,112,171,112,171,DepthHigh,DepthLow,DepthHigh--DepthLow,6,0.1740187790823147,0.0001014220034217936,0.004132049284999988
613,11643,76,130,76,130,DepthLow,DepthMid,DepthLow--DepthMid,10,0.2849491137776447,0.00010135511921142732,0.004129324345200954
614,8737,53,99,53,99,DepthHigh,DepthMid,DepthHigh--DepthMid,6,0.16180084215137233,0.00010132900370554652,0.004128260369399239
615,8070,48,127,48,127,DepthLow,DepthLow,DepthLow--DepthLow,10,0.3027311494078521,0.00010130636874499338,0.004127338195024704
616,2051,11,28,11,28,DepthHigh,DepthLow,DepthHigh--DepthLow,7,0.18790339306084353,0.000101304730330557,0.004127271444132669
617,9064,55,155,55,155,DepthLow,DepthMid,DepthLow--DepthMid,8,0.22765681995140832,0.0001012214257254287,0.004123877518530292
618,8160,49,76,49,76,DepthLow,DepthLow,DepthLow--DepthLow,3,0.11424668933453022,0.00010103863959214952,0.004116430600841405
619,12547,84,158,84,158,DepthMid,DepthMid,DepthMid--DepthMid,3,0.10663160046303376,0.00010098955777205785,0.00411443095093533
620,6201,35,182,35,182,DepthMid,DepthMid,DepthMid--DepthMid,5,0.15072993665809886,0.00010094511640491293,0.004112620358429364
621,6733,39,104,39,104,DepthMid,DepthMid,DepthMid--DepthMid,5,0.150716605288281,0.00010086311380004656,0.004109279477817915
622,7422,44,53,44,53,DepthLow,DepthHigh,DepthHigh--DepthLow,3,0.11415785479631843,0.00010086141286343613,0.004109210179700467
623,13302,92,101,92,101,DepthMid,DepthHigh,DepthHigh--DepthMid,10,0.31243459708988985,0.00010083217156729757,0.004108018855601895
624,17893,168,170,168,170,DepthHigh,DepthHigh,DepthHigh--DepthHigh,6,0.17855058114962263,0.00010080454476171289,0.004106893307708818
625,7538,44,169,44,169,DepthLow,DepthLow,DepthLow--DepthLow,3,0.1059593803933662,0.00010064825719272228,0.004100525972062565
626,14486,104,187,104,187,DepthMid,DepthMid,DepthMid--DepthMid,5,0.14569628229776904,0.00010063871601280368,0.004100137253398659
627,16935,141,157,141,157,DepthMid,DepthMid,DepthMid--DepthMid,9,0.2341271443183934,0.00010060918356214522,0.004098934067329458
628,7071,41,143,41,143,DepthHigh,DepthHigh,DepthHigh--DepthHigh,7,0.19441546493325726,0.00010055178042216872,0.004096595397262863
629,847,4,98,4,98,DepthHigh,DepthHigh,DepthHigh--DepthHigh,5,0.15200264428542,0.00010054749970486668,0.004096420995907433
630,9563,59,124,59,124,DepthMid,DepthHigh,DepthHigh--DepthMid,3,0.10816848175458042,0.00010054413149126802,0.00409628377100433
631,9363,57,187,57,187,DepthHigh,DepthMid,DepthHigh--DepthMid,7,0.2010511756457973,0.00010045359065214733,0.004092595032891003
632,16412,131,169,131,169,DepthMid,DepthLow,DepthLow--DepthMid,10,0.27488277692586094,0.00010044648465276422,0.004092305526288101
633,11435,74,151,74,151,DepthLow,DepthMid,DepthLow--DepthMid,9,0.25420128031694245,0.00010039857671968585,0.004090353701891584
634,7931,47,130,47,130,DepthLow,DepthMid,DepthLow--DepthMid,9,0.2549584161278222,0.0001003985138655204,0.004090351141140459
635,4780,27,29,27,29,DepthLow,DepthLow,DepthLow--DepthLow,10,0.6376163637521552,0.00010035295262595503,0.004088494923741686
636,8713,53,75,53,75,DepthHigh,DepthLow,DepthHigh--DepthLow,8,0.22618629686548886,0.00010028861758272027,0.0040858738399489215
637,13671,95,182,95,182,DepthLow,DepthMid,DepthLow--DepthMid,9,0.24189926033681153,0.00010027289492378433,0.0040852332807071135
638,8266,49,182,49,182,DepthLow,DepthMid,DepthLow--DepthMid,10,0.28516940499962545,0.00010019539071750288,0.004082075670037386
639,11016,71,83,71,83,DepthHigh,DepthHigh,DepthHigh--DepthHigh,10,0.7098651010937965,0.00010018530495447644,0.00408166476443016
640,7551,44,182,44,182,DepthLow,DepthMid,DepthLow--DepthMid,9,0.2345530766526833,0.00010017048567033081,0.004081061009718241
641,9091,55,182,55,182,DepthLow,DepthMid,DepthLow--DepthMid,4,0.12757953606512323,0.00010014132039490459,0.004079872782791087
642,10791,69,97,69,97,DepthLow,DepthHigh,DepthHigh--DepthLow,4,0.12235561014715597,0.00010011023386670048,0.004078606281811958
643,3268,18,20,18,20,DepthHigh,DepthHigh,DepthHigh--DepthHigh,7,0.18952630476680996,0.0001000392386904276,0.004075713856524944
644,8791,53,153,53,153,DepthHigh,DepthHigh,DepthHigh--DepthHigh,10,0.29226703000657134,0.00010003166974787892,0.0040754054890840405
645,13673,95,184,95,184,DepthLow,DepthMid,DepthLow--DepthMid,10,0.2933838485082177,9.993667311170064e-05,0.004071535216664303
646,17796,164,167,164,167,DepthMid,DepthMid,DepthMid--DepthMid,10,0.6789370058518754,9.98681743479103e-05,0.004068744498098371
647,18025,175,176,175,176,DepthLow,DepthLow,DepthLow--DepthLow,10,0.8579333647515274,9.986663712081438e-05,0.0040686818696951815
648,15968,124,159,124,159,DepthHigh,DepthMid,DepthHigh--DepthMid,6,0.1631792158519875,9.97897604607403e-05,0.004065549825981046
649,6794,39,165,39,165,DepthMid,DepthLow,DepthLow--DepthMid,4,0.12483544987550822,9.974869290165064e-05,0.004063876686302791
650,7418,44,49,44,49,DepthLow,DepthLow,DepthLow--DepthLow,10,0.7097628855776974,9.971920174162373e-05,0.004062675182461496
651,6204,35,185,35,185,DepthMid,DepthMid,DepthMid--DepthMid,5,0.15849483450004323,9.969369456165005e-05,0.004061635990558195
652,9788,61,90,61,90,DepthMid,DepthMid,DepthMid--DepthMid,10,0.3843971632023814,9.95858295420114e-05,0.0040572414453684215
653,10888,70,74,70,74,DepthLow,DepthLow,DepthLow--DepthLow,10,0.5877345462773941,9.955378443352106e-05,0.004055935890723887
654,4318,24,59,24,59,DepthMid,DepthMid,DepthMid--DepthMid,10,0.7917217661772954,9.953581444721514e-05,0.004055203772775497
655,14311,102,185,102,185,DepthHigh,DepthMid,DepthHigh--DepthMid,8,0.22417971117698443,9.949319587292108e-05,0.004053467442950625
656,1126,6,8,6,8,DepthLow,DepthLow,DepthLow--DepthLow,10,0.5353003963221191,9.947480469889269e-05,0.004052718165329099
657,10764,69,70,69,70,DepthLow,DepthLow,DepthLow--DepthLow,10,0.5095765973869061,9.946909164517571e-05,0.004052485408937685
658,7496,44,127,44,127,DepthLow,DepthLow,DepthLow--DepthLow,10,0.315805044149847,9.944542168397954e-05,0.004051521067444352
659,8498,51,135,51,135,DepthMid,DepthHigh,DepthHigh--DepthMid,6,0.16929128685008354,9.941853138925515e-05,0.004050425525852383
660,14353,103,140,103,140,DepthMid,DepthHigh,DepthHigh--DepthMid,3,0.10661414318511452,9.93946628958451e-05,0.004049453095927894
661,11105,71,172,71,172,DepthHigh,DepthLow,DepthHigh--DepthLow,7,0.18244061515425564,9.931021196315026e-05,0.004046012467619577
662,6122,35,103,35,103,DepthMid,DepthMid,DepthMid--DepthMid,3,0.1111199655563359,9.926527916682661e-05,0.004044181853722609
663,8594,52,93,52,93,DepthHigh,DepthLow,DepthHigh--DepthLow,8,0.21681552318775188,9.91909107443728e-05,0.004041151998499292
664,16782,138,154,138,154,DepthHigh,DepthHigh,DepthHigh--DepthHigh,10,0.3811740795785813,9.919058380266232e-05,0.004041138678517281
665,7459,44,90,44,90,DepthLow,DepthMid,DepthLow--DepthMid,7,0.20217000987221023,9.917786294841467e-05,0.004040620416257365
666,13397,93,99,93,99,DepthLow,DepthMid,DepthLow--DepthMid,7,0.18696019531840322,9.916522399398385e-05,0.004040105490690358
667,10752,68,179,68,179,DepthLow,DepthLow,DepthLow--DepthLow,8,0.20857294124043105,9.90852697103438e-05,0.004036848061045889
668,10973,70,159,70,159,DepthLow,DepthMid,DepthLow--DepthMid,2,0.0796169085978356,9.908145683924777e-05,0.004036692720283977
669,4306,24,47,24,47,DepthMid,DepthLow,DepthLow--DepthMid,9,0.23838971703947606,9.906239865830919e-05,0.004035916268032357
670,7986,47,185,47,185,DepthLow,DepthMid,DepthLow--DepthMid,10,0.27939405044528476,9.903894638272902e-05,0.004034960795301853
671,7929,47,128,47,128,DepthLow,DepthMid,DepthLow--DepthMid,9,0.23368943029946795,9.902671292479804e-05,0.00403446239012949
672,940,5,6,5,6,DepthLow,DepthLow,DepthLow--DepthLow,10,0.5182372723031832,9.88876813597562e-05,0.004028798083967697
673,5673,32,122,32,122,DepthHigh,DepthHigh,DepthHigh--DepthHigh,5,0.15688098879323706,9.888364709900445e-05,0.00402863372353611
674,7867,47,66,47,66,DepthLow,DepthMid,DepthLow--DepthMid,10,0.27926438750284827,9.885949648210419e-05,0.004027649799575547
675,14046,99,187,99,187,DepthMid,DepthMid,DepthMid--DepthMid,7,0.18809260373625258,9.882907129226996e-05,0.004026410242283647
676,12406,83,123,83,123,DepthHigh,DepthHigh,DepthHigh--DepthHigh,8,0.22926876291416862,9.879942771552156e-05,0.004025202528809495
677,18043,176,180,176,180,DepthLow,DepthLow,DepthLow--DepthLow,10,0.6035622625526745,9.878715607984705e-05,0.004024702568231869
678,5251,29,177,29,177,DepthLow,DepthHigh,DepthHigh--DepthLow,9,0.25348303682201934,9.875251114694502e-05,0.004023291093745102
679,9014,55,105,55,105,DepthLow,DepthHigh,DepthHigh--DepthLow,4,0.13732677022135337,9.873694776460182e-05,0.004022657023615212
680,2097,11,74,11,74,DepthHigh,DepthLow,DepthHigh--DepthLow,9,0.2321438215739526,9.868847973483339e-05,0.004020682380234159
681,9312,57,136,57,136,DepthHigh,DepthHigh,DepthHigh--DepthHigh,7,0.18454557572082178,9.864920928774411e-05,0.004019082456969559
682,2731,14,177,14,177,DepthHigh,DepthHigh,DepthHigh--DepthHigh,9,0.23328169988751757,9.863236303281658e-05,0.004018396121132366
683,5550,31,157,31,157,DepthLow,DepthMid,DepthLow--DepthMid,9,0.25317374250992625,9.861680855200808e-05,0.0040177624136612565
684,2042,11,19,11,19,DepthHigh,DepthLow,DepthHigh--DepthLow,6,0.1626655458268791,9.860326781079129e-05,0.004017210748261486
685,15108,112,157,112,157,DepthHigh,DepthMid,DepthHigh--DepthMid,5,0.14688311603815157,9.848245279215823e-05,0.004012288605190777
686,4316,24,57,24,57,DepthMid,DepthHigh,DepthHigh--DepthMid,9,0.23561950358007974,9.845540874847831e-05,0.004011186799689199
687,16448,132,147,132,147,DepthMid,DepthLow,DepthLow--DepthMid,5,0.14136343104112684,9.841312398456577e-05,0.004009464069683911
688,7988,47,187,47,187,DepthLow,DepthMid,DepthLow--DepthMid,2,0.09064826496182739,9.840662395479492e-05,0.004009199250981253
689,8560,52,59,52,59,DepthHigh,DepthMid,DepthHigh--DepthMid,7,0.18625185746757855,9.830690080725556e-05,0.004005136415042445
690,16447,132,146,132,146,DepthMid,DepthLow,DepthLow--DepthMid,1,0.07193540427163407,9.820982815984466e-05,0.004001181563532965
691,3446,19,27,19,27,DepthLow,DepthLow,DepthLow--DepthLow,10,0.3156627386368413,9.813590589130025e-05,0.003998169885134006
692,10904,70,90,70,90,DepthLow,DepthMid,DepthLow--DepthMid,6,0.16520768415501363,9.81336361516275e-05,0.0039980774133243835
693,2050,11,27,11,27,DepthHigh,DepthLow,DepthHigh--DepthLow,9,0.26672654950431673,9.80195810119926e-05,0.0039934306755132695
694,4126,23,33,23,33,DepthHigh,DepthHigh,DepthHigh--DepthHigh,10,0.5124024678448871,9.800938575555469e-05,0.003993015309018294
695,880,4,131,4,131,DepthHigh,DepthMid,DepthHigh--DepthMid,8,0.2114715467945582,9.798718745592052e-05,0.00399211092471275
696,13426,93,128,93,128,DepthLow,DepthMid,DepthLow--DepthMid,10,0.27467036644947546,9.79671266722576e-05,0.003991293625270871
697,7891,47,90,47,90,DepthLow,DepthMid,DepthLow--DepthMid,9,0.2701420875045378,9.78997914721324e-05,0.003988550311629396
698,11889,78,151,78,151,DepthMid,DepthMid,DepthMid--DepthMid,10,0.36109390226682847,9.78712090070289e-05,0.003987385829066345
699,17767,163,164,163,164,DepthMid,DepthMid,DepthMid--DepthMid,10,0.657710727695128,9.78629471692093e-05,0.003987049232273701
700,2283,12,82,12,82,DepthHigh,DepthLow,DepthHigh--DepthLow,10,0.2871184823307981,9.78093126690806e-05,0.003984864100936998
701,9093,55,184,55,184,DepthLow,DepthMid,DepthLow--DepthMid,5,0.14728541676516577,9.771716832680723e-05,0.003981110034257562
702,14580,106,112,106,112,DepthMid,DepthHigh,DepthHigh--DepthMid,2,0.08437926247074533,9.769994853886494e-05,0.003980408480254937
703,17435,152,184,152,184,DepthMid,DepthMid,DepthMid--DepthMid,9,0.23772546033913255,9.768352196514577e-05,0.003979739242713759
704,5492,31,99,31,99,DepthLow,DepthMid,DepthLow--DepthMid,8,0.2104054307522937,9.767557369530139e-05,0.0039794154210417414
705,17673,159,184,159,184,DepthMid,DepthMid,DepthMid--DepthMid,6,0.17721819876028871,9.755258756276483e-05,0.003974404824288893
706,13592,95,103,95,103,DepthLow,DepthMid,DepthLow--DepthMid,10,0.30873704175639544,9.751495925583324e-05,0.003972871803706507
707,3847,21,89,21,89,DepthHigh,DepthMid,DepthHigh--DepthMid,10,0.274607550386046,9.745509592887676e-05,0.003970432902787546
708,9094,55,185,55,185,DepthLow,DepthMid,DepthLow--DepthMid,4,0.13686272461857707,9.733206688307142e-05,0.0039654205576986805
709,14028,99,169,99,169,DepthMid,DepthLow,DepthLow--DepthMid,10,0.27544687291116565,9.727090161668341e-05,0.003962928614267092
710,4433,24,174,24,174,DepthMid,DepthLow,DepthLow--DepthMid,9,0.24900461706162663,9.725427590406957e-05,0.003962251263577884
711,14569,105,185,105,185,DepthHigh,DepthMid,DepthHigh--DepthMid,5,0.1495497017860096,9.722358185185453e-05,0.003961000752522788
712,9561,59,122,59,122,DepthMid,DepthHigh,DepthHigh--DepthMid,3,0.10579422092979603,9.721524322594166e-05,0.0039606610272947445
713,2334,12,133,12,133,DepthHigh,DepthHigh,DepthHigh--DepthHigh,9,0.24141441339489622,9.71911195590757e-05,0.0039596782013096325
714,16975,142,149,142,149,DepthHigh,DepthLow,DepthHigh--DepthLow,6,0.1808613406954708,9.71851812399383e-05,0.003959436267345424
715,16863,139,184,139,184,DepthMid,DepthMid,DepthMid--DepthMid,9,0.24621265583077062,9.714873994498392e-05,0.0039579516069987485
716,2733,14,179,14,179,DepthHigh,DepthLow,DepthHigh--DepthLow,3,0.11881634449507023,9.70849457188907e-05,0.003955352556719497
717,8268,49,184,49,184,DepthLow,DepthMid,DepthLow--DepthMid,9,0.2608479375975027,9.702055837255726e-05,0.0039527293420382244
718,17436,152,185,152,185,DepthMid,DepthMid,DepthMid--DepthMid,9,0.23198803505543078,9.699185065460208e-05,0.00395155975652967
719,13353,92,152,92,152,DepthMid,DepthMid,DepthMid--DepthMid,10,0.3486934370470686,9.695170179184443e-05,0.003949924045598568
720,16777,138,149,138,149,DepthHigh,DepthLow,DepthHigh--DepthLow,7,0.1911503405588796,9.691624985902112e-05,0.003948479693005125
721,9066,55,157,55,157,DepthLow,DepthMid,DepthLow--DepthMid,8,0.22901708388076822,9.688959630354415e-05,0.003947393796442884
722,8269,49,185,49,185,DepthLow,DepthMid,DepthLow--DepthMid,9,0.25609343346151314,9.68753542021821e-05,0.003946813556822639
723,11617,76,104,76,104,DepthLow,DepthMid,DepthLow--DepthMid,6,0.16175325032056181,9.681943368800078e-05,0.003944535290639326
724,1767,9,103,9,103,DepthMid,DepthMid,DepthMid--DepthMid,8,0.20520740993109324,9.681285247266672e-05,0.0039442671643432755
725,9645,60,76,60,76,DepthMid,DepthLow,DepthLow--DepthMid,10,0.2818850221390997,9.680121204904753e-05,0.003943792920072111
726,14395,103,182,103,182,DepthMid,DepthMid,DepthMid--DepthMid,7,0.1962537957395001,9.678602865101826e-05,0.003943174330941015
727,17212,147,161,147,161,DepthLow,DepthMid,DepthLow--DepthMid,10,0.29572364830892983,9.678270241511377e-05,0.003943038816257542
728,10942,70,128,70,128,DepthLow,DepthMid,DepthLow--DepthMid,8,0.2084327749371058,9.675011285405678e-05,0.003941711079988086
729,9370,58,62,58,62,DepthLow,DepthLow,DepthLow--DepthLow,7,0.1925465794883989,9.67280074982637e-05,0.003940810482321724
730,7958,47,157,47,157,DepthLow,DepthMid,DepthLow--DepthMid,1,-0.009840315163119315,9.671368767217896e-05,0.0039402270761067166
731,7888,47,87,47,87,DepthLow,DepthMid,DepthLow--DepthMid,10,0.30973305523698674,9.671216076998217e-05,0.003940164868351814
732,4383,24,124,24,124,DepthMid,DepthHigh,DepthHigh--DepthMid,4,0.12312074658317589,9.666747176685205e-05,0.003938344186870468
733,4312,24,53,24,53,DepthMid,DepthHigh,DepthHigh--DepthMid,8,0.2204077293589172,9.666033214226122e-05,0.003938053310337857
734,9353,57,177,57,177,DepthHigh,DepthHigh,DepthHigh--DepthHigh,9,0.25186054828846166,9.665608056470373e-05,0.003937880096169197
735,2180,11,157,11,157,DepthHigh,DepthMid,DepthHigh--DepthMid,4,0.13977431872273074,9.66257890385107e-05,0.003936645984488057
736,3494,19,75,19,75,DepthLow,DepthLow,DepthLow--DepthLow,9,0.263562424153759,9.65841843821992e-05,0.003934950962850103
737,14451,104,152,104,152,DepthMid,DepthMid,DepthMid--DepthMid,5,0.15450913450872272,9.657341895079711e-05,0.003934512366770091
738,9998,62,172,62,172,DepthLow,DepthLow,DepthLow--DepthLow,10,0.2946961386321179,9.656634923179177e-05,0.003934224338271584
739,811,4,62,4,62,DepthHigh,DepthLow,DepthHigh--DepthLow,6,0.17445841777526103,9.651629675031308e-05,0.003932185142502138
740,8732,53,94,53,94,DepthHigh,DepthLow,DepthHigh--DepthLow,8,0.21712613575314543,9.651102587856695e-05,0.00393197040111373
741,11141,72,90,72,90,DepthLow,DepthMid,DepthLow--DepthMid,8,0.22462310285781745,9.649248102229256e-05,0.003931214862300418
742,12280,82,104,82,104,DepthLow,DepthMid,DepthLow--DepthMid,5,0.14629523919005724,9.649191947981913e-05,0.003931191984413001
743,17442,153,154,153,154,DepthHigh,DepthHigh,DepthHigh--DepthHigh,10,0.8759413991627532,9.643961611916447e-05,0.003929061085232304
744,7985,47,184,47,184,DepthLow,DepthMid,DepthLow--DepthMid,10,0.288274710222877,9.641563714677533e-05,0.003928084154266905
745,7521,44,152,44,152,DepthLow,DepthMid,DepthLow--DepthMid,8,0.21938040283464252,9.637363765613581e-05,0.003926373046623471
746,5446,31,53,31,53,DepthLow,DepthHigh,DepthHigh--DepthLow,10,0.27862681306700077,9.635887216665484e-05,0.003925771483568177
747,14430,104,131,104,131,DepthMid,DepthMid,DepthMid--DepthMid,9,0.250312675989322,9.630135193738678e-05,0.003923428043148925
748,9360,57,184,57,184,DepthHigh,DepthMid,DepthHigh--DepthMid,6,0.16523194726970136,9.628083844208598e-05,0.0039225922997132715
749,6929,40,150,40,150,DepthHigh,DepthLow,DepthHigh--DepthLow,7,0.20279736722558736,9.627057046767664e-05,0.00392217397060435
750,16778,138,150,138,150,DepthHigh,DepthLow,DepthHigh--DepthLow,7,0.19282066405065268,9.627049076429343e-05,0.0039221707233966785
751,13579,94,185,94,185,DepthLow,DepthMid,DepthLow--DepthMid,8,0.21512452740996107,9.622726264324636e-05,0.003920409559934726
752,8733,53,95,53,95,DepthHigh,DepthLow,DepthHigh--DepthLow,9,0.2362445356031683,9.61968915119227e-05,0.0039191722050488376
753,2577,14,23,14,23,DepthHigh,DepthHigh,DepthHigh--DepthHigh,7,0.18864605524798964,9.618351087659333e-05,0.003918627062547406
754,8456,51,93,51,93,DepthMid,DepthLow,DepthLow--DepthMid,9,0.2669852580964528,9.617284043380796e-05,0.003918192336413092
755,8649,52,148,52,148,DepthHigh,DepthLow,DepthHigh--DepthLow,7,0.2036125684412292,9.615731997869687e-05,0.003917560015188101
756,7866,47,65,47,65,DepthLow,DepthMid,DepthLow--DepthMid,3,0.1134328528417399,9.612660413367518e-05,0.003916308616268952
757,6701,39,72,39,72,DepthMid,DepthLow,DepthLow--DepthMid,3,0.11013215546790614,9.6126252689707e-05,0.00391629429803673
758,2325,12,124,12,124,DepthHigh,DepthHigh,DepthHigh--DepthHigh,3,0.11720778810661446,9.609873442362544e-05,0.003915173172168077
759,14483,104,184,104,184,DepthMid,DepthMid,DepthMid--DepthMid,8,0.21979702837780038,9.606236254369354e-05,0.003913691339869402
760,11615,76,102,76,102,DepthLow,DepthHigh,DepthHigh--DepthLow,9,0.2672617207026923,9.601208555913049e-05,0.00391164299758561
761,5050,28,137,28,137,DepthLow,DepthHigh,DepthHigh--DepthLow,4,0.1311292043480745,9.600064683768909e-05,0.003911176970893585
762,2712,14,158,14,158,DepthHigh,DepthMid,DepthHigh--DepthMid,2,0.09754424470615083,9.599490098386254e-05,0.003910942878187913
763,9768,61,70,61,70,DepthMid,DepthLow,DepthLow--DepthMid,8,0.2070690558416182,9.596873856478243e-05,0.003909876991088402
764,11000,70,186,70,186,DepthLow,DepthHigh,DepthHigh--DepthLow,4,0.12350587098019772,9.596662022044252e-05,0.003909790687299088
765,9040,55,131,55,131,DepthLow,DepthMid,DepthLow--DepthMid,7,0.18729526090894297,9.590804374146567e-05,0.003907404214049615
766,8693,53,55,53,55,DepthHigh,DepthLow,DepthHigh--DepthLow,5,0.1509750099583567,9.589923350454643e-05,0.003907045274845747
767,2271,12,70,12,70,DepthHigh,DepthLow,DepthHigh--DepthLow,7,0.18752376822147634,9.589722713454784e-05,0.003906963533020124
768,7524,44,155,44,155,DepthLow,DepthMid,DepthLow--DepthMid,1,0.030029774302481983,9.588180808714163e-05,0.003906335343261879
769,2335,12,134,12,134,DepthHigh,DepthHigh,DepthHigh--DepthHigh,7,0.1938518325834582,9.582850125376257e-05,0.0039041635614461175
770,8595,52,94,52,94,DepthHigh,DepthLow,DepthHigh--DepthLow,8,0.2088362734393023,9.582697258728758e-05,0.003904101281812489
771,5098,28,185,28,185,DepthLow,DepthMid,DepthLow--DepthMid,6,0.1703333051156786,9.579413881292785e-05,0.0039027635960116797
772,17179,146,171,146,171,DepthLow,DepthLow,DepthLow--DepthLow,8,0.2251277122358135,9.578287317334075e-05,0.0039023046208738355
773,12806,87,105,87,105,DepthMid,DepthHigh,DepthHigh--DepthMid,9,0.24927848948530668,9.575725005727424e-05,0.003901260705600522
774,10729,68,156,68,156,DepthLow,DepthMid,DepthLow--DepthMid,9,0.23876266563837825,9.575454348555165e-05,0.0039011504367498407
775,5578,31,185,31,185,DepthLow,DepthMid,DepthLow--DepthMid,8,0.21457207823597402,9.562024031679188e-05,0.0038956787709009703
776,10943,70,129,70,129,DepthLow,DepthMid,DepthLow--DepthMid,8,0.22212117583065552,9.559586237517876e-05,0.0038946855854696655
777,15199,113,171,113,171,DepthHigh,DepthLow,DepthHigh--DepthLow,5,0.14366975994567024,9.559205082129139e-05,0.003894530298372352
778,2893,15,164,15,164,DepthHigh,DepthMid,DepthHigh--DepthMid,7,0.2040883689331997,9.55292489523938e-05,0.0038919716778687153
779,8520,51,157,51,157,DepthMid,DepthMid,DepthMid--DepthMid,10,0.3190417151334685,9.549976683895589e-05,0.0038907705425958814
780,5231,29,157,29,157,DepthLow,DepthMid,DepthLow--DepthMid,5,0.14703982028259213,9.549823752358834e-05,0.0038907082365256217
781,17516,155,157,155,157,DepthMid,DepthMid,DepthMid--DepthMid,10,0.6276789718880045,9.548995119127975e-05,0.0038903706417992723
782,1322,7,21,7,21,DepthLow,DepthHigh,DepthHigh--DepthLow,8,0.212809420028776,9.544475242083536e-05,0.0038885291918101523
783,11337,73,169,73,169,DepthLow,DepthLow,DepthLow--DepthLow,10,0.6444811504251697,9.5355372270006e-05,0.003884887741475241
784,8158,49,74,49,74,DepthLow,DepthLow,DepthLow--DepthLow,2,0.09024963052131826,9.530560452630759e-05,0.0038828601462510583
785,2734,14,180,14,180,DepthHigh,DepthLow,DepthHigh--DepthLow,2,0.09741007153388849,9.525922438454559e-05,0.0038809705658331994
786,14671,107,120,107,120,DepthMid,DepthHigh,DepthHigh--DepthMid,5,0.14145774502621497,9.522629573796279e-05,0.0038796290148287037
787,15835,122,159,122,159,DepthHigh,DepthMid,DepthHigh--DepthMid,6,0.16822300415440677,9.516103955389643e-05,0.003876970402697056
788,9011,55,102,55,102,DepthLow,DepthHigh,DepthHigh--DepthLow,8,0.2238076359130484,9.514192953681131e-05,0.0038761918385810962
789,4042,22,116,22,116,DepthHigh,DepthHigh,DepthHigh--DepthHigh,7,0.18947380570345704,9.51107249185171e-05,0.003874920526475625
790,2579,14,25,14,25,DepthHigh,DepthMid,DepthHigh--DepthMid,3,0.10658164511253577,9.506240412093171e-05,0.0038729518815033602
791,7424,44,55,44,55,DepthLow,DepthLow,DepthLow--DepthLow,3,0.1046992159210562,9.505675113618157e-05,0.003872721572390871
792,14672,107,121,107,121,DepthMid,DepthHigh,DepthHigh--DepthMid,5,0.15647996023443111,9.50375903926924e-05,0.00387194094162276
793,11149,72,98,72,98,DepthLow,DepthHigh,DepthHigh--DepthLow,4,0.13078131269460053,9.502223364924058e-05,0.0038713152901994085
794,16281,129,157,129,157,DepthMid,DepthMid,DepthMid--DepthMid,8,0.2114993761117265,9.50080951643661e-05,0.003870739272034261
795,16971,142,145,142,145,DepthHigh,DepthLow,DepthHigh--DepthLow,5,0.15034800102257725,9.495760586040563e-05,0.0038686822796135697
796,17865,166,187,166,187,DepthLow,DepthMid,DepthLow--DepthMid,3,0.12079866921637313,9.493795811513008e-05,0.003867881807831524
797,10796,69,102,69,102,DepthLow,DepthHigh,DepthHigh--DepthLow,8,0.2082333336914828,9.487603498948318e-05,0.00386535898834047
798,6032,34,168,34,168,DepthHigh,DepthHigh,DepthHigh--DepthHigh,7,0.18904198193903912,9.483809395540085e-05,0.003863813226893616
799,11414,74,130,74,130,DepthLow,DepthMid,DepthLow--DepthMid,9,0.26299473808657264,9.481526338855837e-05,0.0038628830832934617
800,12289,82,113,82,113,DepthLow,DepthHigh,DepthHigh--DepthLow,8,0.2266989770494761,9.478569457372177e-05,0.003861678415705742
801,11324,73,156,73,156,DepthLow,DepthMid,DepthLow--DepthMid,10,0.2875728934771615,9.478406057906397e-05,0.003861611844880579
802,10884,69,190,69,190,DepthLow,DepthHigh,DepthHigh--DepthLow,7,0.2025477939371749,9.478322492461819e-05,0.0038615777993555576
803,14566,105,182,105,182,DepthHigh,DepthMid,DepthHigh--DepthMid,4,0.12479154510791485,9.475387588859549e-05,0.003860382085809961
804,12734,86,136,86,136,DepthMid,DepthHigh,DepthHigh--DepthMid,5,0.16050999002674793,9.474428056982261e-05,0.0038599911614667494
805,5095,28,182,28,182,DepthLow,DepthMid,DepthLow--DepthMid,4,0.14064509440880976,9.473168506450557e-05,0.003859478006066702
806,7680,45,166,45,166,DepthHigh,DepthLow,DepthHigh--DepthLow,5,0.15529512250210134,9.473018872153952e-05,0.0038594170433300734
807,4965,28,52,28,52,DepthLow,DepthHigh,DepthHigh--DepthLow,9,0.2571350889607162,9.471869263968778e-05,0.0038589486797088357
808,10906,70,92,70,92,DepthLow,DepthMid,DepthLow--DepthMid,2,0.0973531086486794,9.466843852609235e-05,0.003856901269214619
809,843,4,94,4,94,DepthHigh,DepthLow,DepthHigh--DepthLow,7,0.19734063028618962,9.465950140611222e-05,0.0038565371606486478
810,7793,46,135,46,135,DepthLow,DepthHigh,DepthHigh--DepthLow,4,0.1304649546020398,9.464736995873223e-05,0.0038560429115036764
811,1448,7,147,7,147,DepthLow,DepthLow,DepthLow--DepthLow,10,0.34536007294131416,9.46310787329915e-05,0.0038553791881950983
812,16554,134,140,134,140,DepthHigh,DepthHigh,DepthHigh--DepthHigh,10,0.36179679890895666,9.461531664317402e-05,0.0038547370224937404
813,8903,54,129,54,129,DepthLow,DepthMid,DepthLow--DepthMid,7,0.18677577266258688,9.442998010567406e-05,0.0038471861983981424
814,12685,86,87,86,87,DepthMid,DepthMid,DepthMid--DepthMid,10,0.6606457166799051,9.442517945675343e-05,0.0038469906144294698
815,9311,57,135,57,135,DepthHigh,DepthHigh,DepthHigh--DepthHigh,6,0.1758278126087144,9.441696452244742e-05,0.0038466559285400153
816,9420,58,112,58,112,DepthLow,DepthHigh,DepthHigh--DepthLow,3,0.10359899311156176,9.440490265999302e-05,0.0038461645143650926
817,14423,104,124,104,124,DepthMid,DepthHigh,DepthHigh--DepthMid,5,0.14416378601631227,9.440350964253068e-05,0.003846107761228544
818,11621,76,108,76,108,DepthLow,DepthHigh,DepthHigh--DepthLow,7,0.1887999961114384,9.436477132120213e-05,0.003844529517380589
819,11132,72,81,72,81,DepthLow,DepthMid,DepthLow--DepthMid,4,0.13186793183650972,9.436365044988199e-05,0.0038444838517914595
820,5575,31,182,31,182,DepthLow,DepthMid,DepthLow--DepthMid,8,0.21873991553609415,9.43427400871963e-05,0.003843631939521248
821,8189,49,105,49,105,DepthLow,DepthHigh,DepthHigh--DepthLow,2,0.08156791412843141,9.432748472939496e-05,0.00384301041866612
822,7930,47,129,47,129,DepthLow,DepthMid,DepthLow--DepthMid,9,0.24829404215089335,9.432725010280036e-05,0.003843000859708303
823,15219,114,115,114,115,DepthLow,DepthLow,DepthLow--DepthLow,10,0.6516743005003195,9.432671938885455e-05,0.0038429792378106243
824,16047,125,173,125,173,DepthHigh,DepthLow,DepthHigh--DepthLow,9,0.23858310000603766,9.43145171617435e-05,0.0038424821050178524
825,2711,14,157,14,157,DepthHigh,DepthMid,DepthHigh--DepthMid,3,0.10424540775903506,9.421327685176428e-05,0.003838357458133063
826,4432,24,173,24,173,DepthMid,DepthLow,DepthLow--DepthMid,9,0.2445651409474717,9.414886489730438e-05,0.0038357332408883627
827,10993,70,179,70,179,DepthLow,DepthLow,DepthLow--DepthLow,7,0.1900239891206719,9.4135262753175e-05,0.003835179073863181
828,13989,99,130,99,130,DepthMid,DepthMid,DepthMid--DepthMid,9,0.24854177813947934,9.406027155379418e-05,0.0038321238459902494
829,11662,76,149,76,149,DepthLow,DepthLow,DepthLow--DepthLow,6,0.17178779460927937,9.40545517936762e-05,0.003831890816372331
830,8563,52,62,52,62,DepthHigh,DepthLow,DepthHigh--DepthLow,7,0.1983005035987467,9.403031770207405e-05,0.0038309034915562272
831,7785,46,127,46,127,DepthLow,DepthLow,DepthLow--DepthLow,10,0.3240650720149963,9.400572122040164e-05,0.00382990140255109
832,15796,121,188,121,188,DepthHigh,DepthMid,DepthHigh--DepthMid,8,0.2121794941433237,9.397846137651676e-05,0.003828790805100502
833,17169,146,161,146,161,DepthLow,DepthMid,DepthLow--DepthMid,10,0.28172244677781744,9.397012263007683e-05,0.003828451074962047
834,16550,134,136,134,136,DepthHigh,DepthHigh,DepthHigh--DepthHigh,3,0.11885319687325478,9.396414533028724e-05,0.0038282075528811525
835,11090,71,157,71,157,DepthHigh,DepthMid,DepthHigh--DepthMid,3,0.12003689133968845,9.39547171181596e-05,0.00382782343665522
836,10678,68,105,68,105,DepthLow,DepthHigh,DepthHigh--DepthLow,7,0.20166467451730757,9.394195079142935e-05,0.0038273033217939667
837,14515,105,131,105,131,DepthHigh,DepthMid,DepthHigh--DepthMid,5,0.14780721954067105,9.390129563492777e-05,0.0038256469838723493
838,14342,103,129,103,129,DepthMid,DepthMid,DepthMid--DepthMid,9,0.2484701416825307,9.389677658016287e-05,0.003825462872374053
839,10880,69,186,69,186,DepthLow,DepthHigh,DepthHigh--DepthLow,5,0.16026366139423875,9.382351373694619e-05,0.0038224780597227825
840,10970,70,156,70,156,DepthLow,DepthMid,DepthLow--DepthMid,9,0.23773676828595264,9.382232235726875e-05,0.0038224295215419316
841,7956,47,155,47,155,DepthLow,DepthMid,DepthLow--DepthMid,1,-0.018564939196765738,9.379507304247903e-05,0.003821319353058813
842,8178,49,94,49,94,DepthLow,DepthLow,DepthLow--DepthLow,10,0.3353129299811812,9.376357516045913e-05,0.003820036093051238
843,10270,65,66,65,66,DepthMid,DepthMid,DepthMid--DepthMid,10,0.57356745768043,9.375241779003794e-05,0.0038195815289239687
844,12278,82,102,82,102,DepthLow,DepthHigh,DepthHigh--DepthLow,10,0.2903898085795551,9.374635282616181e-05,0.0038193344353071755
845,16427,131,184,131,184,DepthMid,DepthMid,DepthMid--DepthMid,10,0.31762660304736023,9.373162787039946e-05,0.003818734523642283
846,11304,73,136,73,136,DepthLow,DepthHigh,DepthHigh--DepthLow,4,0.13336343509091006,9.370938504801036e-05,0.0038178283254284
847,1835,9,171,9,171,DepthMid,DepthLow,DepthLow--DepthMid,6,0.1694673602815276,9.36740248111279e-05,0.003816387708633246
848,1851,9,187,9,187,DepthMid,DepthMid,DepthMid--DepthMid,7,0.20401944890833543,9.367389893733621e-05,0.003816382580389932
849,13398,93,100,93,100,DepthLow,DepthMid,DepthLow--DepthMid,8,0.21687524286779403,9.366040047234616e-05,0.0038158326373723523
850,12288,82,112,82,112,DepthLow,DepthHigh,DepthHigh--DepthLow,9,0.24355058961703965,9.365641632342104e-05,0.0038156703185543255
851,9927,62,101,62,101,DepthLow,DepthHigh,DepthHigh--DepthLow,6,0.1743097178480089,9.364875628262205e-05,0.0038153582396657348
852,9541,59,102,59,102,DepthMid,DepthHigh,DepthHigh--DepthMid,9,0.2678735337611364,9.35949366217663e-05,0.0038131655646676563
853,16446,132,145,132,145,DepthMid,DepthLow,DepthLow--DepthMid,2,0.09593551352454935,9.358041903917888e-05,0.003812574101624861
854,17583,156,190,156,190,DepthMid,DepthHigh,DepthHigh--DepthMid,7,0.19929341881706802,9.352368225232163e-05,0.0038102625795521632
855,14268,102,142,102,142,DepthHigh,DepthHigh,DepthHigh--DepthHigh,5,0.14411664367936855,9.348661827179612e-05,0.003808752550277818
856,4388,24,129,24,129,DepthMid,DepthMid,DepthMid--DepthMid,9,0.24475270475985486,9.347795204832169e-05,0.0038083994783476346
857,9639,60,70,60,70,DepthMid,DepthLow,DepthLow--DepthMid,7,0.1950408559110305,9.345794062254774e-05,0.003807584189803026
858,12987,88,184,88,184,DepthLow,DepthMid,DepthLow--DepthMid,8,0.21811370437477348,9.345656600149142e-05,0.003807528186157256
859,11104,71,171,71,171,DepthHigh,DepthLow,DepthHigh--DepthLow,7,0.1960105075933197,9.342950426698024e-05,0.0038064256599108282
860,14041,99,182,99,182,DepthMid,DepthMid,DepthMid--DepthMid,6,0.17489215829667135,9.342574783527559e-05,0.003806272618554755
861,10916,70,102,70,102,DepthLow,DepthHigh,DepthHigh--DepthLow,7,0.19045107926235305,9.339422669479581e-05,0.003804988410970724
862,13329,92,128,92,128,DepthMid,DepthMid,DepthMid--DepthMid,9,0.24780825701103107,9.339345652387014e-05,0.0038049570333197674
863,13497,94,103,94,103,DepthLow,DepthMid,DepthLow--DepthMid,10,0.2725410008341896,9.338002230566044e-05,0.0038044097077900487
864,16204,128,141,128,141,DepthMid,DepthMid,DepthMid--DepthMid,10,0.35553148825056813,9.335229385238009e-05,0.003803280018652725
865,11665,76,152,76,152,DepthLow,DepthMid,DepthLow--DepthMid,8,0.21459499503320623,9.334268943616975e-05,0.003802888723669429
866,846,4,97,4,97,DepthHigh,DepthHigh,DepthHigh--DepthHigh,4,0.12567363003668214,9.33421358340552e-05,0.0038028661692813825
867,11692,76,179,76,179,DepthLow,DepthLow,DepthLow--DepthLow,8,0.22888230642472884,9.333689323650285e-05,0.0038026525798162086
868,5916,34,52,34,52,DepthHigh,DepthHigh,DepthHigh--DepthHigh,8,0.21106301396183585,9.333207919744706e-05,0.0038024564503179995
869,16972,142,146,142,146,DepthHigh,DepthLow,DepthHigh--DepthLow,5,0.1471504266460231,9.332219400643471e-05,0.0038020537162457412
870,4801,27,50,27,50,DepthLow,DepthLow,DepthLow--DepthLow,10,0.2947969776763958,9.323474441014406e-05,0.003798490918927259
871,15378,116,125,116,125,DepthHigh,DepthHigh,DepthHigh--DepthHigh,10,0.6122088021453713,9.323023955056908e-05,0.0037983073857573565
872,15209,113,181,113,181,DepthHigh,DepthLow,DepthHigh--DepthLow,3,0.11444200956568273,9.322093391946939e-05,0.00379792826362375
873,4431,24,172,24,172,DepthMid,DepthLow,DepthLow--DepthMid,9,0.24363964240389732,9.319669769830528e-05,0.003796940852046838
874,1081,5,147,5,147,DepthLow,DepthLow,DepthLow--DepthLow,10,0.31837474326839016,9.31867723108291e-05,0.003796536480324326
875,8211,49,127,49,127,DepthLow,DepthLow,DepthLow--DepthLow,10,0.30520639586760334,9.316645332813212e-05,0.003795708661556284
876,5070,28,157,28,157,DepthLow,DepthMid,DepthLow--DepthMid,5,0.15952153405794217,9.316467657647347e-05,0.0037956362746464118
877,9117,56,74,56,74,DepthLow,DepthLow,DepthLow--DepthLow,10,0.6675227902518763,9.314673096964773e-05,0.0037949051499461353
878,8241,49,157,49,157,DepthLow,DepthMid,DepthLow--DepthMid,1,0.005546363348210104,9.313513603276635e-05,0.0037944327588570826
879,2245,12,44,12,44,DepthHigh,DepthLow,DepthHigh--DepthLow,9,0.256995687152503,9.312367499332748e-05,0.0037939658229041236
880,2385,12,184,12,184,DepthHigh,DepthMid,DepthHigh--DepthMid,4,0.13151464414352426,9.309148575673736e-05,0.0037926543963147305
881,8239,49,155,49,155,DepthLow,DepthMid,DepthLow--DepthMid,1,-0.010539640633553254,9.308758140270635e-05,0.0037924953284326347
882,9229,56,186,56,186,DepthLow,DepthHigh,DepthHigh--DepthLow,8,0.215455178461663,9.308448633149093e-05,0.0037923692316649583
883,8653,52,152,52,152,DepthHigh,DepthMid,DepthHigh--DepthMid,10,0.30810718126866754,9.30610062938986e-05,0.0037914126278780894
884,2383,12,182,12,182,DepthHigh,DepthMid,DepthHigh--DepthMid,4,0.1328176358390896,9.30129548311358e-05,0.0037894549559168433
885,6698,39,69,39,69,DepthMid,DepthLow,DepthLow--DepthMid,5,0.1524731568388023,9.294646409482035e-05,0.0037867460467040292
886,17969,171,186,171,186,DepthLow,DepthHigh,DepthHigh--DepthLow,9,0.263691999893162,9.291809559195553e-05,0.0037855902812091234
887,4379,24,120,24,120,DepthMid,DepthHigh,DepthHigh--DepthMid,8,0.2281169383167031,9.291418359291211e-05,0.0037854309018604134
888,1429,7,128,7,128,DepthLow,DepthMid,DepthLow--DepthMid,9,0.24929789642017758,9.28974601861989e-05,0.0037847495710010264
889,12263,82,87,82,87,DepthLow,DepthMid,DepthLow--DepthMid,10,0.29810118916975425,9.280794871282174e-05,0.003781102770434199
890,10155,64,76,64,76,DepthMid,DepthLow,DepthLow--DepthMid,9,0.268234697631125,9.279646735206881e-05,0.0037806350065674897
891,11626,76,113,76,113,DepthLow,DepthHigh,DepthHigh--DepthLow,9,0.2392677080549011,9.277377692773534e-05,0.0037797105725346346
892,4583,25,159,25,159,DepthMid,DepthMid,DepthMid--DepthMid,7,0.18366498022949482,9.271573609159588e-05,0.0037773459219915618
893,10966,70,152,70,152,DepthLow,DepthMid,DepthLow--DepthMid,4,0.12247635589407639,9.268271725501947e-05,0.0037760006965428033
894,13032,89,128,89,128,DepthMid,DepthMid,DepthMid--DepthMid,10,0.34021850056995306,9.267998224822975e-05,0.003775889269214722
895,3560,19,141,19,141,DepthLow,DepthMid,DepthLow--DepthMid,9,0.27005475575893256,9.265592831404425e-05,0.003774909284219363
896,17103,144,184,144,184,DepthHigh,DepthMid,DepthHigh--DepthMid,7,0.18758068228152666,9.264275311670279e-05,0.0037743725114982784
897,8876,54,102,54,102,DepthLow,DepthHigh,DepthHigh--DepthLow,6,0.16492070593255864,9.263671435709599e-05,0.0037741264854736123
898,9081,55,172,55,172,DepthLow,DepthLow,DepthLow--DepthLow,6,0.16831515102729877,9.260961133960622e-05,0.003773022277311068
899,2220,12,19,12,19,DepthHigh,DepthLow,DepthHigh--DepthLow,5,0.14858205355401968,9.259446537232489e-05,0.0037724052131517735
900,5206,29,132,29,132,DepthLow,DepthMid,DepthLow--DepthMid,7,0.18239493532711273,9.256761323332162e-05,0.003771311226067849
901,4895,27,144,27,144,DepthLow,DepthHigh,DepthHigh--DepthLow,9,0.263872072534566,9.255751996532896e-05,0.0037709000146996514
902,15131,112,180,112,180,DepthHigh,DepthLow,DepthHigh--DepthLow,4,0.13104060775977863,9.253308685545936e-05,0.003769904581650009
903,10685,68,112,68,112,DepthLow,DepthHigh,DepthHigh--DepthLow,7,0.19622694570684368,9.247251295969766e-05,0.003767436731339156
904,8213,49,129,49,129,DepthLow,DepthMid,DepthLow--DepthMid,8,0.22074277181198493,9.242066026952772e-05,0.0037653241929933006
905,14775,108,142,108,142,DepthHigh,DepthHigh,DepthHigh--DepthHigh,2,0.08002889203106521,9.239644922919199e-05,0.0037643378073123524
906,2359,12,158,12,158,DepthHigh,DepthMid,DepthHigh--DepthMid,4,0.13146887320377665,9.23453868677348e-05,0.0037622574678689265
907,14472,104,173,104,173,DepthMid,DepthLow,DepthLow--DepthMid,6,0.16923684741589365,9.232665768606029e-05,0.0037614944194264213
908,13805,97,129,97,129,DepthHigh,DepthMid,DepthHigh--DepthMid,7,0.18875659650447724,9.232197403216368e-05,0.0037613036019698365
909,13960,99,101,99,101,DepthMid,DepthHigh,DepthHigh--DepthMid,4,0.13987010544394338,9.22759725696069e-05,0.003759429449379139
910,17711,161,163,161,163,DepthMid,DepthMid,DepthMid--DepthMid,10,0.7734140504564578,9.226874338201487e-05,0.003759134923946659
911,10918,70,104,70,104,DepthLow,DepthMid,DepthLow--DepthMid,6,0.17883380292358098,9.226634773711256e-05,0.0037590373226129075
912,10019,63,66,63,66,DepthMid,DepthMid,DepthMid--DepthMid,10,0.594459746392488,9.222234578978727e-05,0.0037572446325767235
913,10850,69,156,69,156,DepthLow,DepthMid,DepthLow--DepthMid,10,0.2994998798362305,9.2216707232724e-05,0.0037570149112648226
914,16875,140,146,140,146,DepthHigh,DepthLow,DepthHigh--DepthLow,7,0.18402850413397315,9.217714821403171e-05,0.003755403231260603
915,5210,29,136,29,136,DepthLow,DepthHigh,DepthHigh--DepthLow,6,0.17057479727669367,9.207711246596566e-05,0.0037513276596161374
916,608,3,45,3,45,DepthMid,DepthHigh,DepthHigh--DepthMid,8,0.2107427846918954,9.207559821565783e-05,0.00375126596731377
917,9023,55,114,55,114,DepthLow,DepthLow,DepthLow--DepthLow,6,0.17052105656589248,9.204679773801068e-05,0.0037500926026684802
918,14871,109,157,109,157,DepthMid,DepthMid,DepthMid--DepthMid,4,0.13847657588344522,9.2040246910956e-05,0.0037498257144259473
919,6223,36,50,36,50,DepthHigh,DepthLow,DepthHigh--DepthLow,7,0.204163041111793,9.203364226469028e-05,0.0037495566335267417
920,12906,88,103,88,103,DepthLow,DepthMid,DepthLow--DepthMid,9,0.24137658512568572,9.201645016940281e-05,0.0037488562077547835
921,11421,74,137,74,137,DepthLow,DepthHigh,DepthHigh--DepthLow,4,0.12493395950257015,9.201500092644106e-05,0.003748797163926602
922,8166,49,82,49,82,DepthLow,DepthLow,DepthLow--DepthLow,3,0.1063998308002009,9.197502809099902e-05,0.003747168624551169
923,8321,50,97,50,97,DepthLow,DepthHigh,DepthHigh--DepthLow,7,0.20287805015540403,9.196785937868076e-05,0.003746876562951026
924,8686,52,185,52,185,DepthHigh,DepthMid,DepthHigh--DepthMid,5,0.1500283634934458,9.196513283042261e-05,0.0037467654802332676
925,17305,149,171,149,171,DepthLow,DepthLow,DepthLow--DepthLow,9,0.25447459010172513,9.196121384921619e-05,0.0037466058164231913
926,14050,100,101,100,101,DepthMid,DepthHigh,DepthHigh--DepthMid,7,0.18275899268317328,9.195953589864717e-05,0.003746537454783556
927,13523,94,129,94,129,DepthLow,DepthMid,DepthLow--DepthMid,10,0.3215767575732951,9.19439404628056e-05,0.003745902078757208
928,7923,47,122,47,122,DepthLow,DepthHigh,DepthHigh--DepthLow,4,0.1392424058662506,9.192495997124783e-05,0.0037451287916604814
929,7636,45,122,45,122,DepthHigh,DepthHigh,DepthHigh--DepthHigh,6,0.17620870215963838,9.192182634413383e-05,0.0037450011240810705
930,7294,43,71,43,71,DepthHigh,DepthHigh,DepthHigh--DepthHigh,10,0.7786976734335103,9.191603230567966e-05,0.003744765068278147
931,2055,11,32,11,32,DepthHigh,DepthHigh,DepthHigh--DepthHigh,4,0.126310137102991,9.19148419168814e-05,0.003744716570466856
932,14397,103,184,103,184,DepthMid,DepthMid,DepthMid--DepthMid,8,0.22676256199328987,9.181208432284202e-05,0.003740530107681134
933,13132,90,128,90,128,DepthMid,DepthMid,DepthMid--DepthMid,10,0.3154879383496521,9.179472072257425e-05,0.0037398226945986584
934,6683,39,54,39,54,DepthMid,DepthLow,DepthLow--DepthMid,3,0.10425163508303,9.176407900416585e-05,0.0037385743156831477
935,4937,27,186,27,186,DepthLow,DepthHigh,DepthHigh--DepthLow,10,0.31845683820863474,9.175123975537989e-05,0.0037380512298933184
936,12898,88,95,88,95,DepthLow,DepthLow,DepthLow--DepthLow,10,0.48644063089089945,9.174402923790418e-05,0.00373775746510289
937,15698,120,159,120,159,DepthHigh,DepthMid,DepthHigh--DepthMid,4,0.1367360179653617,9.173490346321667e-05,0.0037373856705267593
938,5522,31,129,31,129,DepthLow,DepthMid,DepthLow--DepthMid,10,0.4323951573036161,9.173270311457574e-05,0.0037372960257877302
939,15205,113,177,113,177,DepthHigh,DepthHigh,DepthHigh--DepthHigh,9,0.23968494282211705,9.172348359650219e-05,0.003736920411998034
940,17172,146,164,146,164,DepthLow,DepthMid,DepthLow--DepthMid,9,0.2547480291956078,9.170956669607409e-05,0.003736353421438557
941,2722,14,168,14,168,DepthHigh,DepthHigh,DepthHigh--DepthHigh,8,0.21748630438334157,9.170760171775014e-05,0.0037362733659574527
942,2605,14,51,14,51,DepthHigh,DepthMid,DepthHigh--DepthMid,10,0.27589872778099145,9.168578445384281e-05,0.003735384505486476
943,8473,51,110,51,110,DepthMid,DepthMid,DepthMid--DepthMid,2,0.08389769922435984,9.167073943140584e-05,0.003734771553936456
944,2159,11,136,11,136,DepthHigh,DepthHigh,DepthHigh--DepthHigh,9,0.237896214180439,9.16422273037768e-05,0.003733609937003162
945,14299,102,173,102,173,DepthHigh,DepthLow,DepthHigh--DepthLow,8,0.2278397451452336,9.155403091709738e-05,0.003730016714583736
946,7667,45,153,45,153,DepthHigh,DepthHigh,DepthHigh--DepthHigh,6,0.17770962263727536,9.15365685772043e-05,0.0037293052787351504
947,2678,14,124,14,124,DepthHigh,DepthHigh,DepthHigh--DepthHigh,3,0.11393028028858325,9.152422168211155e-05,0.0037288022520021074
948,16646,135,177,135,177,DepthHigh,DepthHigh,DepthHigh--DepthHigh,2,0.08077414707156104,9.152255802386394e-05,0.003728734472648115
949,14073,100,124,100,124,DepthMid,DepthHigh,DepthHigh--DepthMid,6,0.16520119639585426,9.151768838004537e-05,0.003728536077747799
950,1311,7,10,7,10,DepthLow,DepthMid,DepthLow--DepthMid,6,0.16947046965310356,9.147576456392869e-05,0.003726828053171623
951,2748,15,19,15,19,DepthHigh,DepthLow,DepthHigh--DepthLow,3,0.10350925807084392,9.146969874891699e-05,0.003726580924878586
952,14741,107,190,107,190,DepthMid,DepthHigh,DepthHigh--DepthMid,8,0.21429506596710135,9.145056214483148e-05,0.003725801277577596
953,15133,112,182,112,182,DepthHigh,DepthMid,DepthHigh--DepthMid,6,0.18006344554741077,9.144857067705072e-05,0.0037257201428854973
954,17043,143,170,143,170,DepthHigh,DepthHigh,DepthHigh--DepthHigh,9,0.2538823561265976,9.143693302108063e-05,0.0037252460113715467
955,8174,49,90,49,90,DepthLow,DepthMid,DepthLow--DepthMid,10,0.27337212861854643,9.143413825595842e-05,0.003725132149420142
956,8472,51,109,51,109,DepthMid,DepthMid,DepthMid--DepthMid,2,0.09144693645148026,9.142907284657386e-05,0.003724925778805093
957,17007,142,181,142,181,DepthHigh,DepthLow,DepthHigh--DepthLow,2,0.09523505213597167,9.141624430658793e-05,0.0037244031293041163
958,11618,76,105,76,105,DepthLow,DepthHigh,DepthHigh--DepthLow,9,0.2395786909312027,9.141082696532103e-05,0.003724182420578659
959,6600,38,122,38,122,DepthHigh,DepthHigh,DepthHigh--DepthHigh,5,0.1581866008332269,9.139932257518901e-05,0.00372371371846851
960,13958,98,190,98,190,DepthHigh,DepthHigh,DepthHigh--DepthHigh,10,0.2919618076380774,9.139825060150348e-05,0.0037236700450253572
961,9638,60,69,60,69,DepthMid,DepthLow,DepthLow--DepthMid,8,0.2164192972120307,9.139272856373797e-05,0.0037234450708439086
962,1403,7,102,7,102,DepthLow,DepthHigh,DepthHigh--DepthLow,9,0.2492259761251824,9.138750812243426e-05,0.0037232323840498344
963,8179,49,95,49,95,DepthLow,DepthLow,DepthLow--DepthLow,10,0.30069071570753164,9.12904988198095e-05,0.003719280113279931
964,16265,129,141,129,141,DepthMid,DepthMid,DepthMid--DepthMid,10,0.3666638356193758,9.128160543094436e-05,0.0037189177863699743
965,8818,53,180,53,180,DepthHigh,DepthLow,DepthHigh--DepthLow,8,0.20766894947610343,9.12806563679268e-05,0.0037188791204490618
966,14951,110,157,110,157,DepthMid,DepthMid,DepthMid--DepthMid,4,0.13772980809393742,9.127865440250658e-05,0.003718797558071036
967,5820,33,112,33,112,DepthHigh,DepthHigh,DepthHigh--DepthHigh,7,0.19331538327489056,9.125633201518708e-05,0.0037178881182902083
968,16823,139,144,139,144,DepthMid,DepthHigh,DepthHigh--DepthMid,8,0.20880832913720493,9.125548940064667e-05,0.003717853789202912
969,4963,28,50,28,50,DepthLow,DepthLow,DepthLow--DepthLow,8,0.22014785956436347,9.125254053783299e-05,0.0037177336491339944
970,15767,121,159,121,159,DepthHigh,DepthMid,DepthHigh--DepthMid,4,0.1263571672439021,9.123852861753937e-05,0.0037171627873557084
971,9349,57,173,57,173,DepthHigh,DepthLow,DepthHigh--DepthLow,9,0.24328932504810555,9.12173878657428e-05,0.0037163014887676483
972,9251,57,75,57,75,DepthHigh,DepthLow,DepthHigh--DepthLow,7,0.2027218823099058,9.119406366580191e-05,0.003715351233986266
973,8253,49,169,49,169,DepthLow,DepthLow,DepthLow--DepthLow,4,0.12348332760145256,9.112937491848818e-05,0.0037127157398817606
974,2690,14,136,14,136,DepthHigh,DepthHigh,DepthHigh--DepthHigh,9,0.24831524903956123,9.111047799480587e-05,0.003711945857436573
975,15184,113,156,113,156,DepthHigh,DepthMid,DepthHigh--DepthMid,3,0.11693753609663447,9.108589488369586e-05,0.003710944313163554
976,5976,34,112,34,112,DepthHigh,DepthHigh,DepthHigh--DepthHigh,7,0.18708840456601059,9.108114179194013e-05,0.003710750666728578
977,12304,82,128,82,128,DepthLow,DepthMid,DepthLow--DepthMid,9,0.26621673332558904,9.107547775044659e-05,0.0037105199071516223
978,15727,120,188,120,188,DepthHigh,DepthMid,DepthHigh--DepthMid,7,0.1866733933404358,9.106929076592972e-05,0.003710267842273324
979,12897,88,94,88,94,DepthLow,DepthLow,DepthLow--DepthLow,10,0.6039663104052388,9.105427094893018e-05,0.003709655917621869
980,15664,120,125,120,125,DepthHigh,DepthHigh,DepthHigh--DepthHigh,10,0.5881868775213742,9.097256103783935e-05,0.0037063269616920977
981,7434,44,65,44,65,DepthLow,DepthMid,DepthLow--DepthMid,4,0.12614875216301205,9.094115940846536e-05,0.003705047623128226
982,191,1,3,1,3,DepthMid,DepthMid,DepthMid--DepthMid,10,0.6809252476104187,9.093404401657978e-05,0.00370475773386395
983,8790,53,152,53,152,DepthHigh,DepthMid,DepthHigh--DepthMid,10,0.31706876088101293,9.092781678609462e-05,0.0037045040293185298
984,17022,143,149,143,149,DepthHigh,DepthLow,DepthHigh--DepthLow,9,0.24850530805254875,9.08740941322411e-05,0.0037023153064975013
985,4424,24,165,24,165,DepthMid,DepthLow,DepthLow--DepthMid,6,0.17575683559122976,9.082983807980294e-05,0.003700512263926221
986,15352,115,173,115,173,DepthLow,DepthLow,DepthLow--DepthLow,10,0.29775033287114866,9.081485537120483e-05,0.003699901851113799
987,10903,70,89,70,89,DepthLow,DepthMid,DepthLow--DepthMid,7,0.1828513304870723,9.079621057475822e-05,0.0036991422406227126
988,11336,73,168,73,168,DepthLow,DepthHigh,DepthHigh--DepthLow,3,0.11798752220028666,9.077259037561057e-05,0.0036981799264925756
989,10810,69,116,69,116,DepthLow,DepthHigh,DepthHigh--DepthLow,5,0.15107601300593884,9.076720132059211e-05,0.0036979603701814737
990,7896,47,95,47,95,DepthLow,DepthLow,DepthLow--DepthLow,10,0.31440890084138595,9.076076380366656e-05,0.003697698098324165
991,14077,100,128,100,128,DepthMid,DepthMid,DepthMid--DepthMid,8,0.21374890706132985,9.07453619668019e-05,0.0036970706097432145
992,14881,109,167,109,167,DepthMid,DepthMid,DepthMid--DepthMid,5,0.14604298417498388,9.066153801827352e-05,0.003693655525492294
993,9668,60,99,60,99,DepthMid,DepthMid,DepthMid--DepthMid,9,0.23179372965300213,9.065864961243295e-05,0.003693537848510124
994,5821,33,113,33,113,DepthHigh,DepthHigh,DepthHigh--DepthHigh,7,0.18226604035392216,9.065864643356286e-05,0.0036935377189992935
995,7952,47,151,47,151,DepthLow,DepthMid,DepthLow--DepthMid,9,0.25492287822152676,9.063181222691488e-05,0.003692444462500187
996,9658,60,89,60,89,DepthMid,DepthMid,DepthMid--DepthMid,10,0.39732391122636795,9.061521703335187e-05,0.0036917683551922756
997,6691,39,62,39,62,DepthMid,DepthLow,DepthLow--DepthMid,4,0.1398633789590418,9.061245729735365e-05,0.003691655920367745
998,6949,40,170,40,170,DepthHigh,DepthHigh,DepthHigh--DepthHigh,9,0.25274910665170836,9.060689443228665e-05,0.0036914292828349898
999,12455,83,172,83,172,DepthHigh,DepthLow,DepthHigh--DepthLow,7,0.18654072343462047,9.059740624889702e-05,0.0036910427233107406
1000,15211,113,183,113,183,DepthHigh,DepthMid,DepthHigh--DepthMid,9,0.26360828226184424,9.056747182217339e-05,0.003689823160273459
1001,13963,99,104,99,104,DepthMid,DepthMid,DepthMid--DepthMid,7,0.19518512695744322,9.05610492959386e-05,0.003689561499154166
1002,8741,53,103,53,103,DepthHigh,DepthMid,DepthHigh--DepthMid,9,0.26823993839984484,9.055506114165305e-05,0.0036893175348485983
1003,12275,82,99,82,99,DepthLow,DepthMid,DepthLow--DepthMid,10,0.2731711748753215,9.051820086063669e-05,0.0036878158045269725
1004,8214,49,130,49,130,DepthLow,DepthMid,DepthLow--DepthMid,8,0.21262946584710826,9.049530906953763e-05,0.0036868831665800576
1005,16232,128,169,128,169,DepthMid,DepthLow,DepthLow--DepthMid,9,0.2668488605476943,9.046061023456316e-05,0.003685469496060749
1006,7456,44,87,44,87,DepthLow,DepthMid,DepthLow--DepthMid,9,0.2384241200979895,9.041050058974557e-05,0.003683427971391009
1007,3531,19,112,19,112,DepthLow,DepthHigh,DepthHigh--DepthLow,6,0.17913116868354767,9.0410101540634e-05,0.0036834117136703907
1008,13133,90,129,90,129,DepthMid,DepthMid,DepthMid--DepthMid,10,0.35092947572885524,9.040610938313168e-05,0.0036832490685737
1009,5915,34,51,34,51,DepthHigh,DepthMid,DepthHigh--DepthMid,6,0.18131909025878093,9.040230392858544e-05,0.0036830940299705734
1010,4049,22,123,22,123,DepthHigh,DepthHigh,DepthHigh--DepthHigh,9,0.23365089000788025,9.038728587231142e-05,0.003682482177053104
1011,17658,159,169,159,169,DepthMid,DepthLow,DepthLow--DepthMid,2,0.08991769021636543,9.038727885956626e-05,0.003682481891345786
1012,9105,56,62,56,62,DepthLow,DepthLow,DepthLow--DepthLow,10,0.6283458324859496,9.037412796847304e-05,0.003681946108889263
1013,9116,56,73,56,73,DepthLow,DepthLow,DepthLow--DepthLow,10,0.5766907827064403,9.037269005923724e-05,0.0036818875268101355
1014,13098,90,94,90,94,DepthMid,DepthLow,DepthLow--DepthMid,9,0.23817045840159407,9.0350543517881e-05,0.003680985251196473
1015,13567,94,173,94,173,DepthLow,DepthLow,DepthLow--DepthLow,7,0.19779368842578993,9.029372919667767e-05,0.0036786705702851756
1016,17724,161,176,161,176,DepthMid,DepthLow,DepthLow--DepthMid,10,0.27172702873848803,9.027997471727973e-05,0.0036781101969456205
1017,9135,56,92,56,92,DepthLow,DepthMid,DepthLow--DepthMid,5,0.14491226326121376,9.027388702180198e-05,0.003677862177217184
1018,5232,29,158,29,158,DepthLow,DepthMid,DepthLow--DepthMid,5,0.1592373676423934,9.026480379674901e-05,0.003677492116162193
1019,6530,38,52,38,52,DepthHigh,DepthHigh,DepthHigh--DepthHigh,8,0.21351282789248005,9.023663536433659e-05,0.0036763445017680535
1020,10971,70,157,70,157,DepthLow,DepthMid,DepthLow--DepthMid,9,0.2635056446055867,9.022211173278885e-05,0.0036757527922836445
1021,8521,51,158,51,158,DepthMid,DepthMid,DepthMid--DepthMid,10,0.29184521031900945,9.021156239108266e-05,0.0036753229999468375
1022,9280,57,104,57,104,DepthHigh,DepthMid,DepthHigh--DepthMid,3,0.11191686255752187,9.019893220364803e-05,0.0036748084315573566
1023,17296,149,162,149,162,DepthLow,DepthLow,DepthLow--DepthLow,2,0.08732600742782448,9.018275256824832e-05,0.0036741492545678536
1024,15816,122,140,122,140,DepthHigh,DepthHigh,DepthHigh--DepthHigh,4,0.1264317761207357,9.01617903822793e-05,0.0036732952309573644
1025,5168,29,94,29,94,DepthLow,DepthLow,DepthLow--DepthLow,7,0.2027174410728609,9.014750280447234e-05,0.0036727131385743527
1026,6967,40,188,40,188,DepthHigh,DepthMid,DepthHigh--DepthMid,7,0.1956723468093588,9.013079830542473e-05,0.0036720325780350495
1027,15210,113,182,113,182,DepthHigh,DepthMid,DepthHigh--DepthMid,6,0.16427506451763854,9.011068160670173e-05,0.003671213000549193
1028,7468,44,99,44,99,DepthLow,DepthMid,DepthLow--DepthMid,3,0.11664832521461709,9.007479422495835e-05,0.0036697509072649917
1029,1308,6,190,6,190,DepthLow,DepthHigh,DepthHigh--DepthLow,9,0.24600572303895968,9.003875458944885e-05,0.003668282610986921
1030,5521,31,128,31,128,DepthLow,DepthMid,DepthLow--DepthMid,10,0.4214676823269806,9.003120818041267e-05,0.0036679751615872813
1031,1219,6,101,6,101,DepthLow,DepthHigh,DepthHigh--DepthLow,9,0.24010234889629556,9.001700394333703e-05,0.003667396464601695
1032,11612,76,99,76,99,DepthLow,DepthMid,DepthLow--DepthMid,9,0.250355496962024,8.991283917116007e-05,0.003663152671757197
1033,13377,92,176,92,176,DepthMid,DepthLow,DepthLow--DepthMid,5,0.1565268490762503,8.990678992690536e-05,0.003662906218575894
1034,16874,140,145,140,145,DepthHigh,DepthLow,DepthHigh--DepthLow,6,0.17716133941251658,8.989087576592004e-05,0.0036622578573199316
1035,5169,29,95,29,95,DepthLow,DepthLow,DepthLow--DepthLow,8,0.2097456216786669,8.988644660181479e-05,0.003662077408070688
1036,11320,73,152,73,152,DepthLow,DepthMid,DepthLow--DepthMid,5,0.1567203255157035,8.987072460711581e-05,0.0036614368758906587
1037,12425,83,142,83,142,DepthHigh,DepthHigh,DepthHigh--DepthHigh,4,0.13143220479543513,8.983338505969174e-05,0.0036599156197033383
1038,14624,106,156,106,156,DepthMid,DepthMid,DepthMid--DepthMid,6,0.1678896360376778,8.982823043052986e-05,0.0036597056141717556
1039,10921,70,107,70,107,DepthLow,DepthMid,DepthLow--DepthMid,3,0.11862653259812543,8.982710253212525e-05,0.0036596596622911074
1040,6788,39,159,39,159,DepthMid,DepthMid,DepthMid--DepthMid,3,0.11046971073978237,8.976332991483727e-05,0.003657061492379481
1041,7819,46,161,46,161,DepthLow,DepthMid,DepthLow--DepthMid,9,0.2362464319640146,8.975405650613782e-05,0.0036566836830235886
1042,7732,46,74,46,74,DepthLow,DepthLow,DepthLow--DepthLow,2,0.08142651445417139,8.974961143257189e-05,0.003656502585604585
1043,10029,63,76,63,76,DepthMid,DepthLow,DepthLow--DepthMid,10,0.28796081223119363,8.974772386053893e-05,0.0036564256837449687
1044,5419,30,185,30,185,DepthLow,DepthMid,DepthLow--DepthMid,9,0.23168543096319144,8.970418731892695e-05,0.003654651954873818
1045,8604,52,103,52,103,DepthHigh,DepthMid,DepthHigh--DepthMid,8,0.23067610441099343,8.969868558170807e-05,0.0036544278077600308
1046,6602,38,124,38,124,DepthHigh,DepthHigh,DepthHigh--DepthHigh,6,0.1666255154688053,8.968590531473291e-05,0.0036539071249571363
1047,6531,38,53,38,53,DepthHigh,DepthHigh,DepthHigh--DepthHigh,8,0.23030542443237265,8.968458556829266e-05,0.0036538533569664554
1048,11204,72,153,72,153,DepthLow,DepthHigh,DepthHigh--DepthLow,7,0.19682429537222446,8.968225114461419e-05,0.003653758249855907
1049,16169,127,168,127,168,DepthLow,DepthHigh,DepthHigh--DepthLow,7,0.19810345547508582,8.962668887990188e-05,0.0036514945791687615
1050,6730,39,101,39,101,DepthMid,DepthHigh,DepthHigh--DepthMid,3,0.11639869204083791,8.960683084655236e-05,0.003650685540008273
1051,11686,76,173,76,173,DepthLow,DepthLow,DepthLow--DepthLow,9,0.2500116821813208,8.95868706194832e-05,0.0036498723373578922
1052,17465,153,177,153,177,DepthHigh,DepthHigh,DepthHigh--DepthHigh,9,0.23990873799868,8.955087122223481e-05,0.0036484056804329448
1053,5127,29,53,29,53,DepthLow,DepthHigh,DepthHigh--DepthLow,8,0.21740086114855295,8.954796956357964e-05,0.003648287463515837
1054,8751,53,113,53,113,DepthHigh,DepthHigh,DepthHigh--DepthHigh,8,0.21109120241379667,8.951801331178992e-05,0.0036470670113002146
1055,16732,137,156,137,156,DepthHigh,DepthMid,DepthHigh--DepthMid,3,0.11518499064866951,8.951786962952585e-05,0.0036470611575192156
1056,16195,128,132,128,132,DepthMid,DepthMid,DepthMid--DepthMid,7,0.18646730474656217,8.94620779677817e-05,0.0036447881409326656
1057,11354,73,186,73,186,DepthLow,DepthHigh,DepthHigh--DepthLow,5,0.15758584112158688,8.943003911857717e-05,0.0036434828412986475
1058,12335,82,159,82,159,DepthLow,DepthMid,DepthLow--DepthMid,3,0.11435827322116374,8.941527445171385e-05,0.003642881311757744
1059,10363,65,159,65,159,DepthMid,DepthMid,DepthMid--DepthMid,7,0.20442684586046608,8.936199321759801e-05,0.003640710572885463
1060,9705,60,136,60,136,DepthMid,DepthHigh,DepthHigh--DepthMid,6,0.1808861095987749,8.93519277872456e-05,0.0036403004956548062
1061,3301,18,53,18,53,DepthHigh,DepthHigh,DepthHigh--DepthHigh,6,0.16707507120458379,8.934729502289011e-05,0.003640111751496765
1062,15194,113,166,113,166,DepthHigh,DepthLow,DepthHigh--DepthLow,4,0.1402471656969069,8.931994822742066e-05,0.0036389976115384307
1063,8037,48,94,48,94,DepthLow,DepthLow,DepthLow--DepthLow,10,0.3195474435786098,8.930875373018263e-05,0.003638541534821863
1064,12796,87,95,87,95,DepthMid,DepthLow,DepthLow--DepthMid,10,0.2866513632013299,8.92966965101881e-05,0.003638050309786105
1065,13161,90,157,90,157,DepthMid,DepthMid,DepthMid--DepthMid,7,0.18267912122734406,8.929551374568123e-05,0.0036380021225972305
1066,13792,97,116,97,116,DepthHigh,DepthHigh,DepthHigh--DepthHigh,7,0.19291442447856097,8.926388730339153e-05,0.003636713624896127
1067,7921,47,120,47,120,DepthLow,DepthHigh,DepthHigh--DepthLow,5,0.1596296135863568,8.925506145830062e-05,0.0036363540497973616
1068,6814,39,185,39,185,DepthMid,DepthMid,DepthMid--DepthMid,5,0.14627782362547675,8.925247288322747e-05,0.0036362485882661423
1069,14398,103,185,103,185,DepthMid,DepthMid,DepthMid--DepthMid,6,0.18129043712161627,8.920722364348435e-05,0.0036344050820996377
1070,11642,76,129,76,129,DepthLow,DepthMid,DepthLow--DepthMid,10,0.30444829704749643,8.917961250632194e-05,0.0036332801725561387
1071,1848,9,184,9,184,DepthMid,DepthMid,DepthMid--DepthMid,6,0.1648905816374137,8.917854044315895e-05,0.0036332364954675717
1072,10209,64,130,64,130,DepthMid,DepthMid,DepthMid--DepthMid,10,0.40352577968018644,8.917416227497451e-05,0.003633058123850903
1073,10815,69,121,69,121,DepthLow,DepthHigh,DepthHigh--DepthLow,6,0.16408367440786303,8.916912125027352e-05,0.0036328527466959596
1074,17006,142,180,142,180,DepthHigh,DepthLow,DepthHigh--DepthLow,3,0.10779675000318745,8.916333694969724e-05,0.0036326170876254025
1075,10819,69,125,69,125,DepthLow,DepthHigh,DepthHigh--DepthLow,6,0.1671509086361318,8.916049429676668e-05,0.0036325012746695057
1076,8172,49,88,49,88,DepthLow,DepthLow,DepthLow--DepthLow,10,0.33397694527203703,8.912971294813256e-05,0.0036312472070577076
1077,13402,93,104,93,104,DepthLow,DepthMid,DepthLow--DepthMid,8,0.21436559158082863,8.912647667276258e-05,0.0036311153574700695
1078,10896,70,82,70,82,DepthLow,DepthLow,DepthLow--DepthLow,10,0.6005395169331633,8.909422828761682e-05,0.0036298015211003645
1079,7813,46,155,46,155,DepthLow,DepthMid,DepthLow--DepthMid,1,-0.03658050491609423,8.906398354939152e-05,0.0036285693156149416
1080,14961,110,167,110,167,DepthMid,DepthMid,DepthMid--DepthMid,4,0.1275786482415094,8.905420426883513e-05,0.0036281708964566966
1081,6418,37,92,37,92,DepthHigh,DepthMid,DepthHigh--DepthMid,5,0.155699396963547,8.904210491965362e-05,0.003627677955029317
1082,17420,152,169,152,169,DepthMid,DepthLow,DepthLow--DepthMid,8,0.23082712948063625,8.90172344735216e-05,0.003626664704396414
1083,10802,69,108,69,108,DepthLow,DepthHigh,DepthHigh--DepthLow,7,0.19674350510346073,8.901195989097231e-05,0.0036264498118256092
1084,4129,23,36,23,36,DepthHigh,DepthHigh,DepthHigh--DepthHigh,10,0.5371572468153998,8.898160555026977e-05,0.0036252131410089723
1085,3505,19,86,19,86,DepthLow,DepthMid,DepthLow--DepthMid,9,0.2336258301527845,8.897975559611378e-05,0.00362513777174501
1086,1238,6,120,6,120,DepthLow,DepthHigh,DepthHigh--DepthLow,7,0.19689840379415385,8.897793097610785e-05,0.0036250634346235116
1087,11004,70,190,70,190,DepthLow,DepthHigh,DepthHigh--DepthLow,7,0.1844776479648623,8.896741357365312e-05,0.0036246349435286123
1088,11347,73,179,73,179,DepthLow,DepthLow,DepthLow--DepthLow,5,0.15123822712369409,8.89526591669212e-05,0.0036240338319972845
1089,7789,46,131,46,131,DepthLow,DepthMid,DepthLow--DepthMid,9,0.24565530022259413,8.892531645135929e-05,0.003622919858259084
1090,13151,90,147,90,147,DepthMid,DepthLow,DepthLow--DepthMid,9,0.23527096131865918,8.89248347646701e-05,0.003622900233788333
1091,5124,29,50,29,50,DepthLow,DepthLow,DepthLow--DepthLow,6,0.174952743333294,8.890437349495456e-05,0.0036220666180832015
1092,10418,66,90,66,90,DepthMid,DepthMid,DepthMid--DepthMid,10,0.3440861582411121,8.889853983461957e-05,0.0036218289480391985
1093,8844,54,70,54,70,DepthLow,DepthLow,DepthLow--DepthLow,6,0.16421826393423905,8.886272817555617e-05,0.0036203699397842322
1094,7863,47,62,47,62,DepthLow,DepthLow,DepthLow--DepthLow,1,0.021348112345383755,8.885601680145457e-05,0.0036200965106700143
1095,13475,93,177,93,177,DepthLow,DepthHigh,DepthHigh--DepthLow,7,0.19463444978318922,8.879672677879532e-05,0.003617680966828724
1096,8136,49,52,49,52,DepthLow,DepthHigh,DepthHigh--DepthLow,2,0.0957920350885776,8.875246292817357e-05,0.003615877606550459
1097,11552,75,153,75,153,DepthLow,DepthHigh,DepthHigh--DepthLow,9,0.26690438047539944,8.872185777082955e-05,0.0036146307171748397
1098,15947,124,138,124,138,DepthHigh,DepthHigh,DepthHigh--DepthHigh,1,0.0719399904960025,8.871921903948845e-05,0.003614523212219471
1099,16942,141,164,141,164,DepthMid,DepthMid,DepthMid--DepthMid,9,0.24969489329281083,8.868184170603559e-05,0.003613000416585797
1100,12949,88,146,88,146,DepthLow,DepthLow,DepthLow--DepthLow,9,0.23620788021346817,8.867007560773034e-05,0.0036125210521831116
1101,12031,79,182,79,182,DepthLow,DepthMid,DepthLow--DepthMid,8,0.22500962708477146,8.866523885267782e-05,0.0036123239972090213
1102,17034,143,161,143,161,DepthHigh,DepthMid,DepthHigh--DepthMid,9,0.2559909145144513,8.864058760600841e-05,0.003611319677014802
1103,1421,7,120,7,120,DepthLow,DepthHigh,DepthHigh--DepthLow,5,0.14284282567553958,8.854929748540989e-05,0.0036076004123106933
1104,16247,128,184,128,184,DepthMid,DepthMid,DepthMid--DepthMid,10,0.28475306127676653,8.854599479118144e-05,0.0036074658567422286
1105,17715,161,167,161,167,DepthMid,DepthMid,DepthMid--DepthMid,10,0.7056273696918097,8.8538313945794e-05,0.0036071529302507317
1106,14985,111,112,111,112,DepthMid,DepthHigh,DepthHigh--DepthMid,2,0.07730112321051756,8.852490980837516e-05,0.003606606830247094
1107,14635,106,167,106,167,DepthMid,DepthMid,DepthMid--DepthMid,4,0.1394659925249949,8.852079561985769e-05,0.0036064392134662338
1108,14295,102,169,102,169,DepthHigh,DepthLow,DepthHigh--DepthLow,9,0.2707211631499177,8.85092806454784e-05,0.003605970080141655
1109,11381,74,97,74,97,DepthLow,DepthHigh,DepthHigh--DepthLow,6,0.1741993092089408,8.84984562587008e-05,0.0036055290821517126
1110,14266,102,140,102,140,DepthHigh,DepthHigh,DepthHigh--DepthHigh,8,0.21535174870333745,8.843961011759052e-05,0.003603131622556199
1111,8105,48,162,48,162,DepthLow,DepthLow,DepthLow--DepthLow,3,0.1203269044534037,8.843450474237722e-05,0.0036029236236872356
1112,16395,131,152,131,152,DepthMid,DepthMid,DepthMid--DepthMid,10,0.32252274558833943,8.839142870006856e-05,0.0036011686560883218
1113,7556,44,187,44,187,DepthLow,DepthMid,DepthLow--DepthMid,4,0.12801610254350845,8.836533708498845e-05,0.0036001056536253567
1114,14555,105,171,105,171,DepthHigh,DepthLow,DepthHigh--DepthLow,4,0.1327963052993679,8.833759712148552e-05,0.003598975495548302
1115,13538,94,144,94,144,DepthLow,DepthHigh,DepthHigh--DepthLow,6,0.1668579638194342,8.832863538247195e-05,0.0035986103839745404
1116,8031,48,88,48,88,DepthLow,DepthLow,DepthLow--DepthLow,10,0.33139825499826103,8.832054298039033e-05,0.003598280690189098
1117,15890,123,147,123,147,DepthHigh,DepthLow,DepthHigh--DepthLow,8,0.22354400866771654,8.828749684489889e-05,0.003596934352551085
1118,11250,73,82,73,82,DepthLow,DepthLow,DepthLow--DepthLow,10,0.6504337332794085,8.828238061835963e-05,0.003596725911586598
1119,8736,53,98,53,98,DepthHigh,DepthHigh,DepthHigh--DepthHigh,6,0.16448584976397065,8.827328322646858e-05,0.0035963552733582994
1120,14471,104,172,104,172,DepthMid,DepthLow,DepthLow--DepthMid,6,0.1613266068442608,8.825755397209178e-05,0.0035957144454106305
1121,14557,105,173,105,173,DepthHigh,DepthLow,DepthHigh--DepthLow,5,0.14620226854194548,8.825636188727324e-05,0.003595665878501519
1122,8685,52,184,52,184,DepthHigh,DepthMid,DepthHigh--DepthMid,6,0.17177616463223686,8.825201722925018e-05,0.0035954888721274375
1123,9270,57,94,57,94,DepthHigh,DepthLow,DepthHigh--DepthLow,7,0.1991887632843036,8.824249016427145e-05,0.0035951007285224467
1124,7248,42,172,42,172,DepthHigh,DepthLow,DepthHigh--DepthLow,4,0.13524784965430287,8.822138477019991e-05,0.0035942408704488465
1125,10417,66,89,66,89,DepthMid,DepthMid,DepthMid--DepthMid,10,0.3479766107824886,8.821619809140634e-05,0.003594029559178339
1126,11237,72,186,72,186,DepthLow,DepthHigh,DepthHigh--DepthLow,4,0.13776232763075194,8.820197231420081e-05,0.00359344998462304
1127,3556,19,137,19,137,DepthLow,DepthHigh,DepthHigh--DepthLow,4,0.1280408168918271,8.817024551547444e-05,0.0035921573982850693
1128,2270,12,69,12,69,DepthHigh,DepthLow,DepthHigh--DepthLow,7,0.18356010058861302,8.816788928329271e-05,0.0035920614026709687
1129,11265,73,97,73,97,DepthLow,DepthHigh,DepthHigh--DepthLow,8,0.21149924380100296,8.815756082063085e-05,0.0035916406092009402
1130,15860,122,184,122,184,DepthHigh,DepthMid,DepthHigh--DepthMid,3,0.10430447994429867,8.813569446848559e-05,0.003590749748818587
1131,9787,61,89,61,89,DepthMid,DepthMid,DepthMid--DepthMid,10,0.3984182730667738,8.812809871351087e-05,0.0035904402890085518
1132,7857,47,56,47,56,DepthLow,DepthLow,DepthLow--DepthLow,2,0.08159352729326223,8.812666955357452e-05,0.0035903820633859653
1133,10089,63,136,63,136,DepthMid,DepthHigh,DepthHigh--DepthMid,7,0.1892513003165896,8.808355687669928e-05,0.003588625603252597
1134,8152,49,68,49,68,DepthLow,DepthLow,DepthLow--DepthLow,1,0.055289440222727956,8.805799687965524e-05,0.003587584259520989
1135,15132,112,181,112,181,DepthHigh,DepthLow,DepthHigh--DepthLow,4,0.12281469777810718,8.805137867736357e-05,0.003587314626333666
1136,8420,51,57,51,57,DepthMid,DepthHigh,DepthHigh--DepthMid,10,0.6841872415262246,8.803565269876544e-05,0.0035866739318449947
1137,13916,98,148,98,148,DepthHigh,DepthLow,DepthHigh--DepthLow,7,0.19361209448876754,8.803112741863663e-05,0.0035864895667181997
1138,5563,31,170,31,170,DepthLow,DepthHigh,DepthHigh--DepthLow,8,0.2270737865562286,8.79927607620382e-05,0.003584926464919608
1139,14298,102,172,102,172,DepthHigh,DepthLow,DepthHigh--DepthLow,9,0.2523314765585636,8.799037026063246e-05,0.0035848290731378333
1140,10958,70,144,70,144,DepthLow,DepthHigh,DepthHigh--DepthLow,3,0.10140536551491336,8.798146891226933e-05,0.0035844664219487573
1141,14251,102,125,102,125,DepthHigh,DepthHigh,DepthHigh--DepthHigh,10,0.28093052198878227,8.797464202271316e-05,0.0035841882866018146
1142,1812,9,148,9,148,DepthMid,DepthLow,DepthLow--DepthMid,5,0.157804565717805,8.795125633881537e-05,0.0035832355268931816
1143,9641,60,72,60,72,DepthMid,DepthLow,DepthLow--DepthMid,8,0.21776877763965355,8.793298149757774e-05,0.0035824909888035974
1144,8769,53,131,53,131,DepthHigh,DepthMid,DepthHigh--DepthMid,8,0.21513889410367343,8.792656480179553e-05,0.0035822295652236606
1145,14906,110,112,110,112,DepthMid,DepthHigh,DepthHigh--DepthMid,2,0.08533647646431614,8.792056737114888e-05,0.003581985222988453
1146,8712,53,74,53,74,DepthHigh,DepthLow,DepthHigh--DepthLow,10,0.2857794410849234,8.791525108017793e-05,0.0035817686311684902
1147,2772,15,43,15,43,DepthHigh,DepthHigh,DepthHigh--DepthHigh,7,0.18237278839171778,8.78708160449157e-05,0.0035799582966307207
1148,7887,47,86,47,86,DepthLow,DepthMid,DepthLow--DepthMid,9,0.23282422253357,8.784284799682692e-05,0.0035788188461248235
1149,18044,176,181,176,181,DepthLow,DepthLow,DepthLow--DepthLow,10,0.5164500112409972,8.782286097482795e-05,0.003578004551818127
1150,10308,65,104,65,104,DepthMid,DepthMid,DepthMid--DepthMid,4,0.12886718125635785,8.781088694504606e-05,0.0035775167160474897
1151,12328,82,152,82,152,DepthLow,DepthMid,DepthLow--DepthMid,9,0.2381440221683912,8.778821985725197e-05,0.003576593232772139
1152,8789,53,151,53,151,DepthHigh,DepthMid,DepthHigh--DepthMid,10,0.28067588773459407,8.778733943500906e-05,0.0035765573633554783
1153,9643,60,74,60,74,DepthMid,DepthLow,DepthLow--DepthMid,9,0.25312496569729337,8.777732847734882e-05,0.0035761495054050674
1154,16976,142,150,142,150,DepthHigh,DepthLow,DepthHigh--DepthLow,6,0.1706002182178098,8.777340686172868e-05,0.00357598973426594
1155,9203,56,160,56,160,DepthLow,DepthMid,DepthLow--DepthMid,8,0.23072814409204356,8.776531993558612e-05,0.003575660263576565
1156,5565,31,172,31,172,DepthLow,DepthLow,DepthLow--DepthLow,10,0.3163099949840337,8.776370684388898e-05,0.0035755945443621054
1157,1361,7,60,7,60,DepthLow,DepthMid,DepthLow--DepthMid,10,0.28692623973582604,8.774445695281381e-05,0.0035748102816186185
1158,2583,14,29,14,29,DepthHigh,DepthLow,DepthHigh--DepthLow,7,0.1879922093773829,8.772311834006709e-05,0.0035739409219474605
1159,16674,136,151,136,151,DepthHigh,DepthMid,DepthHigh--DepthMid,6,0.18123828643505488,8.772004127745585e-05,0.00357381555887107
1160,7900,47,99,47,99,DepthLow,DepthMid,DepthLow--DepthMid,8,0.21529038299098652,8.765180923130372e-05,0.003571035706689049
1161,7520,44,151,44,151,DepthLow,DepthMid,DepthLow--DepthMid,9,0.2457248018540422,8.759745765866632e-05,0.00356882136099208
1162,15213,113,185,113,185,DepthHigh,DepthMid,DepthHigh--DepthMid,5,0.15431206303421313,8.758330850198954e-05,0.0035682449080454105
1163,14335,103,122,103,122,DepthMid,DepthHigh,DepthHigh--DepthMid,7,0.1836379804075724,8.757071564546065e-05,0.003567731860560045
1164,1402,7,101,7,101,DepthLow,DepthHigh,DepthHigh--DepthLow,7,0.1923440784927913,8.75388701651211e-05,0.0035664344389964
1165,6515,37,189,37,189,DepthHigh,DepthHigh,DepthHigh--DepthHigh,1,0.07338305739092663,8.745711126972188e-05,0.0035631034873894614
1166,3098,17,22,17,22,DepthHigh,DepthHigh,DepthHigh--DepthHigh,10,0.47047721515327656,8.743844740721808e-05,0.003562343100125236
1167,11415,74,131,74,131,DepthLow,DepthMid,DepthLow--DepthMid,9,0.2611130226417648,8.74300046429483e-05,0.0035619991321805358
1168,4959,28,46,28,46,DepthLow,DepthLow,DepthLow--DepthLow,7,0.20037193788641727,8.74275681109367e-05,0.0035618998650588387
1169,8186,49,102,49,102,DepthLow,DepthHigh,DepthHigh--DepthLow,10,0.2772471433765512,8.741325866627207e-05,0.003561316881794849
1170,7250,42,174,42,174,DepthHigh,DepthLow,DepthHigh--DepthLow,4,0.13430276107237857,8.741031431749627e-05,0.003561196925633036
1171,2628,14,74,14,74,DepthHigh,DepthLow,DepthHigh--DepthLow,7,0.19939560311502047,8.740163151183089e-05,0.003560843178125287
1172,9266,57,90,57,90,DepthHigh,DepthMid,DepthHigh--DepthMid,10,0.2840472021977889,8.739295836658027e-05,0.0035604898241939657
1173,4804,27,53,27,53,DepthLow,DepthHigh,DepthHigh--DepthLow,10,0.2948696537129902,8.738615731219563e-05,0.00356021274140168
1174,11202,72,151,72,151,DepthLow,DepthMid,DepthLow--DepthMid,9,0.26368857927016637,8.737988099720414e-05,0.003559957037096913
1175,10647,68,74,68,74,DepthLow,DepthLow,DepthLow--DepthLow,10,0.5377559089740523,8.734642758781781e-05,0.0035585941066511332
1176,4320,24,61,24,61,DepthMid,DepthMid,DepthMid--DepthMid,10,0.30882989811545564,8.733312577440027e-05,0.0035580521754452134
1177,4290,24,31,24,31,DepthMid,DepthLow,DepthLow--DepthMid,9,0.2672926968525275,8.732528897039746e-05,0.00355773289502002
1178,3577,19,158,19,158,DepthLow,DepthMid,DepthLow--DepthMid,10,0.30336301823186895,8.730273279259302e-05,0.0035568139303454455
1179,4073,22,147,22,147,DepthHigh,DepthLow,DepthHigh--DepthLow,6,0.18017237079731432,8.729087683429906e-05,0.0035563309049432773
1180,2616,14,62,14,62,DepthHigh,DepthLow,DepthHigh--DepthLow,3,0.10637509116590645,8.728584213612096e-05,0.0035561257855381665
1181,14079,100,130,100,130,DepthMid,DepthMid,DepthMid--DepthMid,9,0.25094876900181673,8.727699506991062e-05,0.003555765345866543
1182,11148,72,97,72,97,DepthLow,DepthHigh,DepthHigh--DepthLow,5,0.15198564227720388,8.727507208471052e-05,0.0035556870012336916
1183,14952,110,158,110,158,DepthMid,DepthMid,DepthMid--DepthMid,5,0.14729369853377478,8.727496326989232e-05,0.003555682567992614
1184,16681,136,158,136,158,DepthHigh,DepthMid,DepthHigh--DepthMid,2,0.08442916783508632,8.727074930299721e-05,0.0035555108861256767
1185,12457,83,174,83,174,DepthHigh,DepthLow,DepthHigh--DepthLow,5,0.15721127615545716,8.725492320543956e-05,0.0035548661126752305
1186,16556,134,142,134,142,DepthHigh,DepthHigh,DepthHigh--DepthHigh,10,0.3485402335301069,8.724155360115408e-05,0.0035543214195912377
1187,10007,62,181,62,181,DepthLow,DepthLow,DepthLow--DepthLow,3,0.11972530676819314,8.722933924087626e-05,0.003553823792479271
1188,2044,11,21,11,21,DepthHigh,DepthHigh,DepthHigh--DepthHigh,9,0.24062749291845636,8.721344847681942e-05,0.0035531763844411346
1189,535,2,159,2,159,DepthMid,DepthMid,DepthMid--DepthMid,7,0.19795579414548076,8.718259938699425e-05,0.0035519195569751567
1190,8240,49,156,49,156,DepthLow,DepthMid,DepthLow--DepthMid,1,-0.03135242475874789,8.716718125659849e-05,0.0035512914045769746
1191,16774,138,146,138,146,DepthHigh,DepthLow,DepthHigh--DepthLow,7,0.19022524344003872,8.716684348170153e-05,0.003551277643238464
1192,8511,51,148,51,148,DepthMid,DepthLow,DepthLow--DepthMid,9,0.23467072347287526,8.710385458199516e-05,0.0035487114028841674
1193,10083,63,130,63,130,DepthMid,DepthMid,DepthMid--DepthMid,10,0.45761648741822275,8.70961993663669e-05,0.003548399520578592
1194,15162,113,134,113,134,DepthHigh,DepthHigh,DepthHigh--DepthHigh,8,0.20457841121607812,8.704981927016416e-05,0.0035465099420168692
1195,8773,53,135,53,135,DepthHigh,DepthHigh,DepthHigh--DepthHigh,7,0.19673384577115716,8.702578851322222e-05,0.003545530901289119
1196,7035,41,107,41,107,DepthHigh,DepthMid,DepthHigh--DepthMid,2,0.0961130599591351,8.701314543320549e-05,0.003545015807640988
1197,2575,14,21,14,21,DepthHigh,DepthHigh,DepthHigh--DepthHigh,8,0.22882706382446533,8.699943660657266e-05,0.003544457294247688
1198,2336,12,135,12,135,DepthHigh,DepthHigh,DepthHigh--DepthHigh,8,0.22705844472677916,8.698930177080885e-05,0.003544044389360597
1199,11949,79,100,79,100,DepthLow,DepthMid,DepthLow--DepthMid,9,0.26849541292180895,8.697460513475609e-05,0.003543445631473305
1200,2805,15,76,15,76,DepthHigh,DepthLow,DepthHigh--DepthLow,2,0.08584863214041685,8.6965916273331e-05,0.0035430916372469275
1201,2988,16,85,16,85,DepthHigh,DepthLow,DepthHigh--DepthLow,4,0.1345420116538489,8.695965234062797e-05,0.0035428364374108603
1202,7903,47,102,47,102,DepthLow,DepthHigh,DepthHigh--DepthLow,10,0.3179219201195062,8.694230602138577e-05,0.0035421297283772784
1203,4908,27,157,27,157,DepthLow,DepthMid,DepthLow--DepthMid,8,0.22439995829892426,8.693468530190042e-05,0.0035418192514843146
1204,10999,70,185,70,185,DepthLow,DepthMid,DepthLow--DepthMid,4,0.12533423206531535,8.690789023948254e-05,0.0035407275897662463
1205,3924,21,166,21,166,DepthHigh,DepthLow,DepthHigh--DepthLow,6,0.181333137278449,8.688532938026912e-05,0.003539808434365676
1206,10305,65,101,65,101,DepthMid,DepthHigh,DepthHigh--DepthMid,7,0.19180496344634712,8.688103563034101e-05,0.0035396335020460427
1207,9546,59,107,59,107,DepthMid,DepthMid,DepthMid--DepthMid,4,0.12311676491485198,8.686356130443721e-05,0.0035389215778735697
1208,12430,83,147,83,147,DepthHigh,DepthLow,DepthHigh--DepthLow,10,0.29926645177287875,8.679387285020056e-05,0.003536082389948009
1209,3573,19,154,19,154,DepthLow,DepthHigh,DepthHigh--DepthLow,4,0.12482880713786171,8.679206368839258e-05,0.003536008682611308
1210,10215,64,136,64,136,DepthMid,DepthHigh,DepthHigh--DepthMid,6,0.17932320384024605,8.678282149388985e-05,0.0035356321449577575
1211,10497,66,169,66,169,DepthMid,DepthLow,DepthLow--DepthMid,9,0.25641219991015807,8.677269905076208e-05,0.003535219744960938
1212,10895,70,81,70,81,DepthLow,DepthMid,DepthLow--DepthMid,2,0.0922412121246462,8.677134835067815e-05,0.0035351647158831465
1213,10216,64,137,64,137,DepthMid,DepthHigh,DepthHigh--DepthMid,4,0.1260068326403842,8.675155268045514e-05,0.0035343582174682917
1214,14710,107,159,107,159,DepthMid,DepthMid,DepthMid--DepthMid,9,0.24030110838308522,8.675131098907906e-05,0.0035343483706831366
1215,12888,87,187,87,187,DepthMid,DepthMid,DepthMid--DepthMid,9,0.24755690628985816,8.674427814556642e-05,0.003534061844534692
1216,14468,104,169,104,169,DepthMid,DepthLow,DepthLow--DepthMid,6,0.17156839484097233,8.669521643525514e-05,0.003532063013924243
1217,15951,124,142,124,142,DepthHigh,DepthHigh,DepthHigh--DepthHigh,1,0.056255614277577776,8.668040819670195e-05,0.0035314597092224874
1218,12349,82,173,82,173,DepthLow,DepthLow,DepthLow--DepthLow,9,0.2525505945450695,8.666688875427429e-05,0.0035309089115599284
1219,5566,31,173,31,173,DepthLow,DepthLow,DepthLow--DepthLow,10,0.27339387757666095,8.666578620748277e-05,0.0035308639925332092
1220,8786,53,148,53,148,DepthHigh,DepthLow,DepthHigh--DepthLow,8,0.20606467813719198,8.66143925289316e-05,0.0035287701548496076
1221,13955,98,187,98,187,DepthHigh,DepthMid,DepthHigh--DepthMid,7,0.1823007611181001,8.66104276296729e-05,0.0035286086202851712
1222,14404,104,105,104,105,DepthMid,DepthHigh,DepthHigh--DepthMid,3,0.11616985370820208,8.660842190016888e-05,0.0035285269045540343
1223,8138,49,54,49,54,DepthLow,DepthLow,DepthLow--DepthLow,3,0.1200099723239742,8.655605758727343e-05,0.003526393522108814
1224,4408,24,149,24,149,DepthMid,DepthLow,DepthLow--DepthMid,9,0.23513037071074475,8.652721294671973e-05,0.003525218358215824
1225,14625,106,157,106,157,DepthMid,DepthMid,DepthMid--DepthMid,5,0.15670790483689778,8.652482424799936e-05,0.0035251210398775288
1226,15277,114,173,114,173,DepthLow,DepthLow,DepthLow--DepthLow,10,0.3132361183557788,8.650723515517371e-05,0.003524404439968417
1227,1857,10,13,10,13,DepthMid,DepthMid,DepthMid--DepthMid,10,0.7191259786602762,8.649385661883583e-05,0.0035238593829823167
1228,14872,109,158,109,158,DepthMid,DepthMid,DepthMid--DepthMid,5,0.14650721418847262,8.648584220245792e-05,0.003523532866424304
1229,601,3,38,3,38,DepthMid,DepthHigh,DepthHigh--DepthMid,8,0.22194067552623728,8.648276494475315e-05,0.003523407495399578
1230,14458,104,159,104,159,DepthMid,DepthMid,DepthMid--DepthMid,8,0.22736234054256266,8.648237616644824e-05,0.0035233916561234584
1231,4325,24,66,24,66,DepthMid,DepthMid,DepthMid--DepthMid,9,0.2714185393974468,8.647451415239317e-05,0.0035230713486116873
1232,8680,52,179,52,179,DepthHigh,DepthLow,DepthHigh--DepthLow,6,0.18054823244591656,8.64649796747111e-05,0.003522682903004621
1233,9171,56,128,56,128,DepthLow,DepthMid,DepthLow--DepthMid,10,0.2764816199271549,8.646199269785871e-05,0.003522561210125849
1234,11140,72,89,72,89,DepthLow,DepthMid,DepthLow--DepthMid,8,0.22956597787295915,8.645089316366944e-05,0.0035221090023133104
1235,7211,42,135,42,135,DepthHigh,DepthHigh,DepthHigh--DepthHigh,6,0.18100572359220546,8.644853213409091e-05,0.0035220128112477362
1236,9013,55,104,55,104,DepthLow,DepthMid,DepthLow--DepthMid,4,0.12377913022298849,8.644585997854277e-05,0.0035219039445516585
1237,15136,112,185,112,185,DepthHigh,DepthMid,DepthHigh--DepthMid,6,0.16258746333987598,8.642714275919691e-05,0.003521141383468206
1238,14317,103,104,103,104,DepthMid,DepthMid,DepthMid--DepthMid,5,0.14579489008987914,8.640355229803652e-05,0.0035201802808979363
1239,10421,66,93,66,93,DepthMid,DepthLow,DepthLow--DepthMid,10,0.29789427903976673,8.638199054253707e-05,0.003519301830133911
1240,6229,36,56,36,56,DepthHigh,DepthLow,DepthHigh--DepthLow,3,0.11023899577182934,8.636427225215081e-05,0.003518579966567309
1241,7763,46,105,46,105,DepthLow,DepthHigh,DepthHigh--DepthLow,1,0.068340363392381,8.636172565304203e-05,0.003518476215185246
1242,1872,10,28,10,28,DepthMid,DepthLow,DepthLow--DepthMid,7,0.19732163697110824,8.633833452499134e-05,0.003517523233675551
1243,12456,83,173,83,173,DepthHigh,DepthLow,DepthHigh--DepthLow,5,0.15075041732281247,8.631772681018474e-05,0.0035166836516286656
1244,2981,16,78,16,78,DepthHigh,DepthMid,DepthHigh--DepthMid,3,0.10383443605904688,8.630788024315212e-05,0.0035162824911418463
1245,17135,145,171,145,171,DepthLow,DepthLow,DepthLow--DepthLow,9,0.2517515630587751,8.627412890082778e-05,0.0035149074225648723
1246,13061,89,157,89,157,DepthMid,DepthMid,DepthMid--DepthMid,7,0.19545087510731504,8.627032893353358e-05,0.0035147526075187158
1247,923,4,174,4,174,DepthHigh,DepthLow,DepthHigh--DepthLow,8,0.22171862905672796,8.624963589983284e-05,0.0035139095494817725
1248,13641,95,152,95,152,DepthLow,DepthMid,DepthLow--DepthMid,9,0.2666436071371376,8.622167151101215e-05,0.0035127702480586736
1249,3532,19,113,19,113,DepthLow,DepthHigh,DepthHigh--DepthLow,8,0.22909229802402636,8.621910275930246e-05,0.003512665594154124
1250,7499,44,130,44,130,DepthLow,DepthMid,DepthLow--DepthMid,8,0.2057951246464222,8.620707294632426e-05,0.0035121754857117913
1251,5465,31,72,31,72,DepthLow,DepthLow,DepthLow--DepthLow,9,0.26456409140484055,8.619450140497381e-05,0.0035116633066313565
1252,7752,46,94,46,94,DepthLow,DepthLow,DepthLow--DepthLow,10,0.32315037576785033,8.618825644161621e-05,0.00351140887962828
1253,3555,19,136,19,136,DepthLow,DepthHigh,DepthHigh--DepthLow,3,0.11822282020534736,8.617490600833077e-05,0.003510864967592919
1254,8011,48,68,48,68,DepthLow,DepthLow,DepthLow--DepthLow,1,0.042426659270367977,8.615884857508636e-05,0.003510210769260033
1255,6923,40,144,40,144,DepthHigh,DepthHigh,DepthHigh--DepthHigh,10,0.3033694553323649,8.615853757584302e-05,0.003510198098792504
1256,18016,174,182,174,182,DepthLow,DepthMid,DepthLow--DepthMid,8,0.22783014212217995,8.614558399986281e-05,0.003509670355181045
1257,16515,133,157,133,157,DepthHigh,DepthMid,DepthHigh--DepthMid,3,0.12172740481092438,8.613497400001027e-05,0.003509238091561461
1258,5447,31,54,31,54,DepthLow,DepthLow,DepthLow--DepthLow,4,0.13766545933617902,8.611683329922347e-05,0.00350849901850841
1259,4347,24,88,24,88,DepthMid,DepthLow,DepthLow--DepthMid,9,0.27114867851146546,8.607072426418459e-05,0.0035066204832908394
1260,10410,66,82,66,82,DepthMid,DepthLow,DepthLow--DepthMid,9,0.2533202489827487,8.606541058002817e-05,0.0035064039976755042
1261,2080,11,57,11,57,DepthHigh,DepthHigh,DepthHigh--DepthHigh,10,0.3146477337871271,8.605097892239888e-05,0.003505816035314512
1262,15885,123,142,123,142,DepthHigh,DepthHigh,DepthHigh--DepthHigh,5,0.15115731802227803,8.603898174516405e-05,0.00350532725648997
1263,12110,80,151,80,151,DepthMid,DepthMid,DepthMid--DepthMid,10,0.38349306767718083,8.601971687871315e-05,0.0035045423836324203
1264,9706,60,137,60,137,DepthMid,DepthHigh,DepthHigh--DepthMid,5,0.15991054327004045,8.598326994829089e-05,0.0035030574936902896
1265,12279,82,103,82,103,DepthLow,DepthMid,DepthLow--DepthMid,9,0.23268803894141038,8.596453319951977e-05,0.003502294136955549
1266,9792,61,94,61,94,DepthMid,DepthLow,DepthLow--DepthMid,10,0.3684161988520665,8.595079542494527e-05,0.00350173444418975
1267,10465,66,137,66,137,DepthMid,DepthHigh,DepthHigh--DepthMid,4,0.1335795923286571,8.595003643735784e-05,0.003501703522160879
1268,5977,34,113,34,113,DepthHigh,DepthHigh,DepthHigh--DepthHigh,5,0.148969969132289,8.592753297033565e-05,0.0035007867049843106
1269,11468,74,184,74,184,DepthLow,DepthMid,DepthLow--DepthMid,7,0.1864802100397343,8.590462555728205e-05,0.0034998534305809674
1270,14053,100,104,100,104,DepthMid,DepthMid,DepthMid--DepthMid,7,0.19105676367789665,8.585882822465885e-05,0.0034979875944789766
1271,7828,46,170,46,170,DepthLow,DepthHigh,DepthHigh--DepthLow,9,0.24689677188749573,8.583939072889015e-05,0.0034971956885041042
1272,5603,32,52,32,52,DepthHigh,DepthHigh,DepthHigh--DepthHigh,7,0.18734020966694834,8.582902526398072e-05,0.0034967733875198737
1273,5440,31,47,31,47,DepthLow,DepthLow,DepthLow--DepthLow,9,0.24225929685938943,8.578963550394478e-05,0.003495168603308346
1274,15423,116,170,116,170,DepthHigh,DepthHigh,DepthHigh--DepthHigh,6,0.1780921026850385,8.577604573899512e-05,0.0034946149406252093
1275,2725,14,171,14,171,DepthHigh,DepthLow,DepthHigh--DepthLow,7,0.19994505049312386,8.57757497309218e-05,0.003494602880915221
1276,18002,173,184,173,184,DepthLow,DepthMid,DepthLow--DepthMid,9,0.24642538940523737,8.574459132992473e-05,0.0034933334517556897
1277,2811,15,82,15,82,DepthHigh,DepthLow,DepthHigh--DepthLow,2,0.07850523162286098,8.573172488047763e-05,0.003492809257779583
1278,11373,74,89,74,89,DepthLow,DepthMid,DepthLow--DepthMid,9,0.2537417940078075,8.572868518237854e-05,0.0034926854169764713
1279,9659,60,90,60,90,DepthMid,DepthMid,DepthMid--DepthMid,10,0.40638338153205306,8.572387960321158e-05,0.0034924896321438816
1280,853,4,104,4,104,DepthHigh,DepthMid,DepthHigh--DepthMid,3,0.12143675752355229,8.571408259050167e-05,0.00349209049055727
1281,5448,31,55,31,55,DepthLow,DepthLow,DepthLow--DepthLow,6,0.17109523877873412,8.569345419960843e-05,0.00349125006614279
1282,2205,11,182,11,182,DepthHigh,DepthMid,DepthHigh--DepthMid,4,0.1306961322222193,8.565783395226315e-05,0.003489798856221778
1283,17408,152,157,152,157,DepthMid,DepthMid,DepthMid--DepthMid,5,0.1545252770216639,8.561327614224584e-05,0.0034879835196990174
1284,10388,65,184,65,184,DepthMid,DepthMid,DepthMid--DepthMid,8,0.21125381746933658,8.561239811306852e-05,0.003487947747778606
1285,12814,87,113,87,113,DepthMid,DepthHigh,DepthHigh--DepthMid,10,0.28909676786820826,8.560423254594993e-05,0.0034876150731652515
1286,8349,50,125,50,125,DepthLow,DepthHigh,DepthHigh--DepthLow,10,0.2841288019357258,8.557776164399845e-05,0.0034865366181181055
1287,5917,34,53,34,53,DepthHigh,DepthHigh,DepthHigh--DepthHigh,7,0.1831372383528095,8.557411927296969e-05,0.0034863882237253963
1288,1277,6,159,6,159,DepthLow,DepthMid,DepthLow--DepthMid,5,0.15729703928061017,8.556676657523316e-05,0.0034860886663473124
1289,14333,103,120,103,120,DepthMid,DepthHigh,DepthHigh--DepthMid,9,0.24843343990764868,8.555297957448511e-05,0.003485526968050481
1290,2207,11,184,11,184,DepthHigh,DepthMid,DepthHigh--DepthMid,4,0.1406133031526338,8.553148030103315e-05,0.0034846510628770665
1291,15818,122,142,122,142,DepthHigh,DepthHigh,DepthHigh--DepthHigh,1,0.07295425719083005,8.552476324821893e-05,0.0034843774024055523
1292,2244,12,43,12,43,DepthHigh,DepthHigh,DepthHigh--DepthHigh,8,0.22219807140053593,8.549928131344803e-05,0.003483339239020901
1293,9538,59,99,59,99,DepthMid,DepthMid,DepthMid--DepthMid,7,0.2008864995749619,8.545990846723129e-05,0.0034817351438978564
1294,11027,71,94,71,94,DepthHigh,DepthLow,DepthHigh--DepthLow,7,0.18899732709791967,8.54554737935349e-05,0.0034815544701815213
1295,14043,99,184,99,184,DepthMid,DepthMid,DepthMid--DepthMid,8,0.2240165195192758,8.545470104596336e-05,0.0034815229875550424
1296,7119,42,43,42,43,DepthHigh,DepthHigh,DepthHigh--DepthHigh,10,0.7466606876124523,8.545330452844335e-05,0.0034814660918221114
1297,16950,141,172,141,172,DepthMid,DepthLow,DepthLow--DepthMid,8,0.2216315645079625,8.542719922847858e-05,0.003480402531821176
1298,2067,11,44,11,44,DepthHigh,DepthLow,DepthHigh--DepthLow,9,0.26028221524502937,8.542530573348378e-05,0.003480325388653269
1299,12298,82,122,82,122,DepthLow,DepthHigh,DepthHigh--DepthLow,5,0.1413516638578059,8.540951740442724e-05,0.003479682153935078
1300,14626,106,158,106,158,DepthMid,DepthMid,DepthMid--DepthMid,4,0.13178112442251147,8.538529221921414e-05,0.0034786951919755266
1301,13540,94,146,94,146,DepthLow,DepthLow,DepthLow--DepthLow,8,0.22058032503138325,8.538504414962095e-05,0.003478685085334457
1302,911,4,162,4,162,DepthHigh,DepthLow,DepthHigh--DepthLow,2,0.09948425051626643,8.537423378407733e-05,0.003478244658585743
1303,14717,107,166,107,166,DepthMid,DepthLow,DepthLow--DepthMid,4,0.12893787058441677,8.53507721759666e-05,0.0034772888056371896
1304,6760,39,131,39,131,DepthMid,DepthMid,DepthMid--DepthMid,7,0.19976373410179346,8.534973481154482e-05,0.003477246542215322
1305,806,4,57,4,57,DepthHigh,DepthHigh,DepthHigh--DepthHigh,8,0.21662042311408866,8.53480968315732e-05,0.003477179809023882
1306,7497,44,128,44,128,DepthLow,DepthMid,DepthLow--DepthMid,6,0.17710656709394204,8.53345187430422e-05,0.003476626622051496
1307,8061,48,118,48,118,DepthLow,DepthLow,DepthLow--DepthLow,7,0.2019527408857308,8.530827013656357e-05,0.003475557223578058
1308,8025,48,82,48,82,DepthLow,DepthLow,DepthLow--DepthLow,3,0.1011642576025921,8.530635367216795e-05,0.003475479144610295
1309,2618,14,64,14,64,DepthHigh,DepthMid,DepthHigh--DepthMid,8,0.21726098169098731,8.529965414163772e-05,0.003475206198016821
1310,10110,63,157,63,157,DepthMid,DepthMid,DepthMid--DepthMid,7,0.19803539692958713,8.529392545153863e-05,0.003474972804581183
1311,5049,28,136,28,136,DepthLow,DepthHigh,DepthHigh--DepthLow,5,0.15723658680069888,8.526741267679024e-05,0.0034738926435880415
1312,17674,159,185,159,185,DepthMid,DepthMid,DepthMid--DepthMid,5,0.15109205836037254,8.523176310416003e-05,0.0034724402389211314
1313,17300,149,166,149,166,DepthLow,DepthLow,DepthLow--DepthLow,2,0.09312593677701464,8.5223382983075e-05,0.00347209882313196
1314,6942,40,163,40,163,DepthHigh,DepthMid,DepthHigh--DepthMid,8,0.22370918217681046,8.521250495676413e-05,0.0034716556398056244
1315,12306,82,130,82,130,DepthLow,DepthMid,DepthLow--DepthMid,9,0.271119455873198,8.519622550618216e-05,0.003470992396230582
1316,7471,44,102,44,102,DepthLow,DepthHigh,DepthHigh--DepthLow,8,0.2305672168564455,8.518526173847588e-05,0.003470545719701001
1317,17780,163,177,163,177,DepthMid,DepthHigh,DepthHigh--DepthMid,9,0.23493013623155495,8.516951638304174e-05,0.0034699042357777036
1318,17344,150,170,150,170,DepthLow,DepthHigh,DepthHigh--DepthLow,8,0.21280536360414923,8.516207045593886e-05,0.003469600880127809
1319,11444,74,160,74,160,DepthLow,DepthMid,DepthLow--DepthMid,8,0.22761103771374203,8.51229322865617e-05,0.0034680063460096203
1320,17824,165,170,165,170,DepthLow,DepthHigh,DepthHigh--DepthLow,2,0.10035593365586781,8.510232701534198e-05,0.00346716686351728
1321,1822,9,158,9,158,DepthMid,DepthMid,DepthMid--DepthMid,9,0.26225028412351026,8.50793848342534e-05,0.00346623217262413
1322,10335,65,131,65,131,DepthMid,DepthMid,DepthMid--DepthMid,8,0.22690848256536575,8.505236652031403e-05,0.00346513141538183
1323,8150,49,66,49,66,DepthLow,DepthMid,DepthLow--DepthMid,9,0.23157165752686265,8.503924120029846e-05,0.003464596674720475
1324,13525,94,131,94,131,DepthLow,DepthMid,DepthLow--DepthMid,10,0.29776239123108633,8.502907282636523e-05,0.0034641824034497165
1325,2158,11,135,11,135,DepthHigh,DepthHigh,DepthHigh--DepthHigh,8,0.23045502644293597,8.502085252010342e-05,0.003463847498700593
1326,10004,62,178,62,178,DepthLow,DepthLow,DepthLow--DepthLow,3,0.1113042937663896,8.499586427957157e-05,0.0034628294489881094
1327,13950,98,182,98,182,DepthHigh,DepthMid,DepthHigh--DepthMid,6,0.172830302231979,8.49943144411535e-05,0.003462766306785124
1328,11672,76,159,76,159,DepthLow,DepthMid,DepthLow--DepthMid,3,0.10738436228670759,8.498037874377716e-05,0.0034621985504163172
1329,6839,40,60,40,60,DepthHigh,DepthMid,DepthHigh--DepthMid,8,0.22962862797766762,8.497165037402851e-05,0.003461842946575313
1330,17387,151,174,151,174,DepthMid,DepthLow,DepthLow--DepthMid,9,0.2532481007454152,8.493668240590408e-05,0.003460418311261361
1331,6547,38,69,38,69,DepthHigh,DepthLow,DepthHigh--DepthLow,7,0.18633675805148378,8.493617908221045e-05,0.0034603978052741174
1332,3907,21,149,21,149,DepthHigh,DepthLow,DepthHigh--DepthLow,8,0.21379058451591904,8.492205736244698e-05,0.003459822470138911
1333,16627,135,158,135,158,DepthHigh,DepthMid,DepthHigh--DepthMid,4,0.12665619090407854,8.491908666005635e-05,0.003459701440300463
1334,10132,63,179,63,179,DepthMid,DepthLow,DepthLow--DepthMid,8,0.22533721834148063,8.491124965386643e-05,0.0034593821516379335
1335,2880,15,151,15,151,DepthHigh,DepthMid,DepthHigh--DepthMid,7,0.1888607757927107,8.49103502091279e-05,0.0034593455072228826
1336,12795,87,94,87,94,DepthMid,DepthLow,DepthLow--DepthMid,10,0.28497878442592106,8.490951880508796e-05,0.0034593116348642923
1337,16879,140,150,140,150,DepthHigh,DepthLow,DepthHigh--DepthLow,7,0.18664560090580837,8.489390906323798e-05,0.0034586756759946774
1338,12837,87,136,87,136,DepthMid,DepthHigh,DepthHigh--DepthMid,6,0.16975599760974946,8.483630639268527e-05,0.003456328876822494
1339,4406,24,147,24,147,DepthMid,DepthLow,DepthLow--DepthMid,7,0.2002791447605903,8.477198208046914e-05,0.0034537082302237934
1340,12666,85,172,85,172,DepthLow,DepthLow,DepthLow--DepthLow,8,0.20512582271947513,8.47715660649726e-05,0.0034536912812731017
1341,212,1,24,1,24,DepthMid,DepthMid,DepthMid--DepthMid,4,0.12332908130377401,8.476924115662802e-05,0.00345359656182822
1342,8355,50,131,50,131,DepthLow,DepthMid,DepthLow--DepthMid,10,0.3095193484648434,8.476801855978432e-05,0.0034535467518240453
1343,16368,130,184,130,184,DepthMid,DepthMid,DepthMid--DepthMid,10,0.30444354132393686,8.475273517079778e-05,0.003452924088946133
1344,8873,54,99,54,99,DepthLow,DepthMid,DepthLow--DepthMid,4,0.13988314355386575,8.475085979606598e-05,0.0034528476840186206
1345,14553,105,169,105,169,DepthHigh,DepthLow,DepthHigh--DepthLow,9,0.23361147582429714,8.474976172073636e-05,0.0034528029471644116
1346,17335,150,161,150,161,DepthLow,DepthMid,DepthLow--DepthMid,10,0.32150845986349486,8.474605233624075e-05,0.0034526518225658455
1347,789,4,40,4,40,DepthHigh,DepthHigh,DepthHigh--DepthHigh,5,0.15054060202275163,8.473541450458141e-05,0.0034522184250463835
1348,15067,112,116,112,116,DepthHigh,DepthHigh,DepthHigh--DepthHigh,6,0.16392126090966702,8.472710293533463e-05,0.003451879802138092
1349,8767,53,129,53,129,DepthHigh,DepthMid,DepthHigh--DepthMid,10,0.29697972555358526,8.47229384010369e-05,0.003451710134212132
1350,9222,56,179,56,179,DepthLow,DepthLow,DepthLow--DepthLow,6,0.18081411315518994,8.4704784683287e-05,0.0034509705308330054
1351,17222,147,171,147,171,DepthLow,DepthLow,DepthLow--DepthLow,9,0.25332237452726686,8.467511124432683e-05,0.003449761600737936
1352,12010,79,161,79,161,DepthLow,DepthMid,DepthLow--DepthMid,10,0.27279592438581407,8.465739359592922e-05,0.003449039763326691
1353,7566,45,52,45,52,DepthHigh,DepthHigh,DepthHigh--DepthHigh,8,0.22235797939958102,8.46531464225013e-05,0.003448866728587344
1354,14249,102,123,102,123,DepthHigh,DepthHigh,DepthHigh--DepthHigh,10,0.28816475044966433,8.464162122545823e-05,0.003448397178779664
1355,13191,90,187,90,187,DepthMid,DepthMid,DepthMid--DepthMid,9,0.24682556394519317,8.46317460192776e-05,0.0034479948515009546
1356,2150,11,127,11,127,DepthHigh,DepthLow,DepthHigh--DepthLow,3,0.11967924223416163,8.463165814142314e-05,0.003447991271255905
1357,13674,95,185,95,185,DepthLow,DepthMid,DepthLow--DepthMid,9,0.247915403210722,8.462595534118539e-05,0.00344775893260305
1358,17153,145,189,145,189,DepthLow,DepthHigh,DepthHigh--DepthLow,9,0.2612945076481389,8.462290475859886e-05,0.0034476346483533777
1359,8235,49,151,49,151,DepthLow,DepthMid,DepthLow--DepthMid,8,0.22215522645368171,8.462017657953574e-05,0.003447523499194746
1360,7776,46,118,46,118,DepthLow,DepthLow,DepthLow--DepthLow,7,0.20300760017981298,8.461382994981938e-05,0.0034472649301870665
1361,2296,12,95,12,95,DepthHigh,DepthLow,DepthHigh--DepthLow,7,0.18483219004240664,8.46040747413995e-05,0.0034468674917554004
1362,17975,172,174,172,174,DepthLow,DepthLow,DepthLow--DepthLow,10,0.7650326601321518,8.459419574912135e-05,0.0034464650102267154
1363,9585,59,146,59,146,DepthMid,DepthLow,DepthLow--DepthMid,8,0.20845446826439484,8.459131717245631e-05,0.0034463477336964827
1364,6314,36,141,36,141,DepthHigh,DepthMid,DepthHigh--DepthMid,7,0.19921731014685848,8.458915789574571e-05,0.003446259762275222
1365,17295,149,161,149,161,DepthLow,DepthMid,DepthLow--DepthMid,10,0.332076418400227,8.457144661396417e-05,0.0034455381842472517
1366,683,3,120,3,120,DepthMid,DepthHigh,DepthHigh--DepthMid,6,0.1782318712305875,8.454338608844631e-05,0.0034443949661043345
1367,7860,47,59,47,59,DepthLow,DepthMid,DepthLow--DepthMid,9,0.23345033261023537,8.453693817796906e-05,0.0034441322708017538
1368,9469,58,161,58,161,DepthLow,DepthMid,DepthLow--DepthMid,4,0.12204018358770609,8.452811802978946e-05,0.003443772927801719
1369,7512,44,143,44,143,DepthLow,DepthHigh,DepthHigh--DepthLow,10,0.2716496753730246,8.449036684290876e-05,0.0034422349009486154
1370,785,4,36,4,36,DepthHigh,DepthHigh,DepthHigh--DepthHigh,5,0.14190548451735296,8.448002697897997e-05,0.0034418136429778343
1371,6182,35,163,35,163,DepthMid,DepthMid,DepthMid--DepthMid,7,0.1894599326279073,8.446650613687781e-05,0.0034412627882909235
1372,4333,24,74,24,74,DepthMid,DepthLow,DepthLow--DepthMid,7,0.18565494442351324,8.446173649598959e-05,0.0034410684676252205
1373,3326,18,78,18,78,DepthHigh,DepthMid,DepthHigh--DepthMid,3,0.11362065978399709,8.446148688222012e-05,0.0034410582980726294
1374,8098,48,155,48,155,DepthLow,DepthMid,DepthLow--DepthMid,1,-0.035007529572741364,8.443608752520448e-05,0.0034400234990008788
1375,10177,64,98,64,98,DepthMid,DepthHigh,DepthHigh--DepthMid,8,0.212708534295317,8.442279868726269e-05,0.003439482096430793
1376,2181,11,158,11,158,DepthHigh,DepthMid,DepthHigh--DepthMid,2,0.09593968120016068,8.440680540940928e-05,0.0034388305118624608
1377,5004,28,91,28,91,DepthLow,DepthLow,DepthLow--DepthLow,9,0.2503747266475019,8.440464305184043e-05,0.0034387424149234843
1378,5027,28,114,28,114,DepthLow,DepthLow,DepthLow--DepthLow,10,0.3273856582461789,8.439874335983056e-05,0.0034385020546729606
1379,15282,114,178,114,178,DepthLow,DepthLow,DepthLow--DepthLow,9,0.26693192042075087,8.439550113208033e-05,0.003438369962578492
1380,17083,144,164,144,164,DepthHigh,DepthMid,DepthHigh--DepthMid,7,0.20184693122649375,8.43669537335382e-05,0.003437206908667557
1381,4017,22,91,22,91,DepthHigh,DepthLow,DepthHigh--DepthLow,9,0.24414789214846666,8.434810982671573e-05,0.0034364391861903287
1382,13330,92,129,92,129,DepthMid,DepthMid,DepthMid--DepthMid,10,0.2765695221166008,8.434010839354897e-05,0.003436113198583299
1383,11348,73,180,73,180,DepthLow,DepthLow,DepthLow--DepthLow,7,0.18685216798331977,8.433426187754337e-05,0.0034358750047844616
1384,13004,89,100,89,100,DepthMid,DepthMid,DepthMid--DepthMid,9,0.23717063030568877,8.433305850348468e-05,0.0034358259779386983
1385,8149,49,65,49,65,DepthLow,DepthMid,DepthLow--DepthMid,3,0.10338332924807789,8.431637169951075e-05,0.003435146138317086
1386,11616,76,103,76,103,DepthLow,DepthMid,DepthLow--DepthMid,8,0.22809297254520877,8.429679755381887e-05,0.0034343486650668855
1387,16430,131,187,131,187,DepthMid,DepthMid,DepthMid--DepthMid,6,0.17107061304013757,8.428878444720522e-05,0.0034340222018701782
1388,14231,102,105,102,105,DepthHigh,DepthHigh,DepthHigh--DepthHigh,9,0.2591352647367686,8.4284972416375e-05,0.003433866895341664
1389,16117,126,179,126,179,DepthHigh,DepthLow,DepthHigh--DepthLow,5,0.14841520989868442,8.425850713038606e-05,0.0034327886690953026
1390,4001,22,75,22,75,DepthHigh,DepthLow,DepthHigh--DepthLow,5,0.1534531288545992,8.423763343630261e-05,0.003431938250746198
1391,6731,39,102,39,102,DepthMid,DepthHigh,DepthHigh--DepthMid,6,0.17182945330638197,8.42241683500097e-05,0.0034313896676152014
1392,11179,72,128,72,128,DepthLow,DepthMid,DepthLow--DepthMid,7,0.1994947824112014,8.421017472905927e-05,0.0034308195513732425
1393,14877,109,163,109,163,DepthMid,DepthMid,DepthMid--DepthMid,6,0.16121545895167663,8.418623724109057e-05,0.003429844310530933
1394,4851,27,100,27,100,DepthLow,DepthMid,DepthLow--DepthMid,9,0.23554911202750295,8.417552493558758e-05,0.0034294078788612665
1395,4936,27,185,27,185,DepthLow,DepthMid,DepthLow--DepthMid,9,0.2341084916021543,8.415337507080366e-05,0.0034285054678473304
1396,11305,73,137,73,137,DepthLow,DepthHigh,DepthHigh--DepthLow,3,0.10140644137288386,8.414043436769328e-05,0.0034279782486914216
1397,10010,62,184,62,184,DepthLow,DepthMid,DepthLow--DepthMid,5,0.14139891073249997,8.413793361040178e-05,0.003427876364957817
1398,14220,101,182,101,182,DepthHigh,DepthMid,DepthHigh--DepthMid,7,0.18355986116688083,8.411286152849562e-05,0.0034268548994511364
1399,13245,91,142,91,142,DepthLow,DepthHigh,DepthHigh--DepthLow,5,0.14564495058273622,8.411166840830712e-05,0.003426806290359859
1400,2291,12,90,12,90,DepthHigh,DepthMid,DepthHigh--DepthMid,10,0.2982695560143858,8.410748581287959e-05,0.0034266358866026597
1401,11937,79,88,79,88,DepthLow,DepthLow,DepthLow--DepthLow,10,0.48110595761007896,8.409990616607751e-05,0.0034263270830581388
1402,6872,40,93,40,93,DepthHigh,DepthLow,DepthHigh--DepthLow,8,0.23074284771755352,8.40954206633116e-05,0.0034261443385069424
1403,9570,59,131,59,131,DepthMid,DepthMid,DepthMid--DepthMid,9,0.2510811017841091,8.409401727916508e-05,0.003426087163019735
1404,14131,100,182,100,182,DepthMid,DepthMid,DepthMid--DepthMid,8,0.20585519818276432,8.409227146704343e-05,0.003426016036622251
1405,18065,177,189,177,189,DepthHigh,DepthHigh,DepthHigh--DepthHigh,9,0.26704938012660134,8.409142533161757e-05,0.0034259815640900245
1406,10423,66,95,66,95,DepthMid,DepthLow,DepthLow--DepthMid,10,0.3185183913508162,8.407636566948005e-05,0.003425368016101735
1407,18138,186,190,186,190,DepthHigh,DepthHigh,DepthHigh--DepthHigh,10,0.27703711117337054,8.407410422573656e-05,0.00342527588227783
1408,15409,116,156,116,156,DepthHigh,DepthMid,DepthHigh--DepthMid,7,0.1830934464140194,8.407408623313722e-05,0.003425275149238601
1409,1167,6,49,6,49,DepthLow,DepthLow,DepthLow--DepthLow,9,0.24509502623728527,8.40699932045197e-05,0.003425108394536446
1410,12988,88,185,88,185,DepthLow,DepthMid,DepthLow--DepthMid,7,0.1885628585332033,8.405156830829323e-05,0.003424357743033713
1411,8514,51,151,51,151,DepthMid,DepthMid,DepthMid--DepthMid,10,0.3186195084179052,8.403781097918534e-05,0.0034237972535936913
1412,16936,141,158,141,158,DepthMid,DepthMid,DepthMid--DepthMid,9,0.23429122281969028,8.400989730654158e-05,0.0034226600184060793
1413,4361,24,102,24,102,DepthMid,DepthHigh,DepthHigh--DepthMid,10,0.3012183356093502,8.399154963904901e-05,0.0034219125132909536
1414,8132,48,189,48,189,DepthLow,DepthHigh,DepthHigh--DepthLow,9,0.2539711360930375,8.398064552530516e-05,0.003421468267132539
1415,3570,19,151,19,151,DepthLow,DepthMid,DepthLow--DepthMid,9,0.2445171846077556,8.394840002350777e-05,0.0034201545482337686
1416,6322,36,149,36,149,DepthHigh,DepthLow,DepthHigh--DepthLow,10,0.2836494124558186,8.392802938167218e-05,0.003419324624812894
1417,14707,107,156,107,156,DepthMid,DepthMid,DepthMid--DepthMid,3,0.10764513062673153,8.392316880426958e-05,0.003419126599288812
1418,2799,15,70,15,70,DepthHigh,DepthLow,DepthHigh--DepthLow,1,0.06830172506125051,8.390029244371128e-05,0.003418194589999908
1419,4796,27,45,27,45,DepthLow,DepthHigh,DepthHigh--DepthLow,9,0.23379071673579216,8.389293505082009e-05,0.003417894841335813
1420,6240,36,67,36,67,DepthHigh,DepthHigh,DepthHigh--DepthHigh,6,0.17830463496944038,8.385567336621241e-05,0.0034163767573693517
1421,11453,74,169,74,169,DepthLow,DepthLow,DepthLow--DepthLow,10,0.7367782115038671,8.38515392341802e-05,0.00341620832806672
1422,15286,114,182,114,182,DepthLow,DepthMid,DepthLow--DepthMid,10,0.31314659936309963,8.382741588708228e-05,0.0034152255151093268
1423,17734,161,186,161,186,DepthMid,DepthHigh,DepthHigh--DepthMid,9,0.2618421409346714,8.38268031060198e-05,0.003415200549702752
1424,7395,43,172,43,172,DepthHigh,DepthLow,DepthHigh--DepthLow,5,0.15446343243164354,8.381333549095136e-05,0.003414651863546526
1425,13565,94,171,94,171,DepthLow,DepthLow,DepthLow--DepthLow,9,0.24648298850754846,8.380881540848414e-05,0.003414467710178453
1426,6123,35,104,35,104,DepthMid,DepthMid,DepthMid--DepthMid,5,0.14644317556897926,8.380622835026923e-05,0.0034143623104457865
1427,10415,66,87,66,87,DepthMid,DepthMid,DepthMid--DepthMid,10,0.34642360431891084,8.380526775425284e-05,0.0034143231746572122
1428,12735,86,137,86,137,DepthMid,DepthHigh,DepthHigh--DepthMid,5,0.15956519331440921,8.379226625604667e-05,0.003413793478639048
1429,15085,112,134,112,134,DepthHigh,DepthHigh,DepthHigh--DepthHigh,9,0.24261569724257184,8.378563546542126e-05,0.003413523332588504
1430,5445,31,52,31,52,DepthLow,DepthHigh,DepthHigh--DepthLow,10,0.2833707140618772,8.377457543621586e-05,0.003413072734254529
1431,6576,38,98,38,98,DepthHigh,DepthHigh,DepthHigh--DepthHigh,8,0.22146794717461046,8.37707237505897e-05,0.003412915812143935
1432,8171,49,87,49,87,DepthLow,DepthMid,DepthLow--DepthMid,10,0.28751865870775417,8.375267375278042e-05,0.0034121804344347025
1433,9337,57,161,57,161,DepthHigh,DepthMid,DepthHigh--DepthMid,6,0.17572915463434424,8.374652740522327e-05,0.0034119300251529683
1434,8902,54,128,54,128,DepthLow,DepthMid,DepthLow--DepthMid,5,0.1575227855203634,8.374597864452774e-05,0.0034119076680099113
1435,17128,145,164,145,164,DepthLow,DepthMid,DepthLow--DepthMid,9,0.25259902561650366,8.368723726730877e-05,0.003409514476616047
1436,14832,109,118,109,118,DepthMid,DepthLow,DepthLow--DepthMid,6,0.18070623563717322,8.368326876808475e-05,0.003409352795384875
1437,8019,48,76,48,76,DepthLow,DepthLow,DepthLow--DepthLow,2,0.09107843784229612,8.368009398360208e-05,0.0034092234510068402
1438,13053,89,149,89,149,DepthMid,DepthLow,DepthLow--DepthMid,9,0.26104756309679716,8.366993969739694e-05,0.003408809753686357
1439,3281,18,33,18,33,DepthHigh,DepthHigh,DepthHigh--DepthHigh,3,0.1210098782313728,8.366860556805448e-05,0.0034087553997196674
1440,7749,46,91,46,91,DepthLow,DepthLow,DepthLow--DepthLow,10,0.294527654808184,8.365718778741496e-05,0.0034082902261800396
1441,6261,36,88,36,88,DepthHigh,DepthLow,DepthHigh--DepthLow,9,0.24553042750583065,8.365699055542338e-05,0.003408282190721438
1442,14313,102,187,102,187,DepthHigh,DepthMid,DepthHigh--DepthMid,6,0.17993432738267173,8.36537697111145e-05,0.00340815096981301
1443,9356,57,180,57,180,DepthHigh,DepthLow,DepthHigh--DepthLow,7,0.20305791171389206,8.365309398395271e-05,0.003408123439909818
1444,9248,57,72,57,72,DepthHigh,DepthLow,DepthHigh--DepthLow,7,0.20110709222187442,8.363929606334668e-05,0.00340756129672539
1445,7946,47,145,47,145,DepthLow,DepthLow,DepthLow--DepthLow,10,0.38757044755492276,8.363473400292653e-05,0.0034073754331271446
1446,4868,27,117,27,117,DepthLow,DepthLow,DepthLow--DepthLow,10,0.35633694067740523,8.361508188462237e-05,0.003406574783182874
1447,10792,69,98,69,98,DepthLow,DepthHigh,DepthHigh--DepthLow,4,0.1341413525100602,8.361437109371617e-05,0.003406545824742332
1448,2323,12,122,12,122,DepthHigh,DepthHigh,DepthHigh--DepthHigh,4,0.13643366335548845,8.360414854239705e-05,0.0034061293462224456
1449,14912,110,118,110,118,DepthMid,DepthLow,DepthLow--DepthMid,6,0.18064140235397783,8.359165879640678e-05,0.0034056204995792346
1450,16459,132,158,132,158,DepthMid,DepthMid,DepthMid--DepthMid,6,0.16212514590272728,8.35867117659896e-05,0.0034054189518597203
1451,7925,47,124,47,124,DepthLow,DepthHigh,DepthHigh--DepthLow,2,0.09792554997184023,8.358598377945389e-05,0.0034053892928494183
1452,16876,140,147,140,147,DepthHigh,DepthLow,DepthHigh--DepthLow,8,0.21175882334546348,8.357692383068971e-05,0.003405020180097253
1453,8401,50,177,50,177,DepthLow,DepthHigh,DepthHigh--DepthLow,5,0.15286496295963212,8.355797181384942e-05,0.003404248053093327
1454,8233,49,149,49,149,DepthLow,DepthLow,DepthLow--DepthLow,10,0.3852981958635936,8.354861379265152e-05,0.0034038667965267514
1455,9835,61,137,61,137,DepthMid,DepthHigh,DepthHigh--DepthMid,6,0.16332587386418057,8.354502847944206e-05,0.003403720726735347
1456,14804,108,171,108,171,DepthHigh,DepthLow,DepthHigh--DepthLow,6,0.176135249429725,8.351044613408773e-05,0.0034023118021373902
1457,16763,137,187,137,187,DepthHigh,DepthMid,DepthHigh--DepthMid,1,0.0570201228046272,8.34925671471092e-05,0.003401583391606454
1458,2229,12,28,12,28,DepthHigh,DepthLow,DepthHigh--DepthLow,7,0.18620926532866308,8.348587947515713e-05,0.0034013109281451183
1459,13429,93,131,93,131,DepthLow,DepthMid,DepthLow--DepthMid,8,0.21060020964986076,8.346787660756744e-05,0.0034005774705753384
1460,15559,118,161,118,161,DepthLow,DepthMid,DepthLow--DepthMid,9,0.2587473782065741,8.346585787678732e-05,0.0034004952251572326
1461,7539,44,170,44,170,DepthLow,DepthHigh,DepthHigh--DepthLow,7,0.18403074223394847,8.345771396957885e-05,0.0034001634329935745
1462,17299,149,165,149,165,DepthLow,DepthLow,DepthLow--DepthLow,1,0.04266058845456381,8.345644629190734e-05,0.0034001117863445294
1463,17257,148,164,148,164,DepthLow,DepthMid,DepthLow--DepthMid,8,0.22826870678632816,8.343995051910684e-05,0.003399439729553042
1464,13096,90,92,90,92,DepthMid,DepthMid,DepthMid--DepthMid,10,0.3480967936605624,8.342390783746161e-05,0.0033987861322173044
1465,9797,61,99,61,99,DepthMid,DepthMid,DepthMid--DepthMid,9,0.23973355054034295,8.339808352167261e-05,0.00339773401983546
1466,2209,11,186,11,186,DepthHigh,DepthHigh,DepthHigh--DepthHigh,9,0.2366877963346332,8.33730064060366e-05,0.0033967123492488253
1467,5897,33,189,33,189,DepthHigh,DepthHigh,DepthHigh--DepthHigh,10,0.2972206526696036,8.336945123860502e-05,0.0033965675076311473
1468,11693,76,180,76,180,DepthLow,DepthLow,DepthLow--DepthLow,8,0.22445417892451164,8.336868778861765e-05,0.003396536403798961
1469,12266,82,90,82,90,DepthLow,DepthMid,DepthLow--DepthMid,10,0.2785081576077249,8.336680791935304e-05,0.0033964598157590026
1470,12300,82,124,82,124,DepthLow,DepthHigh,DepthHigh--DepthLow,4,0.13553346721607265,8.33588081766572e-05,0.0033961338970237053
1471,283,1,95,1,95,DepthMid,DepthLow,DepthLow--DepthMid,6,0.16730021729237035,8.335324609997193e-05,0.00339590729161053
1472,5449,31,56,31,56,DepthLow,DepthLow,DepthLow--DepthLow,10,0.27733582902935494,8.335121442083568e-05,0.0033958245186614753
1473,9103,56,60,56,60,DepthLow,DepthMid,DepthLow--DepthMid,10,0.2905064509559915,8.33307297069163e-05,0.0033949899478124654
1474,17306,149,172,149,172,DepthLow,DepthLow,DepthLow--DepthLow,8,0.2228493271678672,8.333008967746451e-05,0.0033949638722751124
1475,1076,5,142,5,142,DepthLow,DepthHigh,DepthHigh--DepthLow,5,0.15766208796839237,8.331052704514676e-05,0.00339416686809304
1476,8082,48,139,48,139,DepthLow,DepthMid,DepthLow--DepthMid,8,0.23050864156646497,8.330884343051927e-05,0.0033940982756931366
1477,12269,82,93,82,93,DepthLow,DepthLow,DepthLow--DepthLow,9,0.23331568481610013,8.328226357945897e-05,0.003393015381933758
1478,11442,74,158,74,158,DepthLow,DepthMid,DepthLow--DepthMid,10,0.35625357230098154,8.326639884315692e-05,0.003392369034296343
1479,17815,164,186,164,186,DepthMid,DepthHigh,DepthHigh--DepthMid,9,0.2673758326017329,8.326145271143064e-05,0.003392167523190532
1480,782,4,33,4,33,DepthHigh,DepthHigh,DepthHigh--DepthHigh,3,0.11415852306232417,8.325236041880996e-05,0.0033917970927123836
1481,8439,51,76,51,76,DepthMid,DepthLow,DepthLow--DepthMid,10,0.32230158198410086,8.32513457295803e-05,0.003391755753103971
1482,10492,66,164,66,164,DepthMid,DepthMid,DepthMid--DepthMid,8,0.22851922376027833,8.32464080471167e-05,0.003391554586230857
1483,13988,99,129,99,129,DepthMid,DepthMid,DepthMid--DepthMid,8,0.20805908677363713,8.323514616495308e-05,0.003391095764174775
1484,7892,47,91,47,91,DepthLow,DepthLow,DepthLow--DepthLow,10,0.29212361069178433,8.322142874332641e-05,0.0033905369006115224
1485,9527,59,88,59,88,DepthMid,DepthLow,DepthLow--DepthMid,10,0.2932345997901118,8.321655486141082e-05,0.0033903383330462504
1486,15833,122,157,122,157,DepthHigh,DepthMid,DepthHigh--DepthMid,4,0.13049204074283882,8.321234868642602e-05,0.0033901669686307177
1487,13658,95,169,95,169,DepthLow,DepthLow,DepthLow--DepthLow,9,0.2562965404017886,8.32036575683727e-05,0.0033898128824667055
1488,17746,162,170,162,170,DepthLow,DepthHigh,DepthHigh--DepthLow,4,0.1312176554721694,8.318246084302798e-05,0.003388949303451797
1489,10725,68,152,68,152,DepthLow,DepthMid,DepthLow--DepthMid,5,0.15754690642002497,8.316087898625661e-05,0.0033880700337387917
1490,11964,79,115,79,115,DepthLow,DepthLow,DepthLow--DepthLow,10,0.7750908271588336,8.314405071383855e-05,0.003387384430529756
1491,9568,59,129,59,129,DepthMid,DepthMid,DepthMid--DepthMid,8,0.22721498145112734,8.313790282252797e-05,0.0033871339583537285
1492,8046,48,103,48,103,DepthLow,DepthMid,DepthLow--DepthMid,8,0.22762133964462342,8.31317674480401e-05,0.0033868839961274807
1493,14016,99,157,99,157,DepthMid,DepthMid,DepthMid--DepthMid,6,0.1654359625346161,8.311942744690948e-05,0.0033863812502623984
1494,4933,27,182,27,182,DepthLow,DepthMid,DepthLow--DepthMid,8,0.22876035740856807,8.311566978650909e-05,0.003386228158847845
1495,2688,14,134,14,134,DepthHigh,DepthHigh,DepthHigh--DepthHigh,7,0.19315169201630203,8.310514248643599e-05,0.0033857992645125678
1496,8766,53,128,53,128,DepthHigh,DepthMid,DepthHigh--DepthMid,10,0.3026409013386341,8.310175556180575e-05,0.0033856612773004785
1497,16272,129,148,129,148,DepthMid,DepthLow,DepthLow--DepthMid,9,0.25517203622344314,8.309991624129968e-05,0.003385586341263666
1498,3558,19,139,19,139,DepthLow,DepthMid,DepthLow--DepthMid,10,0.3270979202487599,8.307933294227134e-05,0.00338474775394372
1499,7734,46,76,46,76,DepthLow,DepthLow,DepthLow--DepthLow,2,0.09705557926175319,8.30701967101698e-05,0.0033843755333204917
1500,4970,28,57,28,57,DepthLow,DepthHigh,DepthHigh--DepthLow,8,0.22032682696967779,8.30688053308019e-05,0.0033843188469217973
1501,8206,49,122,49,122,DepthLow,DepthHigh,DepthHigh--DepthLow,4,0.13105273185162758,8.304890793055433e-05,0.0033835082039085215
1502,14950,110,156,110,156,DepthMid,DepthMid,DepthMid--DepthMid,6,0.1615106946162061,8.304686881659147e-05,0.003383425128056064
1503,5719,32,168,32,168,DepthHigh,DepthHigh,DepthHigh--DepthHigh,5,0.15651959731823367,8.302646141598913e-05,0.003382593707040676
1504,2706,14,152,14,152,DepthHigh,DepthMid,DepthHigh--DepthMid,10,0.2768311552445992,8.300581845053011e-05,0.0033817526888415927
1505,9307,57,131,57,131,DepthHigh,DepthMid,DepthHigh--DepthMid,8,0.2220695968795032,8.298649734887482e-05,0.0033809655248970183
1506,10786,69,92,69,92,DepthLow,DepthMid,DepthLow--DepthMid,3,0.11002193293541451,8.298518265877571e-05,0.0033809119629075015
1507,2936,16,33,16,33,DepthHigh,DepthHigh,DepthHigh--DepthHigh,5,0.1505759596861568,8.2983618775944e-05,0.0033808482485189217
1508,10744,68,171,68,171,DepthLow,DepthLow,DepthLow--DepthLow,7,0.19325103483965192,8.294094066909062e-05,0.003379109493268986
1509,16552,134,138,134,138,DepthHigh,DepthHigh,DepthHigh--DepthHigh,10,0.4319194381091441,8.293526700827545e-05,0.0033788783417897828
1510,5022,28,109,28,109,DepthLow,DepthMid,DepthLow--DepthMid,6,0.16430666096175578,8.291994987254246e-05,0.003378254304030535
1511,14223,101,185,101,185,DepthHigh,DepthMid,DepthHigh--DepthMid,7,0.18238015377150052,8.291423796495387e-05,0.0033780215943337126
1512,13821,97,145,97,145,DepthHigh,DepthLow,DepthHigh--DepthLow,9,0.24727378338719497,8.288504371276331e-05,0.0033768321868597895
1513,15892,123,149,123,149,DepthHigh,DepthLow,DepthHigh--DepthLow,8,0.21266143724157577,8.288287053081395e-05,0.003376743648923079
1514,10448,66,120,66,120,DepthMid,DepthHigh,DepthHigh--DepthMid,9,0.24842792224329338,8.286719852329354e-05,0.003376105153278303
1515,14542,105,158,105,158,DepthHigh,DepthMid,DepthHigh--DepthMid,9,0.23805728052012198,8.286203397157233e-05,0.0033758947434902203
1516,11463,74,179,74,179,DepthLow,DepthLow,DepthLow--DepthLow,7,0.19987153980693434,8.284265236369563e-05,0.003375105114452466
1517,3896,21,138,21,138,DepthHigh,DepthHigh,DepthHigh--DepthHigh,9,0.23980660967275882,8.284247197962437e-05,0.0033750977653975514
1518,4843,27,92,27,92,DepthLow,DepthMid,DepthLow--DepthMid,9,0.2576789387361311,8.283374189188396e-05,0.003374742091563583
1519,8462,51,99,51,99,DepthMid,DepthMid,DepthMid--DepthMid,4,0.1350599809646902,8.283232231223186e-05,0.003374684256252817
1520,5748,33,40,33,40,DepthHigh,DepthHigh,DepthHigh--DepthHigh,10,0.5075499866267885,8.283163093980177e-05,0.0033746560889433667
1521,9033,55,124,55,124,DepthLow,DepthHigh,DepthHigh--DepthLow,3,0.1064797916040999,8.282931220461384e-05,0.003374561621
1522,1313,7,12,7,12,DepthLow,DepthHigh,DepthHigh--DepthLow,7,0.18930412667380436,8.282913615611374e-05,0.003374554448581251
1523,5094,28,181,28,181,DepthLow,DepthLow,DepthLow--DepthLow,1,0.03496894541022124,8.281791950186902e-05,0.003374097469162699
1524,5649,32,98,32,98,DepthHigh,DepthHigh,DepthHigh--DepthHigh,7,0.19641677908032332,8.281677413067994e-05,0.0033740508054206785
1525,8254,49,170,49,170,DepthLow,DepthHigh,DepthHigh--DepthLow,8,0.21641786569949192,8.280344669844027e-05,0.0033735078304744258
1526,14429,104,130,104,130,DepthMid,DepthMid,DepthMid--DepthMid,7,0.1922518687833163,8.2802421841106e-05,0.0033734660766057147
1527,17779,163,176,163,176,DepthMid,DepthLow,DepthLow--DepthMid,9,0.26314889139229125,8.279703836316849e-05,0.0033732467475113166
1528,17089,144,170,144,170,DepthHigh,DepthHigh,DepthHigh--DepthHigh,4,0.13999873314546082,8.279527419083036e-05,0.0033731748730974572
1529,9083,55,174,55,174,DepthLow,DepthLow,DepthLow--DepthLow,6,0.16339079745833085,8.27845750738237e-05,0.0033727389787423273
1530,8846,54,72,54,72,DepthLow,DepthLow,DepthLow--DepthLow,8,0.20485603323865578,8.27737785995159e-05,0.003372299117938568
1531,7430,44,61,44,61,DepthLow,DepthMid,DepthLow--DepthMid,9,0.24827691382268266,8.274783006496732e-05,0.0033712419447413243
1532,8095,48,152,48,152,DepthLow,DepthMid,DepthLow--DepthMid,9,0.2665689135043498,8.273951318949515e-05,0.003370903105651297
1533,5416,30,182,30,182,DepthLow,DepthMid,DepthLow--DepthMid,9,0.24703474537211978,8.271559530597679e-05,0.0033699286635168837
1534,12262,82,86,82,86,DepthLow,DepthMid,DepthLow--DepthMid,10,0.28962510665582447,8.271483100746128e-05,0.0033698975251146832
1535,797,4,48,4,48,DepthHigh,DepthLow,DepthHigh--DepthLow,9,0.24372088857461663,8.27105850406828e-05,0.003369724539535625
1536,9271,57,95,57,95,DepthHigh,DepthLow,DepthHigh--DepthLow,9,0.25429398711024115,8.269495557176378e-05,0.0033690877769624863
1537,16973,142,147,142,147,DepthHigh,DepthLow,DepthHigh--DepthLow,7,0.18231255747834912,8.267009324632481e-05,0.003368074857175975
1538,17874,167,173,167,173,DepthMid,DepthLow,DepthLow--DepthMid,7,0.1888311166683846,8.26699421683644e-05,0.003368068702085785
1539,10236,64,157,64,157,DepthMid,DepthMid,DepthMid--DepthMid,9,0.237094163797284,8.265753815096363e-05,0.003367563348124093
1540,14078,100,129,100,129,DepthMid,DepthMid,DepthMid--DepthMid,8,0.21608225528089844,8.263990629642009e-05,0.003366845006053321
1541,10000,62,174,62,174,DepthLow,DepthLow,DepthLow--DepthLow,9,0.2650743301455855,8.262975118665639e-05,0.0033664312751801127
1542,7057,41,129,41,129,DepthHigh,DepthMid,DepthHigh--DepthMid,9,0.24439160264435122,8.262934282846059e-05,0.003366414638196677
1543,6535,38,57,38,57,DepthHigh,DepthHigh,DepthHigh--DepthHigh,6,0.16364225342303593,8.262872001321818e-05,0.0033663892639860496
1544,11673,76,160,76,160,DepthLow,DepthMid,DepthLow--DepthMid,8,0.21676439744561207,8.260622644540479e-05,0.0033654728501146544
1545,3909,21,151,21,151,DepthHigh,DepthMid,DepthHigh--DepthMid,10,0.29822191233512557,8.259593025681386e-05,0.003365053371527464
1546,15084,112,133,112,133,DepthHigh,DepthHigh,DepthHigh--DepthHigh,9,0.27005056185003123,8.258031481623649e-05,0.0033644171804851283
1547,10389,65,185,65,185,DepthMid,DepthMid,DepthMid--DepthMid,6,0.16116051736128179,8.257694461743992e-05,0.003364279874702775
1548,4237,23,144,23,144,DepthHigh,DepthHigh,DepthHigh--DepthHigh,9,0.23232098540048496,8.257684629000611e-05,0.003364275868729822
1549,6813,39,184,39,184,DepthMid,DepthMid,DepthMid--DepthMid,6,0.1706375937161732,8.256582284788123e-05,0.0033638267609956652
1550,17398,151,185,151,185,DepthMid,DepthMid,DepthMid--DepthMid,7,0.19775278086584772,8.255821246482292e-05,0.0033635167052206492
1551,17967,171,184,171,184,DepthLow,DepthMid,DepthLow--DepthMid,9,0.26464052903489366,8.255405543627076e-05,0.0033633473430874123
1552,16625,135,156,135,156,DepthHigh,DepthMid,DepthHigh--DepthMid,5,0.15333703672303073,8.254332685926921e-05,0.0033629102484981446
1553,6926,40,147,40,147,DepthHigh,DepthLow,DepthHigh--DepthLow,8,0.2049183141320021,8.253497842583342e-05,0.0033625701237003157
1554,9896,62,70,62,70,DepthLow,DepthLow,DepthLow--DepthLow,10,0.41856573079490655,8.253368436601739e-05,0.003362517402212304
1555,17198,146,190,146,190,DepthLow,DepthHigh,DepthHigh--DepthLow,9,0.26642641772521464,8.253285708280587e-05,0.003362483697741012
1556,14629,106,161,106,161,DepthMid,DepthMid,DepthMid--DepthMid,7,0.18644032843871985,8.253104317202065e-05,0.0033624097969255063
1557,5655,32,104,32,104,DepthHigh,DepthMid,DepthHigh--DepthMid,4,0.1353988740664108,8.25258682577598e-05,0.0033621989649556174
1558,8556,52,55,52,55,DepthHigh,DepthLow,DepthHigh--DepthLow,5,0.14984682837058969,8.251198453912978e-05,0.0033616333262608293
1559,18005,173,187,173,187,DepthLow,DepthMid,DepthLow--DepthMid,7,0.1874994971703674,8.247872414663445e-05,0.0033602782595455963
1560,10681,68,108,68,108,DepthLow,DepthHigh,DepthHigh--DepthLow,4,0.12675410334997758,8.247264109109624e-05,0.0033600304288536435
1561,13269,91,166,91,166,DepthLow,DepthLow,DepthLow--DepthLow,5,0.15381979936490953,8.245319609774817e-05,0.0033592382174187476
1562,984,5,50,5,50,DepthLow,DepthLow,DepthLow--DepthLow,6,0.16169893956630935,8.245060540467805e-05,0.003359132669597892
1563,10402,66,74,66,74,DepthMid,DepthLow,DepthLow--DepthMid,8,0.22030784505092674,8.241770719871827e-05,0.0033577923587794537
1564,4405,24,146,24,146,DepthMid,DepthLow,DepthLow--DepthMid,7,0.19567995632528978,8.241028360195475e-05,0.003357489912893315
1565,11613,76,100,76,100,DepthLow,DepthMid,DepthLow--DepthMid,9,0.24113490335043383,8.240946081985786e-05,0.0033574563918026203
1566,8746,53,108,53,108,DepthHigh,DepthHigh,DepthHigh--DepthHigh,7,0.1897715944032479,8.239415044819204e-05,0.0033568326296192635
1567,14372,103,159,103,159,DepthMid,DepthMid,DepthMid--DepthMid,6,0.16166488915967878,8.239125171898512e-05,0.0033567145320512527
1568,6312,36,139,36,139,DepthHigh,DepthMid,DepthHigh--DepthMid,6,0.17419101276939541,8.238807428290373e-05,0.0033565850796440306
1569,5071,28,158,28,158,DepthLow,DepthMid,DepthLow--DepthMid,5,0.15199414638438233,8.236624526830412e-05,0.0033556957404363105
1570,4838,27,87,27,87,DepthLow,DepthMid,DepthLow--DepthMid,10,0.33740903717068343,8.236310926391234e-05,0.003355567976003863
1571,15375,116,122,116,122,DepthHigh,DepthHigh,DepthHigh--DepthHigh,5,0.1594839680604642,8.236034650288195e-05,0.0033554554179360367
1572,1823,9,159,9,159,DepthMid,DepthMid,DepthMid--DepthMid,7,0.2025261877069189,8.234000825141106e-05,0.0033546268141359426
1573,16261,129,137,129,137,DepthMid,DepthHigh,DepthHigh--DepthMid,5,0.14791686601911289,8.233617820123219e-05,0.003354470773478401
1574,13068,89,164,89,164,DepthMid,DepthMid,DepthMid--DepthMid,10,0.33019454113769453,8.232765445059913e-05,0.0033541235060559425
1575,17241,147,190,147,190,DepthLow,DepthHigh,DepthHigh--DepthLow,9,0.24595370254418503,8.231676729863702e-05,0.003353679950940061
1576,2865,15,136,15,136,DepthHigh,DepthHigh,DepthHigh--DepthHigh,5,0.1582616654433958,8.229437759629497e-05,0.003352767768667649
1577,13060,89,156,89,156,DepthMid,DepthMid,DepthMid--DepthMid,7,0.1863858728746384,8.229321480893619e-05,0.003352720395370807
1578,16727,137,151,137,151,DepthHigh,DepthMid,DepthHigh--DepthMid,5,0.15263891306195407,8.229040920429207e-05,0.00335260609180479
1579,13427,93,129,93,129,DepthLow,DepthMid,DepthLow--DepthMid,10,0.3306133097764718,8.227034559736904e-05,0.0033517886773400405
1580,16734,137,158,137,158,DepthHigh,DepthMid,DepthHigh--DepthMid,3,0.10289717822364916,8.221838325373791e-05,0.0033496716715858254
1581,14318,103,105,103,105,DepthMid,DepthHigh,DepthHigh--DepthMid,7,0.18801682613821535,8.220585873249413e-05,0.0033491614081587163
1582,12975,88,172,88,172,DepthLow,DepthLow,DepthLow--DepthLow,8,0.2300445760888143,8.215804291786221e-05,0.0033472133367738527
1583,4827,27,76,27,76,DepthLow,DepthLow,DepthLow--DepthLow,10,0.3008719045155596,8.213489531209797e-05,0.003346270276642711
1584,3575,19,156,19,156,DepthLow,DepthMid,DepthLow--DepthMid,9,0.267550632424248,8.21221332132575e-05,0.0033457503340305586
1585,6718,39,89,39,89,DepthMid,DepthMid,DepthMid--DepthMid,6,0.17677218507586764,8.210453232550654e-05,0.0033450332535825984
1586,5752,33,44,33,44,DepthHigh,DepthLow,DepthHigh--DepthLow,7,0.2022293813487028,8.210047930458744e-05,0.003344868128840177
1587,9082,55,173,55,173,DepthLow,DepthLow,DepthLow--DepthLow,5,0.1574078493223882,8.208674312698176e-05,0.003344308501136728
1588,6217,36,44,36,44,DepthHigh,DepthLow,DepthHigh--DepthLow,8,0.20553004749495382,8.20791734960782e-05,0.0033440001056514535
1589,5442,31,49,31,49,DepthLow,DepthLow,DepthLow--DepthLow,8,0.22115578688427545,8.207347101662815e-05,0.0033437677800678585
1590,16236,128,173,128,173,DepthMid,DepthLow,DepthLow--DepthMid,9,0.2562079575869786,8.206961915127339e-05,0.003343610850634914
1591,2136,11,113,11,113,DepthHigh,DepthHigh,DepthHigh--DepthHigh,9,0.2699553217964341,8.206067309376062e-05,0.0033432463779435647
1592,5652,32,101,32,101,DepthHigh,DepthHigh,DepthHigh--DepthHigh,7,0.18723431485740816,8.205013385924085e-05,0.003342816997385179
1593,9698,60,129,60,129,DepthMid,DepthMid,DepthMid--DepthMid,10,0.6694335998265685,8.204348701602957e-05,0.003342546197333789
1594,14211,101,173,101,173,DepthHigh,DepthLow,DepthHigh--DepthLow,7,0.2038810734717733,8.202580605282857e-05,0.003341825854519726
1595,5008,28,95,28,95,DepthLow,DepthLow,DepthLow--DepthLow,9,0.2511536759654555,8.20182289523621e-05,0.0033415171547158513
1596,2155,11,132,11,132,DepthHigh,DepthMid,DepthHigh--DepthMid,6,0.18161251274624135,8.201751001579878e-05,0.003341487864411852
1597,6705,39,76,39,76,DepthMid,DepthLow,DepthLow--DepthMid,4,0.12658359487172946,8.200510081245711e-05,0.003340982299168952
1598,10296,65,92,65,92,DepthMid,DepthMid,DepthMid--DepthMid,6,0.16315118131413503,8.197394924382738e-05,0.0033397131483679393
1599,5432,31,39,31,39,DepthLow,DepthMid,DepthLow--DepthMid,7,0.19643178539636857,8.193492589527941e-05,0.0033381232921826363
1600,9482,58,174,58,174,DepthLow,DepthLow,DepthLow--DepthLow,10,0.28713405174201434,8.193078587022272e-05,0.003337954622791397
1601,3969,22,43,22,43,DepthHigh,DepthHigh,DepthHigh--DepthHigh,9,0.23340282863805784,8.191577403074654e-05,0.0033373430231534358
1602,15217,113,189,113,189,DepthHigh,DepthHigh,DepthHigh--DepthHigh,10,0.29606584689593435,8.190565772421875e-05,0.003336930873168771
1603,9902,62,76,62,76,DepthLow,DepthLow,DepthLow--DepthLow,10,0.40562848229569554,8.187528568666479e-05,0.003335693481362016
1604,11291,73,123,73,123,DepthLow,DepthHigh,DepthHigh--DepthLow,8,0.22925775899713882,8.187498367980631e-05,0.0033356811772546073
1605,17561,156,168,156,168,DepthMid,DepthHigh,DepthHigh--DepthMid,2,0.07768769995556808,8.18662486765931e-05,0.0033353253031586138
1606,9278,57,102,57,102,DepthHigh,DepthHigh,DepthHigh--DepthHigh,9,0.25450880669092285,8.18460604964326e-05,0.003334502813436628
1607,2983,16,80,16,80,DepthHigh,DepthMid,DepthHigh--DepthMid,3,0.11974417345924587,8.183940813433902e-05,0.003334231788539614
1608,7359,43,136,43,136,DepthHigh,DepthHigh,DepthHigh--DepthHigh,6,0.16801123919079902,8.182326833837587e-05,0.003333574234654662
1609,15031,111,158,111,158,DepthMid,DepthMid,DepthMid--DepthMid,4,0.13492573770580088,8.181076958952265e-05,0.0033330650212244407
1610,13108,90,104,90,104,DepthMid,DepthMid,DepthMid--DepthMid,4,0.13988795752444103,8.179683157037076e-05,0.003332497170263823
1611,8453,51,90,51,90,DepthMid,DepthMid,DepthMid--DepthMid,10,0.3028869727012027,8.179516918520595e-05,0.0033324294427766908
1612,7963,47,162,47,162,DepthLow,DepthLow,DepthLow--DepthLow,2,0.09692716871394759,8.177809338761585e-05,0.00333173375510693
1613,11489,75,90,75,90,DepthLow,DepthMid,DepthLow--DepthMid,8,0.20849013460577653,8.177214587867115e-05,0.003331491446739383
1614,8231,49,147,49,147,DepthLow,DepthLow,DepthLow--DepthLow,10,0.3598595841091705,8.176586563278466e-05,0.0033312355822854244
1615,5099,28,186,28,186,DepthLow,DepthHigh,DepthHigh--DepthLow,8,0.22193873436403092,8.175318035882152e-05,0.0033307187696072975
1616,3403,18,155,18,155,DepthHigh,DepthMid,DepthHigh--DepthMid,6,0.17952965717895863,8.174915953438258e-05,0.0033305549565865768
1617,13741,96,158,96,158,DepthHigh,DepthMid,DepthHigh--DepthMid,3,0.11825021397760106,8.174083404717247e-05,0.003330215766644423
1618,17543,155,184,155,184,DepthMid,DepthMid,DepthMid--DepthMid,2,0.07670749770780992,8.173233334438654e-05,0.0033298694382178137
1619,5407,30,173,30,173,DepthLow,DepthLow,DepthLow--DepthLow,10,0.2990981647635603,8.171267905435389e-05,0.0033290686997948225
1620,13188,90,184,90,184,DepthMid,DepthMid,DepthMid--DepthMid,8,0.21521920642041042,8.1708837627879e-05,0.0033289121956538727
1621,11462,74,178,74,178,DepthLow,DepthLow,DepthLow--DepthLow,7,0.19253913055162827,8.169781896119399e-05,0.003328463282476639
1622,10345,65,141,65,141,DepthMid,DepthMid,DepthMid--DepthMid,9,0.24593158034804752,8.169480567870579e-05,0.003328340517875953
1623,14386,103,173,103,173,DepthMid,DepthLow,DepthLow--DepthMid,9,0.23660609275870467,8.168705867895654e-05,0.0033280248961795283
1624,6311,36,138,36,138,DepthHigh,DepthHigh,DepthHigh--DepthHigh,9,0.25957587075872224,8.16851273052519e-05,0.0033279462097893357
1625,14673,107,122,107,122,DepthMid,DepthHigh,DepthHigh--DepthMid,7,0.20310225772465132,8.167765573397637e-05,0.0033276418093662985
1626,7822,46,164,46,164,DepthLow,DepthMid,DepthLow--DepthMid,9,0.24928726327123335,8.162992838269491e-05,0.0033256973420802667
1627,13587,95,98,95,98,DepthLow,DepthHigh,DepthHigh--DepthLow,10,0.2954609542813781,8.161454427722394e-05,0.0033250705758967264
1628,13617,95,128,95,128,DepthLow,DepthMid,DepthLow--DepthMid,10,0.306486450280353,8.159091431646233e-05,0.0033241078640671886
1629,14556,105,172,105,172,DepthHigh,DepthLow,DepthHigh--DepthLow,4,0.13744882452034868,8.157731219992602e-05,0.00332355369816618
1630,17336,150,162,150,162,DepthLow,DepthLow,DepthLow--DepthLow,2,0.09385020735187134,8.15597169851849e-05,0.003322836848843177
1631,800,4,51,4,51,DepthHigh,DepthMid,DepthHigh--DepthMid,9,0.23962787380121617,8.15399985510868e-05,0.0033220334971170483
1632,14145,101,107,101,107,DepthHigh,DepthMid,DepthHigh--DepthMid,7,0.19666906151896826,8.153488105172444e-05,0.0033218250042962813
1633,907,4,158,4,158,DepthHigh,DepthMid,DepthHigh--DepthMid,3,0.10582915333457509,8.150976962916313e-05,0.003320801936005979
1634,14957,110,163,110,163,DepthMid,DepthMid,DepthMid--DepthMid,5,0.1546043099150465,8.15075481362836e-05,0.003320711429826306
1635,8585,52,84,52,84,DepthHigh,DepthMid,DepthHigh--DepthMid,3,0.10958379280791725,8.150147119939803e-05,0.0033204638484153116
1636,8212,49,128,49,128,DepthLow,DepthMid,DepthLow--DepthMid,8,0.22226790632193602,8.149150981113451e-05,0.003320058009979241
1637,3848,21,90,21,90,DepthHigh,DepthMid,DepthHigh--DepthMid,9,0.2667860602175923,8.147263583593461e-05,0.0033192890624816696
1638,13056,89,152,89,152,DepthMid,DepthMid,DepthMid--DepthMid,10,0.6317103187151143,8.147107580277384e-05,0.0033192255049331195
1639,14200,101,162,101,162,DepthHigh,DepthLow,DepthHigh--DepthLow,4,0.12300679337458878,8.145499557576316e-05,0.0033185703779559307
1640,1208,6,90,6,90,DepthLow,DepthMid,DepthLow--DepthMid,9,0.23686388617096701,8.143733770930408e-05,0.003317850976129747
1641,8925,54,151,54,151,DepthLow,DepthMid,DepthLow--DepthMid,4,0.13660270139553438,8.142808019503636e-05,0.003317473814331318
1642,11046,71,113,71,113,DepthHigh,DepthHigh,DepthHigh--DepthHigh,8,0.22095512065236583,8.142561272146695e-05,0.003317373286614903
1643,3790,21,32,21,32,DepthHigh,DepthHigh,DepthHigh--DepthHigh,7,0.18946590264449664,8.142393356705372e-05,0.003317304875929268
1644,2681,14,127,14,127,DepthHigh,DepthLow,DepthHigh--DepthLow,3,0.11274569165479092,8.141935987829181e-05,0.003317118538578981
1645,11244,73,76,73,76,DepthLow,DepthLow,DepthLow--DepthLow,10,0.6804611983131521,8.140932016612527e-05,0.00331670950913685
1646,17304,149,170,149,170,DepthLow,DepthHigh,DepthHigh--DepthLow,8,0.21075870046598066,8.139324389927858e-05,0.0033160545435013057
1647,10825,69,131,69,131,DepthLow,DepthMid,DepthLow--DepthMid,6,0.1759407052901029,8.137420875292635e-05,0.003315279029705276
1648,8582,52,81,52,81,DepthHigh,DepthMid,DepthHigh--DepthMid,4,0.12592842931851606,8.137292331007489e-05,0.0033152266592823294
1649,8611,52,110,52,110,DepthHigh,DepthMid,DepthHigh--DepthMid,1,0.07436416888229,8.136463801568479e-05,0.003314889106841975
1650,8739,53,101,53,101,DepthHigh,DepthHigh,DepthHigh--DepthHigh,9,0.2529006123007986,8.135339440567787e-05,0.0033144310292146117
1651,919,4,170,4,170,DepthHigh,DepthHigh,DepthHigh--DepthHigh,3,0.11133936391287089,8.13522187963299e-05,0.0033143831335351553
1652,8877,54,103,54,103,DepthLow,DepthMid,DepthLow--DepthMid,3,0.10395842125788704,8.135128762040509e-05,0.003314345196355012
1653,17268,148,175,148,175,DepthLow,DepthLow,DepthLow--DepthLow,6,0.1663985614749052,8.132571083478505e-05,0.003313303168637472
1654,15030,111,157,111,157,DepthMid,DepthMid,DepthMid--DepthMid,6,0.16791725609025854,8.131691131363461e-05,0.0033129446660063737
1655,13502,94,108,94,108,DepthLow,DepthHigh,DepthHigh--DepthLow,7,0.19143062750777845,8.131649022746112e-05,0.0033129275104704604
1656,3250,17,174,17,174,DepthHigh,DepthLow,DepthHigh--DepthLow,8,0.22709942664814733,8.130139683839431e-05,0.0033123125884082097
1657,14470,104,171,104,171,DepthMid,DepthLow,DepthLow--DepthMid,5,0.15030312130870135,8.128470888151385e-05,0.0033116327018158573
1658,10768,69,74,69,74,DepthLow,DepthLow,DepthLow--DepthLow,10,0.49196466489355073,8.12709729110984e-05,0.0033110730825535767
1659,16321,130,137,130,137,DepthMid,DepthHigh,DepthHigh--DepthMid,3,0.11934131347440939,8.125798442843102e-05,0.0033105439168034604
1660,2842,15,113,15,113,DepthHigh,DepthHigh,DepthHigh--DepthHigh,8,0.22974692399851587,8.125198797761129e-05,0.00331029961448753
1661,5288,30,54,30,54,DepthLow,DepthLow,DepthLow--DepthLow,6,0.16620215846717729,8.12482047586947e-05,0.0033101454817895766
1662,4389,24,130,24,130,DepthMid,DepthMid,DepthMid--DepthMid,9,0.2326780477042634,8.123802253065646e-05,0.003309730646086616
1663,4791,27,40,27,40,DepthLow,DepthHigh,DepthHigh--DepthLow,8,0.21595621574458215,8.122724672202152e-05,0.0033092916272261805
1664,16369,130,185,130,185,DepthMid,DepthMid,DepthMid--DepthMid,10,0.2853571453922282,8.122487969992383e-05,0.003309195192018471
1665,14354,103,141,103,141,DepthMid,DepthMid,DepthMid--DepthMid,9,0.25795838541949506,8.121865970085935e-05,0.0033089417820894615
1666,6684,39,55,39,55,DepthMid,DepthLow,DepthLow--DepthMid,4,0.12888629678738134,8.12048744529498e-05,0.0033083801552052905
1667,16451,132,150,132,150,DepthMid,DepthLow,DepthLow--DepthMid,4,0.1327235874918171,8.119451700434891e-05,0.0033079581808147063
1668,7426,44,57,44,57,DepthLow,DepthHigh,DepthHigh--DepthLow,2,0.07669077020863498,8.11888231414981e-05,0.0033077262062812932
1669,9559,59,120,59,120,DepthMid,DepthHigh,DepthHigh--DepthMid,7,0.1964995934156897,8.11796709514181e-05,0.003307353335511634
1670,7747,46,89,46,89,DepthLow,DepthMid,DepthLow--DepthMid,9,0.23545810158314817,8.116311931829246e-05,0.003306679002906135
1671,7266,42,190,42,190,DepthHigh,DepthHigh,DepthHigh--DepthHigh,5,0.15719843176186188,8.115714850693759e-05,0.003306435745171547
1672,4236,23,143,23,143,DepthHigh,DepthHigh,DepthHigh--DepthHigh,10,0.5188011714177758,8.11365150310749e-05,0.003305595113589552
1673,13659,95,170,95,170,DepthLow,DepthHigh,DepthHigh--DepthLow,9,0.2650175107031706,8.112592636919601e-05,0.003305163719303602
1674,6940,40,161,40,161,DepthHigh,DepthMid,DepthHigh--DepthMid,9,0.24165631480251648,8.111537905932693e-05,0.0033047340097461806
1675,10900,70,86,70,86,DepthLow,DepthMid,DepthLow--DepthMid,9,0.23229643476725784,8.110813600719036e-05,0.0033044389194561803
1676,7681,45,167,45,167,DepthHigh,DepthMid,DepthHigh--DepthMid,10,0.2860650866546585,8.110213078393652e-05,0.003304194259741177
1677,11605,76,92,76,92,DepthLow,DepthMid,DepthLow--DepthMid,4,0.13757325907815804,8.11013446204898e-05,0.0033041622305364842
1678,1036,5,102,5,102,DepthLow,DepthHigh,DepthHigh--DepthLow,7,0.18249158190902476,8.10716184609871e-05,0.0033029511525457635
1679,4105,22,179,22,179,DepthHigh,DepthLow,DepthHigh--DepthLow,4,0.1302327106436906,8.105560634164965e-05,0.003302298800353661
1680,8703,53,65,53,65,DepthHigh,DepthMid,DepthHigh--DepthMid,6,0.16727493856472256,8.105017896841412e-05,0.0033020776829142426
1681,1083,5,149,5,149,DepthLow,DepthLow,DepthLow--DepthLow,10,0.3324872872468086,8.104319891241009e-05,0.0033017933073897247
1682,9459,58,151,58,151,DepthLow,DepthMid,DepthLow--DepthMid,6,0.16902403248133563,8.103371828690395e-05,0.0033014070557823585
1683,12356,82,180,82,180,DepthLow,DepthLow,DepthLow--DepthLow,8,0.22554765522498474,8.10125857534479e-05,0.003300546092018961
1684,8113,48,170,48,170,DepthLow,DepthHigh,DepthHigh--DepthLow,9,0.23309969142736467,8.10041172007955e-05,0.0033002010734258375
1685,14441,104,142,104,142,DepthMid,DepthHigh,DepthHigh--DepthMid,3,0.11731990515016216,8.100244069378312e-05,0.0033001327705983637
1686,6635,38,157,38,157,DepthHigh,DepthMid,DepthHigh--DepthMid,8,0.22672923239196022,8.099750798522226e-05,0.003299931806367779
1687,5023,28,110,28,110,DepthLow,DepthMid,DepthLow--DepthMid,6,0.16144651005751823,8.099038341567982e-05,0.0032996415431951875
1688,722,3,159,3,159,DepthMid,DepthMid,DepthMid--DepthMid,7,0.19580095242371853,8.098847408112611e-05,0.0032995637547054
1689,7396,43,173,43,173,DepthHigh,DepthLow,DepthHigh--DepthLow,4,0.1280026097991951,8.098767693141875e-05,0.0032995312779077893
1690,4322,24,63,24,63,DepthMid,DepthMid,DepthMid--DepthMid,10,0.30932997624046693,8.098540545821587e-05,0.003299438735472152
1691,9604,59,165,59,165,DepthMid,DepthLow,DepthLow--DepthMid,4,0.14079032642046435,8.098308906560966e-05,0.003299344362968264
1692,11180,72,129,72,129,DepthLow,DepthMid,DepthLow--DepthMid,9,0.23301895812463722,8.098038777591404e-05,0.003299234309313448
1693,3572,19,153,19,153,DepthLow,DepthHigh,DepthHigh--DepthLow,6,0.17715146984987165,8.097937263438668e-05,0.0032991929512779052
1694,11211,72,160,72,160,DepthLow,DepthMid,DepthLow--DepthMid,6,0.17133991817647037,8.097919450859128e-05,0.0032991856942277517
1695,5246,29,172,29,172,DepthLow,DepthLow,DepthLow--DepthLow,3,0.11229005584767382,8.096466106557501e-05,0.003298593585012809
1696,6582,38,104,38,104,DepthHigh,DepthMid,DepthHigh--DepthMid,4,0.139989581168606,8.096350156673616e-05,0.003298546345694058
1697,16621,135,152,135,152,DepthHigh,DepthMid,DepthHigh--DepthMid,5,0.15593394823150494,8.093642979930319e-05,0.003297443410694836
1698,13033,89,129,89,129,DepthMid,DepthMid,DepthMid--DepthMid,10,0.3751351408853401,8.089675694871416e-05,0.0032958270930479785
1699,7905,47,104,47,104,DepthLow,DepthMid,DepthLow--DepthMid,7,0.19490399213357607,8.089447984130469e-05,0.0032957343210682725
1700,11469,74,185,74,185,DepthLow,DepthMid,DepthLow--DepthMid,7,0.19979565716918987,8.088713907044849e-05,0.0032954352496050365
1701,17412,152,161,152,161,DepthMid,DepthMid,DepthMid--DepthMid,10,0.3305733612159841,8.08841256775909e-05,0.003295312480507774
1702,5253,29,179,29,179,DepthLow,DepthLow,DepthLow--DepthLow,2,0.097743607902603,8.08831559861144e-05,0.003295272974159674
1703,16450,132,149,132,149,DepthMid,DepthLow,DepthLow--DepthMid,4,0.12865342150666886,8.087486660100778e-05,0.0032949352550588154
1704,15288,114,184,114,184,DepthLow,DepthMid,DepthLow--DepthMid,10,0.34227161975971176,8.084631703631019e-05,0.0032937721128962105
1705,16822,139,143,139,143,DepthMid,DepthHigh,DepthHigh--DepthMid,7,0.1820224521443772,8.084181013955542e-05,0.0032935884967292568
1706,6786,39,157,39,157,DepthMid,DepthMid,DepthMid--DepthMid,7,0.19188726552579916,8.084104707463486e-05,0.0032935574085851357
1707,7965,47,164,47,164,DepthLow,DepthMid,DepthLow--DepthMid,8,0.23077719798110705,8.083353748059862e-05,0.003293251459071015
1708,5188,29,114,29,114,DepthLow,DepthLow,DepthLow--DepthLow,10,0.2818232761184441,8.082184962629295e-05,0.0032927752824190304
1709,8145,49,61,49,61,DepthLow,DepthMid,DepthLow--DepthMid,10,0.2872814129128477,8.081995855031634e-05,0.003292698237804712
1710,14676,107,125,107,125,DepthMid,DepthHigh,DepthHigh--DepthMid,4,0.13964041557259554,8.0816752467181e-05,0.003292567618283503
1711,9762,61,64,61,64,DepthMid,DepthMid,DepthMid--DepthMid,10,0.5955316667310817,8.081497982561343e-05,0.003292495398823477
1712,13808,97,132,97,132,DepthHigh,DepthMid,DepthHigh--DepthMid,3,0.12105246524443038,8.078650916501757e-05,0.0032913354713048956
1713,10842,69,148,69,148,DepthLow,DepthLow,DepthLow--DepthLow,8,0.21901169033049306,8.078347997262263e-05,0.0032912120585162764
1714,8660,52,159,52,159,DepthHigh,DepthMid,DepthHigh--DepthMid,5,0.15545831815224498,8.077862106609981e-05,0.0032910141010657613
1715,5608,32,57,32,57,DepthHigh,DepthHigh,DepthHigh--DepthHigh,5,0.14772177852201107,8.077208333526965e-05,0.0032907477463785056
1716,15040,111,167,111,167,DepthMid,DepthMid,DepthMid--DepthMid,3,0.11361268027398262,8.075313887948844e-05,0.003289975927420839
1717,14421,104,122,104,122,DepthMid,DepthHigh,DepthHigh--DepthMid,6,0.17471431653799005,8.074223602896495e-05,0.0032895317327274773
1718,2682,14,128,14,128,DepthHigh,DepthMid,DepthHigh--DepthMid,8,0.20708272878288236,8.073113462143261e-05,0.003289079448592784
1719,11963,79,114,79,114,DepthLow,DepthLow,DepthLow--DepthLow,10,0.5233463531662134,8.068800462341527e-05,0.0032873222827761277
1720,5689,32,138,32,138,DepthHigh,DepthHigh,DepthHigh--DepthHigh,6,0.16206859667860554,8.068322035268873e-05,0.0032871273660739536
1721,1312,7,11,7,11,DepthLow,DepthHigh,DepthHigh--DepthLow,6,0.16149634448467198,8.067959021660702e-05,0.0032869794701470855
1722,13241,91,138,91,138,DepthLow,DepthHigh,DepthHigh--DepthLow,7,0.19242445821449294,8.065550654572815e-05,0.003285998273644574
1723,14631,106,163,106,163,DepthMid,DepthMid,DepthMid--DepthMid,6,0.16198140146191795,8.065460068261441e-05,0.0032859613677375206
1724,3905,21,147,21,147,DepthHigh,DepthLow,DepthHigh--DepthLow,8,0.21625546395797055,8.065148432057606e-05,0.0032858344035571856
1725,8681,52,180,52,180,DepthHigh,DepthLow,DepthHigh--DepthLow,7,0.18460655816843963,8.064898519765981e-05,0.003285732586409912
1726,17776,163,173,163,173,DepthMid,DepthLow,DepthLow--DepthMid,6,0.1752087798718022,8.063742236087424e-05,0.0032852615031157503
1727,917,4,168,4,168,DepthHigh,DepthHigh,DepthHigh--DepthHigh,7,0.19556273546091238,8.06178893461103e-05,0.003284465705586948
1728,12315,82,139,82,139,DepthLow,DepthMid,DepthLow--DepthMid,10,0.3250392523311974,8.060855546370705e-05,0.003284085432462681
1729,4372,24,113,24,113,DepthMid,DepthHigh,DepthHigh--DepthMid,9,0.2402829662593122,8.060824030077347e-05,0.003284072592361614
1730,15135,112,184,112,184,DepthHigh,DepthMid,DepthHigh--DepthMid,6,0.16743798606807192,8.060473007130169e-05,0.003283929581568199
1731,4845,27,94,27,94,DepthLow,DepthLow,DepthLow--DepthLow,9,0.2688273881433773,8.059782990621646e-05,0.0032836484608917697
1732,13034,89,130,89,130,DepthMid,DepthMid,DepthMid--DepthMid,10,0.3643020883524912,8.059628442725644e-05,0.0032835854962981284
1733,18003,173,185,173,185,DepthLow,DepthMid,DepthLow--DepthMid,7,0.19242048068603204,8.058589196157756e-05,0.0032831620952714375
1734,3097,17,21,17,21,DepthHigh,DepthHigh,DepthHigh--DepthHigh,9,0.26567851584482216,8.058482797607368e-05,0.00328311874727601
1735,17197,146,189,146,189,DepthLow,DepthHigh,DepthHigh--DepthLow,9,0.2609292383041498,8.057652969816936e-05,0.0032827806658723264
1736,15993,124,184,124,184,DepthHigh,DepthMid,DepthHigh--DepthMid,3,0.1105689057851169,8.05745223020712e-05,0.003282698882242224
1737,7865,47,64,47,64,DepthLow,DepthMid,DepthLow--DepthMid,7,0.18253719748591804,8.05305800592137e-05,0.0032809086246348533
1738,5334,30,100,30,100,DepthLow,DepthMid,DepthLow--DepthMid,9,0.24970773206896968,8.052222432814005e-05,0.0032805682025228494
1739,3749,20,160,20,160,DepthHigh,DepthMid,DepthHigh--DepthMid,8,0.2164048202488761,8.050003387709947e-05,0.003279664137978051
1740,9096,55,187,55,187,DepthLow,DepthMid,DepthLow--DepthMid,4,0.12994464520935367,8.049971447588974e-05,0.00327965112520473
1741,13157,90,153,90,153,DepthMid,DepthHigh,DepthHigh--DepthMid,10,0.2742119704881968,8.049857731102741e-05,0.003279604795797917
1742,5934,34,70,34,70,DepthHigh,DepthLow,DepthHigh--DepthLow,4,0.13973632443756667,8.049473156143829e-05,0.003279448115528312
1743,17723,161,175,161,175,DepthMid,DepthLow,DepthLow--DepthMid,9,0.23551414541914553,8.049460695549745e-05,0.0032794430389387025
1744,12964,88,161,88,161,DepthLow,DepthMid,DepthLow--DepthMid,8,0.22271438784181158,8.048421964293846e-05,0.0032790198478560542
1745,5493,31,100,31,100,DepthLow,DepthMid,DepthLow--DepthMid,8,0.21860044900499484,8.047840263831676e-05,0.003278782856385002
1746,14300,102,174,102,174,DepthHigh,DepthLow,DepthHigh--DepthLow,9,0.23667845354454053,8.04693930428406e-05,0.003278415795083811
1747,11166,72,115,72,115,DepthLow,DepthLow,DepthLow--DepthLow,9,0.25524199243220386,8.046919899861234e-05,0.00327840788949836
1748,17671,159,182,159,182,DepthMid,DepthMid,DepthMid--DepthMid,4,0.138802350256997,8.045764919764426e-05,0.0032779373372984243
1749,2649,14,95,14,95,DepthHigh,DepthLow,DepthHigh--DepthLow,5,0.14465237258743155,8.045488715104002e-05,0.0032778248083371424
1750,13051,89,147,89,147,DepthMid,DepthLow,DepthLow--DepthMid,8,0.22708563132160756,8.045000423951806e-05,0.0032776258728953018
1751,15349,115,170,115,170,DepthLow,DepthHigh,DepthHigh--DepthLow,9,0.2596579186802529,8.042715771740601e-05,0.0032766950792590807
1752,9465,58,157,58,157,DepthLow,DepthMid,DepthLow--DepthMid,4,0.12308821047782546,8.041840838195412e-05,0.0032763386212511683
1753,3407,18,159,18,159,DepthHigh,DepthMid,DepthHigh--DepthMid,9,0.23514435862158004,8.041243764170613e-05,0.0032760953664135567
1754,4362,24,103,24,103,DepthMid,DepthMid,DepthMid--DepthMid,8,0.2170014151329467,8.040953056368547e-05,0.003275976928705254
1755,7671,45,157,45,157,DepthHigh,DepthMid,DepthHigh--DepthMid,8,0.2231663612322756,8.039122751790939e-05,0.0032752312415302745
1756,5486,31,93,31,93,DepthLow,DepthLow,DepthLow--DepthLow,10,0.4920589719215016,8.038445366535305e-05,0.0032749552669718183
1757,11374,74,90,74,90,DepthLow,DepthMid,DepthLow--DepthMid,8,0.22616897891848683,8.03668383604978e-05,0.0032742375991544168
1758,17192,146,184,146,184,DepthLow,DepthMid,DepthLow--DepthMid,5,0.14852029328322947,8.036330540874055e-05,0.0032740936626289097
1759,7948,47,147,47,147,DepthLow,DepthLow,DepthLow--DepthLow,10,0.3692882953782564,8.035705623094685e-05,0.0032738390639248504
1760,12968,88,165,88,165,DepthLow,DepthLow,DepthLow--DepthLow,4,0.13601300740059055,8.03479427040284e-05,0.003273467768336943
1761,9489,58,181,58,181,DepthLow,DepthLow,DepthLow--DepthLow,9,0.24039013478442478,8.034374958751565e-05,0.0032732969359386085
1762,5498,31,105,31,105,DepthLow,DepthHigh,DepthHigh--DepthLow,8,0.21864223366710156,8.03401496691601e-05,0.0032731502711167235
1763,7000,41,72,41,72,DepthHigh,DepthLow,DepthHigh--DepthLow,4,0.13221479053294843,8.032990230943418e-05,0.003272732781873758
1764,17974,172,173,172,173,DepthLow,DepthLow,DepthLow--DepthLow,10,0.7462848587222718,8.02984919031746e-05,0.003271453085729454
1765,6757,39,128,39,128,DepthMid,DepthMid,DepthMid--DepthMid,6,0.1744866690928258,8.029600663440626e-05,0.003271351833016129
1766,17423,152,172,152,172,DepthMid,DepthLow,DepthLow--DepthMid,10,0.27285508599266844,8.028961372566045e-05,0.003271091378547464
1767,14590,106,122,106,122,DepthMid,DepthHigh,DepthHigh--DepthMid,5,0.15008069601353854,8.027582538845008e-05,0.0032705296258016174
1768,2726,14,172,14,172,DepthHigh,DepthLow,DepthHigh--DepthLow,4,0.1405179883170824,8.027499442737607e-05,0.0032704957714899704
1769,12948,88,145,88,145,DepthLow,DepthLow,DepthLow--DepthLow,9,0.23698732183705787,8.02661598119177e-05,0.0032701358390763284
1770,15123,112,172,112,172,DepthHigh,DepthLow,DepthHigh--DepthLow,4,0.13296205291867236,8.026157780365937e-05,0.0032699491627801703
1771,11470,74,186,74,186,DepthLow,DepthHigh,DepthHigh--DepthLow,5,0.15533642945326762,8.026115233339288e-05,0.003269931828631257
1772,7491,44,122,44,122,DepthLow,DepthHigh,DepthHigh--DepthLow,2,0.09348537218535737,8.025903544756912e-05,0.0032698455842635715
1773,15553,118,155,118,155,DepthLow,DepthMid,DepthLow--DepthMid,8,0.22349729762981863,8.025855540137337e-05,0.003269826026628414
1774,14370,103,157,103,157,DepthMid,DepthMid,DepthMid--DepthMid,6,0.1800154717147762,8.024604192619474e-05,0.003269316213230726
1775,7814,46,156,46,156,DepthLow,DepthMid,DepthLow--DepthMid,1,-0.04073947381171428,8.023815793623186e-05,0.003268995010395148
1776,7873,47,72,47,72,DepthLow,DepthLow,DepthLow--DepthLow,1,0.07131313430715254,8.023389866986029e-05,0.0032688214829753428
1777,16980,142,154,142,154,DepthHigh,DepthHigh,DepthHigh--DepthHigh,10,0.33127818746143567,8.022449063043473e-05,0.003268438188608538
1778,12805,87,104,87,104,DepthMid,DepthMid,DepthMid--DepthMid,5,0.14537807993560767,8.021142713571187e-05,0.0032679059667808474
1779,1786,9,122,9,122,DepthMid,DepthHigh,DepthHigh--DepthMid,2,0.0879117079679071,8.019195591655443e-05,0.0032671126868762594
1780,5044,28,131,28,131,DepthLow,DepthMid,DepthLow--DepthMid,8,0.21266344134698542,8.017481423206886e-05,0.0032664143148984576
1781,11325,73,157,73,157,DepthLow,DepthMid,DepthLow--DepthMid,10,0.28168654266905213,8.016674995047964e-05,0.003266085766774278
1782,13433,93,135,93,135,DepthLow,DepthHigh,DepthHigh--DepthLow,4,0.1370201223653545,8.016584059897731e-05,0.0032660487187462536
1783,10052,63,99,63,99,DepthMid,DepthMid,DepthMid--DepthMid,9,0.2358247090083503,8.01614084659793e-05,0.0032658681485408982
1784,9540,59,101,59,101,DepthMid,DepthHigh,DepthHigh--DepthMid,9,0.24696088106828643,8.01433577943762e-05,0.003265132743380529
1785,1093,5,159,5,159,DepthLow,DepthMid,DepthLow--DepthMid,4,0.13456883263624678,8.012781384286468e-05,0.003264499464885111
1786,5209,29,135,29,135,DepthLow,DepthHigh,DepthHigh--DepthLow,3,0.11892130498279141,8.01263375119248e-05,0.0032644393174614877
1787,11386,74,102,74,102,DepthLow,DepthHigh,DepthHigh--DepthLow,9,0.23396384347424018,8.010984791707552e-05,0.003263767512366852
1788,6234,36,61,36,61,DepthHigh,DepthMid,DepthHigh--DepthMid,9,0.2436720692456136,8.010495678260311e-05,0.0032635682419125357
1789,892,4,143,4,143,DepthHigh,DepthHigh,DepthHigh--DepthHigh,5,0.15133867893240593,8.009860710741307e-05,0.0032633095488287488
1790,4535,25,111,25,111,DepthMid,DepthMid,DepthMid--DepthMid,5,0.1447166554499134,8.007469129064618e-05,0.0032623351908961725
1791,16194,128,131,128,131,DepthMid,DepthMid,DepthMid--DepthMid,10,0.36791812595935447,8.007333074722726e-05,0.0032622797607895714
1792,13326,92,125,92,125,DepthMid,DepthHigh,DepthHigh--DepthMid,7,0.18352018231480316,8.006883058732501e-05,0.0032620964190897515
1793,16192,128,129,128,129,DepthMid,DepthMid,DepthMid--DepthMid,10,0.7198813787272813,8.005285436438193e-05,0.003261445529358118
1794,7753,46,95,46,95,DepthLow,DepthLow,DepthLow--DepthLow,10,0.3057654271715018,8.004705356597905e-05,0.003261209198147095
1795,17877,167,176,167,176,DepthMid,DepthLow,DepthLow--DepthMid,9,0.26810854677106155,8.004504593817214e-05,0.003261127405076911
1796,9828,61,130,61,130,DepthMid,DepthMid,DepthMid--DepthMid,10,0.5963912075965597,8.00364619401718e-05,0.0032607776831072885
1797,9900,62,74,62,74,DepthLow,DepthLow,DepthLow--DepthLow,10,0.3791759079363852,8.002812240134108e-05,0.003260437920685919
1798,12597,85,103,85,103,DepthLow,DepthMid,DepthLow--DepthMid,6,0.1656839461661292,8.002658560784199e-05,0.003260375309947964
1799,5812,33,104,33,104,DepthHigh,DepthMid,DepthHigh--DepthMid,6,0.16963796852115332,8.00261369616017e-05,0.0032603570315831725
1800,5183,29,109,29,109,DepthLow,DepthMid,DepthLow--DepthMid,6,0.1614782648840217,8.002537356265434e-05,0.0032603259298304155
1801,1621,8,138,8,138,DepthLow,DepthHigh,DepthHigh--DepthLow,7,0.19511473885621278,8.002205038832416e-05,0.0032601905398790074
1802,17223,147,172,147,172,DepthLow,DepthLow,DepthLow--DepthLow,8,0.22292797529185088,8.000495669234504e-05,0.003259494123008254
1803,17174,146,166,146,166,DepthLow,DepthLow,DepthLow--DepthLow,3,0.11073497922271171,7.998551901909853e-05,0.0032587022098027317
1804,13613,95,124,95,124,DepthLow,DepthHigh,DepthHigh--DepthLow,8,0.20779676897206198,7.996335634414604e-05,0.003257799276887767
1805,2617,14,63,14,63,DepthHigh,DepthMid,DepthHigh--DepthMid,9,0.24503807781035383,7.995977493780135e-05,0.003257653366266535
1806,18061,177,185,177,185,DepthHigh,DepthMid,DepthHigh--DepthMid,2,0.09099925885753678,7.994927520231893e-05,0.0032572255949444447
1807,11664,76,151,76,151,DepthLow,DepthMid,DepthLow--DepthMid,10,0.3111281535437113,7.991868991032832e-05,0.0032559795149062136
1808,4289,24,30,24,30,DepthMid,DepthLow,DepthLow--DepthMid,10,0.2898794725544439,7.990623861888433e-05,0.003255472234945528
1809,8809,53,171,53,171,DepthHigh,DepthLow,DepthHigh--DepthLow,10,0.29823254007177924,7.990230421737016e-05,0.0032553119428943454
1810,4794,27,43,27,43,DepthLow,DepthHigh,DepthHigh--DepthLow,10,0.27953245991126646,7.990040580708399e-05,0.0032552345994718043
1811,5876,33,168,33,168,DepthHigh,DepthHigh,DepthHigh--DepthHigh,8,0.21525402030182444,7.98852087455124e-05,0.0032546154536722497
1812,7851,47,50,47,50,DepthLow,DepthLow,DepthLow--DepthLow,10,0.32934924069362587,7.986231338150033e-05,0.003253682670160743
1813,10731,68,158,68,158,DepthLow,DepthMid,DepthLow--DepthMid,9,0.2329866257046275,7.985379728072467e-05,0.0032533357144022895
1814,17581,156,188,156,188,DepthMid,DepthMid,DepthMid--DepthMid,8,0.21051300529182587,7.984824347270479e-05,0.0032531094458640697
1815,9738,60,169,60,169,DepthMid,DepthLow,DepthLow--DepthMid,10,0.3152498048710257,7.984784017959703e-05,0.003253093015238157
