Mouse_ID,Class_ID,Class_Name,RR_Union_Position,Neuron_Index,Pattern_Value
M78_1017,1,Convergent,0,0,0.017332946365687673
M78_1017,1,Convergent,1,1,0.006438070330423889
M78_1017,1,Convergent,2,2,0.002061351618864631
M78_1017,1,Convergent,3,3,0.007774479707694371
M78_1017,1,Convergent,4,4,0.0021163568980014525
M78_1017,1,Convergent,5,5,0.0038864439666662135
M78_1017,1,Convergent,6,6,0.0024976891775925956
M78_1017,1,Convergent,7,7,0.02611904231440506
M78_1017,1,Convergent,8,8,0.026291737634757603
M78_1017,1,Convergent,9,9,0.015051775162085246
M78_1017,1,Convergent,10,10,0.017606202329014553
M78_1017,1,Convergent,11,11,0.0017053073640038937
M78_1017,1,Convergent,12,12,0.01869966103522866
M78_1017,1,Convergent,13,13,0.020031165553653543
M78_1017,1,Convergent,14,14,0.02083521516257782
M78_1017,1,Convergent,15,15,0.04216500653013627
M78_1017,1,Convergent,16,16,0.041782232142272
M78_1017,1,Convergent,17,17,0.003967905752677011
M78_1017,1,Convergent,18,18,0.029013118773654253
M78_1017,1,Convergent,19,19,0.0291047181436838
M78_1017,1,Convergent,20,20,0.018009591615905433
M78_1017,1,Convergent,21,21,0.028808683492200175
M78_1017,1,Convergent,22,22,0.02619661666441387
M78_1017,1,Convergent,23,23,0.010716928160148615
M78_1017,1,Convergent,24,24,0.009372373010580899
M78_1017,1,Convergent,25,25,0.025374990807455262
M78_1017,1,Convergent,26,26,0.04482434796964186
M78_1017,1,Convergent,27,27,0.004258883792194136
M78_1017,1,Convergent,28,28,0.05672356940483973
M78_1017,1,Convergent,29,29,0.05550146516538972
M78_1017,1,Convergent,30,30,0.03965742096274712
M78_1017,1,Convergent,31,31,0.008781304407611858
M78_1017,1,Convergent,32,32,0.0036909756563994803
M78_1017,1,Convergent,33,33,0.0033709726348105404
M78_1017,1,Convergent,34,34,0.02114871645671097
M78_1017,1,Convergent,35,35,0.02741957574588373
M78_1017,1,Convergent,36,36,0.013656966271810234
M78_1017,1,Convergent,37,37,0.0053649590893959
M78_1017,1,Convergent,38,38,0.0019502008544355861
M78_1017,1,Convergent,39,39,0.020800422366857987
M78_1017,1,Convergent,40,40,0.022743062564620265
M78_1017,1,Convergent,41,41,0.010289361042884627
M78_1017,1,Convergent,42,42,0.0067630554175717224
M78_1017,1,Convergent,43,43,0.007344050031086361
M78_1017,1,Convergent,44,44,0.004466362122193347
M78_1017,1,Convergent,45,45,0.004588914810921307
M78_1017,1,Convergent,46,46,0.0030381289500467203
M78_1017,1,Convergent,47,47,0.01490146902470309
M78_1017,1,Convergent,48,48,0.05186922344620581
M78_1017,1,Convergent,49,49,0.013975142447757938
M78_1017,1,Convergent,50,50,0.025963313051177488
M78_1017,1,Convergent,51,51,0.0022146514944594215
M78_1017,1,Convergent,52,52,0.0471169917533795
M78_1017,1,Convergent,53,53,0.04468609788742514
M78_1017,1,Convergent,54,54,0.014106264820805303
M78_1017,1,Convergent,55,55,0.011198227955632049
M78_1017,1,Convergent,56,56,0.0044647639884647945
M78_1017,1,Convergent,57,57,0.001062451490994405
M78_1017,1,Convergent,58,58,0.005579551466292253
M78_1017,1,Convergent,59,59,0.006714355976631244
M78_1017,1,Convergent,60,60,0.010720028618155162
M78_1017,1,Convergent,61,61,0.0
M78_1017,1,Convergent,62,62,0.01694215420794524
M78_1017,1,Convergent,63,63,0.04702163889305666
M78_1017,1,Convergent,64,64,0.016773666860248296
M78_1017,1,Convergent,65,65,0.007043854323040441
M78_1017,1,Convergent,66,66,0.02087028135896235
M78_1017,1,Convergent,67,67,0.006109405529665916
M78_1017,1,Convergent,68,68,0.010919517979750203
M78_1017,1,Convergent,69,69,0.010708413291681216
M78_1017,1,Convergent,70,70,0.0015992001669170957
M78_1017,1,Convergent,71,71,0.0030651232996599083
M78_1017,1,Convergent,72,72,0.00038602966028351886
M78_1017,1,Convergent,73,73,0.0013688483036893568
M78_1017,1,Convergent,74,74,0.005315112536428151
M78_1017,1,Convergent,75,75,0.00759338872398704
M78_1017,1,Convergent,76,76,0.008809020651510147
M78_1017,1,Convergent,77,77,0.003726561901225697
M78_1017,1,Convergent,78,78,0.005687790415479721
M78_1017,1,Convergent,79,79,0.005463046964579894
M78_1017,1,Convergent,80,80,0.0040110064870577285
M78_1017,1,Convergent,81,81,0.004324622385036458
M78_1017,1,Convergent,82,82,0.0024970589952261683
M78_1017,1,Convergent,83,83,0.013625380825280085
M78_1017,1,Convergent,84,84,0.0062109306296563626
M78_1017,1,Convergent,85,85,0.0086702201835219
M78_1017,1,Convergent,86,86,0.008224725052800582
M78_1017,1,Convergent,87,87,0.005212328940009077
M78_1017,1,Convergent,88,88,0.005740118109517627
M78_1017,1,Convergent,89,89,0.005089015058920156
M78_1017,1,Convergent,90,90,0.0443171395138366
M78_1017,1,Convergent,91,91,0.04006739228067023
M78_1017,1,Convergent,92,92,0.01486502133919225
M78_1017,1,Convergent,93,93,0.02275051782572395
M78_1017,1,Convergent,94,94,0.003686590900969473
M78_1017,1,Convergent,95,95,0.003332348523178586
M78_1017,1,Convergent,96,96,0.0037137249320814453
M78_1017,1,Convergent,97,97,0.016467200330854536
M78_1017,1,Convergent,98,98,0.006725271873429049
M78_1017,1,Convergent,99,99,0.0026793240879972777
M78_1017,1,Convergent,100,100,0.005605380778074449
M78_1017,1,Convergent,101,101,0.0061397333658173864
M78_1017,1,Convergent,102,102,0.00347424438510688
M78_1017,1,Convergent,103,103,0.01053033207318987
M78_1017,1,Convergent,104,104,0.00518836984683955
M78_1017,1,Convergent,105,105,0.005722522692478917
M78_1017,1,Convergent,106,106,0.006340140906239093
M78_1017,1,Convergent,107,107,0.005872509271599192
M78_1017,1,Convergent,108,108,0.005180997741487694
M78_1017,1,Convergent,109,109,0.011090169654279534
M78_1017,1,Convergent,110,110,0.004032495187992161
M78_1017,1,Convergent,111,111,0.00678966459631345
M78_1017,1,Convergent,112,112,0.0052861588472431454
M78_1017,1,Convergent,113,113,0.008010998689842605
M78_1017,1,Convergent,114,114,0.005409536568482441
M78_1017,1,Convergent,115,115,0.012622282335306172
M78_1017,1,Convergent,116,116,0.009829378287925206
M78_1017,1,Convergent,117,117,0.008625299701241512
M78_1017,1,Convergent,118,118,0.004743988433116932
M78_1017,1,Convergent,119,119,0.008410545985823796
M78_1017,1,Convergent,120,120,0.007553842186390273
M78_1017,1,Convergent,121,121,0.005423894394756824
M78_1017,1,Convergent,122,122,0.005310625819860164
M78_1017,1,Convergent,123,123,0.010292845300289538
M78_1017,1,Convergent,124,124,0.005658643931742573
M78_1017,1,Convergent,125,125,0.009546482556838726
M78_1017,1,Convergent,126,126,0.01639609291889406
M78_1017,1,Convergent,127,127,0.014837021802919974
M78_1017,1,Convergent,128,128,0.009562546697755655
M78_1017,1,Convergent,129,129,0.009775221229776636
M78_1017,1,Convergent,130,130,0.002932122969255426
M78_1017,1,Convergent,131,131,0.006134880120279612
M78_1017,1,Convergent,132,132,0.013054084558080145
M78_1017,1,Convergent,133,133,0.009460065385217514
M78_1017,1,Convergent,134,134,0.017961220703674136
M78_1017,1,Convergent,135,135,0.010196454270403648
M78_1017,1,Convergent,136,136,0.0060753559129223525
M78_1017,1,Convergent,137,137,0.004765266439026613
M78_1017,1,Convergent,138,138,0.02348742200321098
M78_1017,1,Convergent,139,139,0.03142663640104684
M78_1017,1,Convergent,140,140,0.021572275177513128
M78_1017,1,Convergent,141,141,0.008048308185405202
M78_1017,1,Convergent,142,142,0.004863347920889529
M78_1017,1,Convergent,143,143,0.025851549320195996
M78_1017,1,Convergent,144,144,0.039699573050587966
M78_1017,1,Convergent,145,145,0.15280014142123868
M78_1017,1,Convergent,146,146,0.004951663534473168
M78_1017,1,Convergent,147,147,0.023718312716134535
M78_1017,1,Convergent,148,148,0.02369159926196135
M78_1017,1,Convergent,149,149,0.009401430327726964
M78_1017,1,Convergent,150,150,0.004408970336145204
M78_1017,1,Convergent,151,151,0.0056375470558572335
M78_1017,1,Convergent,152,152,0.008973242669369174
M78_1017,1,Convergent,153,153,0.009129207988016676
M78_1017,1,Convergent,154,154,0.021982191910887825
M78_1017,1,Convergent,155,155,0.03452960937858823
M78_1017,1,Convergent,156,156,0.01884959913652971
M78_1017,1,Convergent,157,157,0.03113172900572672
M78_1017,1,Convergent,158,158,0.005482765531201882
M78_1017,1,Convergent,159,159,0.021454006261019794
M78_1017,1,Convergent,160,160,0.1007068736247293
M78_1017,1,Convergent,161,161,0.012572152217879553
M78_1017,1,Convergent,162,162,0.005826391219333918
M78_1017,1,Convergent,163,163,0.04139716373425966
M78_1017,1,Convergent,164,164,0.20779940911157654
M78_1017,1,Convergent,165,165,0.023836797020555456
M78_1017,1,Convergent,166,166,0.06625981456715108
M78_1017,1,Convergent,167,167,0.02721456048787747
M78_1017,1,Convergent,168,168,0.00915446141251452
M78_1017,1,Convergent,169,169,0.007013555854719914
M78_1017,1,Convergent,170,170,0.0046618642705136245
M78_1017,1,Convergent,171,171,0.0035808145400585125
M78_1017,1,Convergent,172,172,0.0032544522395322995
M78_1017,1,Convergent,173,173,0.0034948289396175194
M78_1017,1,Convergent,174,174,0.006681820026305677
M78_1017,1,Convergent,175,175,0.006162864245534702
M78_1017,1,Convergent,176,176,0.005610901707162459
M78_1017,1,Convergent,177,177,0.004142588590858159
M78_1017,1,Convergent,178,178,0.007693713201503816
M78_1017,1,Convergent,179,179,0.0068088454093042485
M78_1017,1,Convergent,180,180,0.001404009907460415
M78_1017,1,Convergent,181,181,0.026094032744704572
M78_1017,1,Convergent,182,182,0.004065100414551619
M78_1017,1,Convergent,183,183,0.04272725851451806
M78_1017,1,Convergent,184,184,0.015434987082025382
M78_1017,1,Convergent,185,185,0.005544678555182785
M78_1017,1,Convergent,186,186,0.1363311440649408
M78_1017,1,Convergent,187,187,0.006998719365830406
M78_1017,1,Convergent,188,188,0.006598766156569997
M78_1017,1,Convergent,189,189,0.0017912485104997033
M78_1017,1,Convergent,190,190,0.004825144337330669
M78_1017,1,Convergent,191,191,0.005567194834839029
M78_1017,1,Convergent,192,192,0.012765982878602105
M78_1017,1,Convergent,193,193,0.0032538228756661906
M78_1017,1,Convergent,194,194,0.0021693735228230557
M78_1017,1,Convergent,195,195,0.0056312979288100275
M78_1017,1,Convergent,196,196,0.006316934944163536
M78_1017,1,Convergent,197,197,0.00508229310170138
M78_1017,1,Convergent,198,198,0.0038995119171033117
M78_1017,1,Convergent,199,199,0.00430578308361065
M78_1017,1,Convergent,200,200,0.00835096227626904
M78_1017,1,Convergent,201,201,0.0035847861234984003
M78_1017,1,Convergent,202,202,0.004319012211240472
M78_1017,1,Convergent,203,203,0.005253052522922739
M78_1017,1,Convergent,204,204,0.013038995382548482
M78_1017,1,Convergent,205,205,0.003628494511545279
M78_1017,1,Convergent,206,206,0.012892551501683983
M78_1017,1,Convergent,207,207,0.004250311504878437
M78_1017,1,Convergent,208,208,0.007362532596115345
M78_1017,1,Convergent,209,209,0.006436593931191313
M78_1017,1,Convergent,210,210,0.018410490060449338
M78_1017,1,Convergent,211,211,0.006197735371339756
M78_1017,1,Convergent,212,212,0.005536993944846427
M78_1017,1,Convergent,213,213,0.011410488279961786
M78_1017,1,Convergent,214,214,0.00407916439242983
M78_1017,1,Convergent,215,215,0.005235607542505741
M78_1017,1,Convergent,216,216,0.004730117548419519
M78_1017,1,Convergent,217,217,0.004618319835841518
M78_1017,1,Convergent,218,218,0.006465577141002372
M78_1017,1,Convergent,219,219,0.007795919882842155
M78_1017,1,Convergent,220,220,0.00888916662675731
M78_1017,1,Convergent,221,221,0.008583071035473826
M78_1017,1,Convergent,222,222,0.0045153419081161925
M78_1017,1,Convergent,223,223,0.005179082818852485
M78_1017,1,Convergent,224,224,0.004288288105687379
M78_1017,1,Convergent,225,225,0.004164850224135731
M78_1017,1,Convergent,226,226,0.0033638990721500043
M78_1017,1,Convergent,227,227,0.005848172195126406
M78_1017,1,Convergent,228,228,0.004495807451966368
M78_1017,1,Convergent,229,229,0.008245340133276997
M78_1017,1,Convergent,230,230,0.0038477933382109544
M78_1017,1,Convergent,231,231,0.006808408100178097
M78_1017,1,Convergent,232,232,0.003955373245709644
M78_1017,1,Convergent,233,233,0.003747004775594874
M78_1017,1,Convergent,234,234,0.003828280822396922
M78_1017,1,Convergent,235,235,0.007157257840002852
M78_1017,1,Convergent,236,236,0.006544465528596997
M78_1017,1,Convergent,237,237,0.0059955097407240554
M78_1017,1,Convergent,238,238,0.011560928675828985
M78_1017,1,Convergent,239,239,0.009971866861487348
M78_1017,1,Convergent,240,240,0.009283731712379067
M78_1017,1,Convergent,241,241,0.010013729899246418
M78_1017,1,Convergent,242,242,0.004825655139916588
M78_1017,1,Convergent,243,243,0.004882501061886468
M78_1017,1,Convergent,244,244,0.0036452359578825165
M78_1017,1,Convergent,245,245,0.006906864548786141
M78_1017,1,Convergent,246,246,0.005107331142134183
M78_1017,1,Convergent,247,247,0.017340670448992356
M78_1017,1,Convergent,248,248,0.016894420923630672
M78_1017,1,Convergent,249,249,0.002547413911447676
M78_1017,1,Convergent,250,250,0.006019943752714123
M78_1017,1,Convergent,251,251,0.006662459038327345
M78_1017,1,Convergent,252,252,0.007311865683058622
M78_1017,1,Convergent,253,253,0.007569387586247305
M78_1017,1,Convergent,254,254,0.005473675936414504
M78_1017,1,Convergent,255,255,0.007173689427199187
M78_1017,1,Convergent,256,256,0.015685537180368914
M78_1017,1,Convergent,257,257,0.03779326409480914
M78_1017,1,Convergent,258,258,0.034625906916910115
M78_1017,1,Convergent,259,259,0.039910002482227154
M78_1017,1,Convergent,260,260,0.03327085946422116
M78_1017,1,Convergent,261,261,0.023479759960469825
M78_1017,1,Convergent,262,262,0.024653588111201923
M78_1017,1,Convergent,263,263,0.020301259358494
M78_1017,1,Convergent,264,264,0.02245344154904654
M78_1017,1,Convergent,265,265,0.019871553406119347
M78_1017,1,Convergent,266,266,0.011710476528358773
M78_1017,1,Convergent,267,267,0.007717937689179693
M78_1017,1,Convergent,268,268,0.02647141289299377
M78_1017,1,Convergent,269,269,0.03225555171166765
M78_1017,1,Convergent,270,270,0.009576676388984018
M78_1017,1,Convergent,271,271,0.02388017689579247
M78_1017,1,Convergent,272,272,0.016360978568605158
M78_1017,1,Convergent,273,273,0.014992929418732263
M78_1017,1,Convergent,274,274,0.00794191966422569
M78_1017,1,Convergent,275,275,0.017769926764433168
M78_1017,1,Convergent,276,276,0.015380278045748487
M78_1017,1,Convergent,277,277,0.013260565772882583
M78_1017,1,Convergent,278,278,0.009756152196873532
M78_1017,1,Convergent,279,279,0.022194438050558537
M78_1017,1,Convergent,280,280,0.008373544838877372
M78_1017,1,Convergent,281,281,0.011121772533644818
M78_1017,1,Convergent,282,282,0.013711710766613207
M78_1017,1,Convergent,283,283,0.009159640108672098
M78_1017,1,Convergent,284,284,0.03321694007235361
M78_1017,1,Convergent,285,285,0.008791196342186865
M78_1017,1,Convergent,286,286,0.004554091945195709
M78_1017,1,Convergent,287,287,0.0348827686422378
M78_1017,1,Convergent,288,288,0.030793129006561674
M78_1017,1,Convergent,289,289,0.033232029173868124
M78_1017,1,Convergent,290,290,0.04686628689451925
M78_1017,1,Convergent,291,291,0.039694393948324164
M78_1017,1,Convergent,292,292,0.04456650131571762
M78_1017,1,Convergent,293,293,0.04134095503580699
M78_1017,1,Convergent,294,294,0.05231700432889255
M78_1017,1,Convergent,295,295,0.043080126906940595
M78_1017,1,Convergent,296,296,0.05851609497848484
M78_1017,1,Convergent,297,297,0.02531752199650294
M78_1017,1,Convergent,298,298,0.02463759326111571
M78_1017,1,Convergent,299,299,0.03349032520925925
M78_1017,1,Convergent,300,300,0.028831956929665198
M78_1017,1,Convergent,301,301,0.02301879402215558
M78_1017,1,Convergent,302,302,0.026341699851377878
M78_1017,1,Convergent,303,303,0.024790140874913814
M78_1017,1,Convergent,304,304,0.00571087826536336
M78_1017,1,Convergent,305,305,0.007809550403674812
M78_1017,1,Convergent,306,306,0.009759941860173978
M78_1017,1,Convergent,307,307,0.01658496424343069
M78_1017,1,Convergent,308,308,0.012703219075100842
M78_1017,1,Convergent,309,309,0.0076131919920078
M78_1017,1,Convergent,310,310,0.023796310732399836
M78_1017,1,Convergent,311,311,0.006011805913905486
M78_1017,1,Convergent,312,312,0.010246057277308191
M78_1017,1,Convergent,313,313,0.008440046763064823
M78_1017,1,Convergent,314,314,0.014432487146997894
M78_1017,1,Convergent,315,315,0.015917023367903852
M78_1017,1,Convergent,316,316,0.0062364881669953005
M78_1017,1,Convergent,317,317,0.009595487703605883
M78_1017,1,Convergent,318,318,0.002157812693765686
M78_1017,1,Convergent,319,319,0.002866154116934832
M78_1017,1,Convergent,320,320,0.003998299060320413
M78_1017,1,Convergent,321,321,0.009266633966170182
M78_1017,1,Convergent,322,322,0.00465773452895429
M78_1017,1,Convergent,323,323,0.007166758984511281
M78_1017,1,Convergent,324,324,0.01264144199250703
M78_1017,1,Convergent,325,325,0.013065667213573133
M78_1017,1,Convergent,326,326,0.01858723301578451
M78_1017,1,Convergent,327,327,0.01637474989179338
M78_1017,1,Convergent,328,328,0.01544577491550166
M78_1017,1,Convergent,329,329,0.013258658856585375
M78_1017,1,Convergent,330,330,0.015927728389125363
M78_1017,1,Convergent,331,331,0.007846001245693682
M78_1017,1,Convergent,332,332,0.00666529435217438
M78_1017,1,Convergent,333,333,0.008693969775002322
M78_1017,1,Convergent,334,334,0.010667997885949588
M78_1017,1,Convergent,335,335,0.010580705560709315
M78_1017,1,Convergent,336,336,0.010017743950384888
M78_1017,1,Convergent,337,337,0.009533161090479957
M78_1017,1,Convergent,338,338,0.011957605588925358
M78_1017,1,Convergent,339,339,0.003253777189479198
M78_1017,1,Convergent,340,340,0.009095030609679259
M78_1017,1,Convergent,341,341,0.012641159265681549
M78_1017,1,Convergent,342,342,0.0074424172071078905
M78_1017,1,Convergent,343,343,0.006404296611435711
M78_1017,1,Convergent,344,344,0.027983045584901615
M78_1017,1,Convergent,345,345,0.03242270971855356
M78_1017,1,Convergent,346,346,0.025230653615622423
M78_1017,1,Convergent,347,347,0.010126347409239338
M78_1017,1,Convergent,348,348,0.011708371105523389
M78_1017,1,Convergent,349,349,0.009180694943535383
M78_1017,1,Convergent,350,350,0.006335274788499292
M78_1017,1,Convergent,351,351,0.015116595188845639
M78_1017,1,Convergent,352,352,0.011409914971869668
M78_1017,1,Convergent,353,353,0.018394678030026514
M78_1017,1,Convergent,354,354,0.007214699481631181
M78_1017,1,Convergent,355,355,0.005021773659488342
M78_1017,1,Convergent,356,356,0.005342818177190184
M78_1017,1,Convergent,357,357,0.013434711008520946
M78_1017,1,Convergent,358,358,0.08995880574321398
M78_1017,1,Convergent,359,359,0.04072180440948333
M78_1017,1,Convergent,360,360,0.030993462798910007
M78_1017,1,Convergent,361,361,0.034406937699029104
M78_1017,1,Convergent,362,362,0.04875644067601289
M78_1017,1,Convergent,363,363,0.045965238500179514
M78_1017,1,Convergent,364,364,0.04538108713143034
M78_1017,1,Convergent,365,365,0.03513760668122106
M78_1017,1,Convergent,366,366,0.03874140135070056
M78_1017,1,Convergent,367,367,0.051113668317550126
M78_1017,1,Convergent,368,368,0.04864032888486062
M78_1017,1,Convergent,369,369,0.01169270447190897
M78_1017,1,Convergent,370,370,0.0041243767931361764
M78_1017,1,Convergent,371,371,0.0038321660529753126
M78_1017,1,Convergent,372,372,0.00998736594884116
M78_1017,1,Convergent,373,373,0.0074716967230168295
M78_1017,1,Convergent,374,374,0.019731519076927207
M78_1017,1,Convergent,375,375,0.004107607970155062
M78_1017,1,Convergent,376,376,0.011080885145749989
M78_1017,1,Convergent,377,377,0.017889691674851892
M78_1017,1,Convergent,378,378,0.009820029985326354
M78_1017,1,Convergent,379,379,0.027060817543023415
M78_1017,1,Convergent,380,380,0.015596043979634105
M78_1017,1,Convergent,381,381,0.007953837217855048
M78_1017,1,Convergent,382,382,0.002635255880850758
M78_1017,1,Convergent,383,383,0.008158663102356647
M78_1017,1,Convergent,384,384,0.029811304934282593
M78_1017,1,Convergent,385,385,0.016409403805471498
M78_1017,1,Convergent,386,386,0.026012910903649933
M78_1017,1,Convergent,387,387,0.015833175189241214
M78_1017,1,Convergent,388,388,0.028876141466798236
M78_1017,1,Convergent,389,389,0.015521750549705308
M78_1017,1,Convergent,390,390,0.019215049782629917
M78_1017,1,Convergent,391,391,0.02147294250374407
M78_1017,1,Convergent,392,392,0.023192706402897098
M78_1017,1,Convergent,393,393,0.006734191160505339
M78_1017,1,Convergent,394,394,0.006900339567549469
M78_1017,1,Convergent,395,395,0.004703594162200727
M78_1017,1,Convergent,396,396,0.011137191299636515
M78_1017,1,Convergent,397,397,0.014990633710023061
M78_1017,1,Convergent,398,398,0.022258835046855375
M78_1017,1,Convergent,399,399,0.0050817309748697565
M78_1017,1,Convergent,400,400,0.005004726741592296
M78_1017,1,Convergent,401,401,0.004767895092681786
M78_1017,1,Convergent,402,402,0.007866196016016428
M78_1017,1,Convergent,403,403,0.012592739160431342
M78_1017,1,Convergent,404,404,0.008070514636562654
M78_1017,1,Convergent,405,405,0.00841283283547073
M78_1017,1,Convergent,406,406,0.012120712485256386
M78_1017,1,Convergent,407,407,0.005059444782809917
M78_1017,1,Convergent,408,408,0.01322031083278197
M78_1017,1,Convergent,409,409,0.011626573348666519
M78_1017,1,Convergent,410,410,0.008269932279133318
M78_1017,1,Convergent,411,411,0.010027828591841238
M78_1017,1,Convergent,412,412,0.006131548006921133
M78_1017,1,Convergent,413,413,0.011780800424332235
M78_1017,1,Convergent,414,414,0.008462015661571957
M78_1017,1,Convergent,415,415,0.005034961932616159
M78_1017,1,Convergent,416,416,0.004550931737384541
M78_1017,1,Convergent,417,417,0.007800325228154291
M78_1017,1,Convergent,418,418,0.007126204556653299
M78_1017,1,Convergent,419,419,0.01054697176211594
M78_1017,1,Convergent,420,420,0.019455107127281802
M78_1017,1,Convergent,421,421,0.0071977357628732275
M78_1017,1,Convergent,422,422,0.015570418154648333
M78_1017,1,Convergent,423,423,0.005879393916894728
M78_1017,1,Convergent,424,424,0.01625201320433759
M78_1017,1,Convergent,425,425,0.006986954588986312
M78_1017,1,Convergent,426,426,0.009893909744547543
M78_1017,1,Convergent,427,427,0.007291796029743704
M78_1017,1,Convergent,428,428,0.007415293278977459
M78_1017,1,Convergent,429,429,0.007889690051892956
M78_1017,1,Convergent,430,430,0.006135585004274078
M78_1017,1,Convergent,431,431,0.00786990882382573
M78_1017,1,Convergent,432,432,0.008582394575861133
M78_1017,1,Convergent,433,433,0.009851836959075436
M78_1017,1,Convergent,434,434,0.011265486931531794
M78_1017,1,Convergent,435,435,0.012657298507999966
M78_1017,1,Convergent,436,436,0.017391080534398945
M78_1017,1,Convergent,437,437,0.012533960616744963
M78_1017,1,Convergent,438,438,0.01733928989945267
M78_1017,1,Convergent,439,439,0.006112745687089584
M78_1017,1,Convergent,440,440,0.005871699943299187
M78_1017,1,Convergent,441,441,0.006637026373308474
M78_1017,1,Convergent,442,442,0.007152090882480052
M78_1017,1,Convergent,443,443,0.006849055782817074
M78_1017,1,Convergent,444,444,0.008258818535214681
M78_1017,1,Convergent,445,445,0.008499931119454962
M78_1017,1,Convergent,446,446,0.006503283240570814
M78_1017,1,Convergent,447,447,0.00673853847259989
M78_1017,1,Convergent,448,448,0.009312992346369557
M78_1017,1,Convergent,449,449,0.008592000599256371
M78_1017,1,Convergent,450,450,0.007271067728001027
M78_1017,1,Convergent,451,451,0.009240355104765636
M78_1017,1,Convergent,452,452,0.010661882742158608
M78_1017,1,Convergent,453,453,0.015754092731915505
M78_1017,1,Convergent,454,454,0.0077781723280448785
M78_1017,1,Convergent,455,455,0.013343522179998273
M78_1017,1,Convergent,456,456,0.007920314917156909
M78_1017,1,Convergent,457,457,0.021642321860489585
M78_1017,1,Convergent,458,458,0.009270424499711091
M78_1017,1,Convergent,459,459,0.025316229733971903
M78_1017,1,Convergent,460,460,0.006631484528267641
M78_1017,1,Convergent,461,461,0.008423972605220272
M78_1017,1,Convergent,462,462,0.008644896056388079
M78_1017,1,Convergent,463,463,0.006252750867897254
M78_1017,1,Convergent,464,464,0.00866761159605956
M78_1017,1,Convergent,465,465,0.007890271293114365
M78_1017,1,Convergent,466,466,0.006155104124861091
M78_1017,1,Convergent,467,467,0.00483888577968802
M78_1017,1,Convergent,468,468,0.012607785782030853
M78_1017,1,Convergent,469,469,0.008891201636467968
M78_1017,1,Convergent,470,470,0.009674583679571011
M78_1017,1,Convergent,471,471,0.015339054413036339
M78_1017,1,Convergent,472,472,0.009433872187165198
M78_1017,1,Convergent,473,473,0.00784319358371934
M78_1017,1,Convergent,474,474,0.009269500496929489
M78_1017,1,Convergent,475,475,0.01744290384935376
M78_1017,1,Convergent,476,476,0.025013083883814145
M78_1017,1,Convergent,477,477,0.026804695254404466
M78_1017,1,Convergent,478,478,0.01847282051752655
M78_1017,1,Convergent,479,479,0.013922647079725944
M78_1017,1,Convergent,480,480,0.01652636185552879
M78_1017,1,Convergent,481,481,0.00596655184556396
M78_1017,1,Convergent,482,482,0.01843953724982171
M78_1017,1,Convergent,483,483,0.019208805912956137
M78_1017,1,Convergent,484,484,0.005066441050098266
M78_1017,1,Convergent,485,485,0.005593030878420298
M78_1017,1,Convergent,486,486,0.0039834991502748045
M78_1017,1,Convergent,487,487,0.012276770460798784
M78_1017,1,Convergent,488,488,0.02982763547729126
M78_1017,1,Convergent,489,489,0.017021924467113467
M78_1017,1,Convergent,490,490,0.028734468745734588
M78_1017,1,Convergent,491,491,0.016852706584527536
M78_1017,1,Convergent,492,492,0.0040957343054613396
M78_1017,1,Convergent,493,493,0.004594727054261315
M78_1017,1,Convergent,494,494,0.006784414628198669
M78_1017,1,Convergent,495,495,0.0027173912313617305
M78_1017,1,Convergent,496,496,0.006207070907327795
M78_1017,1,Convergent,497,497,0.004444628054230118
M78_1017,1,Convergent,498,498,0.005369499812432978
M78_1017,1,Convergent,499,499,0.007716507221181176
M78_1017,1,Convergent,500,500,0.004748420214947359
M78_1017,1,Convergent,501,501,0.004032688788468892
M78_1017,1,Convergent,502,502,0.005573945196688946
M78_1017,1,Convergent,503,503,0.005564801275290342
M78_1017,1,Convergent,504,504,0.004269284863070941
M78_1017,1,Convergent,505,505,0.018497089280482427
M78_1017,1,Convergent,506,506,0.013497201797701879
M78_1017,1,Convergent,507,507,0.0031096649758250417
M78_1017,1,Convergent,508,508,0.006887058720975701
M78_1017,1,Convergent,509,509,0.0065195617391038
M78_1017,1,Convergent,510,510,0.00843915015902445
M78_1017,1,Convergent,511,511,0.0077310837490877915
M78_1017,1,Convergent,512,512,0.007256309728908502
M78_1017,1,Convergent,513,513,0.006069278456256323
M78_1017,1,Convergent,514,514,0.0031391191307956895
M78_1017,1,Convergent,515,515,0.005511248122072882
M78_1017,1,Convergent,516,516,0.006094710932998562
M78_1017,1,Convergent,517,517,0.007506801786309361
M78_1017,1,Convergent,518,518,0.006579501161288562
M78_1017,1,Convergent,519,519,0.009878431999463772
M78_1017,1,Convergent,520,520,0.005193258892244625
M78_1017,1,Convergent,521,521,0.017408199914814446
M78_1017,1,Convergent,522,522,0.007085124800613374
M78_1017,1,Convergent,523,523,0.01457466221742194
M78_1017,1,Convergent,524,524,0.005007699982084932
M78_1017,1,Convergent,525,525,0.005175733382876152
M78_1017,1,Convergent,526,526,0.007179856388204455
M78_1017,1,Convergent,527,527,0.006539482834970256
M78_1017,1,Convergent,528,528,0.006305973465557291
M78_1017,1,Convergent,529,529,0.00824853812235143
M78_1017,1,Convergent,530,530,0.006888621300243324
M78_1017,1,Convergent,531,531,0.006551703738902385
M78_1017,1,Convergent,532,532,0.013099387966464331
M78_1017,1,Convergent,533,533,0.011814182820761531
M78_1017,1,Convergent,534,534,0.004760012690288325
M78_1017,1,Convergent,535,535,0.0064924975898818195
M78_1017,1,Convergent,536,536,0.004966728022770473
M78_1017,1,Convergent,537,537,0.007473944211170295
M78_1017,1,Convergent,538,538,0.009207491162175566
M78_1017,1,Convergent,539,539,0.01703792233501538
M78_1017,1,Convergent,540,540,0.014526002080306227
M78_1017,1,Convergent,541,541,0.008355654304686152
M78_1017,1,Convergent,542,542,0.010587910895902709
M78_1017,1,Convergent,543,543,0.02959373737340448
M78_1017,1,Convergent,544,544,0.031207832315200825
M78_1017,1,Convergent,545,545,0.012734916993563442
M78_1017,1,Convergent,546,546,0.0032743478214000295
M78_1017,1,Convergent,547,547,0.006751831933887629
M78_1017,1,Convergent,548,548,0.017578729447034865
M78_1017,1,Convergent,549,549,0.018660662651930095
M78_1017,1,Convergent,550,550,0.004142800031264347
M78_1017,1,Convergent,551,551,0.00786176186033746
M78_1017,1,Convergent,552,552,0.0090397511369331
M78_1017,1,Convergent,553,553,0.008358576771929676
M78_1017,1,Convergent,554,554,0.008938002279373232
M78_1017,1,Convergent,555,555,0.011266937656155615
M78_1017,1,Convergent,556,556,0.01052895031961394
M78_1017,1,Convergent,557,557,0.004780402782345823
M78_1017,1,Convergent,558,558,0.015815963347752888
M78_1017,1,Convergent,559,559,0.013156758299396361
M78_1017,1,Convergent,560,560,0.006411530784572716
M78_1017,1,Convergent,561,561,0.0147149446007169
M78_1017,1,Convergent,562,562,0.006671573206448905
M78_1017,1,Convergent,563,563,0.0075342776907757385
M78_1017,1,Convergent,564,564,0.011592529620328505
M78_1017,1,Convergent,565,565,0.010631305100913677
M78_1017,1,Convergent,566,566,0.010679701736978726
M78_1017,1,Convergent,567,567,0.010083146117351673
M78_1017,1,Convergent,568,568,0.017333213743656
M78_1017,1,Convergent,569,569,0.006738170197400276
M78_1017,1,Convergent,570,570,0.005757956754812902
M78_1017,1,Convergent,571,571,0.004940085258208399
M78_1017,1,Convergent,572,572,0.011746234359668085
M78_1017,1,Convergent,573,573,0.006303803673312988
M78_1017,1,Convergent,574,574,0.006515400113040627
M78_1017,1,Convergent,575,575,0.003393140672504856
M78_1017,1,Convergent,576,576,0.008597848146620643
M78_1017,1,Convergent,577,577,0.017372813452334133
M78_1017,1,Convergent,578,578,0.006164515546392247
M78_1017,1,Convergent,579,579,0.018447679109629935
M78_1017,1,Convergent,580,580,0.01137929792188246
M78_1017,1,Convergent,581,581,0.039115646201542315
M78_1017,1,Convergent,582,582,0.035324454849749734
M78_1017,1,Convergent,583,583,0.004146491552496122
M78_1017,1,Convergent,584,584,0.007338133651905486
M78_1017,1,Convergent,585,585,0.010979437368439027
M78_1017,1,Convergent,586,586,0.007937960382004809
M78_1017,1,Convergent,587,587,0.004876645878898727
M78_1017,1,Convergent,588,588,0.006017852777954375
M78_1017,1,Convergent,589,589,0.018359721478730166
M78_1017,1,Convergent,590,590,0.009708660855935311
M78_1017,1,Convergent,591,591,0.005131936972360069
M78_1017,1,Convergent,592,592,0.008214233128388447
M78_1017,1,Convergent,593,593,0.00578142364040868
M78_1017,1,Convergent,594,594,0.007513670834287265
M78_1017,1,Convergent,595,595,0.008506416235001252
M78_1017,1,Convergent,596,596,0.010815733106645905
M78_1017,1,Convergent,597,597,0.015301922819128743
M78_1017,1,Convergent,598,598,0.004882419637093942
M78_1017,1,Convergent,599,599,0.008733720439601184
M78_1017,1,Convergent,600,600,0.017554727525243327
M78_1017,1,Convergent,601,601,0.017994158268894677
M78_1017,1,Convergent,602,602,0.012736721884137318
M78_1017,1,Convergent,603,603,0.018804251269529355
M78_1017,1,Convergent,604,604,0.002578710504796034
M78_1017,1,Convergent,605,605,0.011236545177073114
M78_1017,1,Convergent,606,606,0.004770565811073247
M78_1017,1,Convergent,607,607,0.013215665820839436
M78_1017,1,Convergent,608,608,0.005881234009270154
M78_1017,1,Convergent,609,609,0.006912421060001684
M78_1017,1,Convergent,610,610,0.013625243564429521
M78_1017,1,Convergent,611,611,0.020339749330930686
M78_1017,1,Convergent,612,612,0.008932552588198127
M78_1017,1,Convergent,613,613,0.011439143691533878
M78_1017,1,Convergent,614,614,0.018508202244705854
M78_1017,1,Convergent,615,615,0.029453823792771148
M78_1017,1,Convergent,616,616,0.004340229921558883
M78_1017,1,Convergent,617,617,0.012447627734847045
M78_1017,1,Convergent,618,618,0.003733210367679504
M78_1017,1,Convergent,619,619,0.006723732321040222
M78_1017,1,Convergent,620,620,0.010902771522164529
M78_1017,1,Convergent,621,621,0.005131925285375608
M78_1017,1,Convergent,622,622,0.012482363763365917
M78_1017,1,Convergent,623,623,0.008411589542829237
M78_1017,1,Convergent,624,624,0.005410855421539537
M78_1017,1,Convergent,625,625,0.0033982160966843367
M78_1017,1,Convergent,626,626,0.004761856179907171
M78_1017,1,Convergent,627,627,0.012044796945791646
M78_1017,1,Convergent,628,628,0.005312845643744861
M78_1017,1,Convergent,629,629,0.010294127125683943
M78_1017,1,Convergent,630,630,0.008194918474067508
M78_1017,1,Convergent,631,631,0.00496516566519499
M78_1017,1,Convergent,632,632,0.007152477002729242
M78_1017,1,Convergent,633,633,0.0040524788926654485
M78_1017,1,Convergent,634,634,0.0027654061805712704
M78_1017,1,Convergent,635,635,0.003411928047160158
M78_1017,1,Convergent,636,636,0.007291683846693716
M78_1017,1,Convergent,637,637,0.002546112514445903
M78_1017,1,Convergent,638,638,0.0028397283650845586
M78_1017,1,Convergent,639,639,0.004666796025250935
M78_1017,1,Convergent,640,640,0.0031791144402059553
M78_1017,1,Convergent,641,641,0.004591031810613694
M78_1017,1,Convergent,642,642,0.00855159373087291
M78_1017,1,Convergent,643,643,0.003912743720668656
M78_1017,1,Convergent,644,644,0.004521330703915108
M78_1017,1,Convergent,645,645,0.022020356277619016
M78_1017,1,Convergent,646,646,0.011615334132565531
M78_1017,1,Convergent,647,647,0.019051535767905504
M78_1017,1,Convergent,648,648,0.004480206765835231
M78_1017,1,Convergent,649,649,0.006886728580776648
M78_1017,1,Convergent,650,650,0.008299112302699575
M78_1017,1,Convergent,651,651,0.005367732062119485
M78_1017,1,Convergent,652,652,0.003652521743968037
M78_1017,1,Convergent,653,653,0.0021297263087888744
M78_1017,1,Convergent,654,654,0.0035144997323916386
M78_1017,1,Convergent,655,655,0.006649296049511543
M78_1017,1,Convergent,656,656,0.01152974380436066
M78_1017,1,Convergent,657,657,0.016828856724860536
M78_1017,1,Convergent,658,658,0.006502008822280914
M78_1017,1,Convergent,659,659,0.01231121042754823
M78_1017,1,Convergent,660,660,0.011157483649713182
M78_1017,1,Convergent,661,661,0.00932125173319407
M78_1017,1,Convergent,662,662,0.0077941280047346
M78_1017,1,Convergent,663,663,0.006911757176477508
M78_1017,1,Convergent,664,664,0.006225791521568748
M78_1017,1,Convergent,665,665,0.010449261249353489
M78_1017,1,Convergent,666,666,0.00748161410332232
M78_1017,1,Convergent,667,667,0.005349312765943462
M78_1017,1,Convergent,668,668,0.006469442854049029
M78_1017,1,Convergent,669,669,0.007269749487157377
M78_1017,1,Convergent,670,670,0.010302019932112919
M78_1017,1,Convergent,671,671,0.004583828548978393
M78_1017,1,Convergent,672,672,0.016563663562403325
M78_1017,1,Convergent,673,673,0.009585189119981671
M78_1017,1,Convergent,674,674,0.010849598189564364
M78_1017,1,Convergent,675,675,0.01129044634203806
M78_1017,1,Convergent,676,676,0.004856240849491129
M78_1017,1,Convergent,677,677,0.007014133774870892
M78_1017,1,Convergent,678,678,0.02115766018597455
M78_1017,1,Convergent,679,679,0.01146663169744482
M78_1017,1,Convergent,680,680,0.010103590146172792
M78_1017,1,Convergent,681,681,0.009064812132697782
M78_1017,1,Convergent,682,682,0.006738619497484229
M78_1017,1,Convergent,683,683,0.003106350174035739
M78_1017,1,Convergent,684,684,0.012965541036891532
M78_1017,1,Convergent,685,685,0.010941474044546024
M78_1017,1,Convergent,686,686,0.007254016415696062
M78_1017,1,Convergent,687,687,0.006826193888246277
M78_1017,1,Convergent,688,688,0.008846944600435686
M78_1017,1,Convergent,689,689,0.01276204195290367
M78_1017,1,Convergent,690,690,0.00621397695723306
M78_1017,1,Convergent,691,691,0.01116597361001761
M78_1017,1,Convergent,692,692,0.013469025620581283
M78_1017,1,Convergent,693,693,0.013319062046062799
M78_1017,1,Convergent,694,694,0.00837605297716369
M78_1017,1,Convergent,695,695,0.008181944374500968
M78_1017,1,Convergent,696,696,0.008241783189414828
M78_1017,1,Convergent,697,697,0.0055434269637277605
M78_1017,1,Convergent,698,698,0.0058046821612623275
M78_1017,1,Convergent,699,699,0.004495269001280475
M78_1017,1,Convergent,700,700,0.011000519277769382
M78_1017,1,Convergent,701,701,0.009439583269183604
M78_1017,1,Convergent,702,702,0.010073276419899668
M78_1017,1,Convergent,703,703,0.006471440538456433
M78_1017,1,Convergent,704,704,0.0024644707345380735
M78_1017,1,Convergent,705,705,0.005595281519129424
M78_1017,1,Convergent,706,706,0.004289151032823195
M78_1017,1,Convergent,707,707,0.005443672415114836
M78_1017,1,Convergent,708,708,0.012127183116347253
M78_1017,1,Convergent,709,709,0.00644890151172014
M78_1017,1,Convergent,710,710,0.004376350012018609
M78_1017,1,Convergent,711,711,0.006575748772449493
M78_1017,1,Convergent,712,712,0.021987971106693607
M78_1017,1,Convergent,713,713,0.010155760950623023
M78_1017,1,Convergent,714,714,0.006239099403445172
M78_1017,1,Convergent,715,715,0.009964359822154137
M78_1017,1,Convergent,716,716,0.007151419701799175
M78_1017,1,Convergent,717,717,0.007446289225265867
M78_1017,1,Convergent,718,718,0.008447036197330705
M78_1017,1,Convergent,719,719,0.01155093158264702
M78_1017,1,Convergent,720,720,0.008509244588541477
M78_1017,1,Convergent,721,721,0.025019304332449848
M78_1017,1,Convergent,722,722,0.020995560406856698
M78_1017,1,Convergent,723,723,0.006051733868518545
M78_1017,1,Convergent,724,724,0.0062336278339146555
M78_1017,1,Convergent,725,725,0.01213158115911309
M78_1017,2,Divergent,0,0,0.018000380403623638
M78_1017,2,Divergent,1,1,0.00492036270525045
M78_1017,2,Divergent,2,2,0.002561976373391716
M78_1017,2,Divergent,3,3,0.007636246149399595
M78_1017,2,Divergent,4,4,0.002100221018241555
M78_1017,2,Divergent,5,5,0.004022055795710338
M78_1017,2,Divergent,6,6,0.0012692214564722555
M78_1017,2,Divergent,7,7,0.022734460958050925
M78_1017,2,Divergent,8,8,0.02100675264087489
M78_1017,2,Divergent,9,9,0.014019254702265914
M78_1017,2,Divergent,10,10,0.00911229731220948
M78_1017,2,Divergent,11,11,0.008204355525473753
M78_1017,2,Divergent,12,12,0.012916207052113717
M78_1017,2,Divergent,13,13,0.016243167261372468
M78_1017,2,Divergent,14,14,0.01835116409704808
M78_1017,2,Divergent,15,15,0.03966249016485291
M78_1017,2,Divergent,16,16,0.037557657166759954
M78_1017,2,Divergent,17,17,0.006949098414145084
M78_1017,2,Divergent,18,18,0.026434057949748086
M78_1017,2,Divergent,19,19,0.015351071095976391
M78_1017,2,Divergent,20,20,0.017696330372832324
M78_1017,2,Divergent,21,21,0.02661865422391872
M78_1017,2,Divergent,22,22,0.022925396480499523
M78_1017,2,Divergent,23,23,0.013566407877461691
M78_1017,2,Divergent,24,24,0.012455018765186858
M78_1017,2,Divergent,25,25,0.02912316134601848
M78_1017,2,Divergent,26,26,0.053539317595494684
M78_1017,2,Divergent,27,27,0.007149550901407278
M78_1017,2,Divergent,28,28,0.05845850996015463
M78_1017,2,Divergent,29,29,0.04384680150338171
M78_1017,2,Divergent,30,30,0.023170170186316234
M78_1017,2,Divergent,31,31,0.007237038754841737
M78_1017,2,Divergent,32,32,0.0036275602403309263
M78_1017,2,Divergent,33,33,0.004015768240941198
M78_1017,2,Divergent,34,34,0.014233480219876296
M78_1017,2,Divergent,35,35,0.022380536796558055
M78_1017,2,Divergent,36,36,0.015230308182684607
M78_1017,2,Divergent,37,37,0.004095574439576778
M78_1017,2,Divergent,38,38,0.002172492390902909
M78_1017,2,Divergent,39,39,0.02858717220002099
M78_1017,2,Divergent,40,40,0.021846237036873373
M78_1017,2,Divergent,41,41,0.013346990947244003
M78_1017,2,Divergent,42,42,0.009217379986422887
M78_1017,2,Divergent,43,43,0.013400060704218942
M78_1017,2,Divergent,44,44,0.00672911299523293
M78_1017,2,Divergent,45,45,0.009084130056292276
M78_1017,2,Divergent,46,46,0.004169214416291206
M78_1017,2,Divergent,47,47,0.0229369266685752
M78_1017,2,Divergent,48,48,0.03466150981553814
M78_1017,2,Divergent,49,49,0.021951708854829662
M78_1017,2,Divergent,50,50,0.014995490707326354
M78_1017,2,Divergent,51,51,0.0025917798864834927
M78_1017,2,Divergent,52,52,0.03195454948377518
M78_1017,2,Divergent,53,53,0.028371792751274546
M78_1017,2,Divergent,54,54,0.011886113568356163
M78_1017,2,Divergent,55,55,0.019723366210727317
M78_1017,2,Divergent,56,56,0.0033995577799495343
M78_1017,2,Divergent,57,57,0.0017571375887073053
M78_1017,2,Divergent,58,58,0.01074171575652272
M78_1017,2,Divergent,59,59,0.011470227069303132
M78_1017,2,Divergent,60,60,0.018616963561885712
M78_1017,2,Divergent,61,61,0.0
M78_1017,2,Divergent,62,62,0.014101354458385654
M78_1017,2,Divergent,63,63,0.0366318684986286
M78_1017,2,Divergent,64,64,0.016862725614357674
M78_1017,2,Divergent,65,65,0.00719311288374133
M78_1017,2,Divergent,66,66,0.015342854678206015
M78_1017,2,Divergent,67,67,0.006208879530037704
M78_1017,2,Divergent,68,68,0.009770979104040746
M78_1017,2,Divergent,69,69,0.00814110124453069
M78_1017,2,Divergent,70,70,0.0021605710989158404
M78_1017,2,Divergent,71,71,0.0015660020208247659
M78_1017,2,Divergent,72,72,0.0006647702780754658
M78_1017,2,Divergent,73,73,0.00141479069172515
M78_1017,2,Divergent,74,74,0.007234220482866492
M78_1017,2,Divergent,75,75,0.007867930659829239
M78_1017,2,Divergent,76,76,0.014019706292617085
M78_1017,2,Divergent,77,77,0.0031059709260916222
M78_1017,2,Divergent,78,78,0.008180058579519187
M78_1017,2,Divergent,79,79,0.00224048567715248
M78_1017,2,Divergent,80,80,0.005788893962744623
M78_1017,2,Divergent,81,81,0.007938977985503968
M78_1017,2,Divergent,82,82,0.0035884366963026032
M78_1017,2,Divergent,83,83,0.011522816577844583
M78_1017,2,Divergent,84,84,0.009531420720904543
M78_1017,2,Divergent,85,85,0.013296377326345496
M78_1017,2,Divergent,86,86,0.014735789275156301
M78_1017,2,Divergent,87,87,0.00866276195391261
M78_1017,2,Divergent,88,88,0.008474174403920443
M78_1017,2,Divergent,89,89,0.006619657096738943
M78_1017,2,Divergent,90,90,0.05032140858013902
M78_1017,2,Divergent,91,91,0.039362930627376364
M78_1017,2,Divergent,92,92,0.013400480248253044
M78_1017,2,Divergent,93,93,0.021295444850182862
M78_1017,2,Divergent,94,94,0.007347904315234669
M78_1017,2,Divergent,95,95,0.0012911558345270653
M78_1017,2,Divergent,96,96,0.005066370761038311
M78_1017,2,Divergent,97,97,0.0188627807503125
M78_1017,2,Divergent,98,98,0.00980966887845282
M78_1017,2,Divergent,99,99,0.004537077573650892
M78_1017,2,Divergent,100,100,0.007630739242590049
M78_1017,2,Divergent,101,101,0.009437976654194165
M78_1017,2,Divergent,102,102,0.004845532588660717
M78_1017,2,Divergent,103,103,0.011014698990293894
M78_1017,2,Divergent,104,104,0.007402150679314346
M78_1017,2,Divergent,105,105,0.007072830254369285
M78_1017,2,Divergent,106,106,0.008152084532061085
M78_1017,2,Divergent,107,107,0.007154272606784249
M78_1017,2,Divergent,108,108,0.00562306861684192
M78_1017,2,Divergent,109,109,0.011100930676452424
M78_1017,2,Divergent,110,110,0.005140315042298059
M78_1017,2,Divergent,111,111,0.00813983506809005
M78_1017,2,Divergent,112,112,0.006129029543923312
M78_1017,2,Divergent,113,113,0.007400615258232216
M78_1017,2,Divergent,114,114,0.0069372849926973386
M78_1017,2,Divergent,115,115,0.010117985539469182
M78_1017,2,Divergent,116,116,0.006524692346717705
M78_1017,2,Divergent,117,117,0.011201156662744387
M78_1017,2,Divergent,118,118,0.006867314197670407
M78_1017,2,Divergent,119,119,0.008406289200106505
M78_1017,2,Divergent,120,120,0.009571246313530617
M78_1017,2,Divergent,121,121,0.007776591951321615
M78_1017,2,Divergent,122,122,0.007931258114822731
M78_1017,2,Divergent,123,123,0.016503966301107745
M78_1017,2,Divergent,124,124,0.008846411563194635
M78_1017,2,Divergent,125,125,0.01326184540480506
M78_1017,2,Divergent,126,126,0.01670354304900556
M78_1017,2,Divergent,127,127,0.010435727145114359
M78_1017,2,Divergent,128,128,0.012475895903710472
M78_1017,2,Divergent,129,129,0.012824961853319812
M78_1017,2,Divergent,130,130,0.003023832528892774
M78_1017,2,Divergent,131,131,0.004156798430669464
M78_1017,2,Divergent,132,132,0.012758666584104822
M78_1017,2,Divergent,133,133,0.00814831856552158
M78_1017,2,Divergent,134,134,0.02495208591745611
M78_1017,2,Divergent,135,135,0.01057815117140611
M78_1017,2,Divergent,136,136,0.006896179890885067
M78_1017,2,Divergent,137,137,0.006889002949097439
M78_1017,2,Divergent,138,138,0.026654429717924807
M78_1017,2,Divergent,139,139,0.03282291340011605
M78_1017,2,Divergent,140,140,0.02779928365724341
M78_1017,2,Divergent,141,141,0.0061790297571733075
M78_1017,2,Divergent,142,142,0.006110062204881392
M78_1017,2,Divergent,143,143,0.025143855111469236
M78_1017,2,Divergent,144,144,0.040267531054396705
M78_1017,2,Divergent,145,145,0.17064021187099188
M78_1017,2,Divergent,146,146,0.007209155463466519
M78_1017,2,Divergent,147,147,0.02249750514972236
M78_1017,2,Divergent,148,148,0.025008240157101107
M78_1017,2,Divergent,149,149,0.015343610181987873
M78_1017,2,Divergent,150,150,0.007002080367927097
M78_1017,2,Divergent,151,151,0.007949053006054703
M78_1017,2,Divergent,152,152,0.014544708090589234
M78_1017,2,Divergent,153,153,0.011606361961049404
M78_1017,2,Divergent,154,154,0.03265588806039376
M78_1017,2,Divergent,155,155,0.028634027870506736
M78_1017,2,Divergent,156,156,0.020828461382239892
M78_1017,2,Divergent,157,157,0.033867006049197367
M78_1017,2,Divergent,158,158,0.008402544098268998
M78_1017,2,Divergent,159,159,0.023101070463318343
M78_1017,2,Divergent,160,160,0.117561608365513
M78_1017,2,Divergent,161,161,0.014508630527160947
M78_1017,2,Divergent,162,162,0.005128831402480341
M78_1017,2,Divergent,163,163,0.04456479382791083
M78_1017,2,Divergent,164,164,0.20783421188070064
M78_1017,2,Divergent,165,165,0.021490151070649614
M78_1017,2,Divergent,166,166,0.05545651285042128
M78_1017,2,Divergent,167,167,0.03251393088864636
M78_1017,2,Divergent,168,168,0.00885768602663455
M78_1017,2,Divergent,169,169,0.008157072015404864
M78_1017,2,Divergent,170,170,0.005529600001050551
M78_1017,2,Divergent,171,171,0.005683983478025256
M78_1017,2,Divergent,172,172,0.0031453911109118756
M78_1017,2,Divergent,173,173,0.005492479236859812
M78_1017,2,Divergent,174,174,0.009783183315384872
M78_1017,2,Divergent,175,175,0.011457838687898689
M78_1017,2,Divergent,176,176,0.01194747019428433
M78_1017,2,Divergent,177,177,0.0077519696696024196
M78_1017,2,Divergent,178,178,0.009841044432649045
M78_1017,2,Divergent,179,179,0.00840156440461757
M78_1017,2,Divergent,180,180,0.00027122572595416976
M78_1017,2,Divergent,181,181,0.02250737099064026
M78_1017,2,Divergent,182,182,0.0041803626610137715
M78_1017,2,Divergent,183,183,0.044372930510067625
M78_1017,2,Divergent,184,184,0.02242500997524251
M78_1017,2,Divergent,185,185,0.006604788552386596
M78_1017,2,Divergent,186,186,0.12728092473065644
M78_1017,2,Divergent,187,187,0.004553323744371403
M78_1017,2,Divergent,188,188,0.006684091467034529
M78_1017,2,Divergent,189,189,0.003558628342784288
M78_1017,2,Divergent,190,190,0.007124580363763431
M78_1017,2,Divergent,191,191,0.005552615871318011
M78_1017,2,Divergent,192,192,0.010977404851010968
M78_1017,2,Divergent,193,193,0.0045203636972266335
M78_1017,2,Divergent,194,194,0.003014639082769128
M78_1017,2,Divergent,195,195,0.007426877210188347
M78_1017,2,Divergent,196,196,0.00599975429762261
M78_1017,2,Divergent,197,197,0.008361985724676694
M78_1017,2,Divergent,198,198,0.0032097150343409005
M78_1017,2,Divergent,199,199,0.007984453860237346
M78_1017,2,Divergent,200,200,0.015353811277779178
M78_1017,2,Divergent,201,201,0.005866843296149582
M78_1017,2,Divergent,202,202,0.0072188371865961115
M78_1017,2,Divergent,203,203,0.006997745319702581
M78_1017,2,Divergent,204,204,0.0175908500361338
M78_1017,2,Divergent,205,205,0.009103978232847192
M78_1017,2,Divergent,206,206,0.017967806573499712
M78_1017,2,Divergent,207,207,0.007827299392757643
M78_1017,2,Divergent,208,208,0.009731139325467347
M78_1017,2,Divergent,209,209,0.009211160399820329
M78_1017,2,Divergent,210,210,0.016490318128234593
M78_1017,2,Divergent,211,211,0.009581335186100515
M78_1017,2,Divergent,212,212,0.009503345297784299
M78_1017,2,Divergent,213,213,0.0107934103794641
M78_1017,2,Divergent,214,214,0.00860175952874941
M78_1017,2,Divergent,215,215,0.007232645980956589
M78_1017,2,Divergent,216,216,0.005879367506662547
M78_1017,2,Divergent,217,217,0.007407263452095273
M78_1017,2,Divergent,218,218,0.017268439591453785
M78_1017,2,Divergent,219,219,0.011225510303343629
M78_1017,2,Divergent,220,220,0.011425964871274405
M78_1017,2,Divergent,221,221,0.012255751749443445
M78_1017,2,Divergent,222,222,0.007025945883166666
M78_1017,2,Divergent,223,223,0.008056782016514294
M78_1017,2,Divergent,224,224,0.0069921565019492905
M78_1017,2,Divergent,225,225,0.006215999188338684
M78_1017,2,Divergent,226,226,0.0062296564456916885
M78_1017,2,Divergent,227,227,0.007656448300143606
M78_1017,2,Divergent,228,228,0.0070928573453178006
M78_1017,2,Divergent,229,229,0.010344964558291331
M78_1017,2,Divergent,230,230,0.005297353071479225
M78_1017,2,Divergent,231,231,0.00973226315047788
M78_1017,2,Divergent,232,232,0.006411180787580905
M78_1017,2,Divergent,233,233,0.005585536272918577
M78_1017,2,Divergent,234,234,0.005965886360826788
M78_1017,2,Divergent,235,235,0.0068494442267253534
M78_1017,2,Divergent,236,236,0.009664679284916227
M78_1017,2,Divergent,237,237,0.008924756797537077
M78_1017,2,Divergent,238,238,0.012803199279260937
M78_1017,2,Divergent,239,239,0.01401078082792657
M78_1017,2,Divergent,240,240,0.008776251188369076
M78_1017,2,Divergent,241,241,0.009890291586583643
M78_1017,2,Divergent,242,242,0.006764606896914509
M78_1017,2,Divergent,243,243,0.00557312037052358
M78_1017,2,Divergent,244,244,0.0038207337733055873
M78_1017,2,Divergent,245,245,0.009494849039567686
M78_1017,2,Divergent,246,246,0.013699273139201594
M78_1017,2,Divergent,247,247,0.020288155436630182
M78_1017,2,Divergent,248,248,0.015080888372674389
M78_1017,2,Divergent,249,249,0.011004866081445167
M78_1017,2,Divergent,250,250,0.009274323627132139
M78_1017,2,Divergent,251,251,0.007964535083278622
M78_1017,2,Divergent,252,252,0.013099144559083996
M78_1017,2,Divergent,253,253,0.010665660675282166
M78_1017,2,Divergent,254,254,0.009831523405298134
M78_1017,2,Divergent,255,255,0.008072529829198111
M78_1017,2,Divergent,256,256,0.028665398006539857
M78_1017,2,Divergent,257,257,0.05906052600690409
M78_1017,2,Divergent,258,258,0.04067946677177883
M78_1017,2,Divergent,259,259,0.04487978110269627
M78_1017,2,Divergent,260,260,0.037853887231138195
M78_1017,2,Divergent,261,261,0.031140422961151784
M78_1017,2,Divergent,262,262,0.02916752612381651
M78_1017,2,Divergent,263,263,0.02643194561007253
M78_1017,2,Divergent,264,264,0.02660391773832472
M78_1017,2,Divergent,265,265,0.02185004229020131
M78_1017,2,Divergent,266,266,0.01007604095145341
M78_1017,2,Divergent,267,267,0.00790492060038735
M78_1017,2,Divergent,268,268,0.04686343435835289
M78_1017,2,Divergent,269,269,0.05194968618697634
M78_1017,2,Divergent,270,270,0.011017326970192554
M78_1017,2,Divergent,271,271,0.03153606094093176
M78_1017,2,Divergent,272,272,0.02407981605849049
M78_1017,2,Divergent,273,273,0.022052386616307654
M78_1017,2,Divergent,274,274,0.010762308272859898
M78_1017,2,Divergent,275,275,0.026723654767122577
M78_1017,2,Divergent,276,276,0.027700133147861874
M78_1017,2,Divergent,277,277,0.018040731923017455
M78_1017,2,Divergent,278,278,0.01648235127683157
M78_1017,2,Divergent,279,279,0.03243129560723901
M78_1017,2,Divergent,280,280,0.012237241373217682
M78_1017,2,Divergent,281,281,0.01728465739155613
M78_1017,2,Divergent,282,282,0.014528227366993138
M78_1017,2,Divergent,283,283,0.01151566166765661
M78_1017,2,Divergent,284,284,0.05242086074462062
M78_1017,2,Divergent,285,285,0.013933014559657559
M78_1017,2,Divergent,286,286,0.007838411191825575
M78_1017,2,Divergent,287,287,0.04479832988918612
M78_1017,2,Divergent,288,288,0.034007369753038676
M78_1017,2,Divergent,289,289,0.03550748077115011
M78_1017,2,Divergent,290,290,0.07709988456407334
M78_1017,2,Divergent,291,291,0.043301769385212345
M78_1017,2,Divergent,292,292,0.051800989006695
M78_1017,2,Divergent,293,293,0.049196081319742166
M78_1017,2,Divergent,294,294,0.055766366814312185
M78_1017,2,Divergent,295,295,0.044405135701884306
M78_1017,2,Divergent,296,296,0.060263515074263536
M78_1017,2,Divergent,297,297,0.034111480334806335
M78_1017,2,Divergent,298,298,0.03253685029452307
M78_1017,2,Divergent,299,299,0.03881413015749371
M78_1017,2,Divergent,300,300,0.033868022699607536
M78_1017,2,Divergent,301,301,0.026120376746627715
M78_1017,2,Divergent,302,302,0.03119018232743991
M78_1017,2,Divergent,303,303,0.028319798499803272
M78_1017,2,Divergent,304,304,0.008195929840950524
M78_1017,2,Divergent,305,305,0.016168804618677025
M78_1017,2,Divergent,306,306,0.009892047151081721
M78_1017,2,Divergent,307,307,0.0243710322599662
M78_1017,2,Divergent,308,308,0.014243562784190943
M78_1017,2,Divergent,309,309,0.011247546240491303
M78_1017,2,Divergent,310,310,0.028506091652895537
M78_1017,2,Divergent,311,311,0.008724898937272659
M78_1017,2,Divergent,312,312,0.016396307058656884
M78_1017,2,Divergent,313,313,0.01311243889371358
M78_1017,2,Divergent,314,314,0.018691719146565384
M78_1017,2,Divergent,315,315,0.021397113669336887
M78_1017,2,Divergent,316,316,0.01182700540531394
M78_1017,2,Divergent,317,317,0.01305181743360631
M78_1017,2,Divergent,318,318,0.0035540061061303213
M78_1017,2,Divergent,319,319,0.004877854485305745
M78_1017,2,Divergent,320,320,0.007052080773926144
M78_1017,2,Divergent,321,321,0.015232135055141458
M78_1017,2,Divergent,322,322,0.007269399318223198
M78_1017,2,Divergent,323,323,0.013072582895172028
M78_1017,2,Divergent,324,324,0.02625541874665048
M78_1017,2,Divergent,325,325,0.02533129998074289
M78_1017,2,Divergent,326,326,0.03131879490326371
M78_1017,2,Divergent,327,327,0.029630522485699896
M78_1017,2,Divergent,328,328,0.024340042481893313
M78_1017,2,Divergent,329,329,0.02176265715184344
M78_1017,2,Divergent,330,330,0.024987971479596013
M78_1017,2,Divergent,331,331,0.011382469131300846
M78_1017,2,Divergent,332,332,0.00998911091428773
M78_1017,2,Divergent,333,333,0.010004471523866972
M78_1017,2,Divergent,334,334,0.011872147921709703
M78_1017,2,Divergent,335,335,0.016431800242699274
M78_1017,2,Divergent,336,336,0.01480142157851604
M78_1017,2,Divergent,337,337,0.014691871889098956
M78_1017,2,Divergent,338,338,0.017286927255458738
M78_1017,2,Divergent,339,339,0.006729789648057991
M78_1017,2,Divergent,340,340,0.017112932993066415
M78_1017,2,Divergent,341,341,0.018196067168262966
M78_1017,2,Divergent,342,342,0.01098608060764443
M78_1017,2,Divergent,343,343,0.007789053923037851
M78_1017,2,Divergent,344,344,0.030194073482498265
M78_1017,2,Divergent,345,345,0.034120922548729074
M78_1017,2,Divergent,346,346,0.02799654037185144
M78_1017,2,Divergent,347,347,0.014279183216817808
M78_1017,2,Divergent,348,348,0.016301433069696815
M78_1017,2,Divergent,349,349,0.012963082748587783
M78_1017,2,Divergent,350,350,0.009139972277345103
M78_1017,2,Divergent,351,351,0.024358166193818313
M78_1017,2,Divergent,352,352,0.02268189636238834
M78_1017,2,Divergent,353,353,0.025959892546157597
M78_1017,2,Divergent,354,354,0.012123140431899708
M78_1017,2,Divergent,355,355,0.0066821556436224725
M78_1017,2,Divergent,356,356,0.007414381765237634
M78_1017,2,Divergent,357,357,0.022200429194255553
M78_1017,2,Divergent,358,358,0.08714429384685661
M78_1017,2,Divergent,359,359,0.05200064478017259
M78_1017,2,Divergent,360,360,0.034252756218050136
M78_1017,2,Divergent,361,361,0.03372698608916579
M78_1017,2,Divergent,362,362,0.04933273316802163
M78_1017,2,Divergent,363,363,0.04652219045939937
M78_1017,2,Divergent,364,364,0.04955766713573483
M78_1017,2,Divergent,365,365,0.03827930051473934
M78_1017,2,Divergent,366,366,0.03865579169104693
M78_1017,2,Divergent,367,367,0.04848762580577545
M78_1017,2,Divergent,368,368,0.04065681810964618
M78_1017,2,Divergent,369,369,0.016425132596244413
M78_1017,2,Divergent,370,370,0.006992980378287795
M78_1017,2,Divergent,371,371,0.0053995284350157975
M78_1017,2,Divergent,372,372,0.01598338478014053
M78_1017,2,Divergent,373,373,0.013401749362074361
M78_1017,2,Divergent,374,374,0.041668043030720005
M78_1017,2,Divergent,375,375,0.004894944933639316
M78_1017,2,Divergent,376,376,0.014486212955313948
M78_1017,2,Divergent,377,377,0.02722095377465481
M78_1017,2,Divergent,378,378,0.014693258302653894
M78_1017,2,Divergent,379,379,0.03509876417739546
M78_1017,2,Divergent,380,380,0.022684412871552796
M78_1017,2,Divergent,381,381,0.010104625872356752
M78_1017,2,Divergent,382,382,0.006884053989779204
M78_1017,2,Divergent,383,383,0.010656484525258603
M78_1017,2,Divergent,384,384,0.03049591558744412
M78_1017,2,Divergent,385,385,0.01574209915768159
M78_1017,2,Divergent,386,386,0.024853834817022608
M78_1017,2,Divergent,387,387,0.015799958434511433
M78_1017,2,Divergent,388,388,0.03293899119945995
M78_1017,2,Divergent,389,389,0.016530075890681985
M78_1017,2,Divergent,390,390,0.01942534931412522
M78_1017,2,Divergent,391,391,0.020761015648563523
M78_1017,2,Divergent,392,392,0.019803711335713927
M78_1017,2,Divergent,393,393,0.008967593386810142
M78_1017,2,Divergent,394,394,0.010709975931891486
M78_1017,2,Divergent,395,395,0.007161248597855631
M78_1017,2,Divergent,396,396,0.018960051516299706
M78_1017,2,Divergent,397,397,0.024596047522336767
M78_1017,2,Divergent,398,398,0.03902302515742026
M78_1017,2,Divergent,399,399,0.010411315550363884
M78_1017,2,Divergent,400,400,0.006775611266085322
M78_1017,2,Divergent,401,401,0.00880288054325144
M78_1017,2,Divergent,402,402,0.01086479627829568
M78_1017,2,Divergent,403,403,0.01961346230420627
M78_1017,2,Divergent,404,404,0.014659021751804016
M78_1017,2,Divergent,405,405,0.009481910298570272
M78_1017,2,Divergent,406,406,0.015272047426326919
M78_1017,2,Divergent,407,407,0.007299591515523692
M78_1017,2,Divergent,408,408,0.015333528524232014
M78_1017,2,Divergent,409,409,0.018345300863106866
M78_1017,2,Divergent,410,410,0.015248475447215401
M78_1017,2,Divergent,411,411,0.014716068452240475
M78_1017,2,Divergent,412,412,0.007943929052552241
M78_1017,2,Divergent,413,413,0.020346579583067643
M78_1017,2,Divergent,414,414,0.011219580813000599
M78_1017,2,Divergent,415,415,0.0062743374606055256
M78_1017,2,Divergent,416,416,0.007058205013571863
M78_1017,2,Divergent,417,417,0.009194303589889355
M78_1017,2,Divergent,418,418,0.01137390416299336
M78_1017,2,Divergent,419,419,0.011454784830117174
M78_1017,2,Divergent,420,420,0.01898193661646362
M78_1017,2,Divergent,421,421,0.009551496994518266
M78_1017,2,Divergent,422,422,0.01431007659585591
M78_1017,2,Divergent,423,423,0.009274825836192784
M78_1017,2,Divergent,424,424,0.020247098738572708
M78_1017,2,Divergent,425,425,0.010598084127036202
M78_1017,2,Divergent,426,426,0.00999804158754271
M78_1017,2,Divergent,427,427,0.01047657235533718
M78_1017,2,Divergent,428,428,0.010942150473088157
M78_1017,2,Divergent,429,429,0.010437859609322786
M78_1017,2,Divergent,430,430,0.013981858023295277
M78_1017,2,Divergent,431,431,0.011441102339232569
M78_1017,2,Divergent,432,432,0.013011070932088043
M78_1017,2,Divergent,433,433,0.011292034084091714
M78_1017,2,Divergent,434,434,0.011961888295206191
M78_1017,2,Divergent,435,435,0.013788276482700255
M78_1017,2,Divergent,436,436,0.011614617688393449
M78_1017,2,Divergent,437,437,0.010114509800220267
M78_1017,2,Divergent,438,438,0.011303663231126592
M78_1017,2,Divergent,439,439,0.007503045534943803
M78_1017,2,Divergent,440,440,0.0067842825256663845
M78_1017,2,Divergent,441,441,0.004304984594662592
M78_1017,2,Divergent,442,442,0.004894222913176156
M78_1017,2,Divergent,443,443,0.00397205162127584
M78_1017,2,Divergent,444,444,0.007534960603439494
M78_1017,2,Divergent,445,445,0.006709925499435805
M78_1017,2,Divergent,446,446,0.00934936632729021
M78_1017,2,Divergent,447,447,0.00789810270438657
M78_1017,2,Divergent,448,448,0.00739177610018503
M78_1017,2,Divergent,449,449,0.01304043520276696
M78_1017,2,Divergent,450,450,0.010883461183606925
M78_1017,2,Divergent,451,451,0.014314652972021386
M78_1017,2,Divergent,452,452,0.015840975551359486
M78_1017,2,Divergent,453,453,0.021645329504328976
M78_1017,2,Divergent,454,454,0.01063293290044704
M78_1017,2,Divergent,455,455,0.017662152274217652
M78_1017,2,Divergent,456,456,0.00998616944426638
M78_1017,2,Divergent,457,457,0.01772805454470871
M78_1017,2,Divergent,458,458,0.006674572892319574
M78_1017,2,Divergent,459,459,0.020054324333997148
M78_1017,2,Divergent,460,460,0.010565961613074729
M78_1017,2,Divergent,461,461,0.006988409746044087
M78_1017,2,Divergent,462,462,0.009947182779637444
M78_1017,2,Divergent,463,463,0.010832882535300757
M78_1017,2,Divergent,464,464,0.01079345091854696
M78_1017,2,Divergent,465,465,0.012114038878823058
M78_1017,2,Divergent,466,466,0.010760325760776667
M78_1017,2,Divergent,467,467,0.006228673674182542
M78_1017,2,Divergent,468,468,0.009590590225630686
M78_1017,2,Divergent,469,469,0.020221634797564007
M78_1017,2,Divergent,470,470,0.018578297807835042
M78_1017,2,Divergent,471,471,0.019058312040247154
M78_1017,2,Divergent,472,472,0.00653717217337863
M78_1017,2,Divergent,473,473,0.0022803419075595834
M78_1017,2,Divergent,474,474,0.013386892539034434
M78_1017,2,Divergent,475,475,0.0205602083036578
M78_1017,2,Divergent,476,476,0.030940651328899293
M78_1017,2,Divergent,477,477,0.03290902318539131
M78_1017,2,Divergent,478,478,0.022608182353954027
M78_1017,2,Divergent,479,479,0.02615148605974881
M78_1017,2,Divergent,480,480,0.010820856522115176
M78_1017,2,Divergent,481,481,0.009885959008610562
M78_1017,2,Divergent,482,482,0.025268681913107764
M78_1017,2,Divergent,483,483,0.03149651186622418
M78_1017,2,Divergent,484,484,0.010132228743219585
M78_1017,2,Divergent,485,485,0.009824400473901238
M78_1017,2,Divergent,486,486,0.007848388954523233
M78_1017,2,Divergent,487,487,0.01306291629474512
M78_1017,2,Divergent,488,488,0.024894175801850986
M78_1017,2,Divergent,489,489,0.016826295718681394
M78_1017,2,Divergent,490,490,0.021096911420228712
M78_1017,2,Divergent,491,491,0.005207304864853269
M78_1017,2,Divergent,492,492,0.005466639035659139
M78_1017,2,Divergent,493,493,0.0072249760133241865
M78_1017,2,Divergent,494,494,0.010154667761781368
M78_1017,2,Divergent,495,495,0.003967252938820278
M78_1017,2,Divergent,496,496,0.009366259141340075
M78_1017,2,Divergent,497,497,0.007405187382174884
M78_1017,2,Divergent,498,498,0.007509716567910162
M78_1017,2,Divergent,499,499,0.012823564432389838
M78_1017,2,Divergent,500,500,0.007200368181210044
M78_1017,2,Divergent,501,501,0.0063344209999756955
M78_1017,2,Divergent,502,502,0.006874785430913458
M78_1017,2,Divergent,503,503,0.004642880219443326
M78_1017,2,Divergent,504,504,0.004339574235736539
M78_1017,2,Divergent,505,505,0.012384546426402633
M78_1017,2,Divergent,506,506,0.013518338794248146
M78_1017,2,Divergent,507,507,0.004856542618654203
M78_1017,2,Divergent,508,508,0.010249837239379096
M78_1017,2,Divergent,509,509,0.009020722478325888
M78_1017,2,Divergent,510,510,0.01432800454265242
M78_1017,2,Divergent,511,511,0.01106782995058191
M78_1017,2,Divergent,512,512,0.009235848991298362
M78_1017,2,Divergent,513,513,0.007637855380093434
M78_1017,2,Divergent,514,514,0.00505875329652458
M78_1017,2,Divergent,515,515,0.007365706489061969
M78_1017,2,Divergent,516,516,0.008608094530931691
M78_1017,2,Divergent,517,517,0.011812894316104224
M78_1017,2,Divergent,518,518,0.007980139442033282
M78_1017,2,Divergent,519,519,0.012512173416836416
M78_1017,2,Divergent,520,520,0.008158811639683941
M78_1017,2,Divergent,521,521,0.022850201523397118
M78_1017,2,Divergent,522,522,0.010521263546379805
M78_1017,2,Divergent,523,523,0.02173970873761726
M78_1017,2,Divergent,524,524,0.004793317049022829
M78_1017,2,Divergent,525,525,0.008982868398449858
M78_1017,2,Divergent,526,526,0.010392450747946114
M78_1017,2,Divergent,527,527,0.008406802856801445
M78_1017,2,Divergent,528,528,0.010871848875754759
M78_1017,2,Divergent,529,529,0.0110311763107842
M78_1017,2,Divergent,530,530,0.01086144156809161
M78_1017,2,Divergent,531,531,0.008223942960428662
M78_1017,2,Divergent,532,532,0.02282155859039018
M78_1017,2,Divergent,533,533,0.016757776410310742
M78_1017,2,Divergent,534,534,0.005550395339939809
M78_1017,2,Divergent,535,535,0.009422575239768137
M78_1017,2,Divergent,536,536,0.008671754511612418
M78_1017,2,Divergent,537,537,0.010246979603707268
M78_1017,2,Divergent,538,538,0.014650753441903936
M78_1017,2,Divergent,539,539,0.027321760078050653
M78_1017,2,Divergent,540,540,0.023646792318271638
M78_1017,2,Divergent,541,541,0.013618445024915497
M78_1017,2,Divergent,542,542,0.0157324209862405
M78_1017,2,Divergent,543,543,0.02993950419732484
M78_1017,2,Divergent,544,544,0.029134055162502222
M78_1017,2,Divergent,545,545,0.012775324488374233
M78_1017,2,Divergent,546,546,0.0061865985759109125
M78_1017,2,Divergent,547,547,0.010578414276415858
M78_1017,2,Divergent,548,548,0.019002528223944336
M78_1017,2,Divergent,549,549,0.01841069812980366
M78_1017,2,Divergent,550,550,0.005559753538762922
M78_1017,2,Divergent,551,551,0.00914506897128089
M78_1017,2,Divergent,552,552,0.009454157719645943
M78_1017,2,Divergent,553,553,0.013398245859302972
M78_1017,2,Divergent,554,554,0.013193218873838257
M78_1017,2,Divergent,555,555,0.02016650993997852
M78_1017,2,Divergent,556,556,0.01522784199761717
M78_1017,2,Divergent,557,557,0.00670345645171198
M78_1017,2,Divergent,558,558,0.024048670660704374
M78_1017,2,Divergent,559,559,0.017465515072424814
M78_1017,2,Divergent,560,560,0.004578525008503021
M78_1017,2,Divergent,561,561,0.012051386053555465
M78_1017,2,Divergent,562,562,0.008739892088526272
M78_1017,2,Divergent,563,563,0.009817351606519273
M78_1017,2,Divergent,564,564,0.009822626132518053
M78_1017,2,Divergent,565,565,0.014378170368951958
M78_1017,2,Divergent,566,566,0.017982118433186162
M78_1017,2,Divergent,567,567,0.018466587914174357
M78_1017,2,Divergent,568,568,0.028274751423547666
M78_1017,2,Divergent,569,569,0.013691102985033291
M78_1017,2,Divergent,570,570,0.009977487696073296
M78_1017,2,Divergent,571,571,0.00494284530143711
M78_1017,2,Divergent,572,572,0.018901290994778577
M78_1017,2,Divergent,573,573,0.012339172329296145
M78_1017,2,Divergent,574,574,0.010803676096992077
M78_1017,2,Divergent,575,575,0.0059068208200889726
M78_1017,2,Divergent,576,576,0.007040898721530347
M78_1017,2,Divergent,577,577,0.015760900395546566
M78_1017,2,Divergent,578,578,0.007284290493069484
M78_1017,2,Divergent,579,579,0.017205856942669732
M78_1017,2,Divergent,580,580,0.013846810314836994
M78_1017,2,Divergent,581,581,0.03026396010414158
M78_1017,2,Divergent,582,582,0.02510998287956075
M78_1017,2,Divergent,583,583,0.008453805377429123
M78_1017,2,Divergent,584,584,0.01145340014645307
M78_1017,2,Divergent,585,585,0.014166208241428984
M78_1017,2,Divergent,586,586,0.007940011495584418
M78_1017,2,Divergent,587,587,0.007930094350676722
M78_1017,2,Divergent,588,588,0.006303286810483162
M78_1017,2,Divergent,589,589,0.025293546371374345
M78_1017,2,Divergent,590,590,0.01035287662862653
M78_1017,2,Divergent,591,591,0.006070071671019194
M78_1017,2,Divergent,592,592,0.009553556063972218
M78_1017,2,Divergent,593,593,0.008232174186240738
M78_1017,2,Divergent,594,594,0.01637201579777818
M78_1017,2,Divergent,595,595,0.016322806207187426
M78_1017,2,Divergent,596,596,0.007576854074406519
M78_1017,2,Divergent,597,597,0.01734838963960085
M78_1017,2,Divergent,598,598,0.007023145444691181
M78_1017,2,Divergent,599,599,0.012446555772616545
M78_1017,2,Divergent,600,600,0.01911876408440437
M78_1017,2,Divergent,601,601,0.01532469494595078
M78_1017,2,Divergent,602,602,0.012504218385162713
M78_1017,2,Divergent,603,603,0.009624551916331575
M78_1017,2,Divergent,604,604,0.006350029752132271
M78_1017,2,Divergent,605,605,0.006308596292097048
M78_1017,2,Divergent,606,606,0.006800761989628275
M78_1017,2,Divergent,607,607,0.01550325044183665
M78_1017,2,Divergent,608,608,0.006881696141933565
M78_1017,2,Divergent,609,609,0.006862281451998442
M78_1017,2,Divergent,610,610,0.009899056630960683
M78_1017,2,Divergent,611,611,0.01606390878492803
M78_1017,2,Divergent,612,612,0.007148836475895031
M78_1017,2,Divergent,613,613,0.010851625333184768
M78_1017,2,Divergent,614,614,0.014407791843328405
M78_1017,2,Divergent,615,615,0.017938014959023956
M78_1017,2,Divergent,616,616,0.010294615219575925
M78_1017,2,Divergent,617,617,0.01747955282713009
M78_1017,2,Divergent,618,618,0.004476604744252798
M78_1017,2,Divergent,619,619,0.009491971405958267
M78_1017,2,Divergent,620,620,0.01396361154043565
M78_1017,2,Divergent,621,621,0.007942387923034594
M78_1017,2,Divergent,622,622,0.016055136315500068
M78_1017,2,Divergent,623,623,0.013502224673222946
M78_1017,2,Divergent,624,624,0.008375090036312477
M78_1017,2,Divergent,625,625,0.004521105219936815
M78_1017,2,Divergent,626,626,0.0077864545852654584
M78_1017,2,Divergent,627,627,0.017995628800953886
M78_1017,2,Divergent,628,628,0.008426374640916228
M78_1017,2,Divergent,629,629,0.015531371873517504
M78_1017,2,Divergent,630,630,0.013170376630385587
M78_1017,2,Divergent,631,631,0.004583808066519468
M78_1017,2,Divergent,632,632,0.010418792143402817
M78_1017,2,Divergent,633,633,0.007877520949063055
M78_1017,2,Divergent,634,634,0.0031790127671372736
M78_1017,2,Divergent,635,635,0.003958797873214312
M78_1017,2,Divergent,636,636,0.009914358922590813
M78_1017,2,Divergent,637,637,0.008992804062584406
M78_1017,2,Divergent,638,638,0.010765967290130345
M78_1017,2,Divergent,639,639,0.00873411321714357
M78_1017,2,Divergent,640,640,0.009961018628816595
M78_1017,2,Divergent,641,641,0.006510940282360504
M78_1017,2,Divergent,642,642,0.0104988418244287
M78_1017,2,Divergent,643,643,0.005482998585457129
M78_1017,2,Divergent,644,644,0.005686280293096053
M78_1017,2,Divergent,645,645,0.021170661159742036
M78_1017,2,Divergent,646,646,0.017153656628930515
M78_1017,2,Divergent,647,647,0.03780708707084781
M78_1017,2,Divergent,648,648,0.004686571589748685
M78_1017,2,Divergent,649,649,0.011782884830608964
M78_1017,2,Divergent,650,650,0.015525483873493055
M78_1017,2,Divergent,651,651,0.0086458966568962
M78_1017,2,Divergent,652,652,0.005787146460773472
M78_1017,2,Divergent,653,653,0.004215088044905937
M78_1017,2,Divergent,654,654,0.0056569936550978014
M78_1017,2,Divergent,655,655,0.010537062305957079
M78_1017,2,Divergent,656,656,0.018434145202678463
M78_1017,2,Divergent,657,657,0.019273864975395173
M78_1017,2,Divergent,658,658,0.004590580523654353
M78_1017,2,Divergent,659,659,0.010603528777944137
M78_1017,2,Divergent,660,660,0.009291449263528512
M78_1017,2,Divergent,661,661,0.015299423507888588
M78_1017,2,Divergent,662,662,0.009662981333748209
M78_1017,2,Divergent,663,663,0.007906638993932702
M78_1017,2,Divergent,664,664,0.0077455851794200085
M78_1017,2,Divergent,665,665,0.01936122898232976
M78_1017,2,Divergent,666,666,0.013797642648824606
M78_1017,2,Divergent,667,667,0.009951962295944165
M78_1017,2,Divergent,668,668,0.00850278507762899
M78_1017,2,Divergent,669,669,0.010419921186679093
M78_1017,2,Divergent,670,670,0.013170373818036495
M78_1017,2,Divergent,671,671,0.005665633109042813
M78_1017,2,Divergent,672,672,0.020328825739980266
M78_1017,2,Divergent,673,673,0.012243847607782013
M78_1017,2,Divergent,674,674,0.011655269683902398
M78_1017,2,Divergent,675,675,0.013731017678142771
M78_1017,2,Divergent,676,676,0.011217380521549402
M78_1017,2,Divergent,677,677,0.008791962620115987
M78_1017,2,Divergent,678,678,0.018778096843641578
M78_1017,2,Divergent,679,679,0.016726509475949825
M78_1017,2,Divergent,680,680,0.012488274473549896
M78_1017,2,Divergent,681,681,0.009485188426384539
M78_1017,2,Divergent,682,682,0.013881591821636743
M78_1017,2,Divergent,683,683,0.002723077561792084
M78_1017,2,Divergent,684,684,0.0074109635050326845
M78_1017,2,Divergent,685,685,0.014421717339326023
M78_1017,2,Divergent,686,686,0.007056894196450645
M78_1017,2,Divergent,687,687,0.006544859524358783
M78_1017,2,Divergent,688,688,0.009700499050188483
M78_1017,2,Divergent,689,689,0.013181644985084668
M78_1017,2,Divergent,690,690,0.007425271081860717
M78_1017,2,Divergent,691,691,0.010235738376841733
M78_1017,2,Divergent,692,692,0.014281745350576545
M78_1017,2,Divergent,693,693,0.016303990436554477
M78_1017,2,Divergent,694,694,0.006876856549193658
M78_1017,2,Divergent,695,695,0.0171666771598291
M78_1017,2,Divergent,696,696,0.01640112065146432
M78_1017,2,Divergent,697,697,0.008894479737679368
M78_1017,2,Divergent,698,698,0.006742551669543772
M78_1017,2,Divergent,699,699,0.006523354185271289
M78_1017,2,Divergent,700,700,0.010760914745716084
M78_1017,2,Divergent,701,701,0.010151105328348646
M78_1017,2,Divergent,702,702,0.010151014648982439
M78_1017,2,Divergent,703,703,0.007702550268732011
M78_1017,2,Divergent,704,704,0.006741856452559628
M78_1017,2,Divergent,705,705,0.006974913173747298
M78_1017,2,Divergent,706,706,0.0039039381653103128
M78_1017,2,Divergent,707,707,0.005070937747389013
M78_1017,2,Divergent,708,708,0.016449588999405438
M78_1017,2,Divergent,709,709,0.00700432507897188
M78_1017,2,Divergent,710,710,0.006737689839435022
M78_1017,2,Divergent,711,711,0.00760793771590678
M78_1017,2,Divergent,712,712,0.020582722805301545
M78_1017,2,Divergent,713,713,0.00816204790853111
M78_1017,2,Divergent,714,714,0.008172349427217054
M78_1017,2,Divergent,715,715,0.012948652347978694
M78_1017,2,Divergent,716,716,0.010179404205062607
M78_1017,2,Divergent,717,717,0.005616001257868974
M78_1017,2,Divergent,718,718,0.01676106531375441
M78_1017,2,Divergent,719,719,0.010107701368580916
M78_1017,2,Divergent,720,720,0.014075739304708054
M78_1017,2,Divergent,721,721,0.020929235866979548
M78_1017,2,Divergent,722,722,0.01775304126561407
M78_1017,2,Divergent,723,723,0.004058089369209483
M78_1017,2,Divergent,724,724,0.008321735022483361
M78_1017,2,Divergent,725,725,0.004393863292071936
M78_1017,3,Random,0,0,0.018472087087242732
M78_1017,3,Random,1,1,0.009426067367063038
M78_1017,3,Random,2,2,0.0018913765476706128
M78_1017,3,Random,3,3,0.009244133231862049
M78_1017,3,Random,4,4,0.001259296400738614
M78_1017,3,Random,5,5,0.002006305128036599
M78_1017,3,Random,6,6,0.001252727915665933
M78_1017,3,Random,7,7,0.027715190198553803
M78_1017,3,Random,8,8,0.02987439480299751
M78_1017,3,Random,9,9,0.01140958586308573
M78_1017,3,Random,10,10,0.009513833160911287
M78_1017,3,Random,11,11,0.009198228274250314
M78_1017,3,Random,12,12,0.015962306188330763
M78_1017,3,Random,13,13,0.020214253873009944
M78_1017,3,Random,14,14,0.02194807285420774
M78_1017,3,Random,15,15,0.04483099465419184
M78_1017,3,Random,16,16,0.03945183374231592
M78_1017,3,Random,17,17,0.0058405118345815155
M78_1017,3,Random,18,18,0.029650627085045147
M78_1017,3,Random,19,19,0.03208409615659288
M78_1017,3,Random,20,20,0.01949417151488541
M78_1017,3,Random,21,21,0.032213385840545276
M78_1017,3,Random,22,22,0.02786065582421586
M78_1017,3,Random,23,23,0.010545332350635104
M78_1017,3,Random,24,24,0.010687450368312142
M78_1017,3,Random,25,25,0.028074347303204593
M78_1017,3,Random,26,26,0.04540467221245524
M78_1017,3,Random,27,27,0.002717840817889997
M78_1017,3,Random,28,28,0.06451403329681073
M78_1017,3,Random,29,29,0.051899856327855515
M78_1017,3,Random,30,30,0.03924352841983948
M78_1017,3,Random,31,31,0.005039886859733434
M78_1017,3,Random,32,32,0.0013395580088919295
M78_1017,3,Random,33,33,0.004485635960008949
M78_1017,3,Random,34,34,0.019407076687673993
M78_1017,3,Random,35,35,0.030337495894248907
M78_1017,3,Random,36,36,0.01579536293034575
M78_1017,3,Random,37,37,0.002948774479418283
M78_1017,3,Random,38,38,0.003642149442124979
M78_1017,3,Random,39,39,0.022905603967263318
M78_1017,3,Random,40,40,0.024602274072267824
M78_1017,3,Random,41,41,0.013168714896892197
M78_1017,3,Random,42,42,0.00812300550751388
M78_1017,3,Random,43,43,0.011780974283326594
M78_1017,3,Random,44,44,0.006245598934280376
M78_1017,3,Random,45,45,0.006683824916503259
M78_1017,3,Random,46,46,0.003980783365910784
M78_1017,3,Random,47,47,0.018789462280914278
M78_1017,3,Random,48,48,0.05388968925745714
M78_1017,3,Random,49,49,0.017633180718153847
M78_1017,3,Random,50,50,0.01995173490251459
M78_1017,3,Random,51,51,0.0030771089728832955
M78_1017,3,Random,52,52,0.041872708287666593
M78_1017,3,Random,53,53,0.03632670275068709
M78_1017,3,Random,54,54,0.013811576845390456
M78_1017,3,Random,55,55,0.016406735571633493
M78_1017,3,Random,56,56,0.004066544491381917
M78_1017,3,Random,57,57,0.0016919632076418825
M78_1017,3,Random,58,58,0.008605381290960525
M78_1017,3,Random,59,59,0.009015415057850381
M78_1017,3,Random,60,60,0.014361046351647625
M78_1017,3,Random,61,61,0.0
M78_1017,3,Random,62,62,0.020000212310281183
M78_1017,3,Random,63,63,0.04945404837850392
M78_1017,3,Random,64,64,0.02003345159824849
M78_1017,3,Random,65,65,0.00917033455092072
M78_1017,3,Random,66,66,0.02138527555784787
M78_1017,3,Random,67,67,0.0068536225816864145
M78_1017,3,Random,68,68,0.012540817612759946
M78_1017,3,Random,69,69,0.009343848081438668
M78_1017,3,Random,70,70,0.0017220082490461035
M78_1017,3,Random,71,71,0.001468811071390519
M78_1017,3,Random,72,72,0.000785792674010043
M78_1017,3,Random,73,73,0.0014976298552937806
M78_1017,3,Random,74,74,0.007037132645824126
M78_1017,3,Random,75,75,0.008763310728162261
M78_1017,3,Random,76,76,0.011515647583153276
M78_1017,3,Random,77,77,0.004155577477788375
M78_1017,3,Random,78,78,0.007282312298359882
M78_1017,3,Random,79,79,0.004244376716780521
M78_1017,3,Random,80,80,0.004710887759713279
M78_1017,3,Random,81,81,0.006611486729179021
M78_1017,3,Random,82,82,0.003688751800966981
M78_1017,3,Random,83,83,0.011783166220300786
M78_1017,3,Random,84,84,0.006950919330674445
M78_1017,3,Random,85,85,0.008542308129281515
M78_1017,3,Random,86,86,0.009762359892539237
M78_1017,3,Random,87,87,0.005619879076783988
M78_1017,3,Random,88,88,0.00638438041191659
M78_1017,3,Random,89,89,0.006312264392839833
M78_1017,3,Random,90,90,0.04132979300560519
M78_1017,3,Random,91,91,0.039335132658293116
M78_1017,3,Random,92,92,0.0142184348743675
M78_1017,3,Random,93,93,0.018951876255284463
M78_1017,3,Random,94,94,0.003564779287400944
M78_1017,3,Random,95,95,0.003880187305704957
M78_1017,3,Random,96,96,0.004624932678693551
M78_1017,3,Random,97,97,0.02040546134092091
M78_1017,3,Random,98,98,0.00816828139968926
M78_1017,3,Random,99,99,0.003569688449802232
M78_1017,3,Random,100,100,0.007274912049372991
M78_1017,3,Random,101,101,0.007212499528014589
M78_1017,3,Random,102,102,0.005108499268923576
M78_1017,3,Random,103,103,0.009863921892940112
M78_1017,3,Random,104,104,0.007474753063260799
M78_1017,3,Random,105,105,0.005354084065835369
M78_1017,3,Random,106,106,0.006200525080896027
M78_1017,3,Random,107,107,0.006270902899337844
M78_1017,3,Random,108,108,0.003785154396956343
M78_1017,3,Random,109,109,0.01276496830680463
M78_1017,3,Random,110,110,0.005322775706493606
M78_1017,3,Random,111,111,0.005554346800116556
M78_1017,3,Random,112,112,0.005537410904209884
M78_1017,3,Random,113,113,0.012023226576968141
M78_1017,3,Random,114,114,0.004516772101938148
M78_1017,3,Random,115,115,0.01654508092906326
M78_1017,3,Random,116,116,0.004999323027385842
M78_1017,3,Random,117,117,0.0067200045062539475
M78_1017,3,Random,118,118,0.005603331944993919
M78_1017,3,Random,119,119,0.009110311972021702
M78_1017,3,Random,120,120,0.00817268842642772
M78_1017,3,Random,121,121,0.005434891393330569
M78_1017,3,Random,122,122,0.0075019797105120405
M78_1017,3,Random,123,123,0.012973805692343462
M78_1017,3,Random,124,124,0.008617648608162113
M78_1017,3,Random,125,125,0.007526296673209539
M78_1017,3,Random,126,126,0.016451584202947005
M78_1017,3,Random,127,127,0.0060885997843884284
M78_1017,3,Random,128,128,0.009804704708845488
M78_1017,3,Random,129,129,0.009004233743152804
M78_1017,3,Random,130,130,0.003589224691192309
M78_1017,3,Random,131,131,0.007028137998921531
M78_1017,3,Random,132,132,0.013748392884043
M78_1017,3,Random,133,133,0.003121351437931437
M78_1017,3,Random,134,134,0.01724881025785137
M78_1017,3,Random,135,135,0.012517647194077395
M78_1017,3,Random,136,136,0.008017671357395426
M78_1017,3,Random,137,137,0.004004165372905499
M78_1017,3,Random,138,138,0.026522559637669474
M78_1017,3,Random,139,139,0.03063049575402623
M78_1017,3,Random,140,140,0.023424458896486266
M78_1017,3,Random,141,141,0.006913521465668012
M78_1017,3,Random,142,142,0.004671811549217507
M78_1017,3,Random,143,143,0.029012924913937848
M78_1017,3,Random,144,144,0.03530799056378393
M78_1017,3,Random,145,145,0.18827758930690056
M78_1017,3,Random,146,146,0.005665078306698152
M78_1017,3,Random,147,147,0.02286005405420881
M78_1017,3,Random,148,148,0.02663483989835229
M78_1017,3,Random,149,149,0.012519163423262182
M78_1017,3,Random,150,150,0.004912087378518966
M78_1017,3,Random,151,151,0.006249372403891314
M78_1017,3,Random,152,152,0.011257486589740785
M78_1017,3,Random,153,153,0.00853466349543028
M78_1017,3,Random,154,154,0.02582248329002011
M78_1017,3,Random,155,155,0.03417285215774817
M78_1017,3,Random,156,156,0.016169644928249044
M78_1017,3,Random,157,157,0.03578607188267467
M78_1017,3,Random,158,158,0.0069605591928675065
M78_1017,3,Random,159,159,0.02178722873075111
M78_1017,3,Random,160,160,0.1046290231502748
M78_1017,3,Random,161,161,0.012618194163050725
M78_1017,3,Random,162,162,0.005907402373850346
M78_1017,3,Random,163,163,0.05188376609502094
M78_1017,3,Random,164,164,0.20246200342773504
M78_1017,3,Random,165,165,0.02498441250922735
M78_1017,3,Random,166,166,0.06060526605038571
M78_1017,3,Random,167,167,0.031147288536885753
M78_1017,3,Random,168,168,0.015341708144184113
M78_1017,3,Random,169,169,0.005528251877486972
M78_1017,3,Random,170,170,0.0030400832045069407
M78_1017,3,Random,171,171,0.002999279092320995
M78_1017,3,Random,172,172,0.0037428978193063465
M78_1017,3,Random,173,173,0.002827470649554882
M78_1017,3,Random,174,174,0.006262742021741967
M78_1017,3,Random,175,175,0.006759397323029199
M78_1017,3,Random,176,176,0.008570748381316662
M78_1017,3,Random,177,177,0.0069266830770564934
M78_1017,3,Random,178,178,0.0061725954136428686
M78_1017,3,Random,179,179,0.00848389546098631
M78_1017,3,Random,180,180,0.001530840815532775
M78_1017,3,Random,181,181,0.025232404082739128
M78_1017,3,Random,182,182,0.005842421467865019
M78_1017,3,Random,183,183,0.04468745824193493
M78_1017,3,Random,184,184,0.015978770833628784
M78_1017,3,Random,185,185,0.0061374920104364196
M78_1017,3,Random,186,186,0.1359343742397392
M78_1017,3,Random,187,187,0.004941194944660224
M78_1017,3,Random,188,188,0.010871589305766281
M78_1017,3,Random,189,189,0.0013999741945770524
M78_1017,3,Random,190,190,0.00500284832898095
M78_1017,3,Random,191,191,0.0046658943371897165
M78_1017,3,Random,192,192,0.008061014568998612
M78_1017,3,Random,193,193,0.0029211748676191618
M78_1017,3,Random,194,194,0.001746940412669487
M78_1017,3,Random,195,195,0.00628590275993615
M78_1017,3,Random,196,196,0.00346570255697727
M78_1017,3,Random,197,197,0.005501670647174164
M78_1017,3,Random,198,198,0.004049445374091322
M78_1017,3,Random,199,199,0.0056840786516355974
M78_1017,3,Random,200,200,0.008519927438880717
M78_1017,3,Random,201,201,0.00339376085494656
M78_1017,3,Random,202,202,0.00408834007144573
M78_1017,3,Random,203,203,0.007186858069395558
M78_1017,3,Random,204,204,0.014897297923674896
M78_1017,3,Random,205,205,0.007959033171313681
M78_1017,3,Random,206,206,0.017316092049614304
M78_1017,3,Random,207,207,0.008291199062590576
M78_1017,3,Random,208,208,0.0072996134386769315
M78_1017,3,Random,209,209,0.00820638314915067
M78_1017,3,Random,210,210,0.009237451495469682
M78_1017,3,Random,211,211,0.005190376096704442
M78_1017,3,Random,212,212,0.005966758794827564
M78_1017,3,Random,213,213,0.010331748266426508
M78_1017,3,Random,214,214,0.00588666912240331
M78_1017,3,Random,215,215,0.0060670941980095535
M78_1017,3,Random,216,216,0.005464479269340657
M78_1017,3,Random,217,217,0.006900728896046833
M78_1017,3,Random,218,218,0.006055126809293316
M78_1017,3,Random,219,219,0.007008673097256438
M78_1017,3,Random,220,220,0.010421753822204968
M78_1017,3,Random,221,221,0.009208528951386966
M78_1017,3,Random,222,222,0.005608715264575689
M78_1017,3,Random,223,223,0.005654258523247249
M78_1017,3,Random,224,224,0.005447527327175651
M78_1017,3,Random,225,225,0.004559955569372202
M78_1017,3,Random,226,226,0.0046664277601632335
M78_1017,3,Random,227,227,0.008653333581085982
M78_1017,3,Random,228,228,0.00638611804294799
M78_1017,3,Random,229,229,0.012005874291173228
M78_1017,3,Random,230,230,0.003741536660873819
M78_1017,3,Random,231,231,0.013234195947353285
M78_1017,3,Random,232,232,0.005253135329223282
M78_1017,3,Random,233,233,0.00695507623077858
M78_1017,3,Random,234,234,0.0076004935517197565
M78_1017,3,Random,235,235,0.011030233603724767
M78_1017,3,Random,236,236,0.006967972517789652
M78_1017,3,Random,237,237,0.00625626481806172
M78_1017,3,Random,238,238,0.014921403918249001
M78_1017,3,Random,239,239,0.00888831656110207
M78_1017,3,Random,240,240,0.011126826827724775
M78_1017,3,Random,241,241,0.012134543231998881
M78_1017,3,Random,242,242,0.005154395370655472
M78_1017,3,Random,243,243,0.004084305960402291
M78_1017,3,Random,244,244,0.0027347608355783102
M78_1017,3,Random,245,245,0.009612001500846375
M78_1017,3,Random,246,246,0.0045261324294621035
M78_1017,3,Random,247,247,0.015471486682404898
M78_1017,3,Random,248,248,0.010265579792931454
M78_1017,3,Random,249,249,0.004794796136030484
M78_1017,3,Random,250,250,0.009381638579292311
M78_1017,3,Random,251,251,0.008842560275037872
M78_1017,3,Random,252,252,0.011193805733152354
M78_1017,3,Random,253,253,0.010019393855362154
M78_1017,3,Random,254,254,0.008330512118326234
M78_1017,3,Random,255,255,0.0081030112619157
M78_1017,3,Random,256,256,0.020215293295526255
M78_1017,3,Random,257,257,0.0428765499742613
M78_1017,3,Random,258,258,0.035453737569263295
M78_1017,3,Random,259,259,0.041400474238408994
M78_1017,3,Random,260,260,0.03270558823299195
M78_1017,3,Random,261,261,0.02432539655031481
M78_1017,3,Random,262,262,0.02636544083777283
M78_1017,3,Random,263,263,0.022266457300810588
M78_1017,3,Random,264,264,0.02194374722118179
M78_1017,3,Random,265,265,0.018422427698082867
M78_1017,3,Random,266,266,0.01256201796544095
M78_1017,3,Random,267,267,0.011327064199057142
M78_1017,3,Random,268,268,0.03461876034825331
M78_1017,3,Random,269,269,0.03958152572713083
M78_1017,3,Random,270,270,0.010878308471070514
M78_1017,3,Random,271,271,0.0294260833678501
M78_1017,3,Random,272,272,0.015531709073998388
M78_1017,3,Random,273,273,0.02363022297642948
M78_1017,3,Random,274,274,0.010816491524954992
M78_1017,3,Random,275,275,0.021280040776002266
M78_1017,3,Random,276,276,0.023427626562936763
M78_1017,3,Random,277,277,0.019722185607644774
M78_1017,3,Random,278,278,0.013678594574143756
M78_1017,3,Random,279,279,0.031741257379984573
M78_1017,3,Random,280,280,0.008743416639931854
M78_1017,3,Random,281,281,0.019668494805782324
M78_1017,3,Random,282,282,0.012463067619440457
M78_1017,3,Random,283,283,0.013172925289143763
M78_1017,3,Random,284,284,0.04238297759244839
M78_1017,3,Random,285,285,0.014282933397529026
M78_1017,3,Random,286,286,0.007114643006519016
M78_1017,3,Random,287,287,0.042123486066148394
M78_1017,3,Random,288,288,0.04164168434882803
M78_1017,3,Random,289,289,0.04151513189953264
M78_1017,3,Random,290,290,0.06460760961774559
M78_1017,3,Random,291,291,0.051410800633242444
M78_1017,3,Random,292,292,0.054555982656200375
M78_1017,3,Random,293,293,0.04720492430386089
M78_1017,3,Random,294,294,0.05425057640033109
M78_1017,3,Random,295,295,0.045379961896244256
M78_1017,3,Random,296,296,0.06380842626094818
M78_1017,3,Random,297,297,0.0295602335051323
M78_1017,3,Random,298,298,0.03157285411309983
M78_1017,3,Random,299,299,0.03968126210384071
M78_1017,3,Random,300,300,0.027677946108659462
M78_1017,3,Random,301,301,0.02406518234749369
M78_1017,3,Random,302,302,0.03002438694515842
M78_1017,3,Random,303,303,0.031016089709564335
M78_1017,3,Random,304,304,0.007520893891480574
M78_1017,3,Random,305,305,0.014517015799702633
M78_1017,3,Random,306,306,0.012435953281099154
M78_1017,3,Random,307,307,0.020508339049272416
M78_1017,3,Random,308,308,0.013733311864641672
M78_1017,3,Random,309,309,0.006924580253239367
M78_1017,3,Random,310,310,0.024235197554974417
M78_1017,3,Random,311,311,0.007706498814513907
M78_1017,3,Random,312,312,0.012244144052688387
M78_1017,3,Random,313,313,0.012100816054347282
M78_1017,3,Random,314,314,0.013485380373562552
M78_1017,3,Random,315,315,0.01650669758341142
M78_1017,3,Random,316,316,0.011476919359882317
M78_1017,3,Random,317,317,0.011931915347217693
M78_1017,3,Random,318,318,0.0033001466092952925
M78_1017,3,Random,319,319,0.0039477951386721714
M78_1017,3,Random,320,320,0.0052880544209897165
M78_1017,3,Random,321,321,0.014754704158327686
M78_1017,3,Random,322,322,0.00562943363218524
M78_1017,3,Random,323,323,0.009182420171176394
M78_1017,3,Random,324,324,0.02012751781980374
M78_1017,3,Random,325,325,0.016824281264451287
M78_1017,3,Random,326,326,0.02506000344597158
M78_1017,3,Random,327,327,0.01785699111531444
M78_1017,3,Random,328,328,0.019726823466563865
M78_1017,3,Random,329,329,0.01776947485770853
M78_1017,3,Random,330,330,0.019171844136768153
M78_1017,3,Random,331,331,0.00856182090605476
M78_1017,3,Random,332,332,0.009484164426491285
M78_1017,3,Random,333,333,0.012512710892700679
M78_1017,3,Random,334,334,0.01211232660681985
M78_1017,3,Random,335,335,0.013379785204527988
M78_1017,3,Random,336,336,0.012258555753976993
M78_1017,3,Random,337,337,0.013745096165664671
M78_1017,3,Random,338,338,0.017385126511466557
M78_1017,3,Random,339,339,0.009560535851744049
M78_1017,3,Random,340,340,0.013604419262957804
M78_1017,3,Random,341,341,0.014072249133494637
M78_1017,3,Random,342,342,0.010987698230781547
M78_1017,3,Random,343,343,0.006124249473768508
M78_1017,3,Random,344,344,0.02860468576684417
M78_1017,3,Random,345,345,0.032815451495393756
M78_1017,3,Random,346,346,0.02831423147307803
M78_1017,3,Random,347,347,0.01128928123840264
M78_1017,3,Random,348,348,0.013905962363683752
M78_1017,3,Random,349,349,0.01028844845131971
M78_1017,3,Random,350,350,0.005866931643270489
M78_1017,3,Random,351,351,0.019459367164277604
M78_1017,3,Random,352,352,0.02033941920048424
M78_1017,3,Random,353,353,0.021302632757440387
M78_1017,3,Random,354,354,0.009940175511430772
M78_1017,3,Random,355,355,0.005457517337552937
M78_1017,3,Random,356,356,0.007771272270474583
M78_1017,3,Random,357,357,0.01716231971901531
M78_1017,3,Random,358,358,0.08482784862142234
M78_1017,3,Random,359,359,0.050448890786529296
M78_1017,3,Random,360,360,0.03846628357201726
M78_1017,3,Random,361,361,0.03987775839466069
M78_1017,3,Random,362,362,0.06331606854551605
M78_1017,3,Random,363,363,0.053673963578018756
M78_1017,3,Random,364,364,0.06021189270541072
M78_1017,3,Random,365,365,0.0465349376290327
M78_1017,3,Random,366,366,0.05012740660458803
M78_1017,3,Random,367,367,0.056580910863842634
M78_1017,3,Random,368,368,0.044704069959975425
M78_1017,3,Random,369,369,0.02045321976488811
M78_1017,3,Random,370,370,0.005393538462591269
M78_1017,3,Random,371,371,0.004810140338598839
M78_1017,3,Random,372,372,0.01002883400291293
M78_1017,3,Random,373,373,0.010558918650661196
M78_1017,3,Random,374,374,0.03429603408135119
M78_1017,3,Random,375,375,0.0023147317295384015
M78_1017,3,Random,376,376,0.00987976832714464
M78_1017,3,Random,377,377,0.018406399481353305
M78_1017,3,Random,378,378,0.01258331308365866
M78_1017,3,Random,379,379,0.025743036388164563
M78_1017,3,Random,380,380,0.019513514619098886
M78_1017,3,Random,381,381,0.011031253877306534
M78_1017,3,Random,382,382,0.005459991283021823
M78_1017,3,Random,383,383,0.009560348201332437
M78_1017,3,Random,384,384,0.03251365427387923
M78_1017,3,Random,385,385,0.020055426972075588
M78_1017,3,Random,386,386,0.027797552701529293
M78_1017,3,Random,387,387,0.01874934437052746
M78_1017,3,Random,388,388,0.03353533896041058
M78_1017,3,Random,389,389,0.020087559825264008
M78_1017,3,Random,390,390,0.02289376726617948
M78_1017,3,Random,391,391,0.024835016661589698
M78_1017,3,Random,392,392,0.02454641092169498
M78_1017,3,Random,393,393,0.00641991797428567
M78_1017,3,Random,394,394,0.008100182419487586
M78_1017,3,Random,395,395,0.004745374372716816
M78_1017,3,Random,396,396,0.008947699452706036
M78_1017,3,Random,397,397,0.015786607040181047
M78_1017,3,Random,398,398,0.03247579085429953
M78_1017,3,Random,399,399,0.005728188092775997
M78_1017,3,Random,400,400,0.007965548112267806
M78_1017,3,Random,401,401,0.006406643436223801
M78_1017,3,Random,402,402,0.007631102599026192
M78_1017,3,Random,403,403,0.018921510646274935
M78_1017,3,Random,404,404,0.009579304295974518
M78_1017,3,Random,405,405,0.009418061745236628
M78_1017,3,Random,406,406,0.013963765562775302
M78_1017,3,Random,407,407,0.006055159050447401
M78_1017,3,Random,408,408,0.013620682009786833
M78_1017,3,Random,409,409,0.013615094560442404
M78_1017,3,Random,410,410,0.011170983303426987
M78_1017,3,Random,411,411,0.011063277503126301
M78_1017,3,Random,412,412,0.007025892682750488
M78_1017,3,Random,413,413,0.011439954684603782
M78_1017,3,Random,414,414,0.006846752871448795
M78_1017,3,Random,415,415,0.00442295029920171
M78_1017,3,Random,416,416,0.007038834410542179
M78_1017,3,Random,417,417,0.007038721213965411
M78_1017,3,Random,418,418,0.0103524706313952
M78_1017,3,Random,419,419,0.008629318165947638
M78_1017,3,Random,420,420,0.02132479369174689
M78_1017,3,Random,421,421,0.006909570987946132
M78_1017,3,Random,422,422,0.016077376256275568
M78_1017,3,Random,423,423,0.008764396287872279
M78_1017,3,Random,424,424,0.011978530596631268
M78_1017,3,Random,425,425,0.010091657575685531
M78_1017,3,Random,426,426,0.009526600647534775
M78_1017,3,Random,427,427,0.010738527438315075
M78_1017,3,Random,428,428,0.010684061900801248
M78_1017,3,Random,429,429,0.006283082665721027
M78_1017,3,Random,430,430,0.006930080967971922
M78_1017,3,Random,431,431,0.011819717303816495
M78_1017,3,Random,432,432,0.010843847583860875
M78_1017,3,Random,433,433,0.011995698691212706
M78_1017,3,Random,434,434,0.014636092195619963
M78_1017,3,Random,435,435,0.002020017825998366
M78_1017,3,Random,436,436,0.009860286331136845
M78_1017,3,Random,437,437,0.010640733836529156
M78_1017,3,Random,438,438,0.017535757983014696
M78_1017,3,Random,439,439,0.00898825814060512
M78_1017,3,Random,440,440,0.0062495325312608785
M78_1017,3,Random,441,441,0.009697879071436113
M78_1017,3,Random,442,442,0.009870664774401424
M78_1017,3,Random,443,443,0.010718019365456365
M78_1017,3,Random,444,444,0.006210432814744611
M78_1017,3,Random,445,445,0.005455200345576962
M78_1017,3,Random,446,446,0.006376846983108581
M78_1017,3,Random,447,447,0.008685704342843522
M78_1017,3,Random,448,448,0.005582649472801547
M78_1017,3,Random,449,449,0.011286066466709599
M78_1017,3,Random,450,450,0.008389696182261798
M78_1017,3,Random,451,451,0.011792487658870717
M78_1017,3,Random,452,452,0.011215130427098345
M78_1017,3,Random,453,453,0.012475241297146394
M78_1017,3,Random,454,454,0.007544675900135189
M78_1017,3,Random,455,455,0.011948705539994296
M78_1017,3,Random,456,456,0.00792992582899474
M78_1017,3,Random,457,457,0.020356559119786004
M78_1017,3,Random,458,458,0.007875473795658243
M78_1017,3,Random,459,459,0.02554649359635299
M78_1017,3,Random,460,460,0.013852074279427706
M78_1017,3,Random,461,461,0.006858439381002903
M78_1017,3,Random,462,462,0.012908794919245079
M78_1017,3,Random,463,463,0.006736411951437947
M78_1017,3,Random,464,464,0.008892084451092939
M78_1017,3,Random,465,465,0.007607970206576976
M78_1017,3,Random,466,466,0.007495433081030136
M78_1017,3,Random,467,467,0.007314264940630112
M78_1017,3,Random,468,468,0.01283300107544554
M78_1017,3,Random,469,469,0.017551884548516854
M78_1017,3,Random,470,470,0.013617720499279954
M78_1017,3,Random,471,471,0.02409113542636901
M78_1017,3,Random,472,472,0.007566374992512422
M78_1017,3,Random,473,473,0.005118816370321881
M78_1017,3,Random,474,474,0.011822368960738891
M78_1017,3,Random,475,475,0.014027467701539752
M78_1017,3,Random,476,476,0.021908991473970844
M78_1017,3,Random,477,477,0.025354062545201964
M78_1017,3,Random,478,478,0.02020065678793582
M78_1017,3,Random,479,479,0.022449780959591624
M78_1017,3,Random,480,480,0.013312308356121537
M78_1017,3,Random,481,481,0.004098141935953338
M78_1017,3,Random,482,482,0.01899772159993604
M78_1017,3,Random,483,483,0.02574036519009886
M78_1017,3,Random,484,484,0.004015125201216766
M78_1017,3,Random,485,485,0.007888535402127587
M78_1017,3,Random,486,486,0.00602981872535089
M78_1017,3,Random,487,487,0.012453836095075877
M78_1017,3,Random,488,488,0.031478695050325425
M78_1017,3,Random,489,489,0.016008456609034466
M78_1017,3,Random,490,490,0.02920808395581497
M78_1017,3,Random,491,491,0.007136229275991874
M78_1017,3,Random,492,492,0.0056806973741567205
M78_1017,3,Random,493,493,0.006309716427321767
M78_1017,3,Random,494,494,0.007673878689751118
M78_1017,3,Random,495,495,0.003982790507767017
M78_1017,3,Random,496,496,0.00805791451213216
M78_1017,3,Random,497,497,0.0038254051472731156
M78_1017,3,Random,498,498,0.006155605849233412
M78_1017,3,Random,499,499,0.009263977007884975
M78_1017,3,Random,500,500,0.00394391753971355
M78_1017,3,Random,501,501,0.007489237956525315
M78_1017,3,Random,502,502,0.005019578595584747
M78_1017,3,Random,503,503,0.006712053749998588
M78_1017,3,Random,504,504,0.0032250733458481376
M78_1017,3,Random,505,505,0.016016275888042792
M78_1017,3,Random,506,506,0.009243029915350712
M78_1017,3,Random,507,507,0.004930568803545265
M78_1017,3,Random,508,508,0.007339704673670765
M78_1017,3,Random,509,509,0.007705686722017292
M78_1017,3,Random,510,510,0.011230243062960827
M78_1017,3,Random,511,511,0.009112212974633578
M78_1017,3,Random,512,512,0.007651278114367631
M78_1017,3,Random,513,513,0.0071258370243456395
M78_1017,3,Random,514,514,0.0042359063559810495
M78_1017,3,Random,515,515,0.006163706653058485
M78_1017,3,Random,516,516,0.007833689077025545
M78_1017,3,Random,517,517,0.009736268835868464
M78_1017,3,Random,518,518,0.007822161364380182
M78_1017,3,Random,519,519,0.010549319776362694
M78_1017,3,Random,520,520,0.009514976021212837
M78_1017,3,Random,521,521,0.02052058700826906
M78_1017,3,Random,522,522,0.007822919271088071
M78_1017,3,Random,523,523,0.01899101926634709
M78_1017,3,Random,524,524,0.004172645530031461
M78_1017,3,Random,525,525,0.007839763012487396
M78_1017,3,Random,526,526,0.010184838936506171
M78_1017,3,Random,527,527,0.009853766675362186
M78_1017,3,Random,528,528,0.011013127757386039
M78_1017,3,Random,529,529,0.01153105428065395
M78_1017,3,Random,530,530,0.010477118953574626
M78_1017,3,Random,531,531,0.009614774936510782
M78_1017,3,Random,532,532,0.017957302142999003
M78_1017,3,Random,533,533,0.01676255739446441
M78_1017,3,Random,534,534,0.009561421551985578
M78_1017,3,Random,535,535,0.008341312003418958
M78_1017,3,Random,536,536,0.004630702763928899
M78_1017,3,Random,537,537,0.008470306710694871
M78_1017,3,Random,538,538,0.005086905460172732
M78_1017,3,Random,539,539,0.01231243995495052
M78_1017,3,Random,540,540,0.008932307828217745
M78_1017,3,Random,541,541,0.00647882708359421
M78_1017,3,Random,542,542,0.014087802669521244
M78_1017,3,Random,543,543,0.029348303347692957
M78_1017,3,Random,544,544,0.029606119153045472
M78_1017,3,Random,545,545,0.013113107795583173
M78_1017,3,Random,546,546,0.005055451627066802
M78_1017,3,Random,547,547,0.008821022685012957
M78_1017,3,Random,548,548,0.02334564459410363
M78_1017,3,Random,549,549,0.02593167494688671
M78_1017,3,Random,550,550,0.005146137571760586
M78_1017,3,Random,551,551,0.012778901673127188
M78_1017,3,Random,552,552,0.009904396059157859
M78_1017,3,Random,553,553,0.009802344532328703
M78_1017,3,Random,554,554,0.019535047152506497
M78_1017,3,Random,555,555,0.030956692965922968
M78_1017,3,Random,556,556,0.013144316018692084
M78_1017,3,Random,557,557,0.0095828678486647
M78_1017,3,Random,558,558,0.016679747451451562
M78_1017,3,Random,559,559,0.011990603924329792
M78_1017,3,Random,560,560,0.0037032853911763857
M78_1017,3,Random,561,561,0.004971728976150709
M78_1017,3,Random,562,562,0.015147653483186982
M78_1017,3,Random,563,563,0.016110334618133493
M78_1017,3,Random,564,564,0.017818966775112563
M78_1017,3,Random,565,565,0.017640580316462245
M78_1017,3,Random,566,566,0.01730723837335106
M78_1017,3,Random,567,567,0.014371649415503876
M78_1017,3,Random,568,568,0.025387357460290548
M78_1017,3,Random,569,569,0.011253679000739274
M78_1017,3,Random,570,570,0.010117909272334405
M78_1017,3,Random,571,571,0.003909224599954628
M78_1017,3,Random,572,572,0.02303109271382536
M78_1017,3,Random,573,573,0.007308977700415112
M78_1017,3,Random,574,574,0.01017104419519282
M78_1017,3,Random,575,575,0.005960626824248937
M78_1017,3,Random,576,576,0.003010266035700971
M78_1017,3,Random,577,577,0.008237150043160432
M78_1017,3,Random,578,578,0.008293448654945851
M78_1017,3,Random,579,579,0.019835516613619847
M78_1017,3,Random,580,580,0.008491446309822745
M78_1017,3,Random,581,581,0.0477000003115141
M78_1017,3,Random,582,582,0.04477608404981549
M78_1017,3,Random,583,583,0.007084218275156759
M78_1017,3,Random,584,584,0.0061469326776984546
M78_1017,3,Random,585,585,0.010712645199548985
M78_1017,3,Random,586,586,0.01965660153378156
M78_1017,3,Random,587,587,0.004024327264536017
M78_1017,3,Random,588,588,0.01675201643610351
M78_1017,3,Random,589,589,0.03138001263141632
M78_1017,3,Random,590,590,0.005535386081430174
M78_1017,3,Random,591,591,0.0025804865429000486
M78_1017,3,Random,592,592,0.0073847803342643945
M78_1017,3,Random,593,593,0.007438252106242414
M78_1017,3,Random,594,594,0.009026864288552176
M78_1017,3,Random,595,595,0.011443115344653572
M78_1017,3,Random,596,596,0.011660193104208225
M78_1017,3,Random,597,597,0.01650614034622863
M78_1017,3,Random,598,598,0.005950305518040079
M78_1017,3,Random,599,599,0.014913542636869741
M78_1017,3,Random,600,600,0.020415668620400885
M78_1017,3,Random,601,601,0.013841085834428668
M78_1017,3,Random,602,602,0.014624724694017675
M78_1017,3,Random,603,603,0.01961726946146449
M78_1017,3,Random,604,604,0.003927485569701752
M78_1017,3,Random,605,605,0.010512999207657274
M78_1017,3,Random,606,606,0.004927022668111715
M78_1017,3,Random,607,607,0.013843631673981213
M78_1017,3,Random,608,608,0.0056215202230738386
M78_1017,3,Random,609,609,0.008774704735038713
M78_1017,3,Random,610,610,0.00833180396529358
M78_1017,3,Random,611,611,0.012457910714493621
M78_1017,3,Random,612,612,0.012012624539368386
M78_1017,3,Random,613,613,0.01626987681014552
M78_1017,3,Random,614,614,0.01986516373705984
M78_1017,3,Random,615,615,0.030552544781087255
M78_1017,3,Random,616,616,0.010053295700345188
M78_1017,3,Random,617,617,0.017789910607028843
M78_1017,3,Random,618,618,0.0043338049685449475
M78_1017,3,Random,619,619,0.010784677114792257
M78_1017,3,Random,620,620,0.01309187346903075
M78_1017,3,Random,621,621,0.006307468295181891
M78_1017,3,Random,622,622,0.014327192231402955
M78_1017,3,Random,623,623,0.011150577889999286
M78_1017,3,Random,624,624,0.006279980819228859
M78_1017,3,Random,625,625,0.004625987095226135
M78_1017,3,Random,626,626,0.005913313001482969
M78_1017,3,Random,627,627,0.015939951328272445
M78_1017,3,Random,628,628,0.00795494168553324
M78_1017,3,Random,629,629,0.01216615907919948
M78_1017,3,Random,630,630,0.010177293659320899
M78_1017,3,Random,631,631,0.006641774750148345
M78_1017,3,Random,632,632,0.010317105077514757
M78_1017,3,Random,633,633,0.0059430790868299525
M78_1017,3,Random,634,634,0.0048196133305152345
M78_1017,3,Random,635,635,0.00592418641220623
M78_1017,3,Random,636,636,0.00847319594495708
M78_1017,3,Random,637,637,0.004298339686578228
M78_1017,3,Random,638,638,0.006115590325082719
M78_1017,3,Random,639,639,0.006991912799310826
M78_1017,3,Random,640,640,0.006641690937353165
M78_1017,3,Random,641,641,0.008324636534477273
M78_1017,3,Random,642,642,0.00976283495505673
M78_1017,3,Random,643,643,0.005424027611124551
M78_1017,3,Random,644,644,0.005947183543217501
M78_1017,3,Random,645,645,0.03028802267952068
M78_1017,3,Random,646,646,0.01116274048330351
M78_1017,3,Random,647,647,0.021458398329005354
M78_1017,3,Random,648,648,0.003738437217959602
M78_1017,3,Random,649,649,0.007763272847071113
M78_1017,3,Random,650,650,0.013236536156563531
M78_1017,3,Random,651,651,0.007379436277828756
M78_1017,3,Random,652,652,0.005550913147869453
M78_1017,3,Random,653,653,0.004656469745982793
M78_1017,3,Random,654,654,0.006133805044339083
M78_1017,3,Random,655,655,0.010083355708047748
M78_1017,3,Random,656,656,0.01441956801794558
M78_1017,3,Random,657,657,0.02013531363142344
M78_1017,3,Random,658,658,0.008143461803272311
M78_1017,3,Random,659,659,0.018199380216953744
M78_1017,3,Random,660,660,0.01498814809989805
M78_1017,3,Random,661,661,0.013396390608423167
M78_1017,3,Random,662,662,0.012368792062694584
M78_1017,3,Random,663,663,0.010398134863602795
M78_1017,3,Random,664,664,0.00895629869773984
M78_1017,3,Random,665,665,0.01710196165367961
M78_1017,3,Random,666,666,0.006646332381933462
M78_1017,3,Random,667,667,0.008812586314369193
M78_1017,3,Random,668,668,0.010033171562965782
M78_1017,3,Random,669,669,0.007123697557420071
M78_1017,3,Random,670,670,0.013431321003562993
M78_1017,3,Random,671,671,0.005004540061799205
M78_1017,3,Random,672,672,0.021960962652450518
M78_1017,3,Random,673,673,0.011224622563791595
M78_1017,3,Random,674,674,0.014100392958165944
M78_1017,3,Random,675,675,0.014280513404325271
M78_1017,3,Random,676,676,0.006398727236262944
M78_1017,3,Random,677,677,0.00952127980001803
M78_1017,3,Random,678,678,0.0268219922117645
M78_1017,3,Random,679,679,0.012032171783392272
M78_1017,3,Random,680,680,0.011871342228481635
M78_1017,3,Random,681,681,0.0080591828633
M78_1017,3,Random,682,682,0.009431058326819246
M78_1017,3,Random,683,683,0.004021129561893065
M78_1017,3,Random,684,684,0.012150143741607843
M78_1017,3,Random,685,685,0.012514270833759968
M78_1017,3,Random,686,686,0.0091159755490177
M78_1017,3,Random,687,687,0.0011167573254732858
M78_1017,3,Random,688,688,0.00616301019631681
M78_1017,3,Random,689,689,0.010034029061595598
M78_1017,3,Random,690,690,0.008787987576354118
M78_1017,3,Random,691,691,0.007174059605382527
M78_1017,3,Random,692,692,0.015168849395454995
M78_1017,3,Random,693,693,0.018775276622147345
M78_1017,3,Random,694,694,0.014281965600925364
M78_1017,3,Random,695,695,0.00982454348178137
M78_1017,3,Random,696,696,0.015146348398134467
M78_1017,3,Random,697,697,0.005757376124771933
M78_1017,3,Random,698,698,0.00989772015956684
M78_1017,3,Random,699,699,0.005276247760775732
M78_1017,3,Random,700,700,0.010255652617031177
M78_1017,3,Random,701,701,0.011621145769909379
M78_1017,3,Random,702,702,0.008809575668281121
M78_1017,3,Random,703,703,0.0035069649789615403
M78_1017,3,Random,704,704,0.004970915189395393
M78_1017,3,Random,705,705,0.007830410912858844
M78_1017,3,Random,706,706,0.0032122070191516762
M78_1017,3,Random,707,707,0.0032626083841369976
M78_1017,3,Random,708,708,0.010370456666264329
M78_1017,3,Random,709,709,0.0044446682302458655
M78_1017,3,Random,710,710,0.005263461270303759
M78_1017,3,Random,711,711,0.007558485754998401
M78_1017,3,Random,712,712,0.017724450765637726
M78_1017,3,Random,713,713,0.00818398340059156
M78_1017,3,Random,714,714,0.009464974442034006
M78_1017,3,Random,715,715,0.016449906792591458
M78_1017,3,Random,716,716,0.00773882975876664
M78_1017,3,Random,717,717,0.007480454590958765
M78_1017,3,Random,718,718,0.015853252034590003
M78_1017,3,Random,719,719,0.011023432454316034
M78_1017,3,Random,720,720,0.012087315729808151
M78_1017,3,Random,721,721,0.026103914094467957
M78_1017,3,Random,722,722,0.021348735057039277
M78_1017,3,Random,723,723,0.014560061690558325
M78_1017,3,Random,724,724,0.004747273454475882
M78_1017,3,Random,725,725,0.005748808554406943
