neuron_local_idx,neuron_global_idx,membership_count,coarse_overlap,detail_overlap,rr_label_single,preferred_class,selectivity_index,decoder_importance,ablation_effect_proxy,ablation_drop_actual,is_important_neuron,resp_Divergent,resp_Convergent,resp_Random
0,0,3,Shared_Core,Shared_Core,Shared_Core,Random,0.11881123415633907,0.0012828057620728826,0.0012828057620728826,,0,0.03629083253075311,0.032815805848753245,0.0438710106000866
1,1,3,Shared_Core,Shared_Core,Shared_Core,Random,0.1296486071812693,0.0012235024434673406,0.0012235024434673406,,0,0.0366590583903922,0.03272528393052475,0.045027747591366137
2,2,2,Shared_Core,Shared_Core,Shared_Core,Convergent,0.12237703425302725,0.0013764737859894678,0.0013764737859894678,,0,0.032837966418683286,0.04116631737142278,0.03154058809140845
3,3,2,Shared_Core,Shared_Core,Shared_Core,Random,0.10266804671861587,0.0012727674410962912,0.0012727674410962912,,0,0.04181744010137862,0.03786099505507284,0.048955608979754504
4,4,2,Shared_Core,Shared_Core,Shared_Core,Random,0.07473672274902833,0.001324222800218771,0.001324222800218771,,0,0.04417958279971969,0.040971145502220814,0.049453283689679606
5,5,1,Condition_Biased,Biased_Random,Random,Random,0.05995740486867446,0.001394737164123863,0.001394737164123863,,0,0.02856678886668672,0.03300584907703406,0.0347135192936375
6,6,2,Shared_Core,Shared_Core,Shared_Core,Convergent,0.2900136679042582,0.0010870362179661059,0.0010870362179661059,,0,0.024078923891012943,0.03609483643388648,0.015652190847691917
7,7,2,Shared_Core,Shared_Core,Shared_Core,Convergent,0.303003551281956,0.0012639498497830288,0.0012639498497830288,,0,0.018377426636133173,0.031055209730691903,0.014846382884397394
8,8,2,Shared_Core,Shared_Core,Shared_Core,Convergent,0.26905698469782763,0.0013264579755870524,0.0013264579755870524,,0,0.02574332708942248,0.04034946105383032,0.020737102211800418
9,9,1,Condition_Biased,Biased_Divergent,Divergent,Divergent,0.02361442270140279,0.0013578057341548683,0.0013578057341548683,,0,0.03844942133912027,0.03839469551686089,0.034956088955079886
10,10,1,Condition_Biased,Biased_Random,Random,Random,0.02384463460463352,0.001271752830453126,0.001271752830453126,,0,0.03991095578454151,0.040861868708018674,0.0423594572699614
11,11,2,Shared_Core,Shared_Core,Shared_Core,Convergent,0.05598737028988353,0.001391747787006165,0.001391747787006165,,0,0.03988986129684703,0.043747166657754986,0.03832675189533759
12,12,1,Condition_Biased,Biased_Convergent,Convergent,Divergent,0.11817403997384689,0.0013294609453217397,0.0013294609453217397,,0,0.022354632462738964,0.022050236075386753,0.013208846192038248
13,13,2,Shared_Core,Shared_Core,Shared_Core,Convergent,0.5140826598654584,0.0015085026374541397,0.0015085026374541397,,1,0.03173025519636923,0.0821206718901096,0.02098002213807333
14,14,1,Condition_Biased,Biased_Convergent,Convergent,Convergent,0.5228662435887829,0.0014265540729128641,0.0014265540729128641,,0,0.03144404929851799,0.08231038442262781,0.020133773870174846
15,15,1,Condition_Biased,Biased_Convergent,Convergent,Convergent,0.507375460299753,0.0014126330548828205,0.0014126330548828205,,0,0.02860570653751799,0.07380162992062625,0.019632433097632157
16,16,1,Condition_Biased,Biased_Convergent,Convergent,Convergent,0.4101146337942488,0.001461344263151756,0.001461344263151756,,0,0.03326787312856182,0.06212875510604061,0.018712075988924694
17,17,1,Condition_Biased,Biased_Convergent,Convergent,Convergent,0.3397197224571865,0.0013211601971932006,0.0013211601971932006,,0,0.037421266843445995,0.05393006354134682,0.015737549475734195
18,18,1,Condition_Biased,Biased_Random,Random,Divergent,0.1234261192721467,0.0013229737955304894,0.0013229737955304894,,0,0.04250308283156267,0.03662379006433099,0.029703833303684073
19,19,1,Condition_Biased,Biased_Divergent,Divergent,Divergent,0.2895110725365075,0.0015603299087745964,0.0015603299087745964,,1,0.041646821341964076,0.02480680849784386,0.02108594272766144
20,20,1,Condition_Biased,Biased_Random,Random,Random,0.1287906206534311,0.0014765760875381712,0.0014765760875381712,,0,0.047758421588759994,0.027736990120294586,0.048908169872851834
21,21,3,Shared_Core,Shared_Core,Shared_Core,Convergent,0.20610645290976654,0.001303033840308328,0.001303033840308328,,0,0.03329756257695303,0.042550854962210206,0.022718801643581144
22,22,2,Shared_Core,Shared_Core,Shared_Core,Random,0.23236760114323587,0.0014762609242666366,0.0014762609242666366,,0,0.11298978814247751,0.10553698419261048,0.17541294153927575
23,23,3,Shared_Core,Shared_Core,Shared_Core,Convergent,0.2262563683965082,0.0013738909670186375,0.0013738909670186375,,0,0.06206631657395343,0.09137607803731634,0.053246696730927814
24,24,1,Condition_Biased,Biased_Random,Random,Random,0.23981226314138054,0.0014283008167316133,0.0014283008167316133,,0,0.0957824776683064,0.09092127928259777,0.15225029043439361
25,25,3,Shared_Core,Shared_Core,Shared_Core,Convergent,0.13191712437345054,0.0010683186000461945,0.0010683186000461945,,0,0.06009562289028011,0.06692762145696328,0.04255981157932963
26,26,3,Shared_Core,Shared_Core,Shared_Core,Convergent,0.25529544933833964,0.0013705999289548262,0.0013705999289548262,,0,0.08257141017926083,0.139161973407394,0.08254438774689796
27,27,3,Shared_Core,Shared_Core,Shared_Core,Convergent,0.244274043393188,0.0013051777794323065,0.0013051777794323065,,0,0.08378203890819118,0.12103301983827736,0.06323990562842005
28,28,3,Shared_Core,Shared_Core,Shared_Core,Convergent,0.1800280447777001,0.0012907709366816581,0.0012907709366816581,,0,0.053777964387104346,0.06477231951702757,0.03623936310528763
29,29,2,Shared_Core,Shared_Core,Shared_Core,Divergent,0.19258277257928227,0.001465246752440955,0.001465246752440955,,0,0.17272761952200974,0.16798855573870242,0.0658958485305664
30,30,1,Condition_Biased,Biased_Divergent,Divergent,Divergent,0.21244632777866537,0.0013914112582508176,0.0013914112582508176,,0,0.20331893210421956,0.19500494853195827,0.06912974830687282
31,31,1,Condition_Biased,Biased_Divergent,Divergent,Divergent,0.10217054531502712,0.0013113034201467635,0.0013113034201467635,,0,0.0801313759667086,0.07606593647982642,0.054484294413308064
32,32,1,Condition_Biased,Biased_Divergent,Divergent,Divergent,0.09298367207309778,0.0012932360869015048,0.0012932360869015048,,0,0.1319840493724095,0.1286872512584672,0.09036759990784857
33,33,1,Condition_Biased,Biased_Divergent,Divergent,Divergent,0.13260513166538607,0.001291854158848384,0.001291854158848384,,0,0.12003004160774833,0.11296405220861759,0.07088367940695395
34,34,3,Shared_Core,Shared_Core,Shared_Core,Divergent,0.14936431728622312,0.0012875237323992112,0.0012875237323992112,,0,0.04613169092002781,0.03976008950117213,0.028523329098428054
35,35,2,Shared_Core,Shared_Core,Shared_Core,Divergent,0.16607726877870288,0.0012690519036647045,0.0012690519036647045,,0,0.038175014343731675,0.03451885381571905,0.020083037633744496
36,36,1,Condition_Biased,Biased_Divergent,Divergent,Convergent,0.07691800119202868,0.0012974988475509667,0.0012974988475509667,,0,0.02967599607475194,0.03275678647486003,0.026479068470911846
37,37,1,Condition_Biased,Biased_Convergent,Convergent,Convergent,0.2191664460297207,0.0014436227290416073,0.0014436227290416073,,0,0.039168425663201896,0.04729958167245165,0.021419036497790662
38,38,1,Condition_Biased,Biased_Divergent,Divergent,Divergent,0.20499988971168975,0.0012192896886027331,0.0012192896886027331,,0,0.025850099268074266,0.02071261951667175,0.013396647951883516
39,39,1,Condition_Biased,Biased_Random,Random,Random,0.4977706446825641,0.001359139189749335,0.001359139189749335,,0,0.06161258185192284,0.035461703275891335,0.1447496179579979
40,40,3,Shared_Core,Shared_Core,Shared_Core,Convergent,0.2505385435087327,0.0012335206522645103,0.0012335206522645103,,0,0.02670394745751173,0.03632135066198327,0.016831619694592462
41,41,1,Condition_Biased,Biased_Divergent,Divergent,Random,0.19096965958962928,0.0012109904582860154,0.0012109904582860154,,0,0.023853221041085237,0.013481468212796234,0.02748010793353416
42,42,1,Condition_Biased,Biased_Divergent,Divergent,Divergent,0.14403203634414619,0.0012819826518390472,0.0012819826518390472,,0,0.04576777177000487,0.024199851510817546,0.044287297726860124
43,43,1,Condition_Biased,Biased_Divergent,Divergent,Divergent,0.5737988126303808,0.001493696302896968,0.001493696302896968,,1,0.10648202077090863,0.024885654493033538,0.03278723650331062
44,44,1,Condition_Biased,Biased_Divergent,Divergent,Divergent,0.6017943346193134,0.001564577442527708,0.001564577442527708,0.015873015873015817,1,0.04035004302729956,0.007046701375678269,0.013015319551673852
45,45,1,Condition_Biased,Biased_Divergent,Divergent,Divergent,0.6409490415901131,0.001360792332178623,0.001360792332178623,,0,0.06599806589285226,0.010276409672104825,0.018605253573725118
46,46,1,Condition_Biased,Biased_Convergent,Convergent,Divergent,0.5307243763408152,0.0013193930109192823,0.0013193930109192823,,0,0.08407583572123767,0.03494451400872908,0.016605903364954485
47,47,1,Condition_Biased,Biased_Random,Random,Random,0.22536606965280634,0.0015543814880117158,0.0015543814880117158,,1,0.09710150241081453,0.09895752164486207,0.1550694246118563
48,48,1,Condition_Biased,Biased_Random,Random,Random,0.197781950189596,0.0015654348655157301,0.0015654348655157301,0.0,1,0.01389679950451164,0.009319962694020996,0.017332331720917
49,49,2,Shared_Core,Shared_Core,Shared_Core,Random,0.18861720229704507,0.0013709411133985493,0.0013709411133985493,,0,0.06371837781949176,0.06549478381768697,0.09464397514978098
50,50,1,Condition_Biased,Biased_Random,Random,Random,0.2859258966364957,0.0016071993967712234,0.0016071993967712234,0.015873015873015817,1,0.028301610760850672,0.025164878333521167,0.04814202237933401
51,51,1,Condition_Biased,Biased_Random,Random,Random,0.22526955561148593,0.0016071645339828502,0.0016071645339828502,0.015873015873015817,1,0.03220451088169965,0.02043929979292273,0.04162922664175904
52,52,1,Condition_Biased,Biased_Random,Random,Random,0.1628708402764751,0.0014168008055767498,0.0014168008055767498,,0,0.09444587377624379,0.07158841646946314,0.11532057650269024
53,53,1,Condition_Biased,Biased_Random,Random,Random,0.15573095713838783,0.001490447991576677,0.001490447991576677,,1,0.09682719431694889,0.07847637227839893,0.11998767485576016
54,54,1,Condition_Biased,Biased_Random,Random,Random,0.3207630119132175,0.0015942620355284063,0.0015942620355284063,0.007936507936507908,1,0.029746375165481134,0.026680464480529752,0.054860441930710324
55,55,1,Condition_Biased,Biased_Random,Random,Random,0.3055503062163501,0.0015275301460660879,0.0015275301460660879,,1,0.03457692222585403,0.030480880638835025,0.06115362654247927
56,56,1,Condition_Biased,Biased_Random,Random,Random,0.35201142440112637,0.0015365590547572272,0.0015365590547572272,,1,0.0286280594060941,0.030172891304855457,0.061343332368230065
57,57,1,Condition_Biased,Biased_Random,Random,Random,0.33927974425531093,0.001565150656706089,0.001565150656706089,0.007936507936507908,1,0.023409091012835993,0.021963850426220753,0.04598546879632132
58,58,2,Shared_Core,Shared_Core,Shared_Core,Random,0.10419955552112606,0.0015493794013475791,0.0015493794013475791,,1,0.0544712173411385,0.07325793939985727,0.07872204070112535
59,59,2,Shared_Core,Shared_Core,Shared_Core,Random,0.09551581185883667,0.0015466754497163535,0.0015466754497163535,,1,0.048222461355075914,0.0698762114720735,0.07152085417201595
60,60,2,Shared_Core,Shared_Core,Shared_Core,Random,0.12198983773805044,0.0015641099299362428,0.0015641099299362428,0.0,1,0.05949143906710325,0.07602266723300978,0.08658524506562759
61,61,1,Condition_Biased,Biased_Random,Random,Random,0.2271885826590268,0.0014007330913722387,0.0014007330913722387,,0,0.022863666948559597,0.014156772635267144,0.029393368008886537
62,62,2,Shared_Core,Shared_Core,Shared_Core,Random,0.09294687687632479,0.0014387690113085159,0.0014387690113085159,,0,0.03968277726123117,0.05099605996575621,0.05463139336585762
63,63,3,Shared_Core,Shared_Core,Shared_Core,Random,0.14704244321706195,0.0014835265131979923,0.0014835265131979923,,1,0.16487051072480624,0.14905060565491257,0.211077820605761
64,64,1,Condition_Biased,Biased_Divergent,Divergent,Divergent,0.5233516753246537,0.001393506829595404,0.001393506829595404,,0,0.04817242886096914,0.004000514808345085,0.02614525899231907
65,65,1,Condition_Biased,Biased_Divergent,Divergent,Divergent,0.7929782361425258,0.0012155704911039394,0.0012155704911039394,,0,0.09566008913152997,0.005432821134900489,0.01665748646926312
66,66,1,Condition_Biased,Biased_Divergent,Divergent,Divergent,0.7942922155591289,0.0012017696881665315,0.0012017696881665315,,0,0.10045327660110262,0.006461933865184673,0.01657112707043924
67,67,1,Condition_Biased,Biased_Divergent,Divergent,Divergent,0.8005441673898056,0.0012038463982069249,0.0012038463982069249,,0,0.11988865377941003,0.007272982719348885,0.019288422096343266
68,68,1,Condition_Biased,Biased_Divergent,Divergent,Divergent,0.8107989918362505,0.0011102497599646288,0.0011102497599646288,,0,0.10624578607425768,0.004854069467176471,0.017348074369014255
69,69,1,Condition_Biased,Biased_Convergent,Convergent,Divergent,0.26371772686906864,0.0013036358365862892,0.0013036358365862892,,0,0.05887138793329275,0.04955075788502282,0.019049940527313285
70,70,1,Condition_Biased,Biased_Divergent,Divergent,Divergent,0.8165495539717558,0.001211013738180499,0.001211013738180499,,0,0.06913380176135542,0.0031314407371812398,0.010831984306966502
71,71,1,Condition_Biased,Biased_Divergent,Divergent,Divergent,0.8215196961723679,0.0011678971897815017,0.0011678971897815017,,0,0.061667440471588154,0.0028401300833936324,0.009244749958198222
72,72,1,Condition_Biased,Biased_Divergent,Divergent,Divergent,0.7732673279663858,0.0012171478027550816,0.0012171478027550816,,0,0.05659580837988866,0.0032837180072191165,0.011189135190631663
73,73,2,Shared_Core,Shared_Core,Shared_Core,Random,0.23939139121028805,0.0012840002328066025,0.0012840002328066025,,0,0.044054649540303664,0.08638090173011287,0.10627062163419193
74,74,1,Condition_Biased,Biased_Divergent,Divergent,Divergent,0.8177320739357622,0.0011622118848656864,0.0011622118848656864,,0,0.04915316137121109,0.0015627952314346855,0.008294592345399516
75,75,2,Shared_Core,Shared_Core,Shared_Core,Divergent,0.4202042253068695,0.0013995915430168322,0.0013995915430168322,,0,0.06317129194805468,0.019331545161889396,0.032247583389223095
76,76,2,Shared_Core,Shared_Core,Shared_Core,Divergent,0.384317872557382,0.0014282062758727955,0.0014282062758727955,,0,0.07206617985993868,0.021773456312628867,0.04233011384568517
77,77,2,Shared_Core,Shared_Core,Shared_Core,Divergent,0.40316614861173505,0.0014312626182269165,0.0014312626182269165,,0,0.08175317585897544,0.022490300848121533,0.04705679143172881
78,78,3,Shared_Core,Shared_Core,Shared_Core,Random,0.057466708174836,0.0014785827514461462,0.0014785827514461462,,0,0.1186711280530035,0.14954756950817957,0.15046277178806208
79,79,2,Shared_Core,Shared_Core,Shared_Core,Random,0.48166526501775214,0.0014397122976030137,0.0014397122976030137,,0,0.027297448661990863,0.015206190207374026,0.06074854828387735
80,80,2,Shared_Core,Shared_Core,Shared_Core,Random,0.3185439032074385,0.0015500707292929869,0.0015500707292929869,,1,0.031234982746381142,0.015445131323795918,0.04516048803334198
81,81,3,Shared_Core,Shared_Core,Shared_Core,Convergent,0.06396299901646675,0.0014728147253229955,0.0014728147253229955,,0,0.10127789708843202,0.1286177801687205,0.12502884728804467
82,82,3,Shared_Core,Shared_Core,Shared_Core,Convergent,0.30242983624718944,0.00152393793647464,0.00152393793647464,,1,0.14059733400895516,0.1870451352248589,0.05976218168461134
83,83,3,Shared_Core,Shared_Core,Shared_Core,Divergent,0.2939313944351321,0.001418247525739524,0.001418247525739524,,0,0.08469571824350353,0.06658611075451587,0.02584690066231858
84,84,3,Shared_Core,Shared_Core,Shared_Core,Random,0.047846312336766235,0.001397477638842847,0.001397477638842847,,0,0.046955516319453654,0.04317912004741007,0.04959663946831983
85,85,2,Shared_Core,Shared_Core,Shared_Core,Convergent,0.4187489941466455,0.0014598254387351247,0.0014598254387351247,,0,0.06898172174047663,0.12682471702104076,0.03493658183438201
86,86,1,Condition_Biased,Biased_Divergent,Divergent,Divergent,0.8678842736771554,0.0013076667730342034,0.0013076667730342034,,0,0.16773483872704914,0.014153440564609411,0.009574378508010082
87,87,1,Condition_Biased,Biased_Convergent,Convergent,Convergent,0.28629391923982994,0.0013577518120418805,0.0013577518120418805,,0,0.04414159937286481,0.046801615328043264,0.0077945824734689225
88,88,1,Condition_Biased,Biased_Divergent,Divergent,Divergent,0.9194429365623037,0.001234718151381527,0.001234718151381527,,0,0.19849261489731293,0.012078053552156303,0.004583011869163741
89,89,1,Condition_Biased,Biased_Random,Random,Random,0.30460906630372336,0.0013172060050436415,0.0013172060050436415,,0,0.03344837804574044,0.02205069702968263,0.05206035411665364
90,90,3,Shared_Core,Shared_Core,Shared_Core,Divergent,0.0473147684713083,0.0012612009165123732,0.0012612009165123732,,0,0.058322242786916195,0.0493595158212889,0.05674562285402938
91,91,2,Shared_Core,Shared_Core,Shared_Core,Divergent,0.07912914800068244,0.001211554851596108,0.001211554851596108,,0,0.05124272796260231,0.038484227500463784,0.048971355818803346
92,92,1,Condition_Biased,Biased_Divergent,Divergent,Divergent,0.5716578180918359,0.0012978289990570947,0.0012978289990570947,,0,0.0558148755504148,0.01818330962842668,0.012240444576101643
93,93,3,Shared_Core,Shared_Core,Shared_Core,Divergent,0.09723851490826649,0.0014362225843959097,0.0014362225843959097,,0,0.0766106302688979,0.058917502219086156,0.06714647642469831
94,94,3,Shared_Core,Shared_Core,Shared_Core,Divergent,0.2766884632138112,0.0012934277189754011,0.0012934277189754011,,0,0.08261267467566724,0.05090214260881059,0.042706756349948666
95,95,1,Condition_Biased,Biased_Random,Random,Divergent,0.2837442572944829,0.0013134224672333335,0.0013134224672333335,,0,0.09212841200853081,0.053663018197692626,0.04914173250278783
96,96,1,Condition_Biased,Biased_Divergent,Divergent,Divergent,0.3769551125693028,0.001350468444268124,0.001350468444268124,,0,0.041417817734641794,0.013048481397679326,0.02443300126238711
97,97,1,Condition_Biased,Biased_Divergent,Divergent,Divergent,0.25144997302715516,0.0012706576811891029,0.0012706576811891029,,0,0.023635323216885697,0.011439658589770047,0.016835098232453067
98,98,3,Shared_Core,Shared_Core,Shared_Core,Divergent,0.13225487107878917,0.0012465647895333603,0.0012465647895333603,,0,0.06077679944964348,0.04203314866737207,0.051123918740019675
99,99,2,Shared_Core,Shared_Core,Shared_Core,Divergent,0.19071391663346074,0.0012193816896542047,0.0012193816896542047,,0,0.06464936296788999,0.048134061796536225,0.0397457034726228
100,100,1,Condition_Biased,Biased_Random,Random,Random,0.17061530561150953,0.0013177315247603016,0.0013177315247603016,,0,0.014032357182629683,0.0070174181430834775,0.014855102428959476
101,101,1,Condition_Biased,Biased_Random,Random,Random,0.21772494774503287,0.001408198752634659,0.001408198752634659,,0,0.017597380550309953,0.015912745512847663,0.02608169363959441
102,102,1,Condition_Biased,Biased_Random,Random,Random,0.12498551273900523,0.0015187773615785672,0.0015187773615785672,,1,0.018473127097995194,0.016152444791201263,0.022258641035665595
103,103,1,Condition_Biased,Biased_Divergent,Divergent,Divergent,0.33538159982708815,0.0012567767405134626,0.0012567767405134626,,0,0.09551462886755359,0.042265231688425206,0.052809883677770224
104,104,1,Condition_Biased,Biased_Divergent,Divergent,Divergent,0.3385904177991605,0.0012289460884255814,0.0012289460884255814,,0,0.08963828632002505,0.044323910074036195,0.044258259222029694
105,105,1,Condition_Biased,Biased_Random,Random,Divergent,0.23356091508040777,0.00137433081707652,0.00137433081707652,,0,0.01664253588336608,0.008727132620518668,0.011953629581035958
106,106,3,Shared_Core,Shared_Core,Shared_Core,Divergent,0.28962839296919757,0.0013236580552647183,0.0013236580552647183,,0,0.1348166091237294,0.08189610175091272,0.06662713455420638
107,107,1,Condition_Biased,Biased_Random,Random,Random,0.14847156654349206,0.0014400581797808845,0.0014400581797808845,,0,0.044261761737887755,0.03006348111911824,0.05012188950139615
108,108,2,Shared_Core,Shared_Core,Shared_Core,Divergent,0.24713536583322526,0.0014730242982935724,0.0014730242982935724,,0,0.11281031977678477,0.05487543105403757,0.08132614329871204
109,109,1,Condition_Biased,Biased_Random,Random,Random,0.06544616758208657,0.001436681339920049,0.001436681339920049,,0,0.093135342523149,0.07998068308272557,0.09868121002283362
110,110,1,Condition_Biased,Biased_Divergent,Divergent,Divergent,0.3570651043776332,0.0014121717423067638,0.0014121717423067638,,0,0.10749746292327443,0.04112847842690018,0.06072937626399041
111,111,2,Shared_Core,Shared_Core,Shared_Core,Divergent,0.22156366903662705,0.0013317030183406147,0.0013317030183406147,,0,0.09739600822191548,0.0487882294773794,0.07534216701733096
112,112,1,Condition_Biased,Biased_Random,Random,Random,0.28601353150395237,0.0014511847506301831,0.0014511847506301831,,0,0.09492058715392133,0.08244539030462678,0.1597334523167875
113,113,1,Condition_Biased,Biased_Random,Random,Random,0.30489238233691257,0.0015156311290969394,0.0015156311290969394,,1,0.08709180608598723,0.07056622184834808,0.14798194872185824
114,114,1,Condition_Biased,Biased_Random,Random,Random,0.29097700452590797,0.0014480923374630636,0.0014480923374630636,,0,0.07571859606407552,0.06237096816698928,0.1257155643229092
115,115,1,Condition_Biased,Biased_Random,Random,Random,0.22354708642654547,0.0013085440944515824,0.0013085440944515824,,0,0.03635781725730609,0.04137367107061266,0.06124526961329615
116,116,2,Shared_Core,Shared_Core,Shared_Core,Random,0.186651671078733,0.001384533167325645,0.001384533167325645,,0,0.0396907008387179,0.01691303634199134,0.041291607129904956
117,117,1,Condition_Biased,Biased_Divergent,Divergent,Divergent,0.08992261335456678,0.0014214913164206666,0.0014214913164206666,,0,0.10697437102001911,0.07757406094116949,0.10107156916684101
118,118,1,Condition_Biased,Biased_Divergent,Divergent,Convergent,0.1620970803249202,0.001370167723696498,0.001370167723696498,,0,0.05276963601287439,0.05352292092495233,0.024413264575525232
119,119,3,Shared_Core,Shared_Core,Shared_Core,Divergent,0.12132753392585323,0.001327811845621487,0.001327811845621487,,0,0.05570289333075009,0.04245000356013141,0.044847591780126095
120,120,1,Condition_Biased,Biased_Divergent,Divergent,Divergent,0.08843297677158939,0.0013480397836865812,0.0013480397836865812,,0,0.06052546821335338,0.04462937496014332,0.05675127422289243
121,121,1,Condition_Biased,Biased_Random,Random,Random,0.40591907526328724,0.0013152468240806305,0.0013152468240806305,,0,0.041742557995098,0.04117168079822035,0.0981101269855918
122,122,3,Shared_Core,Shared_Core,Shared_Core,Divergent,0.09456511472072952,0.0013019930653175745,0.0013019930653175745,,0,0.050230730715909125,0.042950633378176575,0.040152062462376695
123,123,1,Condition_Biased,Biased_Divergent,Divergent,Divergent,0.12605100138700792,0.0013073702086780058,0.0013073702086780058,,0,0.06258597485567807,0.044540737554082395,0.05260752657398818
124,124,1,Condition_Biased,Biased_Random,Random,Random,0.4569275974699495,0.0014175682165629576,0.0014175682165629576,,0,0.02881946313528367,0.02907577079682671,0.07765922525764576
125,125,1,Condition_Biased,Biased_Random,Random,Random,0.43335160086083513,0.0013284111691148793,0.0013284111691148793,,0,0.05209890933929647,0.048753654823927156,0.12755456868381726
126,126,1,Condition_Biased,Biased_Divergent,Divergent,Divergent,0.37602905856278773,0.0011761565373612818,0.0011761565373612818,,0,0.11782125837395711,0.07302228709933353,0.03383162132804356
127,127,1,Condition_Biased,Biased_Divergent,Divergent,Divergent,0.3744517686418456,0.0014525458358281792,0.0014525458358281792,,0,0.0902157951215351,0.052432704357463014,0.029686337381246545
128,128,3,Shared_Core,Shared_Core,Shared_Core,Divergent,0.24351117467105934,0.0012374538104051704,0.0012374538104051704,,0,0.07375347319944406,0.05119596103652876,0.038539747722328654
129,129,1,Condition_Biased,Biased_Random,Random,Random,0.4305025222962677,0.0014053134837058601,0.0014053134837058601,,0,0.0415096862027,0.037746360106121375,0.09954036549029369
130,130,1,Condition_Biased,Biased_Divergent,Divergent,Divergent,0.2785484978071362,0.0013484231913070363,0.0013484231913070363,,0,0.0714278620257667,0.0487303769390224,0.031879374580014316
131,131,1,Condition_Biased,Biased_Random,Random,Random,0.4057127006134351,0.0013750879385042113,0.0013750879385042113,,0,0.0357717421258428,0.03335499807331733,0.08175535364046929
132,132,1,Condition_Biased,Biased_Divergent,Divergent,Divergent,0.1675533166897049,0.001347216841717077,0.001347216841717077,,0,0.051322640713166306,0.0428053899518383,0.03037904013716985
133,133,1,Condition_Biased,Biased_Convergent,Convergent,Random,0.09018598388519017,0.0014337841996365753,0.0014337841996365753,,0,0.05868073933041145,0.06402752765492477,0.07351768075946778
134,134,3,Shared_Core,Shared_Core,Shared_Core,Divergent,0.038731944003997605,0.0013796103892822953,0.0013796103892822953,,0,0.07796001932564586,0.07788988440270313,0.06640234932539955
135,135,3,Shared_Core,Shared_Core,Shared_Core,Random,0.04651619780963408,0.0011817038667278814,0.0011817038667278814,,0,0.06942284082679591,0.06694663106872324,0.07483759078951109
136,136,3,Shared_Core,Shared_Core,Shared_Core,Divergent,0.08180662018208791,0.0014555579261479273,0.0014555579261479273,,0,0.1094949388638936,0.10665212159878329,0.0792175636345905
137,137,3,Shared_Core,Shared_Core,Shared_Core,Divergent,0.07401898925225649,0.0014735599008003403,0.0014735599008003403,,0,0.11315861046160935,0.1124334487987802,0.08268921763177901
138,138,2,Shared_Core,Shared_Core,Shared_Core,Random,0.10716761407295444,0.0014736384639027936,0.0014736384639027936,,0,0.06409779604171774,0.06985873299275051,0.08305720814932434
139,139,3,Shared_Core,Shared_Core,Shared_Core,Random,0.1636199972775071,0.0012094428401711334,0.0012094428401711334,,0,0.0590604957204634,0.059451739234326964,0.08244052109500719
140,140,3,Shared_Core,Shared_Core,Shared_Core,Convergent,0.08006223048899824,0.0014257256256368052,0.0014257256256368052,,0,0.10819647023492635,0.11214058456277987,0.08283392842563372
141,141,3,Shared_Core,Shared_Core,Shared_Core,Convergent,0.04626475866077556,0.0014321489183596271,0.0014321489183596271,,0,0.08303771002425088,0.08704852532835035,0.0756625532216969
142,142,3,Shared_Core,Shared_Core,Shared_Core,Convergent,0.05559616324751704,0.0013830730470498528,0.0013830730470498528,,0,0.07698320977987698,0.08208750189984576,0.06989824819186377
143,143,1,Condition_Biased,Biased_Convergent,Convergent,Convergent,0.18170083430584524,0.0012593358899755914,0.0012593358899755914,,0,0.028844507756056608,0.04249833432184151,0.03001362369174049
144,144,2,Shared_Core,Shared_Core,Shared_Core,Convergent,0.0713961313341811,0.0011939237863135997,0.0011939237863135997,,0,0.036357339210961584,0.039380266069712344,0.03190624015405774
145,145,3,Shared_Core,Shared_Core,Shared_Core,Convergent,0.1103833416711573,0.0012552457734032899,0.0012552457734032899,,0,0.04545316979702976,0.047898590977287346,0.03129759337568271
146,146,1,Condition_Biased,Biased_Divergent,Divergent,Random,0.10771668185130233,0.001248036699308524,0.001248036699308524,,0,0.0963806812095728,0.08493519452405952,0.11254643909041843
147,147,1,Condition_Biased,Biased_Random,Random,Random,0.11782491211480513,0.0012552725728936609,0.0012552725728936609,,0,0.12290883560975392,0.09683263973926591,0.13921980950463977
148,148,2,Shared_Core,Shared_Core,Shared_Core,Divergent,0.22388285057779114,0.0012844158500048147,0.0012844158500048147,,0,0.06614738162760259,0.05240187560322515,0.0314919664358188
149,149,2,Shared_Core,Shared_Core,Shared_Core,Random,0.153308222731699,0.0014087254171769024,0.0014087254171769024,,0,0.03058158884921069,0.026505447210667776,0.038880115448837245
150,150,1,Condition_Biased,Biased_Divergent,Divergent,Divergent,0.10776903711436994,0.0013681066826900063,0.0013681066826900063,,0,0.059549986737887584,0.046556142469247185,0.04937060801164499
151,151,1,Condition_Biased,Biased_Convergent,Convergent,Divergent,0.23286505484020328,0.0013631032932892601,0.0013631032932892601,,0,0.05052706618590181,0.03614560412297472,0.026734072764936303
152,152,3,Shared_Core,Shared_Core,Shared_Core,Divergent,0.1875664699240985,0.0013495618718307853,0.0013495618718307853,,0,0.05759399267940671,0.03845629948518125,0.040345674077610645
153,153,3,Shared_Core,Shared_Core,Shared_Core,Divergent,0.09406497979149983,0.0012537317561102206,0.0012537317561102206,,0,0.0465733524959979,0.03508211789470253,0.04204754407946316
154,154,2,Shared_Core,Shared_Core,Shared_Core,Divergent,0.09090393137429707,0.0012921612326684375,0.0012921612326684375,,0,0.050061875559512234,0.03561909178854647,0.04781823564276454
155,155,3,Shared_Core,Shared_Core,Shared_Core,Divergent,0.0815419630220301,0.0012880320604694534,0.0012880320604694534,,0,0.06789019527565304,0.051999006289661975,0.06330728346097564
156,156,3,Shared_Core,Shared_Core,Shared_Core,Divergent,0.13342813210996948,0.0012246279480062478,0.0012246279480062478,,0,0.053109404922236876,0.03869929237084256,0.04251117862775804
157,157,3,Shared_Core,Shared_Core,Shared_Core,Random,0.2431890703146965,0.0015906685399371251,0.0015906685399371251,0.023809523809523725,1,0.17857825810112704,0.2088726828996724,0.31822662453891504
158,158,1,Condition_Biased,Biased_Convergent,Convergent,Convergent,0.03499721665412938,0.00133367903634444,0.00133367903634444,,0,0.03925754388395712,0.04410519238904511,0.04298737954296586
159,159,3,Shared_Core,Shared_Core,Shared_Core,Random,0.22653815406485264,0.001531365476034765,0.001531365476034765,,1,0.4136139696210991,0.47110572169747267,0.7014841538454805
160,160,2,Shared_Core,Shared_Core,Shared_Core,Random,0.26374124451699793,0.001609136991278681,0.001609136991278681,0.007936507936507908,1,0.24279581119187574,0.2771024596741238,0.44618612882636843
161,161,2,Shared_Core,Shared_Core,Shared_Core,Random,0.26433926567667,0.001628580179920073,0.001628580179920073,0.015873015873015817,1,0.15315157790196898,0.16182272908773426,0.27066442819814834
162,162,1,Condition_Biased,Biased_Random,Random,Random,0.21547759591021956,0.0011051808026330083,0.0011051808026330083,,0,0.03501581951952827,0.03230325313971231,0.052149450524695336
163,163,1,Condition_Biased,Biased_Convergent,Convergent,Convergent,0.3322842510762857,0.0012447240387803659,0.0012447240387803659,,0,0.02914501074126657,0.039168016260696784,0.010115531879285026
164,164,1,Condition_Biased,Biased_Divergent,Divergent,Divergent,0.37703618732082167,0.001270518389297609,0.001270518389297609,,0,0.03332612238088508,0.01807468197150537,0.012078437388741545
165,165,1,Condition_Biased,Biased_Convergent,Convergent,Convergent,0.3458386406769539,0.0012573719431866704,0.0012573719431866704,,0,0.03252036337752217,0.044626116055494165,0.010861777478740328
166,166,1,Condition_Biased,Biased_Divergent,Divergent,Divergent,0.36373176968004695,0.0012971721866778332,0.0012971721866778332,,0,0.03712303872860263,0.019386652105471545,0.015253899182887777
167,167,1,Condition_Biased,Biased_Convergent,Convergent,Convergent,0.346980417465753,0.0012517524669429772,0.0012517524669429772,,0,0.0327405750774491,0.044511726158752776,0.010418224348021405
168,168,1,Condition_Biased,Biased_Convergent,Convergent,Convergent,0.20327559912532875,0.001472665184722434,0.001472665184722434,,0,0.03328770219727799,0.03867106995823091,0.017922818594213043
169,169,1,Condition_Biased,Biased_Divergent,Divergent,Divergent,0.6669881161455594,0.001498681294757334,0.001498681294757334,,1,0.09793828761994594,0.011106481160206056,0.028023508244327137
170,170,1,Condition_Biased,Biased_Divergent,Divergent,Random,0.23042199921105047,0.001219932801555069,0.001219932801555069,,0,0.017468796042656456,0.0067840090065061694,0.019388018397703058
171,171,1,Condition_Biased,Biased_Divergent,Divergent,Divergent,0.677910398948394,0.0013840209385918172,0.0013840209385918172,,0,0.18066149258817482,0.01809817537316802,0.05126093713832753
172,172,1,Condition_Biased,Biased_Random,Random,Divergent,0.16991167003787386,0.0011949203003628276,0.0011949203003628276,,0,0.047571437467855436,0.032808841788890764,0.03469795567752232
173,173,1,Condition_Biased,Biased_Divergent,Divergent,Divergent,0.6695718653519506,0.0015146256190251642,0.0015146256190251642,,1,0.13317928783722038,0.013633826976282555,0.03908170395279451
174,174,1,Condition_Biased,Biased_Divergent,Divergent,Divergent,0.26238267651013253,0.0012905063706117664,0.0012905063706117664,,0,0.04061084002287054,0.028711019345281415,0.01874726676633434
175,175,1,Condition_Biased,Biased_Divergent,Divergent,Divergent,0.6928340572448359,0.0015158579329410226,0.0015158579329410226,,1,0.13048537033744187,0.01169498980709771,0.035658336554964386
176,176,2,Shared_Core,Shared_Core,Shared_Core,Divergent,0.23955155038073384,0.0012637914520449082,0.0012637914520449082,,0,0.04903828305931984,0.034522798925376776,0.02564587467719638
177,177,1,Condition_Biased,Biased_Divergent,Divergent,Divergent,0.168401997268459,0.001448546326977662,0.001448546326977662,,0,0.05691263622339861,0.038582832906504126,0.04243112414602249
178,178,1,Condition_Biased,Biased_Divergent,Divergent,Divergent,0.029943094970666925,0.001547960203081434,0.001547960203081434,,1,0.0716374557955888,0.07051774043568045,0.06442643073757016
179,179,1,Condition_Biased,Biased_Divergent,Divergent,Divergent,0.11754079755896261,0.0014209099424577843,0.0014209099424577843,,0,0.06271681949925521,0.04561026398724283,0.05343763589385956
180,180,1,Condition_Biased,Biased_Divergent,Divergent,Divergent,0.035757177104304025,0.0015056164592253986,0.0015056164592253986,,1,0.07634463433728174,0.06994527514359494,0.07220148927872143
181,181,1,Condition_Biased,Biased_Divergent,Divergent,Divergent,0.16928044225247244,0.001511718446237734,0.001511718446237734,,1,0.06952575825484385,0.06822263469037257,0.030567022713108197
182,182,2,Shared_Core,Shared_Core,Shared_Core,Convergent,0.16092621135034052,0.001457703996543463,0.001457703996543463,,0,0.08354867667480996,0.08747791667735716,0.04290281740268544
183,183,2,Shared_Core,Shared_Core,Shared_Core,Divergent,0.11618484785497873,0.001443674902344051,0.001443674902344051,,0,0.08365908310625994,0.08341995919428287,0.04906556129248606
184,184,1,Condition_Biased,Biased_Divergent,Divergent,Divergent,0.1995061309565268,0.001381302221358463,0.001381302221358463,,0,0.07042452886148735,0.04797459676948904,0.046021427308756205
185,185,2,Shared_Core,Shared_Core,Shared_Core,Divergent,0.12516379250307721,0.0014000268350245924,0.0014000268350245924,,0,0.08234149407127818,0.07638626608028136,0.05165788335430007
186,186,1,Condition_Biased,Biased_Divergent,Divergent,Divergent,0.24198995354044608,0.0014121006931373556,0.0014121006931373556,,0,0.05080521723002563,0.027025033855995938,0.034989743256971004
187,187,3,Shared_Core,Shared_Core,Shared_Core,Divergent,0.10976907957945704,0.0013824718252994173,0.0013824718252994173,,0,0.07473916242497018,0.0666603232401679,0.053247709126610844
188,188,1,Condition_Biased,Biased_Divergent,Divergent,Divergent,0.10373680386458688,0.00136323407466975,0.00136323407466975,,0,0.07125813326771552,0.06290036006367694,0.05282658144890789
189,189,1,Condition_Biased,Biased_Divergent,Divergent,Divergent,0.2686876259908768,0.0013850223730805982,0.0013850223730805982,,0,0.0357582337709734,0.01837317395018555,0.02285121934163192
190,190,1,Condition_Biased,Biased_Convergent,Convergent,Divergent,0.09280045364622455,0.0015125155530347216,0.0015125155530347216,,1,0.12957904326878947,0.12717456919582268,0.08796818422833605
191,191,2,Shared_Core,Shared_Core,Shared_Core,Random,0.4512897605590537,0.001572670786918747,0.001572670786918747,0.0,1,0.053897343330667834,0.1090405103668832,0.2154780626296997
192,192,1,Condition_Biased,Biased_Convergent,Convergent,Random,0.4390163974415003,0.001638204391742604,0.001638204391742604,0.0,1,0.04387449982112327,0.08230042156943104,0.16182984671895467
193,193,1,Condition_Biased,Biased_Random,Random,Random,0.26308922506956656,0.0013666415275824881,0.0013666415275824881,,0,0.03758749085643286,0.045429006572921725,0.07114649898860426
194,194,1,Condition_Biased,Biased_Random,Random,Random,0.43430802260992085,0.0015811678348337946,0.0015811678348337946,0.015873015873015817,1,0.07087641903831635,0.14450302055617523,0.2730465257274253
195,195,2,Shared_Core,Shared_Core,Shared_Core,Random,0.42404151606949986,0.0016276194840125935,0.0016276194840125935,0.007936507936507908,1,0.059658669517854604,0.11113783885719396,0.21114483553295335
196,196,2,Shared_Core,Shared_Core,Shared_Core,Random,0.4829292743159184,0.0014754753339420092,0.0014754753339420092,,0,0.028411093640328986,0.04787897539246087,0.10939777779877038
197,197,1,Condition_Biased,Biased_Divergent,Divergent,Divergent,0.3408108151229464,0.0014917397179578747,0.0014917397179578747,,1,0.09622793957407091,0.047819837720857725,0.04679815959007967
198,198,2,Shared_Core,Shared_Core,Shared_Core,Random,0.26988175873344716,0.0013437870750713772,0.0013437870750713772,,0,0.026896717065155753,0.02901774912811162,0.04862552163161574
199,199,3,Shared_Core,Shared_Core,Shared_Core,Convergent,0.07341103562969167,0.0013671581402042933,0.0013671581402042933,,0,0.02889209970019359,0.02933122928673674,0.021746458068105674
200,200,2,Shared_Core,Shared_Core,Shared_Core,Convergent,0.1583045168789095,0.0013459080496857434,0.0013459080496857434,,0,0.04168702660458078,0.05547838785538548,0.03894100823099651
201,201,1,Condition_Biased,Biased_Random,Random,Random,0.20095590069628888,0.0013939661238098003,0.0013939661238098003,,0,0.031729401355616964,0.026113457377313784,0.0434686411985211
202,202,1,Condition_Biased,Biased_Random,Random,Random,0.5517134522647874,0.0013862171185059383,0.0013862171185059383,,0,0.031052368590531586,0.04394353747950616,0.1297966188174628
203,203,3,Shared_Core,Shared_Core,Shared_Core,Divergent,0.07298265074147159,0.001421774971862946,0.001421774971862946,,0,0.05758947149348357,0.045315629579344686,0.0541947197671684
204,204,1,Condition_Biased,Biased_Random,Random,Random,0.6037421938352432,0.0012439898154215467,0.0012439898154215467,,0,0.08801713315271792,0.11620201654078667,0.4132598299119208
205,205,1,Condition_Biased,Biased_Random,Random,Random,0.5877556178787025,0.0011727657139648485,0.0011727657139648485,,0,0.09527541249377247,0.12520160247185078,0.4245826435822343
206,206,3,Shared_Core,Shared_Core,Shared_Core,Divergent,0.14536085258351156,0.001311027037145938,0.001311027037145938,,0,0.06136470911219532,0.041510080646353156,0.050067490838941124
207,207,1,Condition_Biased,Biased_Random,Random,Random,0.5503820686996848,0.0012847691506332594,0.0012847691506332594,,0,0.07347891427607203,0.09389890904663599,0.2885778768076783
208,208,2,Shared_Core,Shared_Core,Shared_Core,Random,0.4539301439172617,0.0013240434051805406,0.0013240434051805406,,0,0.03460435865929833,0.03858808516279647,0.09743872436413926
209,209,1,Condition_Biased,Biased_Random,Random,Random,0.4163910253334105,0.0011852975799269254,0.0011852975799269254,,0,0.02049829415716384,0.023027488033216425,0.052817494197312506
210,210,2,Shared_Core,Shared_Core,Shared_Core,Divergent,0.32316456562470586,0.0014636899955352868,0.0014636899955352868,,0,0.07725490477901918,0.02621461203790199,0.052821448013659504
211,211,2,Shared_Core,Shared_Core,Shared_Core,Divergent,0.3228189519878551,0.0014859223298033148,0.0014859223298033148,,1,0.07610099288968393,0.027759145716564695,0.05015650561582002
212,212,2,Shared_Core,Shared_Core,Shared_Core,Divergent,0.2967225378328279,0.0015426432774372954,0.0015426432774372954,,1,0.051736313820943056,0.019750830445068274,0.03636754865920733
213,213,2,Shared_Core,Shared_Core,Shared_Core,Random,0.37096834316580807,0.0013249415755004238,0.0013249415755004238,,0,0.03161365528104237,0.033858647363053426,0.07134812159670724
214,214,2,Shared_Core,Shared_Core,Shared_Core,Divergent,0.35630363050902425,0.0014460931727266343,0.0014460931727266343,,0,0.07499521444915744,0.024716331552692324,0.04646853617732487
215,215,2,Shared_Core,Shared_Core,Shared_Core,Convergent,0.037486633276447835,0.0011504664061673237,0.0011504664061673237,,0,0.11542734072194914,0.13097312244210849,0.127589536775347
216,216,2,Shared_Core,Shared_Core,Shared_Core,Divergent,0.366474176278528,0.0013688783469894977,0.0013688783469894977,,0,0.050298319217354184,0.01889096335535161,0.02774772864012491
217,217,2,Shared_Core,Shared_Core,Shared_Core,Divergent,0.3132287691637043,0.0014600717776691566,0.0014600717776691566,,0,0.03646565958428285,0.01792777670623615,0.02021266996032662
218,218,1,Condition_Biased,Biased_Convergent,Convergent,Convergent,0.21412484176206462,0.0014896437245646833,0.0014896437245646833,,1,0.033502005196824176,0.07287760605499126,0.06084199999976489
219,219,1,Condition_Biased,Biased_Random,Random,Random,0.20537332399612523,0.0014934437391431147,0.0014934437391431147,,1,0.07774341702672036,0.07783644914637967,0.1179999527447517
220,220,1,Condition_Biased,Biased_Random,Random,Random,0.16296185799698376,0.0013665043244934694,0.0013665043244934694,,0,0.057314567340714204,0.045989944016811446,0.07176447549967893
221,221,2,Shared_Core,Shared_Core,Shared_Core,Divergent,0.12931771496332323,0.0013647693090875757,0.0013647693090875757,,0,0.03765319775284073,0.030485937644166555,0.027573848054522558
222,222,2,Shared_Core,Shared_Core,Shared_Core,Divergent,0.09899179148261536,0.0015651601355896332,0.0015651601355896332,-0.007936507936507908,1,0.0375881631026972,0.03725014692880431,0.02438314962718222
223,223,1,Condition_Biased,Biased_Random,Random,Random,0.006617531122897784,0.0011601549994436995,0.0011601549994436995,,0,0.019291106005938946,0.01943530307875739,0.019621184953148404
224,224,2,Shared_Core,Shared_Core,Shared_Core,Divergent,0.07143399771887912,0.0013503755686145064,0.0013503755686145064,,0,0.03954953863572927,0.03524198964761015,0.033309796204169594
225,225,1,Condition_Biased,Biased_Divergent,Divergent,Divergent,0.8112406901094015,0.001352845791263729,0.001352845791263729,,0,0.0333119045747559,0.0020429950959065506,0.004900236857966298
226,226,1,Condition_Biased,Biased_Random,Random,Divergent,0.019516200495152892,0.0012066352632487678,0.0012066352632487678,,0,0.03679739595141737,0.03642160116493354,0.03435559801402546
227,227,1,Condition_Biased,Biased_Random,Random,Random,0.24810633971995727,0.0014865244916259634,0.0014865244916259634,,1,0.026570450644863484,0.031747706027494535,0.04840262985921332
228,228,2,Shared_Core,Shared_Core,Shared_Core,Random,0.15234759295638153,0.0012998018665451967,0.0012998018665451967,,0,0.053371287115807395,0.05471306561073016,0.07346805286342425
229,229,2,Shared_Core,Shared_Core,Shared_Core,Divergent,0.13945769436352523,0.001220826967539441,0.001220826967539441,,0,0.03239833207900632,0.026654263239419253,0.022281534068049894
230,230,2,Shared_Core,Shared_Core,Shared_Core,Divergent,0.074707986330488,0.0012536968023298498,0.0012536968023298498,,0,0.033400795380335774,0.029403315492148637,0.02811089229016077
231,231,3,Shared_Core,Shared_Core,Shared_Core,Random,0.17965628138617057,0.0013592657543768313,0.0013592657543768313,,0,0.05438789404131503,0.052912466565680785,0.07714909099278942
232,232,1,Condition_Biased,Biased_Random,Random,Random,0.390401354079885,0.0013022035718727322,0.0013022035718727322,,0,0.022746806899123968,0.02263969790778662,0.05175984080969578
233,233,1,Condition_Biased,Biased_Random,Random,Random,0.42414916504851446,0.001381670631944037,0.001381670631944037,,0,0.018304050599182706,0.015801121668661374,0.04217311989660153
234,234,2,Shared_Core,Shared_Core,Shared_Core,Divergent,0.09391150590131976,0.0013706279143384803,0.0013706279143384803,,0,0.03415843418228283,0.02775874974652689,0.0288282118530737
235,235,1,Condition_Biased,Biased_Random,Random,Convergent,0.12467329901835422,0.0014433973466703742,0.0014433973466703742,,0,0.05762566148529573,0.05980186257239061,0.035461223610336816
236,236,1,Condition_Biased,Biased_Divergent,Divergent,Divergent,0.5669357497006344,0.001267495740802275,0.001267495740802275,,0,0.016438730994293105,0.0066137854990206265,0.0024727730464840694
237,237,2,Shared_Core,Shared_Core,Shared_Core,Divergent,0.3357050348251616,0.0014254497156315495,0.0014254497156315495,,0,0.060570033355290265,0.026428152894198198,0.033819232792002225
238,238,1,Condition_Biased,Biased_Divergent,Divergent,Divergent,0.48899352575030003,0.001290771370119309,0.001290771370119309,,0,0.025484733222198092,0.012740845220130786,0.00475132441709912
239,239,1,Condition_Biased,Biased_Divergent,Divergent,Divergent,0.4099068380765136,0.0012805707798253178,0.0012805707798253178,,0,0.01970600793636385,0.011693357637054041,0.0048018890240835764
240,240,1,Condition_Biased,Biased_Divergent,Divergent,Divergent,0.36270913187103,0.0012255452045468246,0.0012255452045468246,,0,0.024017740669564455,0.01453817265424115,0.007926323170226717
241,241,2,Shared_Core,Shared_Core,Shared_Core,Divergent,0.3393910406458414,0.0015573258925758496,0.0015573258925758496,0.007936507936507908,1,0.07579617053576948,0.034127372833055974,0.040640380303745
242,242,2,Shared_Core,Shared_Core,Shared_Core,Divergent,0.32542438069459273,0.0015134619680672876,0.0015134619680672876,,1,0.06855764694764842,0.0346222462048155,0.03516267373647895
243,243,1,Condition_Biased,Biased_Divergent,Divergent,Divergent,0.43346282197116226,0.001345377575648332,0.001345377575648332,,0,0.02386546622455856,0.010040071885488187,0.008824280477941983
244,244,1,Condition_Biased,Biased_Divergent,Divergent,Divergent,0.4170752364990938,0.0013576570923649306,0.0013576570923649306,,0,0.023161752387084098,0.01071124127385212,0.008344287584934915
245,245,2,Shared_Core,Shared_Core,Shared_Core,Divergent,0.3183308532580568,0.001479790585400659,0.001479790585400659,,0,0.06676176636635016,0.03457740818733099,0.03446358588657209
246,246,1,Condition_Biased,Biased_Convergent,Convergent,Convergent,0.07601925237529973,0.0016550666904420865,0.0016550666904420865,0.015873015873015817,1,0.15082728716069563,0.18782266179829488,0.1717404049806415
247,247,1,Condition_Biased,Biased_Convergent,Convergent,Convergent,0.06549558094522942,0.0016453658123010456,0.0016453658123010456,0.0,1,0.12858104381763946,0.15896769640259226,0.1502676298546176
248,248,1,Condition_Biased,Biased_Divergent,Divergent,Divergent,0.4150937856165832,0.0013434103782183214,0.0013434103782183214,,0,0.02076077218111911,0.006060008478367277,0.011102252832007787
249,249,1,Condition_Biased,Biased_Random,Random,Random,0.4411608194494147,0.0015336282239511918,0.0015336282239511918,,1,0.048250228013276074,0.036339492858414764,0.10907197964289003
250,250,1,Condition_Biased,Biased_Random,Random,Random,0.29247503919761786,0.001254221931832685,0.001254221931832685,,0,0.02392326952331918,0.01573102244540875,0.036219345893533456
251,251,1,Condition_Biased,Biased_Random,Random,Random,0.41197520080071026,0.0015862547374408428,0.0015862547374408428,-0.007936507936507908,1,0.057875405356993155,0.04610572292943273,0.12484063146015008
252,252,1,Condition_Biased,Biased_Random,Random,Random,0.4145829376547572,0.001663598093691191,0.001663598093691191,0.0,1,0.03741632052793056,0.03454810702609584,0.08694626266018503
253,253,1,Condition_Biased,Biased_Random,Random,Random,0.41936095658385925,0.0015477725790402023,0.0015477725790402023,,1,0.03703574542580901,0.032650164786007324,0.08517293256544878
254,254,1,Condition_Biased,Biased_Random,Random,Random,0.27393719547304235,0.0012972215228073034,0.0012972215228073034,,0,0.04734004379552885,0.032686576326187065,0.07020665937295509
255,255,1,Condition_Biased,Biased_Divergent,Divergent,Divergent,0.3692805517681251,0.0014377733535865756,0.0014377733535865756,,0,0.042724901660816904,0.023039684440308843,0.01632029385793777
256,256,1,Condition_Biased,Biased_Divergent,Divergent,Divergent,0.399468935854007,0.0015609803531234279,0.0015609803531234279,,1,0.045307705774826644,0.023882276797939462,0.015002022903885633
257,257,2,Shared_Core,Shared_Core,Shared_Core,Divergent,0.3846955112929071,0.0011685851637955758,0.0011685851637955758,,0,0.06345235715800351,0.019951035238649936,0.03644045279546094
258,258,2,Shared_Core,Shared_Core,Shared_Core,Divergent,0.8162742874910908,0.0013335021604844036,0.0013335021604844036,,0,0.1345452779459426,0.007058796464677965,0.020161130861009634
259,259,1,Condition_Biased,Biased_Random,Random,Random,0.3944857638496982,0.0012911847021268858,0.0012911847021268858,,0,0.01627609371970582,0.024168781450083644,0.0465718221625254
260,260,2,Shared_Core,Shared_Core,Shared_Core,Divergent,0.13185230349089683,0.0012780778318186256,0.0012780778318186256,,0,0.030167031314831474,0.02577639608582678,0.020500735065618916
261,261,1,Condition_Biased,Biased_Divergent,Divergent,Divergent,0.8711040537170983,0.0014076544752512285,0.0014076544752512285,,0,0.15919365810130726,0.0035082071213520063,0.018424744348204326
262,262,1,Condition_Biased,Biased_Divergent,Divergent,Divergent,0.8918308318015458,0.0012151830297300367,0.0012151830297300367,,0,0.20152727617219152,0.004780364642192048,0.018265076277274934
263,263,1,Condition_Biased,Biased_Divergent,Divergent,Divergent,0.8821557676918341,0.0012281568076322814,0.0012281568076322814,,0,0.1429335137018589,0.0028771534262562706,0.015021354743530826
264,264,1,Condition_Biased,Biased_Convergent,Convergent,Convergent,0.4431698951562666,0.001406603069669968,0.001406603069669968,,0,0.018988097787915187,0.036088605090017205,0.008860628578871016
265,265,1,Condition_Biased,Biased_Convergent,Convergent,Divergent,0.13847996607190766,0.001613740112321962,0.001613740112321962,0.0,1,0.038626476666227046,0.028955837693991283,0.029503660021527184
266,266,1,Condition_Biased,Biased_Convergent,Convergent,Convergent,0.4377562745252039,0.0013044616014799137,0.0013044616014799137,,0,0.01839727622077421,0.041138389556292905,0.01377758096962694
267,267,1,Condition_Biased,Biased_Random,Random,Random,0.22998517055405468,0.00112037328353721,0.00112037328353721,,0,0.01833127989383882,0.03693715310846156,0.04414158688473796
268,268,1,Condition_Biased,Biased_Divergent,Divergent,Divergent,0.5675271433025731,0.0013075543523115777,0.0013075543523115777,,0,0.06644187200385233,0.016602922172410883,0.020059034607136653
269,269,1,Condition_Biased,Biased_Divergent,Divergent,Divergent,0.26854605545850724,0.0012735683947773637,0.0012735683947773637,,0,0.03652578232802236,0.020011398758826373,0.022110725930404095
270,270,1,Condition_Biased,Biased_Convergent,Convergent,Convergent,0.24428043588097986,0.001247151752383341,0.001247151752383341,,0,0.020719013655933823,0.03545233082265882,0.022345265462284998
271,271,2,Shared_Core,Shared_Core,Shared_Core,Divergent,0.0990254553660492,0.0013874566233487587,0.0013874566233487587,,0,0.011822505140247843,0.009762185957958127,0.009621853116042321
272,272,1,Condition_Biased,Biased_Divergent,Divergent,Divergent,0.25659316506537305,0.0013359179476815602,0.0013359179476815602,,0,0.05375830478077072,0.03601053557549304,0.027596831262584717
273,273,3,Shared_Core,Shared_Core,Shared_Core,Divergent,0.1652645178982801,0.0014350588531660492,0.0014350588531660492,,0,0.13566373599838819,0.13404741832082384,0.060317607529993565
274,274,3,Shared_Core,Shared_Core,Shared_Core,Convergent,0.21097994594817757,0.001485067993370741,0.001485067993370741,,1,0.1999549501242093,0.2255359523608322,0.09394321048129646
275,275,3,Shared_Core,Shared_Core,Shared_Core,Convergent,0.19660519839848928,0.0013863499338038433,0.0013863499338038433,,0,0.11878213295023199,0.1296173260160531,0.05526672804077703
276,276,1,Condition_Biased,Biased_Random,Random,Random,0.28713860735109703,0.0014503413168381438,0.0014503413168381438,,0,0.020880957698418832,0.023301187592248123,0.03988751919112272
277,277,2,Shared_Core,Shared_Core,Shared_Core,Convergent,0.20651289983305224,0.0015549020030828167,0.0015549020030828167,-0.007936507936507908,1,0.08634486280902913,0.10575024408903735,0.05275262141275027
278,278,1,Condition_Biased,Biased_Random,Random,Random,0.6455711088544811,0.0014386386811607013,0.0014386386811607013,,0,0.00621058113505075,0.018556005539296316,0.05749415540845976
279,279,2,Shared_Core,Shared_Core,Shared_Core,Convergent,0.3005413108654053,0.0014682616694534642,0.0014682616694534642,,0,0.08974164823231137,0.12889342925004793,0.04890158948385053
280,280,2,Shared_Core,Shared_Core,Shared_Core,Convergent,0.326008693269881,0.0016328087424372004,0.0016328087424372004,-0.007936507936507908,1,0.10274209182540821,0.15904379365911261,0.058937292117329815
281,281,2,Shared_Core,Shared_Core,Shared_Core,Random,0.1351256815842979,0.0016558996413250562,0.0016558996413250562,0.007936507936507908,1,0.09349655904213097,0.061739184506978205,0.10187149476555604
282,282,1,Condition_Biased,Biased_Random,Random,Random,0.7922710465424851,0.001511737967131534,0.001511737967131534,,1,0.008450286746515658,0.015298877063899012,0.10245307158708336
283,283,2,Shared_Core,Shared_Core,Shared_Core,Divergent,0.2765845949058486,0.0014774800648341302,0.0014774800648341302,,0,0.05776296511441929,0.03370037552089109,0.031765899059200096
284,284,2,Shared_Core,Shared_Core,Shared_Core,Divergent,0.179595459280443,0.0014487064274625277,0.0014487064274625277,,0,0.04927468942976537,0.033680069257576044,0.0348606811030694
285,285,2,Shared_Core,Shared_Core,Shared_Core,Random,0.08525214785468041,0.001488406450302147,0.001488406450302147,,1,0.03798918962792911,0.029488620522557296,0.04002766348495488
286,286,2,Shared_Core,Shared_Core,Shared_Core,Convergent,0.2969397310704727,0.0016056059737118988,0.0016056059737118988,0.0,1,0.1299014877481961,0.1879017448913284,0.07381846643393002
287,287,2,Shared_Core,Shared_Core,Shared_Core,Random,0.2264678912841419,0.0014560226696583617,0.0014560226696583617,,0,0.06941684979347536,0.04723175901549253,0.09247565269470215
288,288,2,Shared_Core,Shared_Core,Shared_Core,Convergent,0.29339167971608304,0.001599075466169251,0.001599075466169251,-0.007936507936507908,1,0.12654364311400754,0.1769935867329787,0.06684733501502446
289,289,2,Shared_Core,Shared_Core,Shared_Core,Random,0.10186581762947261,0.001569722286144701,0.001569722286144701,0.007936507936507908,1,0.0674272548031721,0.051053560279004755,0.07267842753716404
290,290,2,Shared_Core,Shared_Core,Shared_Core,Divergent,0.29118778370548704,0.0015201738756722104,0.0015201738756722104,,1,0.08216291356356546,0.06470285511809831,0.025505676274261778
291,291,3,Shared_Core,Shared_Core,Shared_Core,Divergent,0.2768750139304225,0.0015468729623278614,0.0015468729623278614,,1,0.07440514790484444,0.062197941861916003,0.022076902511928762
292,292,2,Shared_Core,Shared_Core,Shared_Core,Divergent,0.2775271937986791,0.0015274553292032584,0.0015274553292032584,,1,0.059835592188983544,0.05097572183051304,0.01670125351538734
293,293,1,Condition_Biased,Biased_Convergent,Convergent,Convergent,0.26420094250184495,0.0015049343677936181,0.0015049343677936181,,1,0.12138278998526526,0.15617824934030833,0.06041711982753542
294,294,1,Condition_Biased,Biased_Random,Random,Random,0.727793125607738,0.0014777001018771417,0.0014777001018771417,,0,0.009514243376475794,0.022734089553007604,0.10234577667027239
295,295,1,Condition_Biased,Biased_Random,Random,Random,0.25119922790129,0.001246725587336135,0.001246725587336135,,0,0.04363681553813165,0.06117962343258816,0.08757085489138725
296,296,1,Condition_Biased,Biased_Convergent,Convergent,Convergent,0.16392513193678437,0.0013535204474032954,0.0013535204474032954,,0,0.07863377252356014,0.08480899397567002,0.04320682787765113
297,297,1,Condition_Biased,Biased_Random,Random,Random,0.16657916260396896,0.0012822320167185485,0.0012822320167185485,,0,0.030851533333675116,0.043435248576257135,0.05199138775083517
298,298,1,Condition_Biased,Biased_Random,Random,Random,0.45256634372645205,0.0012935154199326016,0.0012935154199326016,,0,0.030511517070019197,0.045170297808073766,0.1004074702615894
299,299,1,Condition_Biased,Biased_Random,Random,Random,0.5541925670296726,0.0012320156616332624,0.0012320156616332624,,0,0.04479199948571162,0.04948612464161601,0.16433817486736982
300,300,1,Condition_Biased,Biased_Divergent,Divergent,Divergent,0.6359555743102061,0.0014090931390251962,0.0014090931390251962,,0,0.06727457967100074,0.018360154817632417,0.011580677444322241
301,301,1,Condition_Biased,Biased_Divergent,Divergent,Divergent,0.604248643258531,0.0014755934092214168,0.0014755934092214168,,0,0.0770146628772771,0.024512443016147054,0.01348498020143736
302,302,1,Condition_Biased,Biased_Divergent,Divergent,Divergent,0.6240213436502244,0.0014792918327927967,0.0014792918327927967,,0,0.0813715173230495,0.02704953387031081,0.01062725389760638
303,303,1,Condition_Biased,Biased_Convergent,Convergent,Convergent,0.4045232933734282,0.0012920576314533968,0.0012920576314533968,,0,0.03133646258509454,0.059861881642095875,0.01942290367174243
304,304,1,Condition_Biased,Biased_Divergent,Divergent,Divergent,0.2808165995735534,0.0014983479732019436,0.0014983479732019436,,1,0.021479717137698282,0.0132754049781296,0.010846481037636599
305,305,1,Condition_Biased,Biased_Divergent,Divergent,Divergent,0.2508460293533303,0.0013597832660576046,0.0013597832660576046,,0,0.03316335239037565,0.018842024096881436,0.020882220997933357
306,306,2,Shared_Core,Shared_Core,Shared_Core,Divergent,0.2239442896334476,0.0013590396569295778,0.0013590396569295778,,0,0.03739480419781963,0.02619498094532922,0.021226215560639663
307,307,1,Condition_Biased,Biased_Divergent,Divergent,Divergent,0.6339104462824757,0.0012973751364671077,0.0012973751364671077,,0,0.13259990281835504,0.04262813950796225,0.016791811390292077
308,308,1,Condition_Biased,Biased_Divergent,Divergent,Divergent,0.6296415097097051,0.0012821552575912,0.0012821552575912,,0,0.10312818875344693,0.029139608362613367,0.0177349957327048
309,309,1,Condition_Biased,Biased_Divergent,Divergent,Divergent,0.5163919264514022,0.0013942198103331276,0.0013942198103331276,,0,0.017218045473056595,0.006462728407925638,0.004519637899532441
310,310,1,Condition_Biased,Biased_Divergent,Divergent,Divergent,0.6402666297757714,0.0012656642225740051,0.0012656642225740051,,0,0.14560582645145465,0.044376713795620096,0.019490067034013688
311,311,1,Condition_Biased,Biased_Divergent,Divergent,Divergent,0.34936803622446233,0.0012445855739065864,0.0012445855739065864,,0,0.07474615992096717,0.052747031858964274,0.01933447519938151
312,312,1,Condition_Biased,Biased_Divergent,Divergent,Divergent,0.6856351753748325,0.0010318168210642655,0.0010318168210642655,,0,0.14069541669431537,0.04208201204824169,0.010396354136958955
313,313,1,Condition_Biased,Biased_Convergent,Convergent,Convergent,0.1317572618661244,0.001191006179858083,0.001191006179858083,,0,0.023590919230163956,0.03163454267169125,0.024946806789745413
314,314,3,Shared_Core,Shared_Core,Shared_Core,Convergent,0.18348823836637532,0.0014430627261157898,0.0014430627261157898,,0,0.061778835515365185,0.06646958514176614,0.029938506997293897
315,315,2,Shared_Core,Shared_Core,Shared_Core,Convergent,0.29225641040363065,0.001522351109430661,0.001522351109430661,,1,0.048046644478116504,0.05631627992873913,0.01364000809068481
316,316,2,Shared_Core,Shared_Core,Shared_Core,Divergent,0.23374411922678406,0.001540310371104288,0.001540310371104288,,1,0.05629352593618165,0.05355671556307036,0.016369040719129972
317,317,1,Condition_Biased,Biased_Random,Random,Random,0.46364012135271393,0.0014542889814058912,0.0014542889814058912,,0,0.05454925404777252,0.08611662688049657,0.19192731897864077
318,318,1,Condition_Biased,Biased_Convergent,Convergent,Convergent,0.22882621641958184,0.0015438110423132117,0.0015438110423132117,,1,0.04102595606550513,0.045085744221547715,0.015562914666675386
319,319,2,Shared_Core,Shared_Core,Shared_Core,Divergent,0.19868112161680213,0.0014536464396985658,0.0014536464396985658,,0,0.03598466546776793,0.03291818977752973,0.015193340889666052
320,320,1,Condition_Biased,Biased_Divergent,Divergent,Divergent,0.6041502501774114,0.0014359929112105756,0.0014359929112105756,,0,0.10023058520308063,0.03654582183454077,0.012921180489236518
321,321,1,Condition_Biased,Biased_Divergent,Divergent,Divergent,0.6164468283422995,0.0013785112791033897,0.0013785112791033897,,0,0.10399684859937969,0.03850034628695215,0.010852741513637796
322,322,1,Condition_Biased,Biased_Convergent,Convergent,Divergent,0.1541364474184417,0.0014486092275617223,0.0014486092275617223,,0,0.044952053461729743,0.043118569409006345,0.02277191298910313
323,323,2,Shared_Core,Shared_Core,Shared_Core,Divergent,0.21836960149549892,0.0014639138125137215,0.0014639138125137215,,0,0.039175176770721444,0.03293956023210671,0.017325168948561426
324,324,1,Condition_Biased,Biased_Convergent,Convergent,Convergent,0.23173815917026702,0.0014156629128814634,0.0014156629128814634,,0,0.03650807970636544,0.04065904529133474,0.014211779460310936
325,325,1,Condition_Biased,Biased_Convergent,Convergent,Convergent,0.19887636189580685,0.0014983730237276484,0.0014983730237276484,,1,0.03652104869898823,0.0409070958345257,0.018149545334929986
326,326,3,Shared_Core,Shared_Core,Shared_Core,Divergent,0.12299251403641363,0.001475671148234555,0.001475671148234555,,0,0.04000157665618439,0.039865709476347204,0.02261321489617879
327,327,1,Condition_Biased,Biased_Convergent,Convergent,Convergent,0.16719715772008142,0.001397918998046424,0.001397918998046424,,0,0.0423765623531929,0.044617792253780084,0.021293613605112546
328,328,1,Condition_Biased,Biased_Divergent,Divergent,Divergent,0.4219348638026424,0.0013665741170037246,0.0013665741170037246,,0,0.0480125825008983,0.02284586801035711,0.016191644534941704
329,329,1,Condition_Biased,Biased_Random,Random,Random,0.27538344735795767,0.001247923358430963,0.001247923358430963,,0,0.017020917052993315,0.018445931119049155,0.03121225351822518
330,330,1,Condition_Biased,Biased_Divergent,Divergent,Divergent,0.35364757708250844,0.0011847935267918469,0.0011847935267918469,,0,0.05842135173226458,0.031245508323810255,0.024545648667429174
331,331,1,Condition_Biased,Biased_Convergent,Convergent,Random,0.44707660322921994,0.0013611100150236952,0.0013611100150236952,,0,0.01709768761748471,0.02051248590118791,0.04921549934494708
332,332,1,Condition_Biased,Biased_Random,Random,Divergent,0.2522395583714589,0.0014014230287897847,0.0014014230287897847,,0,0.05186027045162402,0.029291996081517627,0.03264353131239731
333,333,2,Shared_Core,Shared_Core,Shared_Core,Divergent,0.16276424153462937,0.0013776660595368141,0.0013776660595368141,,0,0.06394177031369856,0.04142119457716482,0.050659959372650415
334,334,2,Shared_Core,Shared_Core,Shared_Core,Divergent,0.09665409063113503,0.0012494679183480603,0.0012494679183480603,,0,0.022945263526505895,0.01885404827737669,0.018947315202759846
335,335,3,Shared_Core,Shared_Core,Shared_Core,Divergent,0.1918341183708506,0.001370937491476239,0.001370937491476239,,0,0.06176910578530021,0.048590767387932506,0.03517874896467205
336,336,1,Condition_Biased,Biased_Divergent,Divergent,Divergent,0.19506706194742446,0.0013265819314184177,0.0013265819314184177,,0,0.03817908806197437,0.03643650954251575,0.014994253640964864
337,337,1,Condition_Biased,Biased_Random,Random,Random,0.022913125927130535,0.0012337525362569133,0.0012337525362569133,,0,0.034049781459027234,0.036656972742503326,0.037011482235458165
338,338,2,Shared_Core,Shared_Core,Shared_Core,Convergent,0.27404998176721673,0.0014527761594502816,0.0014527761594502816,,0,0.07201290957116112,0.07731126811170178,0.01609056721264053
339,339,1,Condition_Biased,Biased_Random,Random,Convergent,0.1555012335363794,0.001290918875142538,0.001290918875142538,,0,0.02668013526969915,0.03129689394814992,0.01906657198791407
340,340,1,Condition_Biased,Biased_Random,Random,Divergent,0.07314817864391196,0.0012833542426096542,0.0012833542426096542,,0,0.03052579327927205,0.030522824643582802,0.022205936700283063
341,341,1,Condition_Biased,Biased_Random,Random,Convergent,0.22026243424702205,0.0012768540792224342,0.0012768540792224342,,0,0.030846625566482544,0.0386374829042899,0.018531436104297874
342,342,2,Shared_Core,Shared_Core,Shared_Core,Divergent,0.2674178761767644,0.0014544267887761752,0.0014544267887761752,,0,0.03576701902305332,0.027171709136329374,0.014175788403326084
343,343,3,Shared_Core,Shared_Core,Shared_Core,Random,0.1398343365218607,0.0012294330455260819,0.0012294330455260819,,0,0.05603739421109481,0.050125379973140205,0.07033992428073867
344,344,1,Condition_Biased,Biased_Random,Random,Random,0.1978347875208368,0.001347591982064592,0.001347591982064592,,0,0.03852808254353181,0.031344328116835234,0.05216855759591988
345,345,1,Condition_Biased,Biased_Random,Random,Random,0.12070547115077665,0.0012897539809630734,0.0012897539809630734,,0,0.049917589464903246,0.04842560756298011,0.06267169608350193
346,346,3,Shared_Core,Shared_Core,Shared_Core,Convergent,0.2397455118302567,0.0012324142051657904,0.0012324142051657904,,0,0.047052000296673904,0.06235925101114121,0.029429664702287743
347,347,1,Condition_Biased,Biased_Convergent,Convergent,Convergent,0.5029789392082231,0.0014659654588325681,0.0014659654588325681,,0,0.04093216399474399,0.07170524591939491,0.006492342711204574
348,348,1,Condition_Biased,Biased_Convergent,Convergent,Divergent,0.16288133861250664,0.0013253530738919423,0.0013253530738919423,,0,0.038417138446720296,0.03135423511212245,0.023956143415518223
349,349,1,Condition_Biased,Biased_Random,Random,Random,0.13700028044698143,0.0013357323146391072,0.0013357323146391072,,0,0.0594249087282353,0.061554049256077985,0.07969475889741073
350,350,1,Condition_Biased,Biased_Convergent,Convergent,Convergent,0.5082879802535811,0.0014510535705393962,0.0014510535705393962,,0,0.04697793987368851,0.07570969426666783,0.0023857985756226946
351,351,1,Condition_Biased,Biased_Convergent,Convergent,Convergent,0.5459629310651093,0.0012799031268421947,0.0012799031268421947,,0,0.041886803667241165,0.0780369914763155,0.0039508890301462206
352,352,1,Condition_Biased,Biased_Random,Random,Divergent,0.20369966924201174,0.0015857158147978988,0.0015857158147978988,0.0,1,0.04948342569582471,0.04873256483224182,0.016738364927559382
353,353,1,Condition_Biased,Biased_Convergent,Convergent,Divergent,0.27761814316363986,0.0012665248236066722,0.0012665248236066722,,0,0.032001999837304215,0.020749179350909346,0.015439511594613866
354,354,1,Condition_Biased,Biased_Convergent,Convergent,Convergent,0.44327228317681083,0.0014051098944970945,0.0014051098944970945,,0,0.04840144778720636,0.07587851522958766,0.010137295084340232
355,355,3,Shared_Core,Shared_Core,Shared_Core,Divergent,0.16988190993980334,0.0015793819092400983,0.0015793819092400983,0.007936507936507908,1,0.04365794276512025,0.037376957486672274,0.0245801473391198
356,356,1,Condition_Biased,Biased_Convergent,Convergent,Convergent,0.4616409799795051,0.001465922538445931,0.001465922538445931,,0,0.03597523906716594,0.057969005985392466,0.0067276376048250805
357,357,3,Shared_Core,Shared_Core,Shared_Core,Divergent,0.13599118265092627,0.001547841403470762,0.001547841403470762,,1,0.047033998279721156,0.04288300538261296,0.028662953510998734
358,358,3,Shared_Core,Shared_Core,Shared_Core,Divergent,0.09672641803152499,0.0015549814970967956,0.0015549814970967956,0.0,1,0.046399773121524004,0.045688335258208694,0.03074219213828208
359,359,3,Shared_Core,Shared_Core,Shared_Core,Divergent,0.09023781822006072,0.0015246460878439933,0.0015246460878439933,,1,0.042629437134007124,0.04124741714273454,0.029897885445121026
360,360,1,Condition_Biased,Biased_Random,Random,Divergent,0.1762291882498424,0.0016407107746727369,0.0016407107746727369,0.0,1,0.04482224261878756,0.0397603900133692,0.023022026126642548
361,361,3,Shared_Core,Shared_Core,Shared_Core,Divergent,0.1181239573110151,0.0015162453956043351,0.0015162453956043351,,1,0.0335742030271191,0.03174053418330238,0.02122011496168044
362,362,3,Shared_Core,Shared_Core,Shared_Core,Divergent,0.13673959175366232,0.0014945874319258845,0.0014945874319258845,,1,0.028749058980287776,0.02596983057582936,0.01769527015950723
363,363,3,Shared_Core,Shared_Core,Shared_Core,Divergent,0.19176596437469437,0.001433432516716466,0.001433432516716466,,0,0.022441672063969197,0.020482425180356405,0.009956643765141803
364,364,1,Condition_Biased,Biased_Random,Random,Convergent,0.03610661324919347,0.0012890319714945898,0.0012890319714945898,,0,0.03299824010634435,0.035056150894154585,0.03222746462265532
365,365,1,Condition_Biased,Biased_Random,Random,Divergent,0.24743549259830105,0.001692233297236356,0.001692233297236356,0.015873015873015817,1,0.07519401061260467,0.04773464929979643,0.04299283743880335
366,366,2,Shared_Core,Shared_Core,Shared_Core,Divergent,0.24417372480679686,0.0016401762011757593,0.0016401762011757593,0.015873015873015817,1,0.06500260922157133,0.0378883673961966,0.04108883494452115
367,367,3,Shared_Core,Shared_Core,Shared_Core,Divergent,0.21118334074383355,0.0015494259006215596,0.0015494259006215596,,1,0.06392959436332737,0.03764013546295682,0.04563169854707898
368,368,2,Shared_Core,Shared_Core,Shared_Core,Divergent,0.16241793628345952,0.0012713641852329532,0.0012713641852329532,,0,0.03369223421876445,0.024173634224816373,0.024380349995760574
369,369,1,Condition_Biased,Biased_Random,Random,Convergent,0.1543032166463377,0.001411635534846963,0.001411635534846963,,0,0.014707127361799832,0.028432705616632924,0.026955145315104533
370,370,1,Condition_Biased,Biased_Random,Random,Divergent,0.13877767355733245,0.0017050814489420127,0.0017050814489420127,0.015873015873015817,1,0.06908476336786347,0.052619175037793946,0.05187416376013841
371,371,1,Condition_Biased,Biased_Random,Random,Convergent,0.1561714063183751,0.0014490707268525033,0.0014490707268525033,,0,0.011491785522496687,0.023649239370719208,0.023028882071634546
372,372,3,Shared_Core,Shared_Core,Shared_Core,Divergent,0.2440889905932825,0.0012807307111876185,0.0012807307111876185,,0,0.13056893974787903,0.08051242376541534,0.07815548470095983
373,373,2,Shared_Core,Shared_Core,Shared_Core,Divergent,0.3024817160653627,0.0013629937939294023,0.0013629937939294023,,0,0.15602760331191642,0.08522686994040919,0.08188811488567836
374,374,1,Condition_Biased,Biased_Convergent,Convergent,Convergent,0.10698589006323664,0.001315438494835929,0.001315438494835929,,0,0.05086500778480015,0.05719329153149449,0.04141153664039891
375,375,3,Shared_Core,Shared_Core,Shared_Core,Divergent,0.1338216369891999,0.0015703535649639307,0.0015703535649639307,0.015873015873015817,1,0.10758247825895807,0.06732579396917807,0.09704858709185843
376,376,3,Shared_Core,Shared_Core,Shared_Core,Divergent,0.10504909690836793,0.0015504630210280504,0.0015504630210280504,,1,0.12234694450909708,0.08288531950865573,0.11528598126910981
377,377,3,Shared_Core,Shared_Core,Shared_Core,Divergent,0.062007248143974056,0.001547860177380902,0.001547860177380902,,1,0.11143302607806131,0.085781536081381,0.11105962665308089
378,378,3,Shared_Core,Shared_Core,Shared_Core,Divergent,0.16700243536641635,0.001477039569454644,0.001477039569454644,,0,0.06909033853116105,0.04391381512695586,0.05471851329304396
379,379,1,Condition_Biased,Biased_Random,Random,Random,0.11033375537268025,0.0011652474502837043,0.0011652474502837043,,0,0.0296574245348818,0.04738973983841246,0.04807874181821558
380,380,3,Shared_Core,Shared_Core,Shared_Core,Divergent,0.11553277813301287,0.0015209463899198822,0.0015209463899198822,,1,0.059149116473157466,0.04462183213504086,0.049172730872496254
381,381,2,Shared_Core,Shared_Core,Shared_Core,Random,0.3627510772110563,0.0014104404058132144,0.0014104404058132144,,0,0.05256190975752387,0.03794328355344764,0.09677227004061616
382,382,1,Condition_Biased,Biased_Random,Random,Random,0.32457710698298786,0.0015611639331311064,0.0015611639331311064,,1,0.025301852629523832,0.020158000127003903,0.04457583602163054
383,383,1,Condition_Biased,Biased_Random,Random,Random,0.08061619127061338,0.001272735310504079,0.001272735310504079,,0,0.025568789610861505,0.025240856751102454,0.029860068238266403
384,384,1,Condition_Biased,Biased_Random,Random,Random,0.27956250644600095,0.0014966561121276306,0.0014966561121276306,,1,0.05698735027769466,0.03719972899695586,0.08364240916830207
385,385,1,Condition_Biased,Biased_Convergent,Convergent,Convergent,0.2562080903526375,0.001371279611323056,0.001371279611323056,,0,0.04184300466268151,0.058134505307378126,0.026999052717453904
386,386,2,Shared_Core,Shared_Core,Shared_Core,Divergent,0.17275650181112567,0.0012558246374002402,0.0012558246374002402,,0,0.03600145735559456,0.029081160714577513,0.021708532587610303
387,387,1,Condition_Biased,Biased_Convergent,Convergent,Convergent,0.3213871739649609,0.001602841958987999,0.001602841958987999,0.023809523809523725,1,0.027826807296877046,0.031480638789590336,0.004507644974168331
388,388,2,Shared_Core,Shared_Core,Shared_Core,Convergent,0.15622221446034004,0.0014001890476741405,0.0014001890476741405,,0,0.06192233500074702,0.10363377255458407,0.08933557030404844
389,389,1,Condition_Biased,Biased_Convergent,Convergent,Convergent,0.17223468753695342,0.0014572249774008439,0.0014572249774008439,,0,0.054438354443651416,0.09529376117109556,0.08014368928880208
390,390,2,Shared_Core,Shared_Core,Shared_Core,Random,0.15818417778900892,0.0014168326812589763,0.0014168326812589763,,0,0.0272375214145492,0.05009692854776281,0.053199009796131465
391,391,1,Condition_Biased,Biased_Convergent,Convergent,Convergent,0.28636014024042034,0.001299263009717346,0.001299263009717346,,0,0.06393901666496025,0.19043739784879293,0.14736062430200123
392,392,1,Condition_Biased,Biased_Convergent,Convergent,Convergent,0.36926234530454594,0.0012272853230774784,0.0012272853230774784,,0,0.02796196764135741,0.10657221719701583,0.07022098548034028
393,393,1,Condition_Biased,Biased_Random,Random,Random,0.3948503767958308,0.001095127647057382,0.001095127647057382,,0,0.012561464599820445,0.01748760140702477,0.03463106431503085
394,394,2,Shared_Core,Shared_Core,Shared_Core,Random,0.1921324989612627,0.0011410549641340097,0.0011410549641340097,,0,0.032919989986950726,0.036837927526685445,0.051469257286202816
395,395,1,Condition_Biased,Biased_Random,Random,Random,0.25611681202854586,0.0011717894093108458,0.0011717894093108458,,0,0.026114308647044893,0.029947103295279175,0.0473324865960176
396,396,2,Shared_Core,Shared_Core,Shared_Core,Random,0.31313275193227924,0.0016622313467895508,0.0016622313467895508,0.0,1,0.08588240616437462,0.08711994822649013,0.1653704251816851
397,397,2,Shared_Core,Shared_Core,Shared_Core,Random,0.28760311450670356,0.0013909597625063606,0.0013909597625063606,,0,0.06351232237408681,0.07070421299363394,0.12129308288503024
398,398,1,Condition_Biased,Biased_Convergent,Convergent,Divergent,0.13239993924621687,0.0015354085013826644,0.0015354085013826644,,1,0.04175254194316964,0.0395859692610626,0.024392324398153475
399,399,2,Shared_Core,Shared_Core,Shared_Core,Divergent,0.46479544386819904,0.0013040539592602454,0.0013040539592602454,,0,0.18646878300334324,0.07148493598732683,0.06477838003682712
400,400,1,Condition_Biased,Biased_Divergent,Divergent,Divergent,0.5222880734505039,0.001317238304243412,0.001317238304243412,,0,0.3055038288113021,0.10744997649862055,0.08429142274701643
401,401,1,Condition_Biased,Biased_Convergent,Convergent,Convergent,0.2642053664620581,0.0014241055841396702,0.0014241055841396702,,0,0.0552113409242267,0.0768129797706827,0.034202261960932186
402,402,2,Shared_Core,Shared_Core,Shared_Core,Divergent,0.515317222352451,0.001313667100080166,0.001313667100080166,,0,0.2160847353779638,0.07322766466273202,0.06500418303859612
403,403,1,Condition_Biased,Biased_Random,Random,Divergent,0.13692080832819026,0.0013303215495047037,0.0013303215495047037,,0,0.03821214066948665,0.030992430803632877,0.027024105157969252
404,404,1,Condition_Biased,Biased_Divergent,Divergent,Divergent,0.3406627525480044,0.0012605751785292115,0.0012605751785292115,,0,0.0741174717245953,0.04395932871412638,0.028942539711438474
405,405,1,Condition_Biased,Biased_Random,Random,Random,0.5156768793043988,0.001316990645937082,0.001316990645937082,,0,0.019751485904732358,0.03208760063474377,0.08111455096375375
406,406,1,Condition_Biased,Biased_Divergent,Divergent,Divergent,0.5564854913447603,0.001320666667468939,0.001320666667468939,,0,0.0973154607726215,0.023080007124103998,0.032379319684373006
407,407,2,Shared_Core,Shared_Core,Shared_Core,Convergent,0.056243109945093975,0.001469831661691986,0.001469831661691986,,0,0.05550520897770124,0.06980577692912336,0.0692381996602293
408,408,2,Shared_Core,Shared_Core,Shared_Core,Random,0.08058227957112958,0.0013836079892032805,0.0013836079892032805,,0,0.05840876962177057,0.07351821580389786,0.07752622093354898
409,409,1,Condition_Biased,Biased_Divergent,Divergent,Divergent,0.10853999904264805,0.0012182194924217648,0.0012182194924217648,,0,0.07198134828320563,0.050431192427742896,0.06533998924322308
410,410,1,Condition_Biased,Biased_Divergent,Divergent,Divergent,0.11892185658481774,0.001156519625721304,0.001156519625721304,,0,0.06778154741908489,0.043523825127740355,0.06322328970649295
411,411,1,Condition_Biased,Biased_Divergent,Divergent,Divergent,0.41246837241210454,0.0012637455642857806,0.0012637455642857806,,0,0.14028125868749963,0.09540866825141404,0.021294371400486737
412,412,1,Condition_Biased,Biased_Divergent,Divergent,Divergent,0.14070084824847937,0.0012158730915026682,0.0012158730915026682,,0,0.06730112255984005,0.048786177221285344,0.05261077994983348
413,413,1,Condition_Biased,Biased_Divergent,Divergent,Divergent,0.4317400687836622,0.001162927426349116,0.001162927426349116,,0,0.05682585995218912,0.02371403484262134,0.02139451519571363
414,414,1,Condition_Biased,Biased_Divergent,Divergent,Divergent,0.40556692581287224,0.0012227723029778334,0.0012227723029778334,,0,0.08596523095366886,0.04245538131622543,0.030256313260733372
415,415,1,Condition_Biased,Biased_Divergent,Divergent,Divergent,0.39706661452414016,0.0012453735367340558,0.0012453735367340558,,0,0.12348026816192785,0.07022157744558975,0.03635941926271669
416,416,1,Condition_Biased,Biased_Convergent,Convergent,Convergent,0.1792709126193647,0.0012227472589214762,0.0012227472589214762,,0,0.021705928941759368,0.035494826946472914,0.027700253496212617
417,417,1,Condition_Biased,Biased_Random,Random,Random,0.39272319356267477,0.0013078604770938938,0.0013078604770938938,,0,0.011581978569029535,0.015641365979106453,0.031216887387609672
418,418,1,Condition_Biased,Biased_Random,Random,Random,0.323265689612414,0.0012000754226563974,0.0012000754226563974,,0,0.029798396910950847,0.028498113743568722,0.05699561200740318
419,419,3,Shared_Core,Shared_Core,Shared_Core,Divergent,0.06749731490351636,0.0012855759420588053,0.0012855759420588053,,0,0.044027010896798884,0.03327219481770581,0.04364660451750434
420,420,1,Condition_Biased,Biased_Convergent,Convergent,Convergent,0.3853260291405077,0.0011943492756936122,0.0011943492756936122,,0,0.020828685857386255,0.05243310647096202,0.025700817062031655
421,421,3,Shared_Core,Shared_Core,Shared_Core,Random,0.3641980305783167,0.0012651821879866444,0.0012651821879866444,,0,0.058390844366589846,0.11053568309946367,0.18122721158914148
422,422,3,Shared_Core,Shared_Core,Shared_Core,Random,0.322972425419035,0.0012791050249615196,0.0012791050249615196,,0,0.05726769981606875,0.09740218642706934,0.15111939470830654
423,423,1,Condition_Biased,Biased_Convergent,Convergent,Convergent,0.34975115343359414,0.0012068744182504006,0.0012068744182504006,,0,0.02372824343940849,0.05509016370368108,0.029351637713492862
424,424,3,Shared_Core,Shared_Core,Shared_Core,Random,0.31832531062536285,0.0012508008517428029,0.0012508008517428029,,0,0.058566794734555505,0.1025332115503431,0.1557797429905761
425,425,2,Shared_Core,Shared_Core,Shared_Core,Random,0.23157609598995407,0.0013389793306244524,0.0013389793306244524,,0,0.023024452323239648,0.023222341801295853,0.03706056374819979
426,426,1,Condition_Biased,Biased_Convergent,Convergent,Convergent,0.37420246646682775,0.0012644969669940382,0.0012644969669940382,,0,0.0229785725591252,0.05188158570042654,0.024274098221212626
427,427,1,Condition_Biased,Biased_Random,Random,Random,0.47586909806609695,0.0014685537213859339,0.0014685537213859339,,0,0.04593915700598202,0.048905613848514724,0.13353388046934492
428,428,1,Condition_Biased,Biased_Random,Random,Random,0.3190068847656907,0.0011927586575562373,0.0011927586575562373,,0,0.03747379663304537,0.034464583410854226,0.06966826568047206
429,429,1,Condition_Biased,Biased_Random,Random,Random,0.4928855385961438,0.0015064411056571417,0.0015064411056571417,,1,0.03427122114034592,0.047005434112067805,0.11963447356330496
430,430,1,Condition_Biased,Biased_Random,Random,Random,0.49065342513097965,0.0015943297701725187,0.0015943297701725187,0.0,1,0.028172293137529014,0.032215720336688194,0.08836576465280756
431,431,1,Condition_Biased,Biased_Random,Random,Random,0.21557093139928865,0.0013645775451232428,0.0013645775451232428,,0,0.042354898094180436,0.019672722964171777,0.04805977756364478
432,432,1,Condition_Biased,Biased_Random,Random,Random,0.27795115926381175,0.0014367323211040496,0.0014367323211040496,,0,0.047962842110559775,0.02391152091498612,0.06360506406793046
433,433,1,Condition_Biased,Biased_Divergent,Divergent,Divergent,0.21222195766751029,0.0014224351848201304,0.0014224351848201304,,0,0.05031501378772067,0.02453659362927602,0.040859125051943085
434,434,1,Condition_Biased,Biased_Random,Random,Random,0.2521869644108567,0.0014404393342199227,0.0014404393342199227,,0,0.013633192742986935,0.03494013455963274,0.04066717506401123
435,435,1,Condition_Biased,Biased_Random,Random,Random,0.11248326690462598,0.0013470883758517984,0.0013470883758517984,,0,0.02379367199684244,0.03264485937352592,0.03537224675159133
436,436,1,Condition_Biased,Biased_Random,Random,Divergent,0.10695045331744253,0.0015476864186217791,0.0015476864186217791,,1,0.0397498819137705,0.030323109624918267,0.03381456504206336
437,437,1,Condition_Biased,Biased_Random,Random,Random,0.2528138181934242,0.001419954510876537,0.001419954510876537,,0,0.06509256167643906,0.07136579130215255,0.11440047633553309
438,438,1,Condition_Biased,Biased_Convergent,Convergent,Convergent,0.012421105764643345,0.0014519588557034594,0.0014519588557034594,,0,0.027573897445827354,0.02829985605955821,0.02763700322617614
439,439,1,Condition_Biased,Biased_Random,Random,Random,0.24836992141381192,0.0015751729477078184,0.0015751729477078184,0.031746031746031744,1,0.08436468221848915,0.09828111092690706,0.15167668307318338
440,440,1,Condition_Biased,Biased_Random,Random,Divergent,0.15619864640889894,0.001213777485049135,0.001213777485049135,,0,0.07442023333759955,0.0540782191752516,0.05454652938282206
441,441,1,Condition_Biased,Biased_Random,Random,Divergent,0.18621981667951884,0.0013127944234311518,0.0013127944234311518,,0,0.07126924452667006,0.04584318228414533,0.05194223330297049
442,442,1,Condition_Biased,Biased_Random,Random,Random,0.2358623831768326,0.0015516181014977157,0.0015516181014977157,,1,0.07467507310748223,0.08323539098267231,0.12769663355328023
443,443,1,Condition_Biased,Biased_Random,Random,Divergent,0.14662636242879643,0.001340622999865424,0.001340622999865424,,0,0.05647204313120602,0.03776343207131004,0.04629490540791598
444,444,1,Condition_Biased,Biased_Random,Random,Divergent,0.15130181189281022,0.0013197224589263333,0.0013197224589263333,,0,0.05097653205724962,0.03459799763534153,0.04055812553916541
445,445,2,Shared_Core,Shared_Core,Shared_Core,Divergent,0.22235070855200195,0.001228049777747336,0.001228049777747336,,0,0.04438841893287843,0.02036084066422885,0.03611824065003367
446,446,2,Shared_Core,Shared_Core,Shared_Core,Convergent,0.23284951374992074,0.0012487833083266555,0.0012487833083266555,,0,0.04480594441432644,0.11009376561432554,0.09220751080780275
447,447,3,Shared_Core,Shared_Core,Shared_Core,Random,0.42626822166786105,0.0013393062501960604,0.0013393062501960604,,0,0.03225370334009084,0.06117993133545619,0.11613564823000204
448,448,3,Shared_Core,Shared_Core,Shared_Core,Random,0.451637746693319,0.001318581992588975,0.001318581992588975,,0,0.04200142278592773,0.08827877876877088,0.17244044159139907
449,449,2,Shared_Core,Shared_Core,Shared_Core,Random,0.48906620937440465,0.0013178752142638801,0.0013178752142638801,,0,0.04346647895412681,0.09333589400725754,0.19934852096059966
450,450,2,Shared_Core,Shared_Core,Shared_Core,Random,0.5113123975123652,0.0013015443991543122,0.0013015443991543122,,0,0.050967713687645556,0.10945469646425972,0.24806069978882397
451,451,2,Shared_Core,Shared_Core,Shared_Core,Random,0.39559770676475314,0.0013842516197065365,0.0013842516197065365,,0,0.03950953702806445,0.06811996063555194,0.12426117653884584
452,452,2,Shared_Core,Shared_Core,Shared_Core,Convergent,0.2095051697266828,0.001077311416315808,0.001077311416315808,,0,0.04752715465079978,0.050373060345562576,0.0183173655458386
453,453,2,Shared_Core,Shared_Core,Shared_Core,Divergent,0.2039133642444419,0.0016259357868998986,0.0016259357868998986,0.007936507936507908,1,0.025806601200475062,0.025477513973192686,0.008651669969641796
454,454,1,Condition_Biased,Biased_Divergent,Divergent,Divergent,0.3114981431714595,0.0014976227861807636,0.0014976227861807636,,1,0.036396813613397104,0.0205443650647475,0.017670364991303474
455,455,1,Condition_Biased,Biased_Convergent,Convergent,Convergent,0.22948080908647392,0.0016006552253065495,0.0016006552253065495,0.007936507936507908,1,0.025734583485043712,0.02914068533641379,0.01079052064331278
456,456,3,Shared_Core,Shared_Core,Shared_Core,Divergent,0.29366148999928676,0.0016711683243684783,0.0016711683243684783,0.007936507936507908,1,0.04415359886156188,0.036028468349610855,0.012187216312639297
457,457,1,Condition_Biased,Biased_Random,Random,Divergent,0.29578818721365996,0.001675497340060913,0.001675497340060913,0.015873015873015817,1,0.04890123129258921,0.034355280877292504,0.018796654100278542
458,458,2,Shared_Core,Shared_Core,Shared_Core,Convergent,0.2370889807967676,0.0015521916699402184,0.0015521916699402184,0.031746031746031744,1,0.10902063265143905,0.11193587319457043,0.029040755704045296
459,459,1,Condition_Biased,Biased_Random,Random,Divergent,0.24868724504841044,0.0016414309304717352,0.0016414309304717352,0.007936507936507908,1,0.04304045278180406,0.03464730272930094,0.01714603668670096
460,460,1,Condition_Biased,Biased_Divergent,Divergent,Convergent,0.26938110588092506,0.0014133006915737058,0.0014133006915737058,,0,0.08731926876262075,0.08966645364219333,0.015899543768711506
461,461,1,Condition_Biased,Biased_Divergent,Divergent,Random,0.14763478185577097,0.0012796523464349608,0.0012796523464349608,,0,0.047340464851063954,0.023114260095471177,0.0474305445446618
462,462,3,Shared_Core,Shared_Core,Shared_Core,Convergent,0.14920566664855262,0.0015627576388090882,0.0015627576388090882,-0.007936507936507908,1,0.03456198722277404,0.03473355652143558,0.016866776005675394
463,463,3,Shared_Core,Shared_Core,Shared_Core,Convergent,0.17672168450273368,0.0014665223571111638,0.0014665223571111638,,0,0.03334467950058572,0.03472171388076324,0.01524052886469733
464,464,2,Shared_Core,Shared_Core,Shared_Core,Convergent,0.09733681474199828,0.0015121465519770834,0.0015121465519770834,,1,0.025342563203624123,0.029784061413595988,0.02365784466429244
465,465,2,Shared_Core,Shared_Core,Shared_Core,Random,0.09192773862524088,0.0013561280140113796,0.0013561280140113796,,0,0.029444181360304356,0.033626445272272966,0.037920201751625256
466,466,1,Condition_Biased,Biased_Divergent,Divergent,Divergent,0.4340241955199008,0.0014091104210992367,0.0014091104210992367,,0,0.0773578824345099,0.039142668704714695,0.021920024491255245
467,467,1,Condition_Biased,Biased_Convergent,Convergent,Divergent,0.41829590663201743,0.0017227743549987973,0.0017227743549987973,0.0,1,0.03800780457203035,0.0303810538331929,0.0007962137534623108
468,468,1,Condition_Biased,Biased_Convergent,Convergent,Convergent,0.4482305304460709,0.001145276503068382,0.001145276503068382,,0,0.024684935545648445,0.0552222369053559,0.017393923757250407
469,469,1,Condition_Biased,Biased_Random,Random,Convergent,0.23444626136285618,0.001236123571897628,0.001236123571897628,,0,0.017541025370482063,0.020053920897039754,0.007332239019137527
470,470,1,Condition_Biased,Biased_Convergent,Convergent,Convergent,0.08458018314987131,0.0015116654509255375,0.0015116654509255375,,1,0.01982954170539546,0.022913148659363128,0.018849295830088004
471,471,1,Condition_Biased,Biased_Convergent,Convergent,Divergent,0.23726577982888958,0.001305549594606185,0.001305549594606185,,0,0.17239949987135797,0.1641486841349247,0.04840871498786977
472,472,1,Condition_Biased,Biased_Convergent,Convergent,Divergent,0.22868820470328335,0.0013147003540143467,0.0013147003540143467,,0,0.19064596391938352,0.18323777527793458,0.0561190935088292
473,473,2,Shared_Core,Shared_Core,Shared_Core,Random,0.12296264666917656,0.0013849246035110138,0.0013849246035110138,,0,0.02814205875811876,0.02669682699032346,0.03510798031966838
474,474,2,Shared_Core,Shared_Core,Shared_Core,Random,0.1933021833125596,0.0014821106755466985,0.0014821106755466985,,0,0.02497326944467953,0.020155340084555554,0.03337809224686925
475,475,1,Condition_Biased,Biased_Convergent,Convergent,Divergent,0.24353514891206898,0.0013487940571492987,0.0013487940571492987,,0,0.2365024989919254,0.21783130245599133,0.06990616574203448
476,476,1,Condition_Biased,Biased_Convergent,Convergent,Divergent,0.15127720998014454,0.0016122677151746423,0.0016122677151746423,0.007936507936507908,1,0.021285223203554075,0.01696153931668279,0.014421439286144007
477,477,1,Condition_Biased,Biased_Convergent,Convergent,Convergent,0.11785753341286695,0.0016036875495025055,0.0016036875495025055,0.007936507936507908,1,0.021582481746443016,0.02357550505657642,0.015626113373963607
478,478,1,Condition_Biased,Biased_Random,Random,Convergent,0.13233356030367102,0.0014125065352784052,0.0014125065352784052,,0,0.031176309938228272,0.041263647479269305,0.03206138494646266
479,479,2,Shared_Core,Shared_Core,Shared_Core,Convergent,0.12679262111821266,0.0015684417756955367,0.0015684417756955367,0.015873015873015817,1,0.02164624146963834,0.022687973465487274,0.01351782593816992
480,480,1,Condition_Biased,Biased_Random,Random,Convergent,0.19466840173597874,0.0014614070783916702,0.0014614070783916702,,0,0.02505810881237626,0.034387202918453263,0.021303042191051183
481,481,1,Condition_Biased,Biased_Random,Random,Convergent,0.18960031826789725,0.0014379174578016336,0.0014379174578016336,,0,0.033761076602333615,0.042308836175967555,0.023883607657995843
482,482,1,Condition_Biased,Biased_Random,Random,Random,0.08009258555038938,0.0012965054928462648,0.0012965054928462648,,0,0.015784989804826646,0.011366531568748213,0.015939732880464623
483,483,2,Shared_Core,Shared_Core,Shared_Core,Random,0.37761429551064407,0.0012957237133330308,0.0012957237133330308,,0,0.023822064954143615,0.0218179513841911,0.05051075121284359
484,484,2,Shared_Core,Shared_Core,Shared_Core,Convergent,0.3680712196852451,0.0016016328530077388,0.0016016328530077388,0.007936507936507908,1,0.04044173790885465,0.05828794098475523,0.013406083641928575
485,485,2,Shared_Core,Shared_Core,Shared_Core,Convergent,0.23227699362825419,0.0015174087881933617,0.0015174087881933617,,1,0.04498757027212239,0.05387854216653004,0.02214635592249651
486,486,1,Condition_Biased,Biased_Random,Random,Random,0.4473983980291089,0.0011799774173856129,0.0011799774173856129,,0,0.031159060911386594,0.02759860612844166,0.0769503317063763
487,487,1,Condition_Biased,Biased_Convergent,Convergent,Convergent,0.20897295682575484,0.0012805360277570968,0.0012805360277570968,,0,0.03831161426403272,0.046296945438115744,0.02227226505425596
488,488,1,Condition_Biased,Biased_Convergent,Convergent,Convergent,0.24213362968383256,0.0014825432412820553,0.0014825432412820553,,1,0.023648506091761983,0.03000891551767525,0.012970336417238864
489,489,1,Condition_Biased,Biased_Random,Random,Random,0.4491466501424979,0.0011642532851322358,0.0011642532851322358,,0,0.02361209080420404,0.017944369116547513,0.054661921092442105
490,490,1,Condition_Biased,Biased_Random,Random,Random,0.45999160084500307,0.0011940217144468517,0.0011940217144468517,,0,0.012999126844782643,0.01056446192775205,0.03185380241161005
491,491,2,Shared_Core,Shared_Core,Shared_Core,Convergent,0.2435452789393914,0.0014322295881949363,0.0014322295881949363,,0,0.022264750268111012,0.03322598823122898,0.018158314472419165
492,492,1,Condition_Biased,Biased_Convergent,Convergent,Convergent,0.1967812363255293,0.001453115985962252,0.001453115985962252,,0,0.02506587364080404,0.03261611501996716,0.018714685055855957
493,493,3,Shared_Core,Shared_Core,Shared_Core,Convergent,0.1962787403799287,0.001457838307696599,0.001457838307696599,,0,0.06112208293076344,0.06807239349027387,0.030346950153923698
494,494,2,Shared_Core,Shared_Core,Shared_Core,Convergent,0.29074491743504266,0.0014278217787628581,0.0014278217787628581,,0,0.17247433552648794,0.21034996244206763,0.0586972584327062
495,495,2,Shared_Core,Shared_Core,Shared_Core,Convergent,0.29111594674477836,0.0014885158620588609,0.0014885158620588609,,1,0.13154909598790568,0.16139623895287514,0.045679324646554297
496,496,3,Shared_Core,Shared_Core,Shared_Core,Convergent,0.27805060264669934,0.0014862327061501838,0.0014862327061501838,,1,0.11838578601432925,0.14381436391444932,0.044090868890403756
497,497,2,Shared_Core,Shared_Core,Shared_Core,Convergent,0.21624396425473216,0.0013239294696402763,0.0013239294696402763,,0,0.06264372120914145,0.07403496573325137,0.03277356833929107
498,498,1,Condition_Biased,Biased_Convergent,Convergent,Convergent,0.1637248394482565,0.0012881694202159873,0.0012881694202159873,,0,0.038000490995499576,0.03930354792671006,0.018488087297772012
499,499,2,Shared_Core,Shared_Core,Shared_Core,Convergent,0.27900493773930024,0.0014480795886935977,0.0014480795886935977,,0,0.07260727526719678,0.10335113005767092,0.04391401757796606
500,500,1,Condition_Biased,Biased_Convergent,Convergent,Convergent,0.351481576173616,0.0012835941542741639,0.0012835941542741639,,0,0.05854299817801503,0.09486585219352565,0.03250116257677003
501,501,1,Condition_Biased,Biased_Convergent,Convergent,Convergent,0.24959841642414024,0.0014617858285094708,0.0014617858285094708,,0,0.04299862359347657,0.06051687755736343,0.029683864084146326
502,502,3,Shared_Core,Shared_Core,Shared_Core,Convergent,0.2259743023789487,0.0013476465410068373,0.0013476465410068373,,0,0.37750662213628305,0.546263804027473,0.3122667624718613
503,503,2,Shared_Core,Shared_Core,Shared_Core,Convergent,0.1873849335863638,0.001503430304830926,0.001503430304830926,,1,0.06079063510882511,0.07436044660140896,0.040990038612295714
504,504,2,Shared_Core,Shared_Core,Shared_Core,Convergent,0.19996040059620257,0.0013891144602947148,0.0013891144602947148,,0,0.279925405918793,0.3778811294465647,0.22395766767976244
505,505,1,Condition_Biased,Biased_Random,Random,Random,0.39182798514355155,0.0014861037076284256,0.0014861037076284256,,1,0.03541267353566095,0.04992133398589335,0.09764528525845399
506,506,1,Condition_Biased,Biased_Random,Random,Random,0.3054401072531995,0.001284697671232279,0.001284697671232279,,0,0.05119790700206786,0.07334586355987696,0.11704133430288897
507,507,1,Condition_Biased,Biased_Random,Random,Random,0.23978545218767355,0.0012236462693195928,0.0012236462693195928,,0,0.035359501351943476,0.05249233880183763,0.07163598334475879
508,508,1,Condition_Biased,Biased_Random,Random,Random,0.22454536870875613,0.0012542781248644956,0.0012542781248644956,,0,0.033523832800426354,0.042484380732350356,0.060013508276333886
509,509,1,Condition_Biased,Biased_Convergent,Convergent,Convergent,0.11719844229493454,0.0012946503032147882,0.0012946503032147882,,0,0.036565428174296276,0.04277467760611434,0.03103500983441278
510,510,1,Condition_Biased,Biased_Random,Random,Divergent,0.23647617975317106,0.001325122245429105,0.001325122245429105,,0,0.0849634316815025,0.06846949060540101,0.03646031718346335
511,511,1,Condition_Biased,Biased_Divergent,Divergent,Divergent,0.17996767119977405,0.001364031914565635,0.001364031914565635,,0,0.11965002014336211,0.10460938171521701,0.06169497908004338
512,512,2,Shared_Core,Shared_Core,Shared_Core,Divergent,0.042521604090934216,0.0012414521697364036,0.0012414521697364036,,0,0.06590236464434844,0.06386606847017742,0.05718675218818207
513,513,1,Condition_Biased,Biased_Random,Random,Convergent,0.021228912096680885,0.0013030076063445992,0.0013030076063445992,,0,0.04281685269464559,0.046204775995275345,0.045750751162857
514,514,2,Shared_Core,Shared_Core,Shared_Core,Convergent,0.12335172937872932,0.0012612224124929113,0.0012612224124929113,,0,0.04920517411293776,0.055058008304944166,0.036727853810473804
515,515,1,Condition_Biased,Biased_Convergent,Convergent,Convergent,0.13166545772677074,0.0013728676672643569,0.0013728676672643569,,0,0.03869709997905472,0.04186770240558388,0.025553641184824446
516,516,2,Shared_Core,Shared_Core,Shared_Core,Convergent,0.2332140666573334,0.0014768886894520271,0.0014768886894520271,,0,0.03484492450511781,0.05986356936879892,0.039598830480365055
517,517,1,Condition_Biased,Biased_Convergent,Convergent,Random,0.42179742234550843,0.0012782120884280107,0.0012782120884280107,,0,0.01427823801835378,0.00926650731078191,0.028948209082175578
518,518,1,Condition_Biased,Biased_Random,Random,Convergent,0.3767686426524346,0.0014421741903744526,0.0014421741903744526,,0,0.04182112564566572,0.14876434026689034,0.0928632342921836
519,519,1,Condition_Biased,Biased_Random,Random,Convergent,0.23972209591303653,0.001531149327834216,0.001531149327834216,,1,0.038671243025580185,0.08724814910735738,0.06834119170837637
520,520,1,Condition_Biased,Biased_Random,Random,Convergent,0.3553146889296295,0.001477595717125031,0.001477595717125031,,0,0.03677796125804829,0.11889749415809757,0.0763344673646821
521,521,1,Condition_Biased,Biased_Random,Random,Random,0.23817650377602673,0.0013822307111349332,0.0013822307111349332,,0,0.024797247183306042,0.03520674688730672,0.04876164620786551
522,522,2,Shared_Core,Shared_Core,Shared_Core,Convergent,0.14238341306922403,0.0015159621852192304,0.0015159621852192304,,1,0.04655946824898936,0.047260678487650136,0.024400143588464412
523,523,2,Shared_Core,Shared_Core,Shared_Core,Convergent,0.2779193788896554,0.0014945638628439623,0.0014945638628439623,,1,0.08221055233061558,0.09448705361992643,0.024568124777740903
524,524,2,Shared_Core,Shared_Core,Shared_Core,Convergent,0.28415144268335485,0.0014608671162606804,0.0014608671162606804,,0,0.10372100867821601,0.11343246658348985,0.022744554272365002
525,525,2,Shared_Core,Shared_Core,Shared_Core,Convergent,0.24274366388884847,0.0014760259952319732,0.0014760259952319732,,0,0.085883198474599,0.09283592920118605,0.027254526784259176
526,526,1,Condition_Biased,Biased_Divergent,Divergent,Divergent,0.26981093379251153,0.0011790586976726366,0.0011790586976726366,,0,0.027994841575783528,0.022675391155218827,0.009520783384759274
527,527,3,Shared_Core,Shared_Core,Shared_Core,Convergent,0.08569333885819329,0.0015103995935693787,0.0015103995935693787,,1,0.04615786729127536,0.046934821757308225,0.03289358975690982
528,528,3,Shared_Core,Shared_Core,Shared_Core,Convergent,0.19141736429424186,0.0012023021644179447,0.0012023021644179447,,0,0.02090573360196817,0.04100332396616887,0.0347499530762434
529,529,1,Condition_Biased,Biased_Random,Random,Divergent,0.2979374074423091,0.0014369462914194553,0.0014369462914194553,,0,0.02559904488945694,0.01399775264969869,0.01369561949404814
530,530,3,Shared_Core,Shared_Core,Shared_Core,Convergent,0.14467660680603708,0.0011987309444963614,0.0011987309444963614,,0,0.02525054612158656,0.041892253663064094,0.037354777230777673
531,531,1,Condition_Biased,Biased_Divergent,Divergent,Divergent,0.10184655764468634,0.001468453724315239,0.001468453724315239,,0,0.03489707979429207,0.03243425655912619,0.02445738979186567
532,532,1,Condition_Biased,Biased_Divergent,Divergent,Divergent,0.08894431304901777,0.001377744462411034,0.001377744462411034,,0,0.03571783073094133,0.03384659098929655,0.025919427204551915
533,533,1,Condition_Biased,Biased_Divergent,Divergent,Divergent,0.043240074970545335,0.0013168193556202831,0.0013168193556202831,,0,0.0336077071687038,0.03280215894079043,0.028841384405654574
534,534,2,Shared_Core,Shared_Core,Shared_Core,Random,0.13116286890031184,0.0012235962189569433,0.0012235962189569433,,0,0.01744574871213164,0.030703937743752324,0.031343698098752946
535,535,2,Shared_Core,Shared_Core,Shared_Core,Divergent,0.25025621701414225,0.0014799630618751707,0.0014799630618751707,,0,0.039182313100852594,0.01789128504508333,0.029101795653649974
536,536,2,Shared_Core,Shared_Core,Shared_Core,Divergent,0.2491727213060385,0.0014719011486475937,0.0014719011486475937,,0,0.04457630794840278,0.01926055922559653,0.03432547802933388
537,537,1,Condition_Biased,Biased_Convergent,Convergent,Random,0.09885314023589992,0.0012144166913971286,0.0012144166913971286,,0,0.02118750162606622,0.030397211008144225,0.0314510464372616
538,538,2,Shared_Core,Shared_Core,Shared_Core,Divergent,0.1106591883579105,0.0013322823354750765,0.0013322823354750765,,0,0.057475863600441025,0.05637361155005924,0.03567196232163244
539,539,1,Condition_Biased,Biased_Divergent,Divergent,Convergent,0.08643279503441426,0.0013853449507843444,0.0013853449507843444,,0,0.048022030063218785,0.04838470700714323,0.033350111399259835
540,540,2,Shared_Core,Shared_Core,Shared_Core,Divergent,0.1806868813186487,0.0012984206939452663,0.0012984206939452663,,0,0.04596143215894699,0.04509744009449642,0.01869052082359318
541,541,3,Shared_Core,Shared_Core,Shared_Core,Convergent,0.12652089691754267,0.0013555921496162797,0.0013555921496162797,,0,0.03388241194035291,0.03555611778617079,0.021256424734250656
542,542,2,Shared_Core,Shared_Core,Shared_Core,Convergent,0.2715702352076429,0.0015141862556982044,0.0015141862556982044,,1,0.16852829168424194,0.19917415669569147,0.059668909063533185
543,543,2,Shared_Core,Shared_Core,Shared_Core,Divergent,0.31704160055454095,0.0014601705891846937,0.0014601705891846937,,0,0.04239885209879451,0.02075683514652937,0.02321543141696898
544,544,2,Shared_Core,Shared_Core,Shared_Core,Divergent,0.27117218198269377,0.0014092519488291598,0.0014092519488291598,,0,0.030401902165744885,0.017598196000884674,0.017263724882569578
545,545,1,Condition_Biased,Biased_Divergent,Divergent,Divergent,0.21582661473158288,0.0013451701734682041,0.0013451701734682041,,0,0.051370062608532455,0.034551881155685374,0.0317125605153186
546,546,2,Shared_Core,Shared_Core,Shared_Core,Convergent,0.2893440187197236,0.0014931747805631288,0.0014931747805631288,,1,0.044552893841585506,0.059736089345220234,0.021297350274546753
547,547,1,Condition_Biased,Biased_Convergent,Convergent,Convergent,0.1707597366412516,0.0013517968505257797,0.0013517968505257797,,0,0.02355119080087285,0.029536980427583757,0.018290448712096327
548,548,1,Condition_Biased,Biased_Convergent,Convergent,Convergent,0.2296511907508522,0.0014795107301534057,0.0014795107301534057,,0,0.12586771783039527,0.14173113819952424,0.05171502167580738
549,549,1,Condition_Biased,Biased_Convergent,Convergent,Convergent,0.2304286816108876,0.001527660968400822,0.001527660968400822,,1,0.026733005333619015,0.03651425152559552,0.018942654062624253
550,550,1,Condition_Biased,Biased_Random,Random,Convergent,0.03832374471798529,0.0012851002696949167,0.0012851002696949167,,0,0.0592958235791252,0.06227350712083934,0.05605731832070483
551,551,1,Condition_Biased,Biased_Random,Random,Divergent,0.2052632916136732,0.001346474744561224,0.001346474744561224,,0,0.035098355527921225,0.024008746286146125,0.02227815506713731
552,552,1,Condition_Biased,Biased_Convergent,Convergent,Convergent,0.2974131035396286,0.0013398848989435656,0.0013398848989435656,,0,0.02833091575315092,0.03823939843405561,0.013084575110475444
553,553,3,Shared_Core,Shared_Core,Shared_Core,Convergent,0.20448540151820593,0.0013644410410183925,0.0013644410410183925,,0,0.03757409806029848,0.05104158454498396,0.02984776622098353
554,554,2,Shared_Core,Shared_Core,Shared_Core,Convergent,0.09237737087945465,0.0014649118902403575,0.0014649118902403575,,0,0.035300830846706044,0.03744186465328897,0.026917747717114197
555,555,2,Shared_Core,Shared_Core,Shared_Core,Divergent,0.3985590512177079,0.0015003174495423714,0.0015003174495423714,,1,0.05927029463803633,0.028545607807256325,0.022431978316504567
556,556,1,Condition_Biased,Biased_Divergent,Divergent,Divergent,0.4342678296548688,0.0014888871090528912,0.0014888871090528912,,1,0.055153559460285516,0.021941099354006045,0.02156840737849947
557,557,1,Condition_Biased,Biased_Divergent,Divergent,Divergent,0.38348368529666615,0.0012905268542697374,0.0012905268542697374,,0,0.07044531792064998,0.03155293973565799,0.031231592172786357
558,558,1,Condition_Biased,Biased_Divergent,Divergent,Divergent,0.4618685449323385,0.0015754909792557194,0.0015754909792557194,0.007936507936507908,1,0.06081684536603375,0.03059935644377916,0.014175473143243127
559,559,1,Condition_Biased,Biased_Divergent,Divergent,Divergent,0.302802254514236,0.0013483542007179904,0.0013483542007179904,,0,0.038793080700264375,0.025533376439278454,0.015987043579419453
560,560,1,Condition_Biased,Biased_Convergent,Convergent,Convergent,0.33082718160165864,0.001356152161975617,0.001356152161975617,,0,0.07772926719085056,0.08502107351876752,0.00777212949839258
561,561,1,Condition_Biased,Biased_Convergent,Convergent,Convergent,0.3360919349061029,0.0011453256234915277,0.0011453256234915277,,0,0.02268327203954842,0.026172001941445453,0.0033266195169990025
562,562,2,Shared_Core,Shared_Core,Shared_Core,Convergent,0.3775103829040336,0.0014433637789815002,0.0014433637789815002,,0,0.07160953503033077,0.09781964480664515,0.016798819629623304
563,563,1,Condition_Biased,Biased_Divergent,Divergent,Convergent,0.09133659411372524,0.0013106000528660012,0.0013106000528660012,,0,0.040690502584931044,0.042257376230316376,0.029677762561255976
564,564,2,Shared_Core,Shared_Core,Shared_Core,Convergent,0.26901014074615975,0.0014605818538344286,0.0014605818538344286,,0,0.08404125015485127,0.09913311224997218,0.030166347474155444
565,565,2,Shared_Core,Shared_Core,Shared_Core,Convergent,0.25812859227664464,0.0014257022717261707,0.0014257022717261707,,0,0.07169941185164905,0.07801274217294844,0.02030298474156076
566,566,2,Shared_Core,Shared_Core,Shared_Core,Divergent,0.25567083909515825,0.0013977926363346787,0.0013977926363346787,,0,0.07130919148332972,0.06760728562370552,0.016933199045957907
567,567,2,Shared_Core,Shared_Core,Shared_Core,Convergent,0.22671944865826668,0.0013122120868711762,0.0013122120868711762,,0,0.03915621468954463,0.045217703287190165,0.01785106691236179
568,568,3,Shared_Core,Shared_Core,Shared_Core,Random,0.04015924417755376,0.0014613924472151824,0.0014613924472151824,,0,0.04312763085259209,0.03987754126520533,0.04497547982267976
569,569,3,Shared_Core,Shared_Core,Shared_Core,Random,0.1481278706035352,0.0013785755370939608,0.0013785755370939608,,0,0.053859696060480404,0.05007143424856558,0.0700376401655376
570,570,2,Shared_Core,Shared_Core,Shared_Core,Convergent,0.27965487902688585,0.0015916523244905497,0.0015916523244905497,0.0,1,0.05936377999610402,0.06181468664837337,0.010229840379444853
571,571,3,Shared_Core,Shared_Core,Shared_Core,Random,0.29735030577809696,0.0013304682807402876,0.0013304682807402876,,0,0.05308809169901558,0.051930660741371024,0.09695166148363597
572,572,1,Condition_Biased,Biased_Divergent,Divergent,Divergent,0.27327985046520165,0.0016070087963821506,0.0016070087963821506,-0.007936507936507908,1,0.06233296064284358,0.0568312147825586,0.0143214363215809
573,573,1,Condition_Biased,Biased_Divergent,Divergent,Divergent,0.28013287810041054,0.001528243222304158,0.001528243222304158,,1,0.050016439711452754,0.043905548062393364,0.01234672249235686
574,574,3,Shared_Core,Shared_Core,Shared_Core,Random,0.2948994756597861,0.0013355165246780132,0.0013355165246780132,,0,0.05603247700420059,0.05592361190601399,0.10280227841484169
575,575,2,Shared_Core,Shared_Core,Shared_Core,Convergent,0.3991263784339154,0.0013312153823379991,0.0013312153823379991,,0,0.06183769737385643,0.11435944808657929,0.03638870560283226
576,576,3,Shared_Core,Shared_Core,Shared_Core,Random,0.28178632284277677,0.0013305311243862765,0.0013305311243862765,,0,0.05474756473345766,0.05412769817600125,0.09715411118749115
577,577,2,Shared_Core,Shared_Core,Shared_Core,Convergent,0.3700679957304834,0.0012753303437406337,0.0012753303437406337,,0,0.058675361860451504,0.10630813639404045,0.03908168032602777
578,578,2,Shared_Core,Shared_Core,Shared_Core,Convergent,0.30364773941899453,0.0015724319461765041,0.0015724319461765041,0.007936507936507908,1,0.03580745725907815,0.04681847707371157,0.014209355352379913
579,579,3,Shared_Core,Shared_Core,Shared_Core,Convergent,0.264211996468064,0.0011906327886320204,0.0011906327886320204,,0,0.037458226924049265,0.06663112682480997,0.040102156803071026
580,580,1,Condition_Biased,Biased_Random,Random,Random,0.38372978883135783,0.0013575821380179527,0.0013575821380179527,,0,0.0429816145508324,0.04103986880665765,0.09432796467953021
581,581,1,Condition_Biased,Biased_Convergent,Convergent,Divergent,0.2244261916006747,0.0014866286125908498,0.0014866286125908498,,1,0.04611210452982918,0.045237078020970024,0.01317941252556112
582,582,1,Condition_Biased,Biased_Random,Random,Random,0.3895205865201309,0.0012722610729499631,0.0012722610729499631,,0,0.029968120190774862,0.03223873707547523,0.07079494155440776
583,583,1,Condition_Biased,Biased_Random,Random,Random,0.4100234614246267,0.0012293342442306623,0.0012293342442306623,,0,0.033251515549412115,0.029883431315650803,0.07544516645638007
584,584,1,Condition_Biased,Biased_Convergent,Convergent,Convergent,0.15104592907535958,0.0015717352199961056,0.0015717352199961056,0.007936507936507908,1,0.04575151640350773,0.045934504660510876,0.022006483068541874
585,585,1,Condition_Biased,Biased_Random,Random,Random,0.713040907101898,0.0014263691385408032,0.0014263691385408032,,0,0.03513912611292223,0.06169957380022919,0.2890458229914426
586,586,2,Shared_Core,Shared_Core,Shared_Core,Divergent,0.07309912170662604,0.0014585485301486477,0.0014585485301486477,,0,0.03323734368469735,0.03280979142747602,0.02460843291030162
587,587,1,Condition_Biased,Biased_Random,Random,Random,0.6773020236975758,0.0014884866321761912,0.0014884866321761912,,1,0.025821616298254624,0.04571018122376232,0.18590204704493757
588,588,2,Shared_Core,Shared_Core,Shared_Core,Random,0.6438798706850108,0.0013760970608080916,0.0013760970608080916,,0,0.036864056113011245,0.0636828720939961,0.23206645417367183
589,589,3,Shared_Core,Shared_Core,Shared_Core,Divergent,0.1560741313508636,0.0017018811741710811,0.0017018811741710811,0.0,1,0.08323332841159324,0.07988807324276508,0.04163139869296362
590,590,3,Shared_Core,Shared_Core,Shared_Core,Random,0.15758022159015958,0.0013490277239674494,0.0013490277239674494,,0,0.14433445084318824,0.1777386205347135,0.22128244545606393
591,591,3,Shared_Core,Shared_Core,Shared_Core,Convergent,0.12199769331618938,0.0016385190601502515,0.0016385190601502515,0.007936507936507908,1,0.07999947690117507,0.08009331312836611,0.04535214208243858
592,592,3,Shared_Core,Shared_Core,Shared_Core,Divergent,0.10431411112842015,0.0014623089511103804,0.0014623089511103804,,0,0.06673916743554696,0.06599254174190655,0.042268921015045
593,593,3,Shared_Core,Shared_Core,Shared_Core,Convergent,0.23725486882772165,0.0017181195125532298,0.0017181195125532298,0.007936507936507908,1,0.03706194292236534,0.04528581044821842,0.018773814609241008
594,594,3,Shared_Core,Shared_Core,Shared_Core,Divergent,0.17402618153144364,0.0013394042152856016,0.0013394042152856016,,0,0.0854449270086156,0.06620061846330152,0.054027147731551574
595,595,2,Shared_Core,Shared_Core,Shared_Core,Divergent,0.25574001006327873,0.0013844627706280641,0.0013844627706280641,,0,0.08905024554795075,0.05326228247879193,0.05229545132597051
596,596,3,Shared_Core,Shared_Core,Shared_Core,Divergent,0.15634955089587635,0.001484739198297374,0.001484739198297374,,1,0.053808994506918846,0.04850781921362668,0.030008201043875443
597,597,2,Shared_Core,Shared_Core,Shared_Core,Divergent,0.23968135997771137,0.001409252912090499,0.001409252912090499,,0,0.07936803006984815,0.04940319086877052,0.04795245975551624
598,598,3,Shared_Core,Shared_Core,Shared_Core,Random,0.15280415369772146,0.0013628348165525804,0.0013628348165525804,,0,0.15138116444809815,0.20208213556753962,0.24048392246994707
599,599,2,Shared_Core,Shared_Core,Shared_Core,Convergent,0.09429325598776217,0.001302591835228314,0.001302591835228314,,0,0.033904160652692916,0.03893067888174838,0.030538854451613532
600,600,3,Shared_Core,Shared_Core,Shared_Core,Random,0.18662409036264266,0.0014238705880620815,0.0014238705880620815,,0,0.23086285759376768,0.3137155551550507,0.3972393674332471
601,601,3,Shared_Core,Shared_Core,Shared_Core,Divergent,0.14848545426846566,0.0013859187293711985,0.0013859187293711985,,0,0.04564309490790951,0.03941290112680685,0.028268860242817374
602,602,3,Shared_Core,Shared_Core,Shared_Core,Random,0.19991589135372884,0.0014135347130352779,0.0014135347130352779,,0,0.21489070224817153,0.28766294710381685,0.3768491984773723
603,603,3,Shared_Core,Shared_Core,Shared_Core,Random,0.17419078978339458,0.0014442185627971736,0.0014442185627971736,,0,0.20435590833548165,0.2701687975977248,0.33735548861561315
604,604,1,Condition_Biased,Biased_Convergent,Convergent,Convergent,0.19050031210089652,0.0013904177288481707,0.0013904177288481707,,0,0.032052246725317014,0.047581571192420714,0.03265545076675831
605,605,3,Shared_Core,Shared_Core,Shared_Core,Random,0.14614101696284984,0.0014850830505391038,0.0014850830505391038,,1,0.10658035744671468,0.12676388274725767,0.1566098208672234
606,606,2,Shared_Core,Shared_Core,Shared_Core,Convergent,0.07518054452193433,0.0012875025112156831,0.0012875025112156831,,0,0.04332073784046212,0.05234673516879305,0.04673163403594305
607,607,3,Shared_Core,Shared_Core,Shared_Core,Random,0.10790770074882072,0.0013484214195975427,0.0013484214195975427,,0,0.05209739160543852,0.0425538867072077,0.05877468072336226
608,608,2,Shared_Core,Shared_Core,Shared_Core,Divergent,0.03658172380872248,0.0013067896676195255,0.0013067896676195255,,0,0.05423173810443515,0.052281252805644655,0.04852671329937284
609,609,3,Shared_Core,Shared_Core,Shared_Core,Random,0.13126516257534424,0.0013372347563948524,0.0013372347563948524,,0,0.05013931701304736,0.043019878302226984,0.06065588007636723
610,610,2,Shared_Core,Shared_Core,Shared_Core,Random,0.24061063947748532,0.0013995346135474871,0.0013995346135474871,,0,0.0349326677996006,0.03449960579354948,0.0567155808477389
611,611,1,Condition_Biased,Biased_Random,Random,Random,0.29985258137646764,0.0015014998753394152,0.0015014998753394152,,1,0.03621514764932509,0.029146106578736453,0.06067293313597994
612,612,2,Shared_Core,Shared_Core,Shared_Core,Random,0.4140280753400877,0.0013619238736140955,0.0013619238736140955,,0,0.05118968435122398,0.053670600168298034,0.1265208963600416
613,613,1,Condition_Biased,Biased_Random,Random,Random,0.08588220436458747,0.0012521878340942107,0.0012521878340942107,,0,0.1460300676961556,0.13582809260714124,0.16740991253524073
614,614,1,Condition_Biased,Biased_Convergent,Convergent,Convergent,0.19345533651813185,0.0012062492157048424,0.0012062492157048424,,0,0.033433063626442674,0.038511952739317866,0.018620178772373094
615,615,2,Shared_Core,Shared_Core,Shared_Core,Divergent,0.18780476184577333,0.001364426356252122,0.001364426356252122,,0,0.024096877450207745,0.016053528767296966,0.016900319790851975
616,616,2,Shared_Core,Shared_Core,Shared_Core,Divergent,0.08205615199951423,0.0013527748216097246,0.0013527748216097246,,0,0.02611451107748006,0.024591366744093728,0.019716231789927752
617,617,1,Condition_Biased,Biased_Convergent,Convergent,Convergent,0.2661193729698375,0.0014601945377456895,0.0014601945377456895,,0,0.027095785032030303,0.03955712163417834,0.018761194725003507
618,618,1,Condition_Biased,Biased_Convergent,Convergent,Convergent,0.19445682258630745,0.0014168026258499736,0.0014168026258499736,,0,0.027732380184847017,0.0384546023785349,0.02413528384492984
619,619,1,Condition_Biased,Biased_Convergent,Convergent,Convergent,0.1524761823419264,0.0015978142169174058,0.0015978142169174058,0.007936507936507908,1,0.02753752838617091,0.035130958809457415,0.024132648896839883
620,620,1,Condition_Biased,Biased_Convergent,Convergent,Divergent,0.13516424255687068,0.0012839108732956243,0.0012839108732956243,,0,0.03425728427744451,0.03342626854908048,0.018772212138015127
621,621,1,Condition_Biased,Biased_Divergent,Divergent,Divergent,0.22810963090035508,0.001414437891369562,0.001414437891369562,,0,0.05788579561705452,0.04713937704456828,0.025625280148926236
622,622,1,Condition_Biased,Biased_Divergent,Divergent,Divergent,0.22325557642106497,0.0014368276953509256,0.0014368276953509256,,0,0.05385741217391481,0.042564779607176084,0.025832120240444227
623,623,2,Shared_Core,Shared_Core,Shared_Core,Random,0.13970033820401287,0.0012811942005503704,0.0012811942005503704,,0,0.028729028202623987,0.0429940179251788,0.04750831806588741
624,624,3,Shared_Core,Shared_Core,Shared_Core,Random,0.05034019557650467,0.0011644448227133856,0.0011644448227133856,,0,0.039994037625812946,0.04707284442459544,0.0481487399462374
625,625,1,Condition_Biased,Biased_Divergent,Divergent,Divergent,0.09004918152568206,0.0015324435462902872,0.0015324435462902872,,1,0.063614791878135,0.0633917541096085,0.04281690677938362
626,626,3,Shared_Core,Shared_Core,Shared_Core,Divergent,0.125395084146865,0.0013695279019103432,0.0013695279019103432,,0,0.044702490511898396,0.038270110125539075,0.03121129867605983
627,627,3,Shared_Core,Shared_Core,Shared_Core,Divergent,0.11664773254701295,0.0013661284833450097,0.0013661284833450097,,0,0.048962534543264796,0.04084556910334623,0.036620519168320154
628,628,1,Condition_Biased,Biased_Random,Random,Divergent,0.19821593544920582,0.0014609872909334166,0.0014609872909334166,,0,0.04965453100421393,0.03477861818568836,0.03167386423234665
629,629,1,Condition_Biased,Biased_Random,Random,Convergent,0.03760635832222104,0.0012511820244067483,0.0012511820244067483,,0,0.027430983145295837,0.02774477809972582,0.02403631525498534
630,630,3,Shared_Core,Shared_Core,Shared_Core,Random,0.019789045819738917,0.001237295051851918,0.001237295051851918,,0,0.027626687296716027,0.027077701705241063,0.02845659723786253
631,631,2,Shared_Core,Shared_Core,Shared_Core,Convergent,0.2554814157596134,0.0013434935228939448,0.0013434935228939448,,0,0.05847090321742458,0.08467271773700129,0.0419533820675006
632,632,1,Condition_Biased,Biased_Convergent,Convergent,Convergent,0.31769026791810606,0.0013353345167733607,0.0013353345167733607,,0,0.0410135421334716,0.04945274937233468,0.010200454047807152
633,633,1,Condition_Biased,Biased_Convergent,Convergent,Convergent,0.3276832805442493,0.0015036118902541577,0.0015036118902541577,,1,0.03952203617419726,0.05042723567927616,0.011548989814602666
634,634,3,Shared_Core,Shared_Core,Shared_Core,Divergent,0.05242157821842351,0.0013190949850700098,0.0013190949850700098,,0,0.03729559275716421,0.034996995604351946,0.032163350887241815
635,635,3,Shared_Core,Shared_Core,Shared_Core,Random,0.0387589736660703,0.0012177628969438367,0.0012177628969438367,,0,0.038460817337496046,0.039531943840328716,0.04214118953262057
636,636,1,Condition_Biased,Biased_Divergent,Divergent,Divergent,0.5919035837623311,0.0013983158275612763,0.0013983158275612763,,0,0.0352903350520833,0.010596175996684715,0.0074977078401143584
637,637,1,Condition_Biased,Biased_Divergent,Divergent,Divergent,0.35484722669434554,0.0012562634350984652,0.0012562634350984652,,0,0.025607044908214253,0.01247898816288999,0.011908198396364847
638,638,2,Shared_Core,Shared_Core,Shared_Core,Random,0.36457042474968304,0.0012890215490552067,0.0012890215490552067,,0,0.01720332489214807,0.030987850526532933,0.05174472142336151
639,639,1,Condition_Biased,Biased_Convergent,Convergent,Random,0.35277730755402287,0.0013225098545377246,0.0013225098545377246,,0,0.015074008265165266,0.023327336219079488,0.04013183406953301
640,640,1,Condition_Biased,Biased_Divergent,Divergent,Convergent,0.06503517257053898,0.0012575567954996635,0.0012575567954996635,,0,0.0562760954887564,0.057997572783119324,0.04555282439105213
641,641,1,Condition_Biased,Biased_Convergent,Convergent,Random,0.1557674647543198,0.0012979879528890112,0.0012979879528890112,,0,0.023608757608374695,0.04008278876750006,0.0435973585524138
642,642,1,Condition_Biased,Biased_Random,Random,Convergent,0.03616374536924906,0.0012729282612744934,0.0012729282612744934,,0,0.05711357799500472,0.06014936055160231,0.054787913736488135
643,643,1,Condition_Biased,Biased_Convergent,Convergent,Convergent,0.18182934221757568,0.001225393138146313,0.001225393138146313,,0,0.016891760268697032,0.020130254382714194,0.010980256241820162
644,644,2,Shared_Core,Shared_Core,Shared_Core,Divergent,0.08099605482971801,0.0013098895933127,0.0013098895933127,,0,0.07086241185864425,0.07040172897153997,0.050084993938013675
645,645,2,Shared_Core,Shared_Core,Shared_Core,Convergent,0.10276442678961914,0.0014077333156104132,0.0014077333156104132,,0,0.13762402883635014,0.1497350861345641,0.10603208224924784
646,646,3,Shared_Core,Shared_Core,Shared_Core,Convergent,0.09206523361595029,0.0013947365352650026,0.0013947365352650026,,0,0.15150425967151,0.16106774016386932,0.1163167395436811
647,647,3,Shared_Core,Shared_Core,Shared_Core,Convergent,0.08182538678682333,0.0013883124529808868,0.0013883124529808868,,0,0.15029285026047332,0.15798963507234354,0.11788734563049816
648,648,2,Shared_Core,Shared_Core,Shared_Core,Random,0.1714379583346074,0.001276464909749693,0.001276464909749693,,0,0.028670132106530324,0.018040508630941487,0.03302022954633844
649,649,3,Shared_Core,Shared_Core,Shared_Core,Convergent,0.05825860967029599,0.0014082883198861258,0.0014082883198861258,,0,0.14011907725069872,0.14230776702364287,0.11315949406800052
650,650,1,Condition_Biased,Biased_Random,Random,Divergent,0.16341948196025982,0.0011778631560683086,0.0011778631560683086,,0,0.05876859026259662,0.03250087042235666,0.05201663757630047
651,651,2,Shared_Core,Shared_Core,Shared_Core,Random,0.34892383328233106,0.0014017068894136707,0.0014017068894136707,,0,0.04674371873093731,0.04592815342179516,0.09600051684630295
652,652,1,Condition_Biased,Biased_Random,Random,Random,0.33741222041472313,0.0012861368495815154,0.0012861368495815154,,0,0.04824086200491882,0.05080148243285411,0.09995690070920521
653,653,2,Shared_Core,Shared_Core,Shared_Core,Random,0.7368637657334103,0.0012795397330348163,0.0012795397330348163,,0,0.00824350505730007,0.008719895037751623,0.055984526517845336
654,654,2,Shared_Core,Shared_Core,Shared_Core,Random,0.5937952997912538,0.001334387190582665,0.001334387190582665,,0,0.01341166612481384,0.013686108876738632,0.053160766494416055
655,655,2,Shared_Core,Shared_Core,Shared_Core,Random,0.6760591314524946,0.0013065961650397932,0.0013065961650397932,,0,0.012880411719589077,0.012761353967134018,0.06633481554805286
656,656,2,Shared_Core,Shared_Core,Shared_Core,Random,0.6782453380656096,0.0013089009637647826,0.0013089009637647826,,0,0.01233817584843302,0.010400284343121345,0.059300950890968714
657,657,1,Condition_Biased,Biased_Convergent,Convergent,Convergent,0.1750652651474614,0.001085769768094164,0.001085769768094164,,0,0.041521245175819274,0.047904217653847926,0.02573944963071318
658,658,2,Shared_Core,Shared_Core,Shared_Core,Random,0.38162750910788773,0.0011857858868476495,0.0011857858868476495,,0,0.023048947944685264,0.017602086306838263,0.04541323233454946
659,659,2,Shared_Core,Shared_Core,Shared_Core,Convergent,0.09924268960194026,0.00139805779837918,0.00139805779837918,,0,0.039520591198478214,0.0446793853022071,0.03370306235072868
660,660,1,Condition_Biased,Biased_Random,Random,Random,0.06306999966245488,0.0013497033553383777,0.0013497033553383777,,0,0.029243796971845037,0.030721970272865908,0.03401951487397864
661,661,3,Shared_Core,Shared_Core,Shared_Core,Random,0.34636341861321956,0.001411817316474097,0.001411817316474097,,0,0.12762248479289773,0.17701633373678427,0.31374816896600854
662,662,2,Shared_Core,Shared_Core,Shared_Core,Convergent,0.4821357467081877,0.0013772226433755004,0.0013772226433755004,,0,0.046809122403278766,0.0846622731013779,0.012353562173389253
663,663,2,Shared_Core,Shared_Core,Shared_Core,Convergent,0.423807215606919,0.0013281909557095214,0.0013281909557095214,,0,0.03231412084934152,0.05868370155667701,0.015182654033341104
664,664,3,Shared_Core,Shared_Core,Shared_Core,Random,0.2556734521485925,0.0013703873293431932,0.0013703873293431932,,0,0.09637778489218082,0.12363683009977665,0.1855815246198622
665,665,3,Shared_Core,Shared_Core,Shared_Core,Random,0.38201021766558685,0.0014337812005710319,0.0014337812005710319,,0,0.12007246585754455,0.1836415477728809,0.33959774262020515
666,666,2,Shared_Core,Shared_Core,Shared_Core,Convergent,0.38917018290677785,0.0013237964554093107,0.0013237964554093107,,0,0.02858543602190145,0.05344101316050479,0.01841149019402644
667,667,3,Shared_Core,Shared_Core,Shared_Core,Random,0.39510791886096575,0.001411052108511846,0.001411052108511846,,0,0.12000924864699566,0.18010142802843573,0.3460838673710232
668,668,3,Shared_Core,Shared_Core,Shared_Core,Random,0.3946630527332069,0.0013734592429287924,0.0013734592429287924,,0,0.11380725899335656,0.16220840065037473,0.31796245398517287
669,669,3,Shared_Core,Shared_Core,Shared_Core,Random,0.385270162152489,0.0013532231362272781,0.0013532231362272781,,0,0.07491830071825305,0.10487493897151005,0.20257859222502225
670,670,1,Condition_Biased,Biased_Convergent,Convergent,Convergent,0.2692561426403534,0.0012905719724455806,0.0012905719724455806,,0,0.027440138789729326,0.04674714058637619,0.026386956758205852
671,671,3,Shared_Core,Shared_Core,Shared_Core,Random,0.3518637628629136,0.0013509608717419512,0.0013509608717419512,,0,0.06072734247647808,0.08151261054513137,0.14833998402196263
672,672,1,Condition_Biased,Biased_Random,Random,Random,0.04888779940307409,0.0014296560558378197,0.0014296560558378197,,0,0.06311793645284304,0.07140181736465086,0.07417428168276
673,673,1,Condition_Biased,Biased_Random,Random,Random,0.07435324886963465,0.0014257088766418448,0.0014257088766418448,,0,0.05730533737827231,0.06657075533392834,0.07188848364684317
674,674,1,Condition_Biased,Biased_Random,Random,Convergent,0.026215310127713456,0.0014541243464958043,0.0014541243464958043,,0,0.0342074534913272,0.038051793776583256,0.038007906845046416
675,675,1,Condition_Biased,Biased_Divergent,Divergent,Divergent,0.028521581652513263,0.0013239703871319325,0.0013239703871319325,,0,0.03960778926778968,0.03575263349393829,0.03906954458862957
676,676,3,Shared_Core,Shared_Core,Shared_Core,Random,0.2937093624981461,0.0013975626659327744,0.0013975626659327744,,0,0.059795246532363164,0.07834508682312498,0.12651551154161256
677,677,1,Condition_Biased,Biased_Divergent,Divergent,Divergent,0.05437109170727164,0.0012921338222068141,0.0012921338222068141,,0,0.045319714577707615,0.037364626148094736,0.04392673807322151
678,678,2,Shared_Core,Shared_Core,Shared_Core,Random,0.03174509504360286,0.0014157068653238287,0.0014157068653238287,,0,0.03100831420333297,0.03390478419020162,0.034584782648062896
679,679,2,Shared_Core,Shared_Core,Shared_Core,Random,0.2991663289411517,0.001385753197009613,0.001385753197009613,,0,0.04628313719122498,0.06217552187759974,0.10052730324160722
680,680,1,Condition_Biased,Biased_Random,Random,Random,0.31435934527355264,0.0012894161281902714,0.0012894161281902714,,0,0.012950735860729375,0.018609258508287936,0.030249937230514154
681,681,1,Condition_Biased,Biased_Divergent,Divergent,Random,0.12997589739230866,0.001196716275100323,0.001196716275100323,,0,0.04869895074669839,0.04570011351508094,0.06130213348845404
682,682,1,Condition_Biased,Biased_Divergent,Divergent,Random,0.1455642474674871,0.0011860469361938105,0.0011860469361938105,,0,0.04621982185645297,0.046074819462428314,0.06187091364953962
683,683,1,Condition_Biased,Biased_Divergent,Divergent,Random,0.14324482487470103,0.0011746962235720017,0.0011746962235720017,,0,0.045284754784448156,0.03857714194826215,0.05595220328264293
684,684,2,Shared_Core,Shared_Core,Shared_Core,Convergent,0.1377925788544454,0.0013713540362205437,0.0013713540362205437,,0,0.03459787546607202,0.042791218262666846,0.030255607728447233
685,685,1,Condition_Biased,Biased_Divergent,Divergent,Random,0.147287213291573,0.0011957294794222501,0.0011957294794222501,,0,0.024660287848903718,0.02330144228446379,0.032265189737598926
686,686,1,Condition_Biased,Biased_Random,Random,Convergent,0.10747581134259494,0.0013900534953908141,0.0013900534953908141,,0,0.032290848397454365,0.03938452296547199,0.03118979658872362
687,687,1,Condition_Biased,Biased_Random,Random,Convergent,0.03505825257842313,0.0014385644825178762,0.0014385644825178762,,0,0.034069922368459925,0.034172853648292215,0.0296459371623184
688,688,3,Shared_Core,Shared_Core,Shared_Core,Convergent,0.08164903780243228,0.0013996237043880264,0.0013996237043880264,,0,0.028521743691679657,0.0402627676107229,0.03984673829039648
689,689,3,Shared_Core,Shared_Core,Shared_Core,Convergent,0.20154045758067526,0.0012060707795879832,0.0012060707795879832,,0,0.06978335616719207,0.08903393681210123,0.048548067461640115
690,690,3,Shared_Core,Shared_Core,Shared_Core,Convergent,0.15386709152172237,0.0012407626918066275,0.0012407626918066275,,0,0.05923622308505906,0.06838322965678764,0.04105487876823024
691,691,1,Condition_Biased,Biased_Convergent,Convergent,Convergent,0.09743991473150648,0.0012526177087213842,0.0012526177087213842,,0,0.019615558225186274,0.026881972039172874,0.024601158608372014
692,692,1,Condition_Biased,Biased_Convergent,Convergent,Random,0.21327964350540715,0.0012627641263443874,0.0012627641263443874,,0,0.01012479859488583,0.017781085126396073,0.021518218242341562
693,693,3,Shared_Core,Shared_Core,Shared_Core,Convergent,0.1077733843477035,0.0013167055760516769,0.0013167055760516769,,0,0.036665893263287015,0.04946850220623769,0.043020286109475864
694,694,3,Shared_Core,Shared_Core,Shared_Core,Convergent,0.09184245086760182,0.001329285281156783,0.001329285281156783,,0,0.1644285950434122,0.1672391411548818,0.11377910503171502
695,695,3,Shared_Core,Shared_Core,Shared_Core,Divergent,0.08903720689310335,0.0012753195258044725,0.0012753195258044725,,0,0.08425913242922153,0.0779519349020737,0.06301098929659005
696,696,2,Shared_Core,Shared_Core,Shared_Core,Random,0.279723732911607,0.001249135263189776,0.001249135263189776,,0,0.020693240560775185,0.021283251094517477,0.03729007538548478
697,697,1,Condition_Biased,Biased_Random,Random,Random,0.23810048939692782,0.0013609804805554085,0.0013609804805554085,,0,0.030681599721067238,0.030028813905273264,0.049327760273295024
698,698,1,Condition_Biased,Biased_Random,Random,Random,0.25213583842294757,0.0011624915184121874,0.0011624915184121874,,0,0.026546816778495724,0.037882015168971835,0.0539360312035396
699,699,2,Shared_Core,Shared_Core,Shared_Core,Convergent,0.10045865789320205,0.0011940038608841358,0.0011940038608841358,,0,0.03673368294957121,0.04427521996614006,0.03564957380368714
700,700,1,Condition_Biased,Biased_Divergent,Divergent,Divergent,0.19013223487016606,0.0013443401245367456,0.0013443401245367456,,0,0.1181737688051943,0.10050493302858537,0.06032614646819494
701,701,1,Condition_Biased,Biased_Divergent,Divergent,Divergent,0.47227979381125185,0.0013829741832833147,0.0013829741832833147,,0,0.15185436776766378,0.08035208090165581,0.028508501992161785
702,702,1,Condition_Biased,Biased_Divergent,Divergent,Divergent,0.36585945348643734,0.0014706543147316416,0.0014706543147316416,,0,0.1575398017755813,0.09059703226026954,0.05568796908482909
703,703,2,Shared_Core,Shared_Core,Shared_Core,Divergent,0.2786152725407682,0.0014477137867372732,0.0014477137867372732,,0,0.14899032140426613,0.10027151128919849,0.067846834718708
704,704,1,Condition_Biased,Biased_Random,Random,Convergent,0.13409302185492689,0.001299949297772568,0.001299949297772568,,0,0.02425107785640476,0.030035211685609225,0.02161411818538216
705,705,1,Condition_Biased,Biased_Divergent,Divergent,Divergent,0.2375384599640147,0.0012743126946372558,0.0012743126946372558,,0,0.044396000603834786,0.02638137911321127,0.02832438412033731
706,706,2,Shared_Core,Shared_Core,Shared_Core,Random,0.2175520864812278,0.00145596317924394,0.00145596317924394,,0,0.07655688300882102,0.05023169707049403,0.09864663037042769
707,707,2,Shared_Core,Shared_Core,Shared_Core,Random,0.3136879060011339,0.0014299955191133,0.0014299955191133,,0,0.07347918747935767,0.04899027925638253,0.11721100262735808
708,708,3,Shared_Core,Shared_Core,Shared_Core,Random,0.22685624664190895,0.0012995401569466194,0.0012995401569466194,,0,0.06166749391436516,0.04522074769626845,0.08480732486258069
709,709,1,Condition_Biased,Biased_Random,Random,Divergent,0.032888409064223786,0.001268879977220924,0.001268879977220924,,0,0.048841279436960636,0.047719327351677485,0.04374257123304738
710,710,1,Condition_Biased,Biased_Divergent,Divergent,Random,0.31444102047934885,0.0013993591935820362,0.0013993591935820362,,0,0.06297682384565595,0.04056189393308776,0.0992588106365431
711,711,2,Shared_Core,Shared_Core,Shared_Core,Divergent,0.15649216591154524,0.00152565406015995,0.00152565406015995,,1,0.1157777084453499,0.07854097475820597,0.0903480276317587
712,712,1,Condition_Biased,Biased_Divergent,Divergent,Divergent,0.1521652649014529,0.0015269186769492336,0.0015269186769492336,,1,0.07823010042612537,0.055618668824695704,0.05951446092997988
713,713,1,Condition_Biased,Biased_Convergent,Convergent,Convergent,0.5392172359852433,0.001393029921160684,0.001393029921160684,,0,0.0432639395657145,0.09011091916053965,0.010687585180026613
714,714,1,Condition_Biased,Biased_Random,Random,Divergent,0.12824457510589402,0.0014699122756860659,0.0014699122756860659,,0,0.1096683856264646,0.07452468514409766,0.09494922542205406
715,715,1,Condition_Biased,Biased_Convergent,Convergent,Convergent,0.5345138117798498,0.0012981382521054332,0.0012981382521054332,,0,0.04607641452170311,0.09218281195961942,0.009849867051733392
716,716,1,Condition_Biased,Biased_Convergent,Convergent,Convergent,0.5231339624622129,0.0013310308428252397,0.0013310308428252397,,0,0.04164632215498038,0.08518503263200584,0.011693502140660134
717,717,2,Shared_Core,Shared_Core,Shared_Core,Convergent,0.13867271429841554,0.0012292545646371055,0.0012292545646371055,,0,0.02986853039026291,0.03250878647361931,0.01931277423402265
718,718,1,Condition_Biased,Biased_Random,Random,Convergent,0.12428263975536169,0.0011956728189687856,0.0011956728189687856,,0,0.03249127001486289,0.03418541151951258,0.020763591842888486
719,719,1,Condition_Biased,Biased_Random,Random,Divergent,0.11874864177004552,0.0011748209585033286,0.0011748209585033286,,0,0.0347918475663803,0.03288061261464357,0.021931275915694496
720,720,1,Condition_Biased,Biased_Random,Random,Convergent,0.21792995274592153,0.001237862156396287,0.001237862156396287,,0,0.031587966702449226,0.04646768227045299,0.028088671328972966
721,721,1,Condition_Biased,Biased_Random,Random,Convergent,0.24808232122735557,0.001275696186488981,0.001275696186488981,,0,0.03333033934913943,0.04790314497175621,0.024388964834903912
722,722,1,Condition_Biased,Biased_Random,Random,Convergent,0.23929374522803282,0.0013142229098233587,0.0013142229098233587,,0,0.03178042945655162,0.04401015455981618,0.022248407493212392
723,723,1,Condition_Biased,Biased_Random,Random,Convergent,0.219967891513053,0.0013976701576238306,0.0013976701576238306,,0,0.02932808045374513,0.0395227667728537,0.021212638385357366
724,724,2,Shared_Core,Shared_Core,Shared_Core,Divergent,0.06898246803795433,0.0012994184104181928,0.0012994184104181928,,0,0.03942740666814179,0.031658518693153885,0.037019140567512265
725,725,1,Condition_Biased,Biased_Random,Random,Convergent,0.03935111053726569,0.0013575872672605587,0.0013575872672605587,,0,0.026299203796802787,0.027971236650663162,0.02540716790549812
