neuron_local_idx,neuron_global_idx,membership_count,coarse_overlap,detail_overlap,rr_label_single,preferred_class,selectivity_index,decoder_importance,ablation_effect_proxy,ablation_drop_actual,is_important_neuron,resp_Divergent,resp_Convergent,resp_Random
0,0,1,Condition_Biased,Biased_Divergent,Divergent,Divergent,0.2122927456309822,0.0012767881707620185,0.0012767881707620185,,0,0.03302384016877681,0.021911319970312686,0.021004252298193617
1,1,1,Condition_Biased,Biased_Divergent,Divergent,Divergent,0.4185691838937179,0.0013788118275487344,0.0013788118275487344,,0,0.0939396490101461,0.05329591323420204,0.02371042161140331
2,2,1,Condition_Biased,Biased_Divergent,Divergent,Divergent,0.2503056625364068,0.0013395569963509176,0.0013395569963509176,,0,0.04593004067009561,0.02661895492693057,0.02846116258567849
3,3,1,Condition_Biased,Biased_Divergent,Divergent,Divergent,0.49999464787591263,0.0012286013273643548,0.0012286013273643548,,0,0.10703496460521979,0.04771305635982604,0.023644605138909446
4,4,1,Condition_Biased,Biased_Divergent,Divergent,Divergent,0.3022952290685354,0.0011462602250656053,0.0011462602250656053,,0,0.032557296517388847,0.025391145246701215,0.009494003069103342
5,5,1,Condition_Biased,Biased_Divergent,Divergent,Divergent,0.2249044649118054,0.0013296652222548628,0.0013296652222548628,,0,0.02639911829853657,0.01792010572646652,0.015489583452369353
6,6,2,Shared_Core,Shared_Core,Shared_Core,Random,0.10021330691985704,0.0014049682355488531,0.0014049682355488531,,0,0.07477589416756202,0.06294409234311667,0.08419849001622015
7,7,2,Shared_Core,Shared_Core,Shared_Core,Divergent,0.0725035297891425,0.0014961868926501606,0.0014961868926501606,,0,0.1665387898979206,0.1425872748331712,0.1454567930754996
8,8,2,Shared_Core,Shared_Core,Shared_Core,Divergent,0.03820387383276711,0.001462585994537199,0.001462585994537199,,0,0.17680884209811373,0.1558366128419702,0.17175619178559892
9,9,1,Condition_Biased,Biased_Convergent,Convergent,Convergent,0.47220073607989344,0.0016467746151414895,0.0016467746151414895,,1,0.0344750940720871,0.04896248474314406,0.0006320251859435739
10,10,1,Condition_Biased,Biased_Convergent,Convergent,Convergent,0.4517480401841675,0.001681041113729337,0.001681041113729337,0.0,1,0.04777561613018551,0.06325390711762346,0.0
11,11,1,Condition_Biased,Biased_Random,Random,Convergent,0.29831855797154955,0.0015067338391898093,0.0015067338391898093,,0,0.01999498167070289,0.03693929715249855,0.019932999230502534
12,12,1,Condition_Biased,Biased_Convergent,Convergent,Convergent,0.14716309804743571,0.0019510770548644188,0.0019510770548644188,0.007751937984496027,1,0.093863050142924,0.10314031738603303,0.05949242109822672
13,13,1,Condition_Biased,Biased_Convergent,Convergent,Convergent,0.13462070413344038,0.002065987675462907,0.002065987675462907,0.0,1,0.11145943553044052,0.1170551064717877,0.06709726671724356
14,14,1,Condition_Biased,Biased_Convergent,Convergent,Convergent,0.4540994348402255,0.0014380341278747337,0.0014380341278747337,,0,0.026639490610077268,0.04344190824944694,0.005978584462820098
15,15,1,Condition_Biased,Biased_Convergent,Convergent,Convergent,0.6070369525675474,0.001338411819515266,0.001338411819515266,,0,0.027759336555997532,0.06922737225420303,0.006096511155135872
16,16,2,Shared_Core,Shared_Core,Shared_Core,Convergent,0.37411582199515164,0.0013018416772497847,0.0013018416772497847,,0,0.015544858613610761,0.019272569848039933,0.002011735006704811
17,17,3,Shared_Core,Shared_Core,Shared_Core,Convergent,0.23896404116675538,0.0015317183914173626,0.0015317183914173626,,0,0.05183586917778171,0.09664455766009318,0.06689232818840087
18,18,3,Shared_Core,Shared_Core,Shared_Core,Convergent,0.10333880131698883,0.0013780420236215298,0.0013780420236215298,,0,0.02966004095370413,0.04655433705428968,0.046007501268254
19,19,2,Shared_Core,Shared_Core,Shared_Core,Divergent,0.5131173850901273,0.0012827415993846992,0.0012827415993846992,,0,0.03972214458894635,0.024352923467721756,0.0012102242660268334
20,20,3,Shared_Core,Shared_Core,Shared_Core,Random,0.16553228468798264,0.001396602968482056,0.001396602968482056,,0,0.02846884167206193,0.04729024870614815,0.052907778260608516
21,21,2,Shared_Core,Shared_Core,Shared_Core,Convergent,0.1711282336511411,0.0013565051756644483,0.0013565051756644483,,0,0.025038904165504156,0.04036133362899056,0.032092960536942
22,22,1,Condition_Biased,Biased_Convergent,Convergent,Convergent,0.6864453323736867,0.0013821515856934595,0.0013821515856934595,,0,0.031122271188352472,0.10111196157061034,0.006476489819817303
23,23,1,Condition_Biased,Biased_Convergent,Convergent,Convergent,0.5782431918702219,0.001380093721363916,0.001380093721363916,,0,0.04611955432309991,0.12595822386074443,0.0212005376960187
24,24,1,Condition_Biased,Biased_Divergent,Divergent,Divergent,0.49846804313707327,0.001168346550002135,0.001168346550002135,,0,0.034640211441982836,0.02110302639886032,0.002084886229257713
25,25,3,Shared_Core,Shared_Core,Shared_Core,Random,0.20081046067217126,0.0013726813321641024,0.0013726813321641024,,0,0.041522434040430996,0.06323629752774765,0.07870184388300476
26,26,1,Condition_Biased,Biased_Divergent,Divergent,Divergent,0.4223274397111536,0.0013269503167386123,0.0013269503167386123,,0,0.030281606302769097,0.018343184822918596,0.006254320018455502
27,27,1,Condition_Biased,Biased_Random,Random,Random,0.24287985780892807,0.0016489799741784678,0.0016489799741784678,,1,0.06448664967581709,0.059619551813985046,0.10186566798695067
28,28,3,Shared_Core,Shared_Core,Shared_Core,Divergent,0.35568567854461713,0.0013661283810182418,0.0013661283810182418,,0,0.054513893709838314,0.03704995949551262,0.014767483133071847
29,29,1,Condition_Biased,Biased_Random,Random,Random,0.37654471283935803,0.0013003569553357072,0.0013003569553357072,,0,0.022454606260729846,0.052209167464359385,0.0824261379117767
30,30,2,Shared_Core,Shared_Core,Shared_Core,Random,0.2533490089816586,0.0013674836595940956,0.0013674836595940956,,0,0.029531342376555716,0.05529758433165314,0.07119809154623238
31,31,1,Condition_Biased,Biased_Divergent,Divergent,Divergent,0.7444981123201014,0.0012172637783056828,0.0012172637783056828,,0,0.13950463843645242,0.00875464793261107,0.032109481650729514
32,32,3,Shared_Core,Shared_Core,Shared_Core,Convergent,0.263362175464749,0.00130679933054628,0.00130679933054628,,0,0.02580958977341652,0.041144353014559626,0.022171087952893832
33,33,1,Condition_Biased,Biased_Divergent,Divergent,Convergent,0.17178132016410325,0.0014444771217291036,0.0014444771217291036,,0,0.02214768027798051,0.02224802055924728,0.00930225991015864
34,34,3,Shared_Core,Shared_Core,Shared_Core,Random,0.09571876172032408,0.0017021011719025108,0.0017021011719025108,0.0,1,0.08229836859991627,0.06079715257930057,0.08669451528856921
35,35,3,Shared_Core,Shared_Core,Shared_Core,Random,0.13821165392504797,0.0016842571344491673,0.0016842571344491673,0.0,1,0.0774487243403518,0.05928573008995872,0.09029638787457185
36,36,3,Shared_Core,Shared_Core,Shared_Core,Random,0.12383013066236853,0.0013921085401086572,0.0013921085401086572,,0,0.059197927790659445,0.04646567670997601,0.06776536526086256
37,37,3,Shared_Core,Shared_Core,Shared_Core,Random,0.16658984047632452,0.001531515367589844,0.001531515367589844,,0,0.061176144394767346,0.04389189976594738,0.07353600833651631
38,38,1,Condition_Biased,Biased_Divergent,Divergent,Divergent,0.35031161878855765,0.0012740552004886219,0.0012740552004886219,,0,0.12843462587063195,0.0680634091369103,0.055526557818863745
39,39,1,Condition_Biased,Biased_Divergent,Divergent,Divergent,0.3692756193965071,0.0013327952639265823,0.0013327952639265823,,0,0.06700775472733078,0.030078270027900603,0.03165280003129512
40,40,1,Condition_Biased,Biased_Divergent,Divergent,Divergent,0.43369562472550377,0.0012319685340262728,0.0012319685340262728,,0,0.20193540135388652,0.09047001110272365,0.06905743577914644
41,41,2,Shared_Core,Shared_Core,Shared_Core,Divergent,0.4227188569607865,0.001367422996877577,0.001367422996877577,,0,0.08543884335332132,0.03928982873388508,0.030045350046120873
42,42,3,Shared_Core,Shared_Core,Shared_Core,Convergent,0.034062263747452776,0.0013520809419604284,0.0013520809419604284,,0,0.04790057986481953,0.048240331878365426,0.04222389059357865
43,43,3,Shared_Core,Shared_Core,Shared_Core,Convergent,0.05079732960779497,0.001342394113100808,0.001342394113100808,,0,0.0441363077048981,0.04558601406579082,0.03822089870308721
44,44,3,Shared_Core,Shared_Core,Shared_Core,Convergent,0.060272055319536694,0.0013545504490066564,0.0013545504490066564,,0,0.03798203537408164,0.043159160956002036,0.038522611552661706
45,45,1,Condition_Biased,Biased_Divergent,Divergent,Convergent,0.19435228885349065,0.0013195009626671445,0.0013195009626671445,,0,0.02280261028445912,0.023422058956982853,0.00879598648626675
46,46,1,Condition_Biased,Biased_Convergent,Convergent,Convergent,0.05457246090726477,0.001296482970361284,0.001296482970361284,,0,0.025252882061062982,0.031167602263021846,0.030630825506162272
47,47,1,Condition_Biased,Biased_Divergent,Divergent,Divergent,0.3282777916424517,0.0012181030029005978,0.0012181030029005978,,0,0.06875539077298036,0.05837307884232015,0.011167379060052624
48,48,1,Condition_Biased,Biased_Divergent,Divergent,Divergent,0.3518547188542831,0.0011517041397665483,0.0011517041397665483,,0,0.07015449619512,0.05844100298745944,0.008829991484797278
49,49,1,Condition_Biased,Biased_Divergent,Divergent,Divergent,0.35716656856610957,0.0011442096996885866,0.0011442096996885866,,0,0.09753817948635923,0.0816975356654373,0.010702032769142195
50,50,1,Condition_Biased,Biased_Divergent,Divergent,Divergent,0.7974444333741154,0.0013409713489689478,0.0013409713489689478,,0,0.15025955443541525,0.02220231605492331,0.011663442044410595
51,51,2,Shared_Core,Shared_Core,Shared_Core,Divergent,0.7857116188593897,0.001335245107975326,0.001335245107975326,,0,0.13787512022942777,0.020200555672164302,0.01288993441673039
52,52,1,Condition_Biased,Biased_Divergent,Divergent,Divergent,0.3900731919915911,0.0013280791035619813,0.0013280791035619813,,0,0.027313263860171435,0.0193136426838333,0.004655011539715667
53,53,2,Shared_Core,Shared_Core,Shared_Core,Random,0.0691250941800971,0.0014755784268083378,0.0014755784268083378,,0,0.0247319076738749,0.02520834477744191,0.02867859944000898
54,54,1,Condition_Biased,Biased_Divergent,Divergent,Divergent,0.4196114059158637,0.0013585342380804878,0.0013585342380804878,,0,0.03282427171580296,0.020263799499753897,0.006575704371744348
55,55,2,Shared_Core,Shared_Core,Shared_Core,Divergent,0.6739171620864807,0.001350211814246032,0.001350211814246032,,0,0.11156931179748089,0.02217923159509696,0.021288675465440565
56,56,1,Condition_Biased,Biased_Divergent,Divergent,Divergent,0.4555039932521459,0.0012948674877757448,0.0012948674877757448,,0,0.03454544023911237,0.019101228682441754,0.006745288191839706
57,57,1,Condition_Biased,Biased_Divergent,Divergent,Divergent,0.36189085146304206,0.0012714927038896444,0.0012714927038896444,,0,0.02208203228594607,0.0151100095785181,0.005582906897793445
58,58,1,Condition_Biased,Biased_Divergent,Divergent,Divergent,0.4157596606872356,0.0012364664848673863,0.0012364664848673863,,0,0.027935501619207638,0.015338988412540775,0.0077172511423280995
59,59,1,Condition_Biased,Biased_Convergent,Convergent,Convergent,0.24626935625240498,0.001365663808988095,0.001365663808988095,,0,0.030976727538342987,0.07980716229166819,0.06555634295358503
60,60,1,Condition_Biased,Biased_Divergent,Divergent,Divergent,0.35956854610318834,0.0015542397823618509,0.0015542397823618509,,1,0.04902632357109161,0.03788602731383599,0.00830215462591759
61,61,3,Shared_Core,Shared_Core,Shared_Core,Divergent,0.10551436268905075,0.0016473063404115651,0.0016473063404115651,,1,0.035591410519801595,0.033833024641582825,0.023761895145903263
62,62,3,Shared_Core,Shared_Core,Shared_Core,Convergent,0.15117942541612175,0.0014186934830131578,0.0014186934830131578,,0,0.027723785633930846,0.036599717268653145,0.026249717289307552
63,63,1,Condition_Biased,Biased_Divergent,Divergent,Divergent,0.450486480488626,0.0013835497421266314,0.0013835497421266314,,0,0.04322220379161456,0.019538720557885664,0.013210547560927018
64,64,1,Condition_Biased,Biased_Random,Random,Divergent,0.08030684859218583,0.0011390607985154386,0.0011390607985154386,,0,0.03641861217421672,0.0338508910038047,0.028157321281384592
65,65,3,Shared_Core,Shared_Core,Shared_Core,Divergent,0.12055788111837464,0.0017235336198932745,0.0017235336198932745,0.007751937984496027,1,0.03561384555644716,0.03494821872083923,0.02095307174405848
66,66,3,Shared_Core,Shared_Core,Shared_Core,Convergent,0.1886392225595431,0.001363784444144005,0.001363784444144005,,0,0.027414817895208086,0.03676360646086569,0.022774588197556345
67,67,3,Shared_Core,Shared_Core,Shared_Core,Divergent,0.03216612962435272,0.0011719684032336002,0.0011719684032336002,,0,0.09234583145253873,0.08813888676934414,0.08504141997112784
68,68,3,Shared_Core,Shared_Core,Shared_Core,Divergent,0.0879222380278532,0.0012150998629618412,0.0012150998629618412,,0,0.12012785170522947,0.1097305876681128,0.09169179033632427
69,69,1,Condition_Biased,Biased_Random,Random,Random,0.02614592707907261,0.0014756023516051763,0.0014756023516051763,,0,0.08429542160839355,0.08827841477070071,0.09092016157499233
70,70,1,Condition_Biased,Biased_Random,Random,Convergent,0.03585824560943861,0.0015692063931665508,0.0015692063931665508,,1,0.07229597036475463,0.07696289555505254,0.0709729401409164
71,71,3,Shared_Core,Shared_Core,Shared_Core,Random,0.10752083102974085,0.0014529143378824952,0.0014529143378824952,,0,0.03488951520600095,0.036748833654381266,0.04444975660059803
72,72,1,Condition_Biased,Biased_Divergent,Divergent,Convergent,0.25727281426918436,0.00130452897441452,0.00130452897441452,,0,0.02477577164591778,0.03421367611316545,0.015647320437800975
73,73,1,Condition_Biased,Biased_Convergent,Convergent,Convergent,0.28033516113926693,0.0018012933263481877,0.0018012933263481877,0.007751937984496027,1,0.038796070242478026,0.06624072610593594,0.035670558380526164
74,74,3,Shared_Core,Shared_Core,Shared_Core,Convergent,0.08678034426284441,0.0015732814388571903,0.0015732814388571903,,1,0.02773921796312881,0.0327675956813199,0.02732989072164362
75,75,2,Shared_Core,Shared_Core,Shared_Core,Convergent,0.31183088837809614,0.0017921246278628069,0.0017921246278628069,0.007751937984496027,1,0.13886963944172576,0.27897163495203264,0.15382001117276128
76,76,2,Shared_Core,Shared_Core,Shared_Core,Convergent,0.3048993009523239,0.0013421394531135888,0.0013421394531135888,,0,0.027973890894033487,0.03600403193073968,0.010383747500013705
77,77,3,Shared_Core,Shared_Core,Shared_Core,Convergent,0.24803490730328928,0.0017116410423533646,0.0017116410423533646,0.007751937984496027,1,0.10734635839366881,0.1773751058892624,0.10639748348341893
78,78,3,Shared_Core,Shared_Core,Shared_Core,Convergent,0.1639621449433989,0.0015748366981134562,0.0015748366981134562,,1,0.03731968673192477,0.04539364009785155,0.027889996702068074
79,79,2,Shared_Core,Shared_Core,Shared_Core,Convergent,0.3213700075734773,0.0016530744752956924,0.0016530744752956924,,1,0.225642368601507,0.45531379961752677,0.24203829406652339
80,80,2,Shared_Core,Shared_Core,Shared_Core,Convergent,0.2867302562206862,0.0016821603162171786,0.0016821603162171786,0.007751937984496027,1,0.13549750634203,0.2413240623899509,0.13204753865278507
81,81,2,Shared_Core,Shared_Core,Shared_Core,Convergent,0.0479239547031484,0.0015508003465130678,0.0015508003465130678,,1,0.022837686418954815,0.02666235556784044,0.02560970317139182
82,82,1,Condition_Biased,Biased_Divergent,Divergent,Divergent,0.4159621419413811,0.0012445341521863224,0.0012445341521863224,,0,0.14027971601872533,0.04727711693828439,0.06844443019277366
83,83,2,Shared_Core,Shared_Core,Shared_Core,Divergent,0.4179074258903143,0.001181666552828977,0.001181666552828977,,0,0.07883213775813895,0.029288452648272453,0.0354373554713562
84,84,2,Shared_Core,Shared_Core,Shared_Core,Divergent,0.39075582885398147,0.001284819166844893,0.001284819166844893,,0,0.0835651552955073,0.029450900116431956,0.043763366137999436
85,85,1,Condition_Biased,Biased_Divergent,Divergent,Divergent,0.4481135663417031,0.0012169346827234527,0.0012169346827234527,,0,0.17122413779771517,0.05451296339113567,0.07599652282778145
86,86,1,Condition_Biased,Biased_Divergent,Divergent,Divergent,0.44783239703489186,0.001180648211540092,0.001180648211540092,,0,0.19990863907274115,0.066582675870122,0.08589778288245895
87,87,1,Condition_Biased,Biased_Convergent,Convergent,Convergent,0.15195049613502373,0.0013915938273124425,0.0013915938273124425,,0,0.03063201041961158,0.031822215860105446,0.016222111285165992
88,88,1,Condition_Biased,Biased_Convergent,Convergent,Convergent,0.3793896871669276,0.0014831739189894177,0.0014831739189894177,,0,0.013915010929974929,0.042367547314177766,0.02420871442025022
89,89,1,Condition_Biased,Biased_Convergent,Convergent,Convergent,0.4350820565225126,0.0011004740314173845,0.0011004740314173845,,0,0.027464010925204667,0.044870571925531365,0.007862458525355472
90,90,1,Condition_Biased,Biased_Random,Random,Random,0.418370941398303,0.0011874902172829855,0.0011874902172829855,,0,0.04451166446907101,0.03309063997690205,0.09462117821035922
91,91,1,Condition_Biased,Biased_Random,Random,Random,0.42481297384324485,0.001246643027036038,0.001246643027036038,,0,0.04055374771080635,0.029229329617878608,0.08643087327422559
92,92,1,Condition_Biased,Biased_Random,Random,Random,0.43567573353870787,0.0012176260084799566,0.0012176260084799566,,0,0.05297483988697567,0.03758875905695531,0.11519969020818555
93,93,1,Condition_Biased,Biased_Random,Random,Random,0.32956347014707427,0.0013515976809607758,0.0013515976809607758,,0,0.04050811947996004,0.02770448636330731,0.06763726683665616
94,94,1,Condition_Biased,Biased_Random,Random,Random,0.18236742273890064,0.0012254917150458615,0.0012254917150458615,,0,0.028436684934175994,0.01399450723987979,0.030679586852445852
95,95,1,Condition_Biased,Biased_Convergent,Convergent,Divergent,0.15750161527993167,0.001351073153104248,0.001351073153104248,,0,0.029058144365008625,0.02589318671511268,0.016407297996356505
96,96,2,Shared_Core,Shared_Core,Shared_Core,Divergent,0.1720820793971525,0.0012896483153180588,0.0012896483153180588,,0,0.030020506939205226,0.014797520632897545,0.027613358463832113
97,97,1,Condition_Biased,Biased_Divergent,Divergent,Divergent,0.27549334508919815,0.0015012847290874882,0.0015012847290874882,,0,0.02905732805707625,0.013960644212626928,0.019049684899721957
98,98,1,Condition_Biased,Biased_Divergent,Divergent,Divergent,0.21725892264193583,0.0012226975829853568,0.0012226975829853568,,0,0.03422628499311272,0.024614727879698213,0.019402725910840107
99,99,2,Shared_Core,Shared_Core,Shared_Core,Divergent,0.12353953230275233,0.0013507397642883955,0.0013507397642883955,,0,0.04762215071441556,0.033332534755269684,0.04096646637063791
100,100,1,Condition_Biased,Biased_Convergent,Convergent,Convergent,0.3119161374536779,0.0011175462160908575,0.0011175462160908575,,0,0.05409180774062714,0.08348181833689278,0.033478564135152704
101,101,1,Condition_Biased,Biased_Convergent,Convergent,Convergent,0.49690920756153023,0.0012814238248383184,0.0012814238248383184,,0,0.028492758572890013,0.05841203955702719,0.010770222935609
102,102,1,Condition_Biased,Biased_Convergent,Convergent,Convergent,0.5068144822533511,0.0012966902125414246,0.0012966902125414246,,0,0.041555154708918754,0.08618621623588239,0.014862930167524158
103,103,1,Condition_Biased,Biased_Convergent,Convergent,Convergent,0.5601741496787007,0.0012551347268767979,0.0012551347268767979,,0,0.03687469762621851,0.08737237802874465,0.012387277991619221
104,104,1,Condition_Biased,Biased_Convergent,Convergent,Convergent,0.5542870575208908,0.0012332331924028446,0.0012332331924028446,,0,0.03768987663918071,0.08848883463321505,0.013060875828991564
105,105,1,Condition_Biased,Biased_Convergent,Convergent,Convergent,0.503935507173389,0.0012217116898589225,0.0012217116898589225,,0,0.036604363600619964,0.08593142700071137,0.02008361211263163
106,106,1,Condition_Biased,Biased_Random,Random,Random,0.4035269642580274,0.0013911540566907646,0.0013911540566907646,,0,0.025861935374676865,0.053365775371423445,0.09321312254381388
107,107,1,Condition_Biased,Biased_Random,Random,Random,0.45376706367678793,0.0014323880744310027,0.0014323880744310027,,0,0.037295876878988804,0.08943406527710927,0.168642170434861
108,108,1,Condition_Biased,Biased_Random,Random,Random,0.3966996679351877,0.001383532235805231,0.001383532235805231,,0,0.030556534737269714,0.06399821646003942,0.10945177930515519
109,109,1,Condition_Biased,Biased_Convergent,Convergent,Convergent,0.14425205223259588,0.0015113416498760965,0.0015113416498760965,,0,0.05702922595221372,0.0571138586614046,0.028397874209972085
110,110,1,Condition_Biased,Biased_Divergent,Divergent,Convergent,0.2318567857138776,0.0012085306339556278,0.0012085306339556278,,0,0.06377941277370881,0.0753316108689883,0.030168952622501424
111,111,2,Shared_Core,Shared_Core,Shared_Core,Convergent,0.31443366065839073,0.0011526065994805015,0.0011526065994805015,,0,0.07915189219195218,0.0904618952389773,0.015212140356500944
112,112,2,Shared_Core,Shared_Core,Shared_Core,Convergent,0.27342934250963447,0.0011609301393312344,0.0011609301393312344,,0,0.08695929076660562,0.09079316063775672,0.01664700165621994
113,113,2,Shared_Core,Shared_Core,Shared_Core,Convergent,0.2925037506117035,0.0013418323501967074,0.0013418323501967074,,0,0.04013101814718789,0.04653511349078234,0.010814162079504756
114,114,2,Shared_Core,Shared_Core,Shared_Core,Divergent,0.4072777777218027,0.001211258263690868,0.001211258263690868,,0,0.0838623600593083,0.05108981882641511,0.019553070880703686
115,115,1,Condition_Biased,Biased_Divergent,Divergent,Divergent,0.3880680280813517,0.0011946451946240062,0.0011946451946240062,,0,0.12866431935912087,0.0766284882556647,0.03681524658698387
116,116,1,Condition_Biased,Biased_Divergent,Divergent,Divergent,0.40044047691915025,0.0012345297642800122,0.0012345297642800122,,0,0.14899626806398075,0.08793117392489368,0.03964601752759759
117,117,1,Condition_Biased,Biased_Convergent,Convergent,Convergent,0.5452103584593205,0.001230568508100382,0.001230568508100382,,0,0.03951236922491007,0.07896758774809355,0.006971451865379201
118,118,1,Condition_Biased,Biased_Random,Random,Random,0.20987935373118544,0.0014844501983089415,0.0014844501983089415,,0,0.04302361989443106,0.021265043516282563,0.04922129734700849
119,119,1,Condition_Biased,Biased_Random,Random,Random,0.15957686924433534,0.0014284709425375342,0.0014284709425375342,,0,0.041219675694173445,0.023437963467225566,0.04460580631830664
120,120,1,Condition_Biased,Biased_Convergent,Convergent,Convergent,0.3400484406239961,0.0013459132187514974,0.0013459132187514974,,0,0.03380310776884909,0.05321637587621808,0.01861325148926225
121,121,1,Condition_Biased,Biased_Divergent,Divergent,Divergent,0.3584375068906703,0.0011379739912153982,0.0011379739912153982,,0,0.11801156828059228,0.07280679610515903,0.038662146083837334
122,122,2,Shared_Core,Shared_Core,Shared_Core,Convergent,0.44200649356032495,0.0013680946160368713,0.0013680946160368713,,0,0.056393125589700444,0.07771588041791105,0.003752174467758037
123,123,1,Condition_Biased,Biased_Convergent,Convergent,Convergent,0.33964094355887686,0.0013714384051949898,0.0013714384051949898,,0,0.026885608613377722,0.036354258304109446,0.008955134873011316
124,124,1,Condition_Biased,Biased_Convergent,Convergent,Convergent,0.3531114628239475,0.0013494902011936469,0.0013494902011936469,,0,0.03045152748624484,0.04770919056357564,0.015165599174941926
125,125,1,Condition_Biased,Biased_Random,Random,Random,0.10118138490254222,0.0014253117695476475,0.0014253117695476475,,0,0.04639222954335825,0.030100605987549364,0.046857333142859066
126,126,1,Condition_Biased,Biased_Random,Random,Random,0.2912195642662031,0.0016253632684810134,0.0016253632684810134,,1,0.05801926168894011,0.025240869236153526,0.07583950159623641
127,127,1,Condition_Biased,Biased_Random,Random,Random,0.3041031449834692,0.0015347714647533305,0.0015347714647533305,,0,0.08262672196462671,0.03485636181525282,0.11008101124172062
128,128,1,Condition_Biased,Biased_Random,Random,Random,0.260424773798919,0.0014968338803174781,0.0014968338803174781,,0,0.07798212849431568,0.03506432799202902,0.09632999409538831
129,129,1,Condition_Biased,Biased_Random,Random,Random,0.25941055464673807,0.0015088728809314915,0.0015088728809314915,,0,0.05928439834209346,0.029005914792284235,0.07507111594196438
130,130,3,Shared_Core,Shared_Core,Shared_Core,Random,0.10231410773275433,0.0012172759669779201,0.0012172759669779201,,0,0.07216739850168033,0.06173297063539828,0.08221153256505034
131,131,2,Shared_Core,Shared_Core,Shared_Core,Divergent,0.13781459518580802,0.0012913141305397442,0.0012913141305397442,,0,0.03616757905751309,0.021310907364864875,0.03350146527062784
132,132,3,Shared_Core,Shared_Core,Shared_Core,Random,0.18536318590971593,0.0012093793520310742,0.0012093793520310742,,0,0.08387872448595113,0.06381973549975334,0.10745666906699654
133,133,3,Shared_Core,Shared_Core,Shared_Core,Random,0.08081678120219923,0.0014363263249142773,0.0014363263249142773,,0,0.028390258117012245,0.03454009132661127,0.03699816115806962
134,134,3,Shared_Core,Shared_Core,Shared_Core,Random,0.16256802062968076,0.0011865334682015886,0.0011865334682015886,,0,0.07593695728216694,0.05648273615552499,0.0919160628474729
135,135,3,Shared_Core,Shared_Core,Shared_Core,Random,0.17708220568383193,0.0011782749453544432,0.0011782749453544432,,0,0.06718237676889335,0.04906811580682794,0.08314098149191501
136,136,3,Shared_Core,Shared_Core,Shared_Core,Convergent,0.16576415966731556,0.0014724081587075334,0.0014724081587075334,,0,0.03447345320982908,0.05105269526609698,0.038594478726849075
137,137,3,Shared_Core,Shared_Core,Shared_Core,Random,0.24968535853995533,0.0014140880370662817,0.0014140880370662817,,0,0.06594860965445165,0.037409615637902335,0.08607406392982302
138,138,3,Shared_Core,Shared_Core,Shared_Core,Random,0.3027771339786013,0.0014194821467896543,0.0014194821467896543,,0,0.07701611479438802,0.03864614237603303,0.10805880820176514
139,139,3,Shared_Core,Shared_Core,Shared_Core,Convergent,0.24104423680872905,0.0014520999003206207,0.0014520999003206207,,0,0.05122014033613066,0.09747567662952451,0.06800159947701202
140,140,2,Shared_Core,Shared_Core,Shared_Core,Random,0.2764543649861281,0.0014243403210137237,0.0014243403210137237,,0,0.07720356085707271,0.040719183094732395,0.10401762789025065
141,141,1,Condition_Biased,Biased_Divergent,Divergent,Divergent,0.18675584877732312,0.0012277407605967906,0.0012277407605967906,,0,0.04060459547927455,0.027751526499569818,0.02789842006714307
142,142,1,Condition_Biased,Biased_Convergent,Convergent,Divergent,0.23027587257157442,0.0015673472496817158,0.0015673472496817158,,1,0.11046971966113363,0.08547864087462963,0.05275248349174973
143,143,2,Shared_Core,Shared_Core,Shared_Core,Divergent,0.2515548772335304,0.0015730860741203258,0.0015730860741203258,,1,0.12425077442454283,0.09302302812402313,0.0555839371946893
144,144,1,Condition_Biased,Biased_Divergent,Divergent,Divergent,0.35241911791537844,0.0012870189908231345,0.0012870189908231345,,0,0.08372529386665928,0.061570268686491625,0.01861034830772253
145,145,2,Shared_Core,Shared_Core,Shared_Core,Divergent,0.3665232483926237,0.0011606856850638894,0.0011606856850638894,,0,0.0885242195849223,0.06228016176038665,0.019793868267027906
146,146,2,Shared_Core,Shared_Core,Shared_Core,Divergent,0.392718450094235,0.0012256902828999719,0.0012256902828999719,,0,0.08882474424760967,0.06488895269010116,0.012573406414323769
147,147,1,Condition_Biased,Biased_Convergent,Convergent,Convergent,0.20310629423366744,0.001332744072522932,0.001332744072522932,,0,0.029374782300293053,0.036695305962820314,0.019236480882174747
148,148,1,Condition_Biased,Biased_Convergent,Convergent,Convergent,0.16622002219774343,0.0012768562429545745,0.0012768562429545745,,0,0.03567023016389203,0.0401544758718595,0.021746033257552127
149,149,2,Shared_Core,Shared_Core,Shared_Core,Convergent,0.08517082883091558,0.0013458576552571565,0.0013458576552571565,,0,0.015781351581964857,0.019915845708686625,0.017797871409778215
150,150,2,Shared_Core,Shared_Core,Shared_Core,Convergent,0.13282356526827116,0.0014954106890686782,0.0014954106890686782,,0,0.01493733086519771,0.020794070351487108,0.016898390678183516
151,151,1,Condition_Biased,Biased_Convergent,Convergent,Convergent,0.11526600529346594,0.0013387599255890504,0.0013387599255890504,,0,0.032274305566692,0.03345557515140254,0.020805918358901675
152,152,2,Shared_Core,Shared_Core,Shared_Core,Convergent,0.14332024586735773,0.0014340432874969124,0.0014340432874969124,,0,0.015777019469101948,0.022118576861569775,0.017369488792046327
153,153,3,Shared_Core,Shared_Core,Shared_Core,Divergent,0.07575181055126089,0.001367599148204223,0.001367599148204223,,0,0.0519211925356772,0.050315080408787204,0.038902651273118434
154,154,3,Shared_Core,Shared_Core,Shared_Core,Divergent,0.1002728960842381,0.0013326308191235568,0.0013326308191235568,,0,0.04320147813657525,0.04176638127191345,0.028887982653497263
155,155,3,Shared_Core,Shared_Core,Shared_Core,Divergent,0.0925044286086717,0.001407452824332516,0.001407452824332516,,0,0.0888780091923696,0.08003844386637882,0.06761569395488085
156,156,1,Condition_Biased,Biased_Divergent,Divergent,Divergent,0.24210742129452845,0.001319148126145531,0.001319148126145531,,0,0.12951449856713967,0.09645705487209934,0.061593811930150025
157,157,1,Condition_Biased,Biased_Random,Random,Random,0.4620396283415463,0.0014607299223414096,0.0014607299223414096,,0,0.06428738653034011,0.05122918092335264,0.15697234243067892
158,158,3,Shared_Core,Shared_Core,Shared_Core,Divergent,0.2373548540613913,0.0014779743923485581,0.0014779743923485581,,0,0.11701364212339281,0.09692969645146986,0.04731330042343962
159,159,3,Shared_Core,Shared_Core,Shared_Core,Divergent,0.08269031873812631,0.0012792431436022076,0.0012792431436022076,,0,0.07706989335122878,0.05771714269376553,0.07287783554011537
160,160,3,Shared_Core,Shared_Core,Shared_Core,Divergent,0.05245467869194751,0.0013796310490720605,0.0013796310490720605,,0,0.06980654747082443,0.05961869122577949,0.06607768086846484
161,161,1,Condition_Biased,Biased_Random,Random,Divergent,0.18652604336713433,0.0013204502943665508,0.0013204502943665508,,0,0.050321544791576724,0.030838148651627807,0.038162049656921576
162,162,3,Shared_Core,Shared_Core,Shared_Core,Convergent,0.43552781226798093,0.0015459299902155883,0.0015459299902155883,,1,0.04337382771902614,0.10756554327032587,0.04121911017469657
163,163,2,Shared_Core,Shared_Core,Shared_Core,Convergent,0.17669010466056737,0.0012096010539606177,0.0012096010539606177,,0,0.05858135003616255,0.0633527465958593,0.03007231155670313
164,164,3,Shared_Core,Shared_Core,Shared_Core,Convergent,0.4947460378308072,0.0014803966725889057,0.0014803966725889057,,0,0.027077466881434833,0.07468936899844725,0.0234155247877749
165,165,2,Shared_Core,Shared_Core,Shared_Core,Divergent,0.11451085170044764,0.001172524040839223,0.001172524040839223,,0,0.04985457791259423,0.04975444528401141,0.02946539841188017
166,166,1,Condition_Biased,Biased_Convergent,Convergent,Convergent,0.5939736420237927,0.0013820875412627418,0.0013820875412627418,,0,0.01991611114018178,0.04728109762072563,0.00417132840253586
167,167,1,Condition_Biased,Biased_Divergent,Divergent,Convergent,0.09056860274368685,0.0012163511861600887,0.0012163511861600887,,0,0.06328869206466214,0.06416184981227727,0.04372117522555266
168,168,1,Condition_Biased,Biased_Convergent,Convergent,Convergent,0.5507311057468146,0.0014294810624540478,0.0014294810624540478,,0,0.020248337703012917,0.04590815801576183,0.006352157137075136
169,169,2,Shared_Core,Shared_Core,Shared_Core,Convergent,0.12708841236591198,0.0012331929930858852,0.0012331929930858852,,0,0.06762770802354214,0.07209342960184356,0.04404266211095938
170,170,1,Condition_Biased,Biased_Convergent,Convergent,Convergent,0.5675701138009681,0.0011137514056238501,0.0011137514056238501,,0,0.00756299873153684,0.03354470149890797,0.010944283747857855
171,171,1,Condition_Biased,Biased_Divergent,Divergent,Divergent,0.07424768829016722,0.0012612383530957736,0.0012612383530957736,,0,0.06136570167456749,0.06062710434953506,0.0451388950640148
172,172,1,Condition_Biased,Biased_Convergent,Convergent,Convergent,0.33278594150339386,0.001586982099659348,0.001586982099659348,,1,0.023194126750308054,0.031453481153794774,0.008298109415485415
173,173,1,Condition_Biased,Biased_Divergent,Divergent,Convergent,0.27241656575381223,0.0012722642254336947,0.0012722642254336947,,0,0.060300048322431625,0.06311167985502933,0.01187602043613907
174,174,1,Condition_Biased,Biased_Convergent,Convergent,Divergent,0.27999193156908386,0.0013553221526488774,0.0013553221526488774,,0,0.046477767340740356,0.044886306301598344,0.007402097495893638
175,175,1,Condition_Biased,Biased_Convergent,Convergent,Convergent,0.2946431471699139,0.0013958188166110757,0.0013958188166110757,,0,0.03575740664921425,0.04302239312784042,0.01112213677387367
176,176,1,Condition_Biased,Biased_Random,Random,Divergent,0.09677059323922804,0.0014061193891999066,0.0014061193891999066,,0,0.04447402038103925,0.03396004563625399,0.03929181449302985
177,177,1,Condition_Biased,Biased_Convergent,Convergent,Random,0.14842230154549957,0.0013503608823946232,0.0013503608823946232,,0,0.10434740543409828,0.1409232163453592,0.16538376502634944
178,178,1,Condition_Biased,Biased_Convergent,Convergent,Random,0.1124507508334974,0.0013926023663607117,0.0013926023663607117,,0,0.1123789261937851,0.1489619056165621,0.16378178723271966
179,179,1,Condition_Biased,Biased_Convergent,Convergent,Convergent,0.08339310535246297,0.0014443162834503272,0.0014443162834503272,,0,0.1169027920575842,0.1526693126002142,0.14142955995576326
180,180,1,Condition_Biased,Biased_Divergent,Divergent,Divergent,0.20338246947478592,0.0014316584561757729,0.0014316584561757729,,0,0.09896177391487139,0.09866828369060615,0.03235354179213213
181,181,1,Condition_Biased,Biased_Random,Random,Random,0.08603714586615743,0.0012187198918150574,0.0012187198918150574,,0,0.03141059104363045,0.03813892146698325,0.04132189493366452
182,182,1,Condition_Biased,Biased_Divergent,Divergent,Convergent,0.34253576957855253,0.001461371579775788,0.001461371579775788,,0,0.03357812714708782,0.0425965443205273,0.00814248077199585
183,183,2,Shared_Core,Shared_Core,Shared_Core,Convergent,0.21278646606440582,0.0012634132976672766,0.0012634132976672766,,0,0.05099947576499766,0.058724237519142276,0.025235732721323654
184,184,2,Shared_Core,Shared_Core,Shared_Core,Convergent,0.1875556377192662,0.0011801239339392004,0.0011801239339392004,,0,0.058822715849610706,0.06060404582305702,0.024099572245825745
185,185,1,Condition_Biased,Biased_Divergent,Divergent,Convergent,0.41049676729367024,0.001249262136774319,0.001249262136774319,,0,0.012610680990354724,0.02012442037261821,0.004210925610490548
186,186,1,Condition_Biased,Biased_Divergent,Divergent,Convergent,0.25255127999546567,0.0014342720693670211,0.0014342720693670211,,0,0.13097864253786468,0.14067829005537671,0.036918368168868294
187,187,2,Shared_Core,Shared_Core,Shared_Core,Convergent,0.2267473144968983,0.0011556954040014957,0.0011556954040014957,,0,0.049674616431787846,0.057255120018732036,0.022504347874674688
188,188,1,Condition_Biased,Biased_Convergent,Convergent,Convergent,0.342861675333882,0.001180181251909175,0.001180181251909175,,0,0.026174900506342216,0.04649573219688358,0.01933109332886777
189,189,1,Condition_Biased,Biased_Convergent,Convergent,Convergent,0.32195322908092244,0.0015271579866417391,0.0015271579866417391,,0,0.01594039344440692,0.028701149338336143,0.013501981977200093
190,190,1,Condition_Biased,Biased_Convergent,Convergent,Convergent,0.2198093325327012,0.0014634204653647955,0.0014634204653647955,,0,0.046456405456872685,0.06147976962719448,0.03218857818391434
191,191,2,Shared_Core,Shared_Core,Shared_Core,Convergent,0.22508207352594228,0.0012328051649949784,0.0012328051649949784,,0,0.05475744620832817,0.06327796927946913,0.02529471324280251
192,192,1,Condition_Biased,Biased_Convergent,Convergent,Convergent,0.23547002266721884,0.0015481833024584555,0.0015481833024584555,,1,0.017067843414941636,0.022565245701772003,0.010859676424681042
193,193,1,Condition_Biased,Biased_Random,Random,Random,0.30432657642324024,0.001602282490048192,0.001602282490048192,,1,0.09630046489958961,0.11113264156622929,0.19445942911182262
194,194,1,Condition_Biased,Biased_Random,Random,Random,0.3191483543236103,0.00148515382351004,0.00148515382351004,,0,0.08006375677213468,0.08866717587099285,0.16345787921184024
195,195,1,Condition_Biased,Biased_Random,Random,Divergent,0.13663079809151096,0.001332851126913372,0.001332851126913372,,0,0.04090455564714614,0.025997593034025247,0.0361434885250159
196,196,1,Condition_Biased,Biased_Random,Random,Random,0.10081987075586388,0.0014369758629690654,0.0014369758629690654,,0,0.03449424382338606,0.039343089028890874,0.045197619789446045
197,197,1,Condition_Biased,Biased_Divergent,Divergent,Convergent,0.10277327722413485,0.0013626132041831365,0.0013626132041831365,,0,0.026423706212352033,0.027593000611575606,0.018476144049692063
198,198,1,Condition_Biased,Biased_Divergent,Divergent,Divergent,0.34891733260354285,0.0012945325636983254,0.0012945325636983254,,0,0.09012982915722267,0.048549045989004606,0.038456981972784035
199,199,2,Shared_Core,Shared_Core,Shared_Core,Convergent,0.22715532851467582,0.0014061598165334243,0.0014061598165334243,,0,0.03994443218800284,0.0453982351574342,0.017237871177783307
200,200,1,Condition_Biased,Biased_Random,Random,Random,0.08120733856504561,0.0014022262985297568,0.0014022262985297568,,0,0.03544493781885615,0.04392021629111925,0.04669725317363591
201,201,1,Condition_Biased,Biased_Divergent,Divergent,Divergent,0.08044418623205855,0.0014137494204295332,0.0014137494204295332,,0,0.06822391437790382,0.06104934369507539,0.0550801110302293
202,202,1,Condition_Biased,Biased_Divergent,Divergent,Divergent,0.07939352363745425,0.0014117033344025573,0.0014117033344025573,,0,0.08552550911908309,0.07892427731070432,0.0669638271941695
203,203,1,Condition_Biased,Biased_Divergent,Divergent,Divergent,0.43764016806625283,0.0014035366863655537,0.0014035366863655537,,0,0.11535128909434197,0.07209538577359405,0.01814824123253194
204,204,1,Condition_Biased,Biased_Divergent,Divergent,Divergent,0.46626058079140986,0.001442881933634882,0.001442881933634882,,0,0.169785217835356,0.10001980059970011,0.02358860126877016
205,205,1,Condition_Biased,Biased_Divergent,Divergent,Divergent,0.4678483138502644,0.0013608412663381286,0.0013608412663381286,,0,0.13274784555545363,0.07701499434188008,0.01923744424874353
206,206,2,Shared_Core,Shared_Core,Shared_Core,Divergent,0.41915606806691363,0.0014130002042165857,0.0014130002042165857,,0,0.08952893145264142,0.055192354781267876,0.018093928153258422
207,207,1,Condition_Biased,Biased_Divergent,Divergent,Divergent,0.06687303848205942,0.0014125735246851522,0.0014125735246851522,,0,0.08498305904250296,0.08150469918257079,0.06715400865691346
208,208,1,Condition_Biased,Biased_Random,Random,Divergent,0.022315786597809216,0.0016513321664545645,0.0016513321664545645,,1,0.03224070485503901,0.029893095697368588,0.03177322811165521
209,209,1,Condition_Biased,Biased_Random,Random,Divergent,0.16715848811231976,0.0012478498735411458,0.0012478498735411458,,0,0.04654730333843165,0.024894773515427973,0.04153412518401941
210,210,1,Condition_Biased,Biased_Random,Random,Random,0.11801318451205284,0.0011608981658513332,0.0011608981658513332,,0,0.025391780564662503,0.017460083844861737,0.027159674356641003
211,211,1,Condition_Biased,Biased_Random,Random,Divergent,0.2133979765056537,0.001175612559762986,0.001175612559762986,,0,0.05579202503912033,0.022218523345686293,0.05011738068604654
212,212,2,Shared_Core,Shared_Core,Shared_Core,Divergent,0.43574656325613703,0.0014371424294063221,0.0014371424294063221,,0,0.07063792993082965,0.04053858529277112,0.014983323305238818
213,213,1,Condition_Biased,Biased_Divergent,Divergent,Divergent,0.10149910482533413,0.0013160573649253775,0.0013160573649253775,,0,0.02606165177427804,0.01897404677819813,0.023543314055301422
214,214,3,Shared_Core,Shared_Core,Shared_Core,Convergent,0.08776444749860096,0.0016523864137300338,0.0016523864137300338,,1,0.06801004400328985,0.09129900975480072,0.08512274646055848
215,215,3,Shared_Core,Shared_Core,Shared_Core,Convergent,0.1409749023922324,0.0016710247926991638,0.0016710247926991638,0.0,1,0.12920365186910782,0.1818785882085092,0.14466437390579504
216,216,3,Shared_Core,Shared_Core,Shared_Core,Convergent,0.11465229274917942,0.0015924456258265554,0.0015924456258265554,,1,0.11889258685408446,0.16358182991242354,0.14096745919407339
217,217,3,Shared_Core,Shared_Core,Shared_Core,Convergent,0.11333393689539226,0.0017102071708517811,0.0017102071708517811,0.007751937984496027,1,0.14832115591203093,0.19559047643833602,0.16321778488020564
218,218,1,Condition_Biased,Biased_Divergent,Divergent,Divergent,0.3227258753299881,0.0012036262141148118,0.0012036262141148118,,0,0.045301566994379434,0.014801499802988392,0.03158994033470634
219,219,1,Condition_Biased,Biased_Divergent,Divergent,Divergent,0.34845478118523526,0.0011962095601477114,0.0011962095601477114,,0,0.05477941646758053,0.0161277121693307,0.036808830288838044
220,220,1,Condition_Biased,Biased_Random,Random,Divergent,0.11157929125063375,0.0015418685406013777,0.0015418685406013777,,1,0.04842563964938991,0.03367033709881005,0.0437372602493495
221,221,1,Condition_Biased,Biased_Random,Random,Random,0.1830180866346617,0.001726147520229358,0.001726147520229358,0.0,1,0.042394218345483146,0.0300942743784404,0.05248292316068975
222,222,1,Condition_Biased,Biased_Divergent,Divergent,Divergent,0.47343057343965755,0.001369871501568716,0.001369871501568716,,0,0.05234738394233679,0.026697644598882745,0.010717802644931069
223,223,2,Shared_Core,Shared_Core,Shared_Core,Random,0.25390173724726883,0.0016219386246441954,0.0016219386246441954,,1,0.05593044013179169,0.03580552906737671,0.07708628801989925
224,224,1,Condition_Biased,Biased_Convergent,Convergent,Convergent,0.22629169595583357,0.0014028908815778608,0.0014028908815778608,,0,0.021124701092029533,0.03435471705328841,0.022226371013653254
225,225,1,Condition_Biased,Biased_Convergent,Convergent,Divergent,0.271177257392655,0.0012425158329125842,0.0012425158329125842,,0,0.05304547192198693,0.04112573199158719,0.01970094832223515
226,226,1,Condition_Biased,Biased_Random,Random,Random,0.20691131314297714,0.001789141031802491,0.001789141031802491,0.007751937984496027,1,0.055533290342994465,0.03690561987795271,0.07033612278773803
227,227,1,Condition_Biased,Biased_Random,Random,Divergent,0.1261504817969079,0.0014854179210487877,0.0014854179210487877,,0,0.055349701276374244,0.03792015852423401,0.04797832586968592
228,228,1,Condition_Biased,Biased_Random,Random,Random,0.12690456076961107,0.0013606106744206061,0.0013606106744206061,,0,0.022100289455718465,0.015979288017947797,0.024574661371117645
229,229,1,Condition_Biased,Biased_Divergent,Divergent,Divergent,0.43613679046228027,0.0012165424089713567,0.0012165424089713567,,0,0.08534225839727297,0.03746036120673625,0.02955464745850064
230,230,3,Shared_Core,Shared_Core,Shared_Core,Divergent,0.38647876182567814,0.0017339411010337538,0.0017339411010337538,0.007751937984496027,1,0.10036823358485307,0.04483721200544555,0.04398930973784868
231,231,1,Condition_Biased,Biased_Divergent,Divergent,Divergent,0.3815239550873532,0.0015344282812936225,0.0015344282812936225,,0,0.06559151564305894,0.044923941109765754,0.013803641607826071
232,232,1,Condition_Biased,Biased_Random,Random,Random,0.11608492634058278,0.00128777070825082,0.00128777070825082,,0,0.015833980758630094,0.016711883729340526,0.02054719387214313
233,233,1,Condition_Biased,Biased_Divergent,Divergent,Divergent,0.42117722242648187,0.0016497516213205459,0.0016497516213205459,,1,0.08610055376849478,0.046497074417300055,0.023637685549351597
234,234,1,Condition_Biased,Biased_Divergent,Divergent,Random,0.1118951370023468,0.0014192812356207114,0.0014192812356207114,,0,0.060017609973709106,0.04039658394617003,0.06285859843672709
235,235,2,Shared_Core,Shared_Core,Shared_Core,Convergent,0.07951506473609891,0.001288341973710363,0.001288341973710363,,0,0.016397895946822786,0.018775438528554095,0.015621126080726007
236,236,1,Condition_Biased,Biased_Random,Random,Random,0.2081296961665816,0.0014576118650179016,0.0014576118650179016,,0,0.025023666839977657,0.03460482193098345,0.0454865826344363
237,237,2,Shared_Core,Shared_Core,Shared_Core,Convergent,0.07775506500114304,0.00155692638717,0.00155692638717,,1,0.04248585961956196,0.05403948045830737,0.049998302619124566
238,238,3,Shared_Core,Shared_Core,Shared_Core,Divergent,0.13339283560209453,0.001451105796151544,0.001451105796151544,,0,0.06429897032914654,0.057283952513390836,0.04104373511648918
239,239,1,Condition_Biased,Biased_Convergent,Convergent,Convergent,0.18339552801733847,0.0013921052802144,0.0013921052802144,,0,0.04678268401905717,0.08017447255635718,0.06386642911031033
240,240,1,Condition_Biased,Biased_Divergent,Divergent,Divergent,0.618046596108999,0.0012598765925960936,0.0012598765925960936,,0,0.07460036975326677,0.011077055841818586,0.024143024008403454
241,241,1,Condition_Biased,Biased_Convergent,Convergent,Convergent,0.5744520634077819,0.0014889986793631673,0.0014889986793631673,,0,0.05661359880730588,0.1928461665405078,0.04763255788143291
242,242,1,Condition_Biased,Biased_Divergent,Divergent,Divergent,0.721474680946671,0.0012995333388604456,0.0012995333388604456,,0,0.11225232475057796,0.009508671380080248,0.026814970101208188
243,243,1,Condition_Biased,Biased_Divergent,Divergent,Divergent,0.4814539704167492,0.0016702586972940343,0.0016702586972940343,0.007751937984496027,1,0.0846154177807784,0.038013382632335696,0.021221652417624182
244,244,1,Condition_Biased,Biased_Divergent,Divergent,Divergent,0.5983039639250076,0.001400549557216299,0.001400549557216299,,0,0.11880291766787647,0.02673203305987356,0.032984594287451846
245,245,1,Condition_Biased,Biased_Divergent,Divergent,Divergent,0.5632541222099197,0.0013494869135409395,0.0013494869135409395,,0,0.10505239531476662,0.031024158282020875,0.02767544781948014
246,246,1,Condition_Biased,Biased_Random,Random,Divergent,0.14618799798341092,0.0011868681350230225,0.0011868681350230225,,0,0.02492372686210921,0.02001640864706657,0.017115679923300594
247,247,2,Shared_Core,Shared_Core,Shared_Core,Divergent,0.09416633108786009,0.0012779221453802893,0.0012779221453802893,,0,0.044361607206088526,0.0418716872715064,0.03158010204517564
248,248,2,Shared_Core,Shared_Core,Shared_Core,Divergent,0.020825371820045964,0.0012466986596778556,0.0012466986596778556,,0,0.07039940039868708,0.06778845984723654,0.0672656025073325
249,249,2,Shared_Core,Shared_Core,Shared_Core,Random,0.01685686755396969,0.0012679830254993618,0.0012679830254993618,,0,0.07947641027667535,0.07986292779982627,0.08240168437708256
250,250,3,Shared_Core,Shared_Core,Shared_Core,Divergent,0.055878381484750723,0.0012378967037216246,0.0012378967037216246,,0,0.05376332318262449,0.05002022296324506,0.04612553887820059
251,251,2,Shared_Core,Shared_Core,Shared_Core,Divergent,0.395362641589054,0.0014572383712373271,0.0014572383712373271,,0,0.05171115706778235,0.038485881589302745,0.00632898800450471
252,252,1,Condition_Biased,Biased_Convergent,Convergent,Convergent,0.19461854684074345,0.0015237264339702957,0.0015237264339702957,,0,0.11564821560704519,0.13520209001259761,0.06665140800466833
253,253,1,Condition_Biased,Biased_Convergent,Convergent,Convergent,0.20526433334122912,0.0015550739657806164,0.0015550739657806164,,1,0.11040623525463084,0.12952937055714764,0.060413738113445366
254,254,1,Condition_Biased,Biased_Divergent,Divergent,Divergent,0.4422479177044452,0.0012185038665251794,0.0012185038665251794,,0,0.08414299941557661,0.02713098753713541,0.03794927024390808
255,255,3,Shared_Core,Shared_Core,Shared_Core,Divergent,0.3395650239408894,0.0013124142129542697,0.0013124142129542697,,0,0.08691096079176065,0.07031116304029753,0.015386861741773842
256,256,1,Condition_Biased,Biased_Convergent,Convergent,Convergent,0.187534130019286,0.001510558825328365,0.001510558825328365,,0,0.06530354485388785,0.07770170556666615,0.04101758262561273
257,257,1,Condition_Biased,Biased_Convergent,Convergent,Convergent,0.38363419271356464,0.001520491031184811,0.001520491031184811,,0,0.026327486386493085,0.05152231647825993,0.019575678418542065
258,258,1,Condition_Biased,Biased_Convergent,Convergent,Convergent,0.3755039653430436,0.0014474037214716694,0.0014474037214716694,,0,0.030549941870270582,0.06231816499787676,0.026036513579446217
259,259,1,Condition_Biased,Biased_Convergent,Convergent,Convergent,0.5414174420849414,0.0015878317687386923,0.0015878317687386923,,1,0.028467566592904624,0.06766831691099985,0.01179603625868642
260,260,1,Condition_Biased,Biased_Convergent,Convergent,Convergent,0.502065337668485,0.00146792866166442,0.00146792866166442,,0,0.029578719051584365,0.07091982016625169,0.017441121991290602
261,261,1,Condition_Biased,Biased_Convergent,Convergent,Convergent,0.4853880049411535,0.001586306589851497,0.001586306589851497,,1,0.023935740035046976,0.058519183314061377,0.016612148562143016
262,262,3,Shared_Core,Shared_Core,Shared_Core,Convergent,0.16532397068463656,0.001296405995194075,0.001296405995194075,,0,0.030637491888627803,0.061002774147300036,0.05675031542200451
263,263,1,Condition_Biased,Biased_Random,Random,Random,0.1849823337439393,0.001432166118412648,0.001432166118412648,,0,0.027799175441186263,0.021424044892695303,0.03578367004849652
264,264,2,Shared_Core,Shared_Core,Shared_Core,Random,0.2161210341066721,0.0012858657566482432,0.0012858657566482432,,0,0.03324431160504304,0.06858421992174946,0.07898911978154219
265,265,2,Shared_Core,Shared_Core,Shared_Core,Convergent,0.1882781488094526,0.0012983471557062997,0.0012983471557062997,,0,0.025190606752716043,0.04436523105680674,0.03542184752462677
266,266,2,Shared_Core,Shared_Core,Shared_Core,Random,0.350262931068676,0.0013895530079586996,0.0013895530079586996,,0,0.04029398186812325,0.09345729043287737,0.13897882205571316
267,267,1,Condition_Biased,Biased_Random,Random,Random,0.24328134792136863,0.0017960828446613845,0.0017960828446613845,0.0,1,0.02953567360798833,0.02354908819301977,0.043608872349872145
268,268,2,Shared_Core,Shared_Core,Shared_Core,Random,0.2928177649476143,0.0012696977266441266,0.0012696977266441266,,0,0.05276994665384924,0.12434230917469002,0.1618917015843209
269,269,1,Condition_Biased,Biased_Random,Random,Random,0.2366326795760957,0.0016727823244489972,0.0016727823244489972,0.0,1,0.022278059086708164,0.017395247331912722,0.03213479665158562
270,270,1,Condition_Biased,Biased_Random,Random,Random,0.30520279897647024,0.0015816054953443404,0.0015816054953443404,,1,0.04620673830704714,0.03291027064158304,0.07431214559794397
271,271,1,Condition_Biased,Biased_Random,Random,Random,0.3199365412316698,0.0016983494273964176,0.0016983494273964176,0.0,1,0.03976056424201166,0.030745373375982314,0.06842255839254967
272,272,1,Condition_Biased,Biased_Random,Random,Random,0.40254234110292075,0.0016225875892823174,0.0016225875892823174,,1,0.041059588717799335,0.03198425932409796,0.08573585768887239
273,273,1,Condition_Biased,Biased_Random,Random,Random,0.3832138057356478,0.0018281139033590188,0.0018281139033590188,0.0,1,0.05155625775771797,0.03946315651541358,0.10206073967292327
274,274,2,Shared_Core,Shared_Core,Shared_Core,Convergent,0.12360092247188931,0.0012362038639919172,0.0012362038639919172,,0,0.02959781521118231,0.04085025136350646,0.03412787581599036
275,275,1,Condition_Biased,Biased_Convergent,Convergent,Convergent,0.3754186180027908,0.0013948297849542554,0.0013948297849542554,,0,0.021987657357135384,0.029839527535227103,0.005112765891145366
276,276,1,Condition_Biased,Biased_Random,Random,Random,0.1163645060893818,0.00129688647293111,0.00129688647293111,,0,0.0364375607068675,0.03348301784429061,0.044168015362608226
277,277,3,Shared_Core,Shared_Core,Shared_Core,Divergent,0.36226131778716436,0.0014392876513164377,0.0014392876513164377,,0,0.05983361688555864,0.03391157640647646,0.022110291771128658
278,278,3,Shared_Core,Shared_Core,Shared_Core,Random,0.1644771372884819,0.001475744399786702,0.001475744399786702,,0,0.0291872830302627,0.045657900254334416,0.05215626565176387
279,279,3,Shared_Core,Shared_Core,Shared_Core,Random,0.1939644566292197,0.0014297943781148804,0.0014297943781148804,,0,0.024431423042659408,0.036608543504986005,0.04520864563077226
280,280,2,Shared_Core,Shared_Core,Shared_Core,Divergent,0.43182384995559026,0.0014742392468023746,0.0014742392468023746,,0,0.07173644457130678,0.028538471792598028,0.028394421028305392
281,281,1,Condition_Biased,Biased_Random,Random,Random,0.4805746765104222,0.0012633496232927724,0.0012633496232927724,,0,0.04524110973117843,0.04230332646051187,0.12476872943446415
282,282,1,Condition_Biased,Biased_Random,Random,Random,0.47239915183416176,0.0012078922065166709,0.0012078922065166709,,0,0.05324716152002414,0.04759795545927576,0.14071647650309543
283,283,1,Condition_Biased,Biased_Random,Random,Convergent,0.0348988470372892,0.001422272943801879,0.001422272943801879,,0,0.18426710168619162,0.20700405689946436,0.201818658392732
284,284,2,Shared_Core,Shared_Core,Shared_Core,Divergent,0.41491300638417533,0.0015439163685399193,0.0015439163685399193,,1,0.10211835387680265,0.041056977891203786,0.043397854869217836
285,285,3,Shared_Core,Shared_Core,Shared_Core,Divergent,0.3018278878652142,0.0015449225380871202,0.0015449225380871202,,1,0.07126947983153283,0.04617162568175846,0.03027221720752328
286,286,3,Shared_Core,Shared_Core,Shared_Core,Random,0.31335543614661276,0.0014939576836321365,0.0014939576836321365,,0,0.02422847143231482,0.05054696855923949,0.07151205716438072
287,287,3,Shared_Core,Shared_Core,Shared_Core,Random,0.3035186047234963,0.0015105969384634642,0.0015105969384634642,,0,0.043274687415865994,0.07734111352479672,0.11287088328322699
288,288,2,Shared_Core,Shared_Core,Shared_Core,Divergent,0.39606725317754965,0.0015507120465776917,0.0015507120465776917,,1,0.10157708936030903,0.048945584544190415,0.03893804778308831
289,289,1,Condition_Biased,Biased_Divergent,Divergent,Convergent,0.330155552458314,0.0014258174533749528,0.0014258174533749528,,0,0.039115946301352726,0.04816644805219226,0.009395714948502507
290,290,2,Shared_Core,Shared_Core,Shared_Core,Random,0.1851320568123205,0.0015502854082180303,0.0015502854082180303,,1,0.03285817554585202,0.037862424814217796,0.05142750507292822
291,291,1,Condition_Biased,Biased_Divergent,Divergent,Convergent,0.3921516765628274,0.0013647888695421375,0.0013647888695421375,,0,0.021778739536693566,0.034077620838542245,0.007979547641016254
292,292,1,Condition_Biased,Biased_Divergent,Divergent,Divergent,0.31230170825044073,0.0015125269895150607,0.0015125269895150607,,0,0.07073142416479569,0.053499013395258435,0.020633145794994378
293,293,1,Condition_Biased,Biased_Divergent,Divergent,Convergent,0.35803781681819247,0.0014980050219780086,0.0014980050219780086,,0,0.029619916471549206,0.04284161613280843,0.01088366462567518
294,294,1,Condition_Biased,Biased_Convergent,Convergent,Convergent,0.5920744945910567,0.001359035894701351,0.001359035894701351,,0,0.06797991389477695,0.17413106682366347,0.021252724002729092
295,295,1,Condition_Biased,Biased_Convergent,Convergent,Convergent,0.607774879427947,0.001316157967412723,0.001316157967412723,,0,0.07662256501575626,0.20365494929321176,0.0227428225930347
296,296,1,Condition_Biased,Biased_Convergent,Convergent,Divergent,0.19835289303824474,0.0013792239286012273,0.0013792239286012273,,0,0.04293506553337451,0.04183789646370454,0.015605568264921507
297,297,1,Condition_Biased,Biased_Convergent,Convergent,Convergent,0.580686281105,0.0013937443302541718,0.0013937443302541718,,0,0.04038523462793184,0.09998707102427075,0.012662547330061594
298,298,1,Condition_Biased,Biased_Random,Random,Divergent,0.1386980982921234,0.0017072173141174415,0.0017072173141174415,0.007751937984496027,1,0.04002055752450827,0.02923213266809513,0.03131031024074832
299,299,1,Condition_Biased,Biased_Random,Random,Random,0.08319866510456125,0.0012852220760665265,0.0012852220760665265,,0,0.03880642957630612,0.042885070096130844,0.04825915933348412
300,300,1,Condition_Biased,Biased_Random,Random,Random,0.3948268926286631,0.0014681768642462218,0.0014681768642462218,,0,0.04398859401662198,0.05831821903854877,0.11790039280588313
301,301,2,Shared_Core,Shared_Core,Shared_Core,Random,0.31295498302268426,0.0014383815312799626,0.0014383815312799626,,0,0.0392883592753341,0.04389470183869471,0.0794821386478206
302,302,2,Shared_Core,Shared_Core,Shared_Core,Random,0.10764588122260083,0.0014533330851781044,0.0014533330851781044,,0,0.051624241930545954,0.04128739638841367,0.057663875437060065
303,303,3,Shared_Core,Shared_Core,Shared_Core,Divergent,0.25639005614429966,0.001789493232887186,0.001789493232887186,0.0,1,0.05433798163991283,0.03751143116738882,0.026809777486924976
304,304,1,Condition_Biased,Biased_Convergent,Convergent,Divergent,0.3942273500752268,0.0018827031036783431,0.0018827031036783431,0.0,1,0.0687380930280717,0.042012094289299334,0.017719421896708103
305,305,1,Condition_Biased,Biased_Convergent,Convergent,Divergent,0.44799224633984386,0.0019125171760481085,0.0019125171760481085,0.0,1,0.07806993542712122,0.03700293649432694,0.022521152522039505
306,306,2,Shared_Core,Shared_Core,Shared_Core,Convergent,0.11147760274509581,0.0013245842749607388,0.0013245842749607388,,0,0.03187503561958986,0.05013156428026992,0.04827595898852676
307,307,2,Shared_Core,Shared_Core,Shared_Core,Divergent,0.12361080461811161,0.001281443740214031,0.001281443740214031,,0,0.04661982237464852,0.040448954609969445,0.032275708505970446
308,308,2,Shared_Core,Shared_Core,Shared_Core,Divergent,0.3422465075558803,0.001796231239632592,0.001796231239632592,0.0,1,0.06172329639503486,0.029499624356593902,0.030994053280284237
309,309,3,Shared_Core,Shared_Core,Shared_Core,Random,0.07756228858300246,0.0016254613679943775,0.0016254613679943775,,1,0.043513371072039404,0.053713674363386525,0.05678876540659703
310,310,3,Shared_Core,Shared_Core,Shared_Core,Divergent,0.2425674575943356,0.0014505060195338644,0.0014505060195338644,,0,0.051670089521736066,0.032897064420352645,0.030096066509221874
311,311,3,Shared_Core,Shared_Core,Shared_Core,Convergent,0.20174651031192753,0.0012872085393366458,0.0012872085393366458,,0,0.04101425820281581,0.056730122750138376,0.034351083933729536
312,312,3,Shared_Core,Shared_Core,Shared_Core,Convergent,0.24083587619413338,0.0012856114665109526,0.0012856114665109526,,0,0.050577959045767784,0.06259406651663887,0.026014232675927555
313,313,2,Shared_Core,Shared_Core,Shared_Core,Convergent,0.2130668614141096,0.001474730323007427,0.001474730323007427,,0,0.08738471438526792,0.09084599839338849,0.030481380085612454
314,314,1,Condition_Biased,Biased_Convergent,Convergent,Divergent,0.45759205700255623,0.0019442878467899433,0.0019442878467899433,0.007751937984496027,1,0.09312426367843593,0.0379465235720246,0.03136140118215897
315,315,2,Shared_Core,Shared_Core,Shared_Core,Convergent,0.12794091249208786,0.0013299842280925732,0.0013299842280925732,,0,0.03249029770355533,0.04806516296859529,0.041832145422610434
316,316,2,Shared_Core,Shared_Core,Shared_Core,Convergent,0.18586904480530855,0.0013078626476039313,0.0013078626476039313,,0,0.02946563705397898,0.043022881236833496,0.02960709032653145
317,317,1,Condition_Biased,Biased_Random,Random,Random,0.41104985268128574,0.0011341215682626844,0.0011341215682626844,,0,0.07117022382755758,0.05859212370941768,0.15544706305792166
318,318,1,Condition_Biased,Biased_Convergent,Convergent,Convergent,0.15032713617549412,0.0013741845220102476,0.0013741845220102476,,0,0.03019207208441994,0.041322334233235135,0.030852242986592213
319,319,1,Condition_Biased,Biased_Convergent,Convergent,Convergent,0.3618155147100474,0.0013675102258975033,0.0013675102258975033,,0,0.035230595864868035,0.06315143568323808,0.023958429434271747
320,320,1,Condition_Biased,Biased_Convergent,Convergent,Convergent,0.14921250612567433,0.0014225214368788295,0.0014225214368788295,,0,0.072198572989908,0.10430885330765499,0.08224573982662933
321,321,1,Condition_Biased,Biased_Convergent,Convergent,Convergent,0.35679674290888636,0.0013972864108562398,0.0013972864108562398,,0,0.030773459448326358,0.05653976999602893,0.022833043377297794
322,322,3,Shared_Core,Shared_Core,Shared_Core,Convergent,0.08458863449301206,0.0014109645412605865,0.0014109645412605865,,0,0.03409869502737093,0.03940409961311767,0.03241677357735791
323,323,2,Shared_Core,Shared_Core,Shared_Core,Convergent,0.10387629236371859,0.0013740146554044152,0.0013740146554044152,,0,0.02914635710930698,0.03400279018138577,0.026060384113428203
324,324,1,Condition_Biased,Biased_Divergent,Divergent,Divergent,0.23308803263381755,0.0014460723560569678,0.0014460723560569678,,0,0.052672555601155316,0.050202307501086244,0.015316474893989488
325,325,1,Condition_Biased,Biased_Random,Random,Random,0.09144615702724418,0.001538781619531164,0.001538781619531164,,0,0.022519084770311282,0.023120260012424173,0.02741328313000962
326,326,1,Condition_Biased,Biased_Random,Random,Random,0.2544036682689083,0.0013268144251749865,0.0013268144251749865,,0,0.017248795715791406,0.013278164680594125,0.025679532927641458
327,327,2,Shared_Core,Shared_Core,Shared_Core,Convergent,0.22828971738147444,0.0014041808076014526,0.0014041808076014526,,0,0.039150990397920686,0.04349639322105292,0.015504867141676504
328,328,1,Condition_Biased,Biased_Random,Random,Random,0.06695662170999392,0.001645357479548124,0.001645357479548124,,1,0.028270609105232533,0.023373201534546376,0.029527944259980853
329,329,1,Condition_Biased,Biased_Random,Random,Random,0.13577193614964939,0.0015645010596886102,0.0015645010596886102,,1,0.03353066399456963,0.03131397187642686,0.042609538334284644
330,330,1,Condition_Biased,Biased_Random,Random,Random,0.14086878026564195,0.0015227553486085155,0.0015227553486085155,,0,0.033270007378801154,0.03277301100326014,0.04385035492609753
331,331,1,Condition_Biased,Biased_Random,Random,Convergent,0.09707477423436564,0.0015968304831499606,0.0015968304831499606,,1,0.0316203623004849,0.03563614148355031,0.027038850088769845
332,332,3,Shared_Core,Shared_Core,Shared_Core,Convergent,0.16641264081507415,0.0016864484265352658,0.0016864484265352658,0.007751937984496027,1,0.050553276366184625,0.0570318166938451,0.030963332428373107
333,333,3,Shared_Core,Shared_Core,Shared_Core,Convergent,0.12798495659046277,0.0017117636717807953,0.0017117636717807953,0.007751937984496027,1,0.07308929764404498,0.07683787214662041,0.0457133158550475
334,334,1,Condition_Biased,Biased_Divergent,Divergent,Convergent,0.2392864994636402,0.0011625042536961452,0.0011625042536961452,,0,0.03881166249799429,0.04354661051183939,0.014648928790706997
335,335,2,Shared_Core,Shared_Core,Shared_Core,Convergent,0.17152165708667835,0.0016340855803538895,0.0016340855803538895,,1,0.13452620733351933,0.1494698931236525,0.07687845364097477
336,336,3,Shared_Core,Shared_Core,Shared_Core,Convergent,0.17185509818027195,0.0016250788356932302,0.0016250788356932302,,1,0.130552140769189,0.14537852301119683,0.07492459923490997
337,337,2,Shared_Core,Shared_Core,Shared_Core,Convergent,0.14482194024116524,0.0016028914912140327,0.0016028914912140327,,1,0.12435676041182386,0.13266951443107278,0.07385058337172797
338,338,2,Shared_Core,Shared_Core,Shared_Core,Random,0.18629265041756393,0.0014945931062140473,0.0014945931062140473,,0,0.035152297831638146,0.04031404176609473,0.0550106645005849
339,339,3,Shared_Core,Shared_Core,Shared_Core,Convergent,0.1518237382441961,0.0016499912646659324,0.0016499912646659324,,1,0.08908523615232851,0.09550476465206426,0.05156974702380424
340,340,2,Shared_Core,Shared_Core,Shared_Core,Random,0.10082174159074404,0.0014248177511227047,0.0014248177511227047,,0,0.03614615778088885,0.038612680467735,0.04576186854536681
341,341,1,Condition_Biased,Biased_Convergent,Convergent,Convergent,0.20209730372076692,0.001369795229134958,0.001369795229134958,,0,0.03055638806135566,0.037781028244812206,0.019598593920931336
342,342,3,Shared_Core,Shared_Core,Shared_Core,Convergent,0.1792223793605715,0.0013155602769919512,0.0013155602769919512,,0,0.030106930451457778,0.03468791689190946,0.018180935161708052
343,343,3,Shared_Core,Shared_Core,Shared_Core,Convergent,0.2103589056225006,0.0013441655951364649,0.0013441655951364649,,0,0.03190265748669546,0.0384679770827092,0.01829054616680441
344,344,1,Condition_Biased,Biased_Convergent,Convergent,Convergent,0.3401737529333017,0.0015089532911787993,0.0015089532911787993,,0,0.038267294142060176,0.05818419756686634,0.019025964489163355
345,345,1,Condition_Biased,Biased_Convergent,Convergent,Convergent,0.4161181114274402,0.0013033148871571998,0.0013033148871571998,,0,0.04624190031693726,0.07567989789285101,0.016165495438631192
346,346,1,Condition_Biased,Biased_Convergent,Convergent,Convergent,0.4192776596728561,0.0013220846692321622,0.0013220846692321622,,0,0.045867146894572275,0.07775367959192744,0.017761415809161903
347,347,1,Condition_Biased,Biased_Convergent,Convergent,Convergent,0.5903474389368908,0.0013410368610884667,0.0013410368610884667,,0,0.022764883060796708,0.05330237746658223,0.0046950982046104215
348,348,1,Condition_Biased,Biased_Convergent,Convergent,Convergent,0.3272989866705951,0.001368001370567645,0.001368001370567645,,0,0.02411681391968929,0.031354891782341236,0.007665727446361106
349,349,1,Condition_Biased,Biased_Convergent,Convergent,Convergent,0.5200134185082455,0.0013290479210337513,0.0013290479210337513,,0,0.030535178185100594,0.06468507577035879,0.010317051162322363
350,350,1,Condition_Biased,Biased_Convergent,Convergent,Convergent,0.5583926238417524,0.0015350135562869377,0.0015350135562869377,,0,0.02668424464131474,0.06377149360287968,0.009458074736040692
351,351,1,Condition_Biased,Biased_Convergent,Convergent,Convergent,0.45523486546130987,0.001500388493936334,0.001500388493936334,,0,0.022401278641409974,0.03928867603341738,0.007014043094922406
352,352,1,Condition_Biased,Biased_Divergent,Divergent,Divergent,0.23165813944653332,0.0012463394888872557,0.0012463394888872557,,0,0.032091722192942464,0.024255239656446752,0.01578413936952057
353,353,1,Condition_Biased,Biased_Convergent,Convergent,Convergent,0.1586932136713496,0.0018630450709283609,0.0018630450709283609,0.007751937984496027,1,0.0661298076636971,0.10943187092145619,0.09278331025297819
354,354,1,Condition_Biased,Biased_Convergent,Convergent,Convergent,0.17832456639536792,0.002074739279662097,0.002074739279662097,0.007751937984496027,1,0.15231040304418278,0.2896162738545319,0.2516030588064545
355,355,1,Condition_Biased,Biased_Convergent,Convergent,Convergent,0.20280050009146466,0.002012277237936811,0.002012277237936811,0.007751937984496027,1,0.2077229899999799,0.43130356991277624,0.364001066012438
356,356,2,Shared_Core,Shared_Core,Shared_Core,Convergent,0.18115795657896283,0.001453354068990125,0.001453354068990125,,0,0.06959484667374344,0.10174254052810841,0.07147192483580159
357,357,2,Shared_Core,Shared_Core,Shared_Core,Convergent,0.17232140707526153,0.0013629594918896047,0.0013629594918896047,,0,0.06838018064776426,0.09864135491787582,0.07090472424215125
358,358,2,Shared_Core,Shared_Core,Shared_Core,Convergent,0.146092927512263,0.0014595772391591362,0.0014595772391591362,,0,0.11267626250074023,0.1632732586549209,0.13062022239431853
359,359,1,Condition_Biased,Biased_Convergent,Convergent,Convergent,0.282220059311426,0.0013494203970906109,0.0013494203970906109,,0,0.038988296524005595,0.050960285145199964,0.018066294352314615
360,360,1,Condition_Biased,Biased_Convergent,Convergent,Convergent,0.5783688498368268,0.0012360725989738384,0.0012360725989738384,,0,0.015350025129952916,0.03984877999939092,0.005939658767319927
361,361,1,Condition_Biased,Biased_Convergent,Convergent,Convergent,0.5630531540784355,0.001187604395496415,0.001187604395496415,,0,0.016390461888578203,0.04124861465649562,0.006671392438254615
362,362,1,Condition_Biased,Biased_Convergent,Convergent,Convergent,0.3548034904924038,0.0016150432032862308,0.0016150432032862308,,1,0.03592523583087814,0.04578124412528432,0.007679462736082631
363,363,2,Shared_Core,Shared_Core,Shared_Core,Convergent,0.2804769224111977,0.0015139197516522132,0.0015139197516522132,,0,0.028291708144245954,0.03952184400252729,0.016124365789916856
364,364,1,Condition_Biased,Biased_Convergent,Convergent,Convergent,0.6011989807769934,0.0015551310249878908,0.0015551310249878908,,1,0.023054546186276687,0.060878681086070904,0.007270829181742761
365,365,1,Condition_Biased,Biased_Convergent,Convergent,Convergent,0.7759189768948666,0.0017736633531360306,0.0017736633531360306,0.007751937984496027,1,0.016104952114382908,0.06992441665817488,0.0015408245543407839
366,366,2,Shared_Core,Shared_Core,Shared_Core,Random,0.19728594880791145,0.0014530937414101244,0.0014530937414101244,,0,0.046963074700364836,0.07442395451273098,0.09052724580374337
367,367,2,Shared_Core,Shared_Core,Shared_Core,Random,0.20122597304595544,0.0015480115283031028,0.0015480115283031028,,1,0.04765486172227948,0.0632241983637885,0.08337201908692833
368,368,2,Shared_Core,Shared_Core,Shared_Core,Convergent,0.20023295165470953,0.0016464146265520643,0.0016464146265520643,,1,0.0371362965889078,0.06115243014216692,0.04436071361451186
369,369,3,Shared_Core,Shared_Core,Shared_Core,Convergent,0.21021453027995954,0.001576766632198064,0.001576766632198064,,1,0.027014775162257216,0.03623141014428289,0.02027442945932695
370,370,1,Condition_Biased,Biased_Convergent,Convergent,Convergent,0.2585675770101346,0.001569443318879431,0.001569443318879431,,1,0.02960246901900049,0.04382413102162851,0.02203183690475863
371,371,2,Shared_Core,Shared_Core,Shared_Core,Convergent,0.1942535939959066,0.0015562593261839281,0.0015562593261839281,,1,0.039480313959299886,0.04636803103677996,0.02308742634143478
372,372,1,Condition_Biased,Biased_Convergent,Convergent,Convergent,0.29952344182951923,0.0015142871547197336,0.0015142871547197336,,0,0.031054582897691974,0.039079880225996545,0.011075538211292767
373,373,1,Condition_Biased,Biased_Convergent,Convergent,Convergent,0.3284531328810157,0.0015291797339144393,0.0015291797339144393,,0,0.025182362236870974,0.03480137245486247,0.010002548791930195
374,374,1,Condition_Biased,Biased_Random,Random,Random,0.23911576475811838,0.0011897566948374657,0.0011897566948374657,,0,0.0298774883424538,0.032529632374224765,0.05081564548981282
375,375,1,Condition_Biased,Biased_Random,Random,Random,0.30851802860957445,0.0011431551949165225,0.0011431551949165225,,0,0.030230264544053368,0.032188428809178306,0.05905865153023439
376,376,2,Shared_Core,Shared_Core,Shared_Core,Random,0.25708852188012543,0.0011210009791653112,0.0011210009791653112,,0,0.03741399725288074,0.036925730735969706,0.06289552761487259
377,377,2,Shared_Core,Shared_Core,Shared_Core,Random,0.28302562013222815,0.0011368110706591794,0.0011368110706591794,,0,0.03527989483896702,0.03828484026362767,0.06582204505887836
378,378,1,Condition_Biased,Biased_Random,Random,Random,0.11371175168672326,0.0012899529529701698,0.0012899529529701698,,0,0.01622705123751922,0.021870010854416266,0.02393642578331768
379,379,1,Condition_Biased,Biased_Divergent,Divergent,Divergent,0.30614532494748325,0.0011580266682931317,0.0011580266682931317,,0,0.05012901308675292,0.036050450723819634,0.017208936913011147
380,380,1,Condition_Biased,Biased_Divergent,Divergent,Divergent,0.2589827228405152,0.001109538808195756,0.001109538808195756,,0,0.05331853610616197,0.041726364097599916,0.021038526524753534
381,381,1,Condition_Biased,Biased_Divergent,Divergent,Divergent,0.3309601662066223,0.001187542225916038,0.001187542225916038,,0,0.03472880065372145,0.013328012383935202,0.02158655772389945
382,382,3,Shared_Core,Shared_Core,Shared_Core,Convergent,0.10694608407451199,0.0015063239534211347,0.0015063239534211347,,0,0.030728839598990306,0.031973821673173086,0.020862375299424626
383,383,3,Shared_Core,Shared_Core,Shared_Core,Convergent,0.2563379041681561,0.0014778014153165307,0.0014778014153165307,,0,0.033539531108179185,0.04428537586716482,0.018888012982558374
384,384,3,Shared_Core,Shared_Core,Shared_Core,Convergent,0.2061455488907742,0.0015174442856001795,0.0015174442856001795,,0,0.0472023728052302,0.05796448499601972,0.02909913900228896
385,385,2,Shared_Core,Shared_Core,Shared_Core,Convergent,0.2284937867488199,0.0015019373117342472,0.0015019373117342472,,0,0.05668741086172679,0.0706533493792957,0.03205458949818168
386,386,3,Shared_Core,Shared_Core,Shared_Core,Convergent,0.21816350069040524,0.0015151746713802563,0.0015151746713802563,,0,0.039631370711263526,0.04733994879617213,0.021135677099805468
387,387,1,Condition_Biased,Biased_Divergent,Divergent,Convergent,0.2501121898259893,0.0013892890788044336,0.0013892890788044336,,0,0.02129532828700369,0.024616622351328128,0.00823754912816248
388,388,1,Condition_Biased,Biased_Random,Random,Convergent,0.12506843233130036,0.001488316185092218,0.001488316185092218,,0,0.03823064311244895,0.04607229045097221,0.03342740034843369
389,389,1,Condition_Biased,Biased_Random,Random,Random,0.22630217765575916,0.0017405144299215277,0.0017405144299215277,0.007751937984496027,1,0.055242737648003394,0.054080657788388733,0.08663816416506158
390,390,1,Condition_Biased,Biased_Random,Random,Random,0.45248653340984135,0.0015794844850702669,0.0015794844850702669,,1,0.02135630121464452,0.01818622097893207,0.052450747323013094
391,391,1,Condition_Biased,Biased_Random,Random,Convergent,0.1399899902199908,0.0016243728901079316,0.0016243728901079316,,1,0.041339528431534454,0.05636982917617839,0.04371142422044
392,392,1,Condition_Biased,Biased_Divergent,Divergent,Divergent,0.1938303377235781,0.001205344556055629,0.001205344556055629,,0,0.036802902076117416,0.03141697790255552,0.01828754408819269
393,393,2,Shared_Core,Shared_Core,Shared_Core,Divergent,0.18747055462011314,0.0012021473127242317,0.0012021473127242317,,0,0.08462965883137215,0.053108003795428016,0.0627080717867659
394,394,1,Condition_Biased,Biased_Divergent,Divergent,Divergent,0.0728734922667692,0.0012854462641458812,0.0012854462641458812,,0,0.04369509538941125,0.04135825984213535,0.03416020805810311
395,395,2,Shared_Core,Shared_Core,Shared_Core,Convergent,0.3346679886254409,0.0016917015596838668,0.0016917015596838668,0.007751937984496027,1,0.09386426115792895,0.0983537988661713,0.004194479118021884
396,396,2,Shared_Core,Shared_Core,Shared_Core,Convergent,0.32847845468024955,0.002089921994882293,0.002089921994882293,0.007751937984496027,1,0.16440045410796764,0.16535923024219973,0.0027716749297209487
397,397,2,Shared_Core,Shared_Core,Shared_Core,Convergent,0.3419665613508437,0.002097553086491008,0.002097553086491008,0.0,1,0.24137119306300683,0.24705956616178826,0.0009201732861210209
398,398,2,Shared_Core,Shared_Core,Shared_Core,Convergent,0.3516427701639694,0.0020686477910312148,0.0020686477910312148,0.007751937984496027,1,0.23252067328541584,0.24317294597491487,0.0007701652456623639
399,399,1,Condition_Biased,Biased_Divergent,Divergent,Divergent,0.2805447422997891,0.0012231364685891565,0.0012231364685891565,,0,0.03737133711320225,0.029933867332114426,0.012059206529267768
400,400,1,Condition_Biased,Biased_Divergent,Divergent,Divergent,0.3321351053524344,0.0013268020198787072,0.0013268020198787072,,0,0.039203694681563074,0.029776035967442365,0.009533447451716246
401,401,2,Shared_Core,Shared_Core,Shared_Core,Divergent,0.09615460156081876,0.0018072980995368368,0.0018072980995368368,0.007751937984496027,1,0.16557243056398221,0.1438435875214972,0.12920526755872622
402,402,1,Condition_Biased,Biased_Convergent,Convergent,Convergent,0.18422308982851524,0.0013720148232761352,0.0013720148232761352,,0,0.05464455774103207,0.06879295781674283,0.040134385603573894
403,403,1,Condition_Biased,Biased_Divergent,Divergent,Convergent,0.2597722607496673,0.001516359148403324,0.001516359148403324,,0,0.03169355658252561,0.03985082230379654,0.015138216143430666
404,404,2,Shared_Core,Shared_Core,Shared_Core,Convergent,0.2160230869234808,0.0012335867910863052,0.0012335867910863052,,0,0.021410955197150725,0.026297769970722026,0.012497684768538258
405,405,1,Condition_Biased,Biased_Convergent,Convergent,Convergent,0.2925786783938257,0.0014549629480454223,0.0014549629480454223,,0,0.020700245937973104,0.03490970975106901,0.017511544835775397
406,406,1,Condition_Biased,Biased_Convergent,Convergent,Divergent,0.1748763498182062,0.0016231684933853622,0.0016231684933853622,,1,0.0346657968761902,0.02991787677311951,0.01877417300589556
407,407,1,Condition_Biased,Biased_Convergent,Convergent,Convergent,0.47252710299458917,0.001239477877830873,0.001239477877830873,,0,0.03499825858565234,0.0735523030770154,0.01769597883256831
408,408,1,Condition_Biased,Biased_Random,Random,Random,0.12842886729442987,0.0013368264207456507,0.0013368264207456507,,0,0.04537478642212966,0.04854118021054042,0.06079680927444336
409,409,2,Shared_Core,Shared_Core,Shared_Core,Random,0.04115615315043761,0.0013658781860234194,0.0013658781860234194,,0,0.04879627891239666,0.05133513808418233,0.05436361784678559
410,410,1,Condition_Biased,Biased_Divergent,Divergent,Divergent,0.552910743646671,0.0012288147377666257,0.0012288147377666257,,0,0.051976822474330824,0.026943807548902056,0.0029848654314067013
411,411,1,Condition_Biased,Biased_Divergent,Divergent,Divergent,0.5825257292473588,0.0012600031399885138,0.0012600031399885138,,0,0.06314526451997972,0.030982489940953685,0.002333269505075706
412,412,1,Condition_Biased,Biased_Convergent,Convergent,Divergent,0.21804511848781616,0.0014889351310383347,0.0014889351310383347,,0,0.026226749901768195,0.02385408739634865,0.00981976392556184
413,413,2,Shared_Core,Shared_Core,Shared_Core,Convergent,0.04594977942969404,0.0014833673102740057,0.0014833673102740057,,0,0.05186573062683382,0.051957850587797595,0.042919697485459866
414,414,2,Shared_Core,Shared_Core,Shared_Core,Random,0.1444492828182517,0.0015617957051152003,0.0015617957051152003,,1,0.20520306573737235,0.151386249088892,0.23850040530511576
415,415,2,Shared_Core,Shared_Core,Shared_Core,Divergent,0.04080504810900519,0.0014487569683493328,0.0014487569683493328,,0,0.08323960111195607,0.07063248545048875,0.08279299097092346
416,416,1,Condition_Biased,Biased_Random,Random,Random,0.35514233312457816,0.0012392993743306387,0.0012392993743306387,,0,0.07341863033139989,0.06880368210945849,0.14943722173456073
417,417,3,Shared_Core,Shared_Core,Shared_Core,Convergent,0.050776469157067204,0.0015276557227558063,0.0015276557227558063,,0,0.07452641913381519,0.07585355606316044,0.06251886580861354
418,418,1,Condition_Biased,Biased_Divergent,Divergent,Random,0.151250901245106,0.0013875557679642301,0.0013875557679642301,,0,0.16915739397641527,0.13709006980816657,0.20769840533765713
419,419,2,Shared_Core,Shared_Core,Shared_Core,Random,0.16508987646093834,0.0014249292034553764,0.0014249292034553764,,0,0.1359085711211991,0.11113340783914602,0.17236951657014993
420,420,2,Shared_Core,Shared_Core,Shared_Core,Convergent,0.2923584193064269,0.001354821972830355,0.001354821972830355,,0,0.055411409384635076,0.073386966569668,0.02495587611383246
421,421,3,Shared_Core,Shared_Core,Shared_Core,Convergent,0.09533909568633088,0.0017193621019233952,0.0017193621019233952,0.0,1,0.15245957200528767,0.1701241861714201,0.12855787859695364
422,422,3,Shared_Core,Shared_Core,Shared_Core,Convergent,0.11715116300617107,0.0017723064035260897,0.0017723064035260897,0.0,1,0.11807365942174795,0.1334308853272248,0.092818663534961
423,423,2,Shared_Core,Shared_Core,Shared_Core,Convergent,0.38704255874240423,0.0013047391305424406,0.0013047391305424406,,0,0.061239488669252266,0.09938430374169403,0.02659970290901125
424,424,3,Shared_Core,Shared_Core,Shared_Core,Convergent,0.10993963192341595,0.0017302813666490971,0.0017302813666490971,0.0,1,0.17358055053446345,0.19979532973773712,0.14685111910162507
425,425,2,Shared_Core,Shared_Core,Shared_Core,Convergent,0.3140486244938475,0.0013558773188676874,0.0013558773188676874,,0,0.07879529022192829,0.11124601017113205,0.03734859102225119
426,426,3,Shared_Core,Shared_Core,Shared_Core,Convergent,0.10917417894295457,0.0016939642609154423,0.0016939642609154423,0.0,1,0.1919730338588278,0.22164584003254637,0.16405371320975382
427,427,3,Shared_Core,Shared_Core,Shared_Core,Convergent,0.11398907609070276,0.0017282700312257172,0.0017282700312257172,0.0,1,0.16207579917042816,0.1838454709740708,0.13036709652794887
428,428,1,Condition_Biased,Biased_Random,Random,Random,0.18863070004162888,0.0012818263176631866,0.0012818263176631866,,0,0.02411468070069397,0.028871323422503634,0.03881142112289288
429,429,2,Shared_Core,Shared_Core,Shared_Core,Convergent,0.1258712785701427,0.0017581659722455535,0.0017581659722455535,0.007751937984496027,1,0.06881728346050574,0.07350965923638092,0.0453288106161148
430,430,1,Condition_Biased,Biased_Divergent,Divergent,Convergent,0.22124211852772543,0.0016764034761321963,0.0016764034761321963,0.007751937984496027,1,0.04241231513128335,0.05250057539124428,0.024544492609394612
431,431,1,Condition_Biased,Biased_Random,Random,Random,0.25515605846719225,0.0013673184564755327,0.0013673184564755327,,0,0.02892495778995374,0.035008519106578116,0.05386798924679846
432,432,1,Condition_Biased,Biased_Divergent,Divergent,Convergent,0.21355380282186381,0.0015679260886194563,0.0015679260886194563,,1,0.04302895822865327,0.053863279378830314,0.026783473879936362
433,433,1,Condition_Biased,Biased_Random,Random,Random,0.4718196698798807,0.0014038164360586625,0.0014038164360586625,,0,0.04692958390448617,0.09879892137371474,0.2030424727126956
434,434,1,Condition_Biased,Biased_Convergent,Convergent,Convergent,0.4214741493934915,0.0014361520697811672,0.0014361520697811672,,0,0.06989309083295878,0.12167352661993858,0.029146741180456886
435,435,1,Condition_Biased,Biased_Divergent,Divergent,Divergent,0.36686507016158193,0.0014145284910023707,0.0014145284910023707,,0,0.13704006250691478,0.0966143630830957,0.030340158257835596
436,436,1,Condition_Biased,Biased_Convergent,Convergent,Convergent,0.47331315352272274,0.0014443333956735672,0.0014443333956735672,,0,0.09625859935053442,0.1783484896762414,0.03125509775655214
437,437,1,Condition_Biased,Biased_Divergent,Divergent,Divergent,0.2544124250081596,0.0012470326926075205,0.0012470326926075205,,0,0.03149739517362187,0.025422657215925824,0.012019679957437654
438,438,2,Shared_Core,Shared_Core,Shared_Core,Random,0.3762542938230576,0.0014106658095602693,0.0014106658095602693,,0,0.06247684277259011,0.12179758191645683,0.20329476075694541
439,439,1,Condition_Biased,Biased_Convergent,Convergent,Random,0.28459904668107217,0.0013997236717373485,0.0013997236717373485,,0,0.052427680887005945,0.09027705076024742,0.12812281097826916
440,440,1,Condition_Biased,Biased_Convergent,Convergent,Convergent,0.5185777231704096,0.001465026703355553,0.001465026703355553,,0,0.10121272524040212,0.21286075503506638,0.03375028359682061
441,441,1,Condition_Biased,Biased_Random,Random,Random,0.32483484666987494,0.0013285259088514272,0.0013285259088514272,,0,0.03347813648482164,0.07499435123870032,0.10642442884746679
442,442,1,Condition_Biased,Biased_Convergent,Convergent,Convergent,0.501980890626849,0.0013541006072059938,0.0013541006072059938,,0,0.07040576177535865,0.14034723534106133,0.02266546913473181
443,443,1,Condition_Biased,Biased_Random,Random,Random,0.33664315265879624,0.0013415255727584013,0.0013415255727584013,,0,0.0417646681347852,0.10071640820682955,0.14354744044587361
444,444,1,Condition_Biased,Biased_Random,Random,Random,0.43064037242392705,0.0013701429938424315,0.0013701429938424315,,0,0.04359187720905221,0.1076241631127961,0.18998165813440732
445,445,3,Shared_Core,Shared_Core,Shared_Core,Divergent,0.08385185744377803,0.0016605864695159404,0.0016605864695159404,,1,0.10740845106423848,0.10466897209082637,0.07690944614307593
446,446,1,Condition_Biased,Biased_Convergent,Convergent,Convergent,0.5981351899247489,0.0013053921191936435,0.0013053921191936435,,0,0.014191684638342214,0.03467700530896551,0.0032479765864681133
447,447,1,Condition_Biased,Biased_Random,Random,Convergent,0.025147681510992663,0.0018102701527474515,0.0018102701527474515,0.007751937984496027,1,0.05726886758452685,0.05946227974837293,0.055821065350558405
448,448,1,Condition_Biased,Biased_Random,Random,Divergent,0.08419537128362663,0.0017347462790980484,0.0017347462790980484,0.007751937984496027,1,0.16639741151913923,0.1372181568252812,0.14388896410837193
449,449,1,Condition_Biased,Biased_Convergent,Convergent,Convergent,0.45593561378594627,0.0011398491331417232,0.0011398491331417232,,0,0.03282761978103765,0.06634357940460144,0.016755862435860226
450,450,1,Condition_Biased,Biased_Random,Random,Divergent,0.05677631756948583,0.001795150583272379,0.001795150583272379,0.007751937984496027,1,0.09388350873259167,0.0868263986456703,0.0807646939137503
451,451,1,Condition_Biased,Biased_Random,Random,Random,0.616714438650008,0.0013647244021931096,0.0013647244021931096,,0,0.028831361443119704,0.0388481012201524,0.14273739415545797
452,452,1,Condition_Biased,Biased_Random,Random,Random,0.541664687660096,0.001475207230183768,0.001475207230183768,,0,0.020445851264176546,0.040012526330076625,0.10167942912310593
453,453,2,Shared_Core,Shared_Core,Shared_Core,Divergent,0.09400621721492819,0.001416102909789397,0.001416102909789397,,0,0.05003354662447852,0.046752371355421374,0.03611750901467348
454,454,1,Condition_Biased,Biased_Divergent,Divergent,Divergent,0.26594910230288554,0.001440676891862127,0.001440676891862127,,0,0.05845821525645319,0.03142725628892983,0.036365841093018304
455,455,2,Shared_Core,Shared_Core,Shared_Core,Divergent,0.24731419963573206,0.0015050839833254438,0.0015050839833254438,,0,0.07920750715429821,0.04285093866758519,0.052743845604822155
456,456,2,Shared_Core,Shared_Core,Shared_Core,Divergent,0.5925261621366782,0.0013216487210755425,0.0013216487210755425,,0,0.13817037406707647,0.06185730058397796,0.00884899478261323
457,457,1,Condition_Biased,Biased_Convergent,Convergent,Convergent,0.2919331305096795,0.0013419553333248561,0.0013419553333248561,,0,0.02999187535951259,0.051072371402033814,0.025990362856681496
458,458,1,Condition_Biased,Biased_Random,Random,Divergent,0.11449423354568718,0.0013269316982253735,0.0013269316982253735,,0,0.03428340429765365,0.027648441189363063,0.026830355174723985
459,459,1,Condition_Biased,Biased_Random,Random,Divergent,0.35086576022789,0.0014253556737721627,0.0014253556737721627,,0,0.027237305654183266,0.015814070430424838,0.010362724066069421
460,460,1,Condition_Biased,Biased_Convergent,Convergent,Convergent,0.14585882979776194,0.0014398108562107441,0.0014398108562107441,,0,0.047292436473071575,0.055198418555428855,0.03499909995715748
461,461,1,Condition_Biased,Biased_Convergent,Convergent,Convergent,0.05617096066400336,0.0011218353238464113,0.0011218353238464113,,0,0.03220754685915179,0.03752108197764133,0.034852594115533105
462,462,1,Condition_Biased,Biased_Random,Random,Divergent,0.06682039613862278,0.001534073436997532,0.001534073436997532,,0,0.03616901518648894,0.02976613227269604,0.033510099388947785
463,463,1,Condition_Biased,Biased_Random,Random,Divergent,0.06525481512004891,0.0016012953738385126,0.0016012953738385126,,1,0.03911509533861169,0.03493633187115864,0.033709491653613345
464,464,1,Condition_Biased,Biased_Divergent,Divergent,Divergent,0.27452397720248506,0.0013151048204779285,0.0013151048204779285,,0,0.04483550667723335,0.03131066405566762,0.019731271044574967
465,465,2,Shared_Core,Shared_Core,Shared_Core,Divergent,0.24926790478812771,0.0013611135067085284,0.0013611135067085284,,0,0.046855919802236176,0.03314650930497829,0.023168461584998655
466,466,1,Condition_Biased,Biased_Random,Random,Convergent,0.18949700397830158,0.0012179368597114572,0.0012179368597114572,,0,0.032243472403260295,0.040632350783509845,0.023128910940465364
467,467,1,Condition_Biased,Biased_Random,Random,Random,0.21613505356413112,0.0012533582478554482,0.0012533582478554482,,0,0.02802540400316791,0.02252900825502972,0.03921657240797961
468,468,2,Shared_Core,Shared_Core,Shared_Core,Convergent,0.21341265040689644,0.0013352328794843404,0.0013352328794843404,,0,0.07673142521233155,0.08138384706936441,0.028781739734979564
469,469,2,Shared_Core,Shared_Core,Shared_Core,Convergent,0.2285863060694696,0.0013582721526078886,0.0013582721526078886,,0,0.06862400505918438,0.07590819065467463,0.0266995671847763
470,470,1,Condition_Biased,Biased_Random,Random,Random,0.16050846222203977,0.0012715275214328714,0.0012715275214328714,,0,0.01906613581789234,0.026153431108091887,0.031255639702363246
471,471,2,Shared_Core,Shared_Core,Shared_Core,Convergent,0.11250633114294209,0.0012122775182538945,0.0012122775182538945,,0,0.0266599724655626,0.03542097265358075,0.029853663627462564
472,472,2,Shared_Core,Shared_Core,Shared_Core,Convergent,0.21604558204444813,0.0012425277738873954,0.0012425277738873954,,0,0.03580979597828691,0.04029767298735343,0.01614802408703538
473,473,1,Condition_Biased,Biased_Random,Random,Random,0.05615384002667333,0.0012979725034513057,0.0012979725034513057,,0,0.021509300506545634,0.025089846891434946,0.026071975790974936
474,474,1,Condition_Biased,Biased_Convergent,Convergent,Convergent,0.2722611882353659,0.001345348138423702,0.001345348138423702,,0,0.0401106556808507,0.04905693551844305,0.016010895920123242
475,475,1,Condition_Biased,Biased_Convergent,Convergent,Convergent,0.16766410909026197,0.0013757944561502073,0.0013757944561502073,,0,0.02547316227068819,0.03213520892916734,0.020340162888891244
476,476,1,Condition_Biased,Biased_Convergent,Convergent,Convergent,0.3255932032947349,0.0013011133833552015,0.0013011133833552015,,0,0.02333042195076665,0.03316337982746395,0.010413880149523417
477,477,1,Condition_Biased,Biased_Random,Random,Random,0.18215896579371996,0.0014433865764051088,0.0014433865764051088,,0,0.03212859273134243,0.03308699779246036,0.047133362000129485
478,478,1,Condition_Biased,Biased_Random,Random,Random,0.22078014462985907,0.0014088643758881042,0.0014088643758881042,,0,0.03926468679001407,0.04680977019204481,0.06742512226797813
479,479,3,Shared_Core,Shared_Core,Shared_Core,Convergent,0.17674307190909394,0.001481138902044214,0.001481138902044214,,0,0.034155690306477325,0.043158520357095984,0.02623225968554905
480,480,3,Shared_Core,Shared_Core,Shared_Core,Convergent,0.13986009119208648,0.0015186705674160373,0.0015186705674160373,,0,0.03375771700123709,0.039052733606113506,0.0251807702430921
481,481,3,Shared_Core,Shared_Core,Shared_Core,Convergent,0.09113547331842344,0.001506838163051699,0.001506838163051699,,0,0.031867717833765755,0.03334092503614925,0.023675126832180707
482,482,2,Shared_Core,Shared_Core,Shared_Core,Convergent,0.10249206525936516,0.0015227111612584874,0.0015227111612584874,,0,0.022562114743604547,0.02516834289024307,0.01841557237081403
483,483,1,Condition_Biased,Biased_Random,Random,Divergent,0.05883764592146644,0.0011788662319041111,0.0011788662319041111,,0,0.02294404203289006,0.02213361907775539,0.018654633389222762
484,484,1,Condition_Biased,Biased_Random,Random,Divergent,0.054547283007398535,0.001230887927360164,0.001230887927360164,,0,0.023996297925434732,0.02315827745205916,0.019869409284965937
485,485,1,Condition_Biased,Biased_Divergent,Divergent,Convergent,0.2340984197826501,0.0017199688321733,0.0017199688321733,0.007751937984496027,1,0.06525353838260921,0.07800789805431221,0.03157240585532299
486,486,2,Shared_Core,Shared_Core,Shared_Core,Divergent,0.10975287446372704,0.0014638390527619183,0.0014638390527619183,,0,0.06419334112834087,0.05469136540819933,0.04830082092982854
487,487,1,Condition_Biased,Biased_Divergent,Divergent,Convergent,0.21258960285887485,0.0018544253745343881,0.0018544253745343881,0.007751937984496027,1,0.22829725690895603,0.257573965259383,0.10622056808264911
488,488,1,Condition_Biased,Biased_Random,Random,Divergent,0.09993130189755722,0.0014749589698669536,0.0014749589698669536,,0,0.06998841366952374,0.06131034740876105,0.053232043129644656
489,489,1,Condition_Biased,Biased_Random,Random,Divergent,0.17279867497598633,0.0014428072509135926,0.0014428072509135926,,0,0.06506121055612331,0.047835487373139675,0.04394278749679179
490,490,1,Condition_Biased,Biased_Random,Random,Divergent,0.15102516165753022,0.0012511822549578083,0.0012511822549578083,,0,0.028266797142803037,0.025099347593044646,0.016598784357540367
491,491,1,Condition_Biased,Biased_Divergent,Divergent,Divergent,0.23846115428679676,0.001489420145936287,0.001489420145936287,,0,0.04970511381647417,0.04017783651707341,0.020950241453851784
492,492,1,Condition_Biased,Biased_Random,Random,Divergent,0.23905576601200484,0.001389223850522082,0.001389223850522082,,0,0.030510500546485658,0.023517867898451048,0.013957103129562944
493,493,2,Shared_Core,Shared_Core,Shared_Core,Divergent,0.22146651185783406,0.0013731941451024933,0.0013731941451024933,,0,0.04064128192131797,0.03218640865304986,0.0196211499977828
494,494,3,Shared_Core,Shared_Core,Shared_Core,Convergent,0.1418981109916883,0.0016173921149634403,0.0016173921149634403,,1,0.09356330901448413,0.09474796063249914,0.04883714373288459
495,495,1,Condition_Biased,Biased_Random,Random,Random,0.7134001077813548,0.0011252643337073232,0.0011252643337073232,,0,0.055697199686494454,0.10172323532285052,0.47055877834674
496,496,1,Condition_Biased,Biased_Random,Random,Random,0.6668277447051028,0.001012330687257136,0.001012330687257136,,0,0.06464937601297621,0.10638609112383009,0.4278367382380389
497,497,1,Condition_Biased,Biased_Random,Random,Divergent,0.2959535749392523,0.001259301943271256,0.001259301943271256,,0,0.10739998614031171,0.05043574561666999,0.06625759549612223
498,498,2,Shared_Core,Shared_Core,Shared_Core,Convergent,0.2835014280711714,0.001478260220634796,0.001478260220634796,,0,0.07982866281259154,0.08126729829048084,0.010904236887978721
499,499,1,Condition_Biased,Biased_Divergent,Divergent,Divergent,0.2918477454882114,0.0015278620088410345,0.0015278620088410345,,0,0.08606983793938838,0.08051092584663583,0.013850890388784483
500,500,1,Condition_Biased,Biased_Convergent,Convergent,Convergent,0.46332242592700595,0.0014261680080451397,0.0014261680080451397,,0,0.02162509792972179,0.04177735503427349,0.009018824630698492
501,501,3,Shared_Core,Shared_Core,Shared_Core,Random,0.08338891442349378,0.001385196067162866,0.001385196067162866,,0,0.11233606342245978,0.11789265736048152,0.1360594737523979
502,502,3,Shared_Core,Shared_Core,Shared_Core,Random,0.031440531437697365,0.0012904551823466968,0.0012904551823466968,,0,0.07332966039105067,0.0665859526719663,0.07449962494736032
503,503,3,Shared_Core,Shared_Core,Shared_Core,Random,0.13251628782780428,0.0013672605720674075,0.0013672605720674075,,0,0.1494757176904136,0.17288326064275727,0.21042285196107718
504,504,3,Shared_Core,Shared_Core,Shared_Core,Random,0.14080528791331517,0.0013245001844999712,0.0013245001844999712,,0,0.19277025314747656,0.23958708876156593,0.2870336228678393
505,505,3,Shared_Core,Shared_Core,Shared_Core,Convergent,0.1422800188185905,0.001568871100332264,0.001568871100332264,,1,0.04169625803709976,0.05605960869322623,0.04249228719015454
506,506,3,Shared_Core,Shared_Core,Shared_Core,Random,0.054939350747940735,0.001319468459661708,0.001319468459661708,,0,0.06411665480918985,0.0607854197984813,0.06971198811318523
507,507,2,Shared_Core,Shared_Core,Shared_Core,Convergent,0.13662655872711765,0.0012901458259972512,0.0012901458259972512,,0,0.024088707466723112,0.03437263258892271,0.028129706498553123
508,508,3,Shared_Core,Shared_Core,Shared_Core,Random,0.13947135549113143,0.0013133062398480565,0.0013133062398480565,,0,0.1206520817897938,0.13507383390589878,0.16931008494119773
509,509,1,Condition_Biased,Biased_Random,Random,Random,0.5780413083869329,0.0013436377349333559,0.0013436377349333559,,0,0.0180045448874355,0.01119892017261402,0.054607566012892614
510,510,2,Shared_Core,Shared_Core,Shared_Core,Convergent,0.12480894410653261,0.0012680133451126777,0.0012680133451126777,,0,0.028020137896337522,0.02832210708728379,0.016053577798397042
511,511,1,Condition_Biased,Biased_Convergent,Convergent,Convergent,0.200868877389985,0.001349571446386237,0.001349571446386237,,0,0.03072510008754396,0.03559330617589457,0.0166467974727699
512,512,1,Condition_Biased,Biased_Random,Random,Random,0.10791656544423738,0.0013004295512423344,0.0013004295512423344,,0,0.04556674726070866,0.0429318460409303,0.05495509373876013
513,513,2,Shared_Core,Shared_Core,Shared_Core,Convergent,0.16275831161404447,0.0014938196220072033,0.0014938196220072033,,0,0.031144796437017185,0.04288436788310473,0.030612802219598792
514,514,1,Condition_Biased,Biased_Divergent,Divergent,Random,0.1006924017657552,0.0015431644748588173,0.0015431644748588173,,1,0.04208088407007159,0.052211753310853835,0.057703943406917556
515,515,1,Condition_Biased,Biased_Divergent,Divergent,Random,0.1109305100831381,0.0015750346929777833,0.0015750346929777833,,1,0.040897339562732705,0.04396822928610417,0.053021586478449574
516,516,3,Shared_Core,Shared_Core,Shared_Core,Random,0.049390623224186476,0.0013549768339357513,0.0013549768339357513,,0,0.02812557939252762,0.02542603210134952,0.02955817622529675
517,517,2,Shared_Core,Shared_Core,Shared_Core,Divergent,0.3557694330100929,0.001167981505031995,0.001167981505031995,,0,0.13054354457312792,0.07196796843194747,0.052094633496084876
518,518,1,Condition_Biased,Biased_Divergent,Divergent,Divergent,0.569204838311566,0.0013945729217255704,0.0013945729217255704,,0,0.09944839330104294,0.016918226036134066,0.03768508084291636
519,519,2,Shared_Core,Shared_Core,Shared_Core,Divergent,0.3012538523492171,0.001142152336690732,0.001142152336690732,,0,0.16425128151026983,0.09847829688910965,0.07792072009670642
520,520,1,Condition_Biased,Biased_Divergent,Divergent,Divergent,0.6383458563646607,0.0009725443037762426,0.0009725443037762426,,0,0.14339566861510908,0.05973191545890258,0.003575398478397103
521,521,1,Condition_Biased,Biased_Divergent,Divergent,Divergent,0.5492123788559513,0.001395069334833834,0.001395069334833834,,0,0.05735847724985982,0.011309993853960355,0.022070182891663653
522,522,1,Condition_Biased,Biased_Divergent,Divergent,Convergent,0.15728558301011805,0.0014878040716249036,0.0014878040716249036,,0,0.024638851312427688,0.02501912517598956,0.01179809700120096
523,523,2,Shared_Core,Shared_Core,Shared_Core,Divergent,0.38047042855610314,0.001195771750317969,0.001195771750317969,,0,0.18304022200523862,0.10308349904444841,0.06120662691519242
524,524,2,Shared_Core,Shared_Core,Shared_Core,Divergent,0.40705385287239526,0.0011375243331515751,0.0011375243331515751,,0,0.1036605210137115,0.05686347153004225,0.03050362734600555
525,525,2,Shared_Core,Shared_Core,Shared_Core,Divergent,0.2853949847490223,0.0012418622651684558,0.0012418622651684558,,0,0.07560002405649771,0.05291481789302181,0.031143634154122007
526,526,2,Shared_Core,Shared_Core,Shared_Core,Convergent,0.15968627594083137,0.0015273622570109906,0.0015273622570109906,,0,0.026920164479484792,0.029897072874764737,0.01640693383479072
527,527,1,Condition_Biased,Biased_Divergent,Divergent,Divergent,0.5949945944668036,0.0013898644871338684,0.0013898644871338684,,0,0.13623106877797495,0.01623891768893143,0.05294541616079419
528,528,3,Shared_Core,Shared_Core,Shared_Core,Divergent,0.11408145951921707,0.0011550970539850496,0.0011550970539850496,,0,0.058816000523548274,0.04886834761379538,0.044672721390460815
529,529,3,Shared_Core,Shared_Core,Shared_Core,Divergent,0.09246569847563378,0.0011106093986674765,0.0011106093986674765,,0,0.05296721423744524,0.042735031310905204,0.04526693313274273
530,530,1,Condition_Biased,Biased_Random,Random,Convergent,0.1632429409377842,0.0015089090677057116,0.0015089090677057116,,0,0.02096621582294425,0.03362731360578658,0.02741214272371212
531,531,1,Condition_Biased,Biased_Divergent,Divergent,Divergent,0.5985114416056986,0.0013723547397630437,0.0013723547397630437,,0,0.10467771115520644,0.015276869960330628,0.037305679345546766
532,532,2,Shared_Core,Shared_Core,Shared_Core,Random,0.2566651696137062,0.0013096096308782151,0.0013096096308782151,,0,0.025304197210562294,0.02278817454269072,0.04065194178748038
533,533,2,Shared_Core,Shared_Core,Shared_Core,Random,0.0632229100366039,0.0010097091403390543,0.0010097091403390543,,0,0.058187033074400415,0.04638231747053765,0.05934204112074172
534,534,2,Shared_Core,Shared_Core,Shared_Core,Random,0.21243953166416024,0.0013877357671521501,0.0013877357671521501,,0,0.037544115678106664,0.028735436759217903,0.0510182727214902
535,535,3,Shared_Core,Shared_Core,Shared_Core,Random,0.19728546044341413,0.0014198319647979133,0.0014198319647979133,,0,0.07554550500458511,0.07687225506582239,0.11366903117691823
536,536,3,Shared_Core,Shared_Core,Shared_Core,Random,0.23525869156633122,0.0014108977617174345,0.0014108977617174345,,0,0.07714485530815428,0.06662758102489484,0.11611518145416135
537,537,2,Shared_Core,Shared_Core,Shared_Core,Random,0.16350377235346303,0.0014346119087570045,0.0014346119087570045,,0,0.03752379716378908,0.052258115891065146,0.06243996749552645
538,538,2,Shared_Core,Shared_Core,Shared_Core,Random,0.1370949260181842,0.0015981104093614775,0.0015981104093614775,,1,0.08128220067610817,0.1274349513119674,0.1375187269462518
539,539,2,Shared_Core,Shared_Core,Shared_Core,Random,0.13071238825015735,0.0015205243367406509,0.0015205243367406509,,0,0.08047428622684151,0.1086371994770325,0.12299191703399022
540,540,1,Condition_Biased,Biased_Divergent,Divergent,Divergent,0.25019769967744937,0.0012101566214098559,0.0012101566214098559,,0,0.03209717417007716,0.02283170418646019,0.015668662647579528
541,541,1,Condition_Biased,Biased_Random,Random,Random,0.08911676285651216,0.0013170056438561828,0.0013170056438561828,,0,0.026141505764807185,0.030750963434174255,0.034012340637313766
542,542,1,Condition_Biased,Biased_Divergent,Divergent,Divergent,0.24437817711004312,0.0014362966038644056,0.0014362966038644056,,0,0.07052575253817454,0.05442026155992403,0.031230224238694176
543,543,1,Condition_Biased,Biased_Divergent,Divergent,Divergent,0.24462242861423364,0.0012160904753621335,0.0012160904753621335,,0,0.013845740563714157,0.011006445332371571,0.005799875428625779
544,544,1,Condition_Biased,Biased_Divergent,Divergent,Divergent,0.24102345207708167,0.0010771335361546318,0.0010771335361546318,,0,0.026925353153495403,0.019672041507186117,0.013261601372167121
545,545,1,Condition_Biased,Biased_Divergent,Divergent,Divergent,0.3559821193798048,0.0012913747045626485,0.0012913747045626485,,0,0.03602090424478606,0.026108164109524573,0.00810778325120377
546,546,1,Condition_Biased,Biased_Random,Random,Random,0.3207343845613275,0.0012896298488807188,0.0012896298488807188,,0,0.024131389907635158,0.031954651685884676,0.05452562439753566
547,547,1,Condition_Biased,Biased_Random,Random,Random,0.02944727211000254,0.0011695075327947256,0.0011695075327947256,,0,0.03286717059312477,0.03170246041279186,0.034243904833876807
548,548,1,Condition_Biased,Biased_Random,Random,Random,0.38430350434585586,0.0012820771745535788,0.0012820771745535788,,0,0.02217003026553405,0.036373008065647236,0.06581272890921248
549,549,1,Condition_Biased,Biased_Divergent,Divergent,Divergent,0.23198595640865163,0.0012668268293707348,0.0012668268293707348,,0,0.05760398615526144,0.04818415136689001,0.02363593733414661
550,550,1,Condition_Biased,Biased_Divergent,Divergent,Divergent,0.24583993437045087,0.0012884862200185576,0.0012884862200185576,,0,0.049070123247999364,0.041409616786483174,0.017998861538809398
551,551,3,Shared_Core,Shared_Core,Shared_Core,Divergent,0.14736294712004788,0.0011677417876200156,0.0011677417876200156,,0,0.05763933378907423,0.041748216801515976,0.04391854072292877
552,552,1,Condition_Biased,Biased_Random,Random,Random,0.23652159626892888,0.001233874714897544,0.001233874714897544,,0,0.0349185174089615,0.0503351702228994,0.06903798811051041
553,553,1,Condition_Biased,Biased_Random,Random,Random,0.36927868545361875,0.0011978706091325658,0.0011978706091325658,,0,0.04977921251128748,0.07187116699322622,0.1320498197000156
554,554,1,Condition_Biased,Biased_Random,Random,Random,0.10934860917769583,0.0011854725714305352,0.0011854725714305352,,0,0.022368753294425982,0.014118200251916508,0.022723116803654405
555,555,1,Condition_Biased,Biased_Random,Random,Divergent,0.14698008971987855,0.001451936839239847,0.001451936839239847,,0,0.025376277211954984,0.015546173067041882,0.022198980322194306
556,556,2,Shared_Core,Shared_Core,Shared_Core,Random,0.1080385744220938,0.001408159495772965,0.001408159495772965,,0,0.028911314232067928,0.036226644866621575,0.04045879635093517
557,557,1,Condition_Biased,Biased_Random,Random,Random,0.10979000838635858,0.0013374214132301917,0.0013374214132301917,,0,0.023138857508206337,0.030774757549217022,0.0336059985119243
558,558,1,Condition_Biased,Biased_Convergent,Convergent,Convergent,0.1428784213091686,0.0012516945649816511,0.0012516945649816511,,0,0.02617359552630987,0.032877497200912854,0.02314050784406736
559,559,1,Condition_Biased,Biased_Random,Random,Random,0.3156479791525046,0.0013720969439817527,0.0013720969439817527,,0,0.015959592427683886,0.02315109249976304,0.03759460922243983
560,560,1,Condition_Biased,Biased_Random,Random,Random,0.20479001838390998,0.0011649428774574088,0.0011649428774574088,,0,0.02036936800907213,0.026793481505199057,0.035727249184089115
561,561,1,Condition_Biased,Biased_Random,Random,Random,0.30252615116122095,0.0012310336251083306,0.0012310336251083306,,0,0.01724142275711216,0.025188945821142412,0.03961916620186133
562,562,1,Condition_Biased,Biased_Random,Random,Random,0.2139159196075454,0.0013577249796366208,0.0013577249796366208,,0,0.0465980249367132,0.02109309004804304,0.05226624234355697
563,563,2,Shared_Core,Shared_Core,Shared_Core,Random,0.15232534815897275,0.001384204613877687,0.001384204613877687,,0,0.07635022955084289,0.04278725003907541,0.08097749375268933
564,564,2,Shared_Core,Shared_Core,Shared_Core,Random,0.19663390810793518,0.0015365708545821315,0.0015365708545821315,,0,0.08582895126923051,0.041043346974293925,0.09448973239623298
565,565,2,Shared_Core,Shared_Core,Shared_Core,Random,0.21265718129577735,0.0014909761944903897,0.0014909761944903897,,0,0.10847005636367217,0.04359906175601724,0.11710763327026552
566,566,2,Shared_Core,Shared_Core,Shared_Core,Random,0.187969985565663,0.0015433391790501347,0.0015433391790501347,,1,0.10858812313231211,0.04674943993790998,0.11362656507669955
567,567,2,Shared_Core,Shared_Core,Shared_Core,Random,0.2625353318433344,0.0015148740362624354,0.0015148740362624354,,0,0.07548131097216533,0.03445181475956463,0.0941024440694456
568,568,1,Condition_Biased,Biased_Divergent,Divergent,Divergent,0.23872637953767867,0.0014065130352507893,0.0014065130352507893,,0,0.03789192021247886,0.022888481955731975,0.023685353497664135
569,569,2,Shared_Core,Shared_Core,Shared_Core,Convergent,0.34565707861931294,0.0011638125420107574,0.0011638125420107574,,0,0.020882653471614634,0.02776660596289009,0.0061210792786044665
570,570,2,Shared_Core,Shared_Core,Shared_Core,Divergent,0.2683457815057152,0.0012402473579394865,0.0012402473579394865,,0,0.032777420710772276,0.026530688479626634,0.011285084606574257
571,571,2,Shared_Core,Shared_Core,Shared_Core,Divergent,0.2747188428047147,0.0013887414268892047,0.0013887414268892047,,0,0.06996619730951294,0.056208956701395744,0.023408858372663804
572,572,1,Condition_Biased,Biased_Random,Random,Random,0.18633797823871148,0.0013568817838189135,0.0013568817838189135,,0,0.03280671061110244,0.02573244089076111,0.04267571595057037
573,573,1,Condition_Biased,Biased_Divergent,Divergent,Divergent,0.33679564330044454,0.0013266746429446722,0.0013266746429446722,,0,0.0671569655930239,0.04841599452963753,0.018219160045995268
574,574,1,Condition_Biased,Biased_Convergent,Convergent,Convergent,0.056248197946852284,0.0011145319967286983,0.0011145319967286983,,0,0.04594490964892049,0.046759364874781786,0.03761354744318844
575,575,1,Condition_Biased,Biased_Divergent,Divergent,Divergent,0.3821355197169801,0.0015057620895171859,0.0015057620895171859,,0,0.1666711164372308,0.12878128124384192,0.020234732404928797
576,576,1,Condition_Biased,Biased_Divergent,Divergent,Divergent,0.16503123869135614,0.0015295880942380708,0.0015295880942380708,,0,0.05705517917753212,0.0510064064701264,0.030775593362690867
577,577,1,Condition_Biased,Biased_Divergent,Divergent,Divergent,0.402074030481464,0.001498717236599872,0.001498717236599872,,0,0.19029111206216157,0.14809489530418907,0.014207515547903933
578,578,1,Condition_Biased,Biased_Divergent,Divergent,Divergent,0.19380314548044353,0.0013199305613003118,0.0013199305613003118,,0,0.04833811559349732,0.03965874938115998,0.025628457964910555
579,579,1,Condition_Biased,Biased_Divergent,Divergent,Divergent,0.3860245119804132,0.001489125138233287,0.001489125138233287,,0,0.19517934976746795,0.15882045023881639,0.014099055135896963
580,580,2,Shared_Core,Shared_Core,Shared_Core,Convergent,0.277837831615993,0.0012943505173777757,0.0012943505173777757,,0,0.06552870970751558,0.07633291375781368,0.02074944101591674
581,581,2,Shared_Core,Shared_Core,Shared_Core,Convergent,0.3914077898577496,0.0012066657490475443,0.0012066657490475443,,0,0.06771914763425393,0.09893172044676167,0.01882496235040269
582,582,1,Condition_Biased,Biased_Divergent,Divergent,Divergent,0.2976686058488202,0.0014657462449562447,0.0014657462449562447,,0,0.10287915838379709,0.07484313265026153,0.03651852380166682
583,583,1,Condition_Biased,Biased_Convergent,Convergent,Convergent,0.3721854592920755,0.0012421675294959982,0.0012421675294959982,,0,0.06758967290321986,0.09699110511421889,0.02116279958119226
584,584,1,Condition_Biased,Biased_Divergent,Divergent,Divergent,0.43773714884615633,0.0017165371713115114,0.0017165371713115114,0.007751937984496027,1,0.16045051945186167,0.10497113639438474,0.020525191787832468
585,585,1,Condition_Biased,Biased_Convergent,Convergent,Convergent,0.12290057970836739,0.0012279418792804943,0.0012279418792804943,,0,0.03570125861063836,0.05849787660849255,0.05568430942389392
586,586,1,Condition_Biased,Biased_Divergent,Divergent,Divergent,0.3758179823101748,0.0017349509548608847,0.0017349509548608847,0.0,1,0.14227090190563882,0.09666957043379813,0.03242154445412547
587,587,1,Condition_Biased,Biased_Random,Random,Random,0.4887676329931148,0.0014202651793943917,0.0014202651793943917,,0,0.032966234600516384,0.024967086402833596,0.0843542572309429
588,588,1,Condition_Biased,Biased_Convergent,Convergent,Convergent,0.21966823780395758,0.001268034706567161,0.001268034706567161,,0,0.046731974693044784,0.07252036890870817,0.046063665156216585
589,589,1,Condition_Biased,Biased_Divergent,Divergent,Divergent,0.20711548153704754,0.0014509320154988846,0.0014509320154988846,,0,0.054701005872437564,0.050914648840589834,0.02094522101241489
590,590,2,Shared_Core,Shared_Core,Shared_Core,Divergent,0.23302195126138134,0.0014348151008211126,0.0014348151008211126,,0,0.05261788976738456,0.05037691370743486,0.015083018098344175
591,591,1,Condition_Biased,Biased_Divergent,Divergent,Convergent,0.1826083808169339,0.0012955375532950966,0.0012955375532950966,,0,0.04623501933125592,0.053687100072164796,0.02797954969916695
592,592,1,Condition_Biased,Biased_Divergent,Divergent,Divergent,0.12177646727068965,0.001395962005847505,0.001395962005847505,,0,0.05434231113189112,0.04411978856870183,0.04096792337968368
593,593,1,Condition_Biased,Biased_Divergent,Divergent,Random,0.12689814535957483,0.0013676388687695496,0.0013676388687695496,,0,0.06023758672000397,0.042397276766866714,0.06623456169410731
594,594,1,Condition_Biased,Biased_Divergent,Divergent,Random,0.3077418293174881,0.0013358703445751831,0.0013358703445751831,,0,0.08107850669079987,0.0329678413701487,0.10772222427781238
595,595,1,Condition_Biased,Biased_Divergent,Divergent,Random,0.2539835814573303,0.001393647461953228,0.001393647461953228,,0,0.08673426907056223,0.03701781447943266,0.10400781878667284
596,596,1,Condition_Biased,Biased_Convergent,Convergent,Convergent,0.4943617038901216,0.0014770321841216364,0.0014770321841216364,,0,0.07764582650331908,0.11640705332696975,0.0011301002963337787
597,597,1,Condition_Biased,Biased_Convergent,Convergent,Convergent,0.48428843571967506,0.001525576305036353,0.001525576305036353,,0,0.07938416449047586,0.11617109473996065,0.001342432241338168
598,598,1,Condition_Biased,Biased_Divergent,Divergent,Divergent,0.22762407779761212,0.0014097804334332871,0.0014097804334332871,,0,0.04904420472799786,0.0209734767910328,0.04074014310342397
599,599,2,Shared_Core,Shared_Core,Shared_Core,Random,0.09509241963223553,0.0011995131392969303,0.0011995131392969303,,0,0.07096240866594214,0.09090802080190934,0.09794540576232497
600,600,2,Shared_Core,Shared_Core,Shared_Core,Convergent,0.0865963573020413,0.0012193222615316513,0.0012193222615316513,,0,0.0398108506250003,0.0537303551058243,0.050521684998227644
601,601,1,Condition_Biased,Biased_Convergent,Convergent,Convergent,0.4705051200257281,0.00160941067995998,0.00160941067995998,,1,0.07863132854696935,0.10999245138897619,0.0005801465477823287
602,602,1,Condition_Biased,Biased_Convergent,Convergent,Convergent,0.4540441266498938,0.001436183002518627,0.001436183002518627,,0,0.06742887950881764,0.09431176447636776,0.0033943655326702567
603,603,1,Condition_Biased,Biased_Random,Random,Convergent,0.19871624374250438,0.0013201989757665109,0.0013201989757665109,,0,0.0166212950682849,0.025008691898505162,0.016812903705493425
604,604,1,Condition_Biased,Biased_Random,Random,Random,0.19752639160661453,0.0011427984885241862,0.0011427984885241862,,0,0.021133733933012953,0.027151662088628556,0.0360279985912895
605,605,1,Condition_Biased,Biased_Convergent,Convergent,Convergent,0.5080297303200606,0.0015500210687390953,0.0015500210687390953,,1,0.03089841157592163,0.09427527191436237,0.030613148859304974
606,606,1,Condition_Biased,Biased_Convergent,Convergent,Convergent,0.5251662280436776,0.001533329011797417,0.001533329011797417,,0,0.053360091522336006,0.16880404285935535,0.05174826836401178
607,607,1,Condition_Biased,Biased_Convergent,Convergent,Convergent,0.5864279026609857,0.0015448189204580322,0.0015448189204580322,,1,0.04151840140382764,0.17251494727391112,0.04842879184225733
608,608,1,Condition_Biased,Biased_Convergent,Convergent,Convergent,0.46569150573087287,0.0012269079123439879,0.0012269079123439879,,0,0.02958248327510855,0.057497573802499355,0.012338264661212994
609,609,3,Shared_Core,Shared_Core,Shared_Core,Random,0.09274952121167944,0.0017682307261042284,0.0017682307261042284,0.007751937984496138,1,0.17452352237025345,0.21378639575328912,0.23385244044078182
610,610,1,Condition_Biased,Biased_Random,Random,Random,0.5211473706344038,0.0009111949745704092,0.0009111949745704092,,0,0.032059505909543345,0.021850715232971083,0.08562696131682673
611,611,3,Shared_Core,Shared_Core,Shared_Core,Convergent,0.07155957787965615,0.0017732577312745876,0.0017732577312745876,0.007751937984496027,1,0.2608914845598438,0.35212780655202297,0.3493026588256507
612,612,1,Condition_Biased,Biased_Convergent,Convergent,Convergent,0.3341768907007262,0.0015066943011930395,0.0015066943011930395,,0,0.03521437843936303,0.046792969722216866,0.011489834188837414
613,613,1,Condition_Biased,Biased_Convergent,Convergent,Convergent,0.3265778820560698,0.0015774575985192448,0.0015774575985192448,,1,0.040007186605146634,0.05106619788283432,0.011839158186876728
614,614,1,Condition_Biased,Biased_Convergent,Convergent,Divergent,0.20808177032132488,0.0012956453624785743,0.0012956453624785743,,0,0.10477977473086741,0.10048666175219927,0.036883201363474824
615,615,3,Shared_Core,Shared_Core,Shared_Core,Convergent,0.11564018788019313,0.0017395715994824395,0.0017395715994824395,0.007751937984496027,1,0.2704763452290858,0.41471022021797327,0.38699916779070864
616,616,3,Shared_Core,Shared_Core,Shared_Core,Convergent,0.10051593521325927,0.0016831441452114307,0.0016831441452114307,0.007751937984496138,1,0.23903505413462875,0.36134921438438267,0.351647642520509
617,617,3,Shared_Core,Shared_Core,Shared_Core,Convergent,0.1047905464063168,0.0016564482654727983,0.0016564482654727983,,1,0.1817833027905888,0.2789774222387555,0.27032633290387864
618,618,3,Shared_Core,Shared_Core,Shared_Core,Convergent,0.08785569393864168,0.0016426977430657773,0.0016426977430657773,,1,0.17353613059179335,0.24158874534171176,0.23159811598097169
619,619,3,Shared_Core,Shared_Core,Shared_Core,Random,0.05857532895389265,0.0016779567747908352,0.0016779567747908352,0.007751937984496027,1,0.1327129798059268,0.15218770862263334,0.16017683052508405
620,620,2,Shared_Core,Shared_Core,Shared_Core,Convergent,0.35022209285789585,0.001588678677233624,0.001588678677233624,,1,0.10362975872934811,0.14489697069265284,0.03583003957430984
621,621,1,Condition_Biased,Biased_Divergent,Divergent,Divergent,0.3495942950394559,0.0011393782090912477,0.0011393782090912477,,0,0.04431511788929581,0.02911238860640977,0.013600900263864865
622,622,1,Condition_Biased,Biased_Convergent,Convergent,Convergent,0.4231482021459152,0.0016463884929148955,0.0016463884929148955,,1,0.169319092522735,0.2760982034341978,0.05450544633375582
623,623,1,Condition_Biased,Biased_Convergent,Convergent,Convergent,0.3880101970521685,0.0016609904649957502,0.0016609904649957502,,1,0.10044418750380082,0.15238374773714994,0.03393133790340534
624,624,1,Condition_Biased,Biased_Convergent,Convergent,Convergent,0.614855063626826,0.001500322349454342,0.001500322349454342,,0,0.01300035578706277,0.05890606040017562,0.015097981203318567
625,625,2,Shared_Core,Shared_Core,Shared_Core,Convergent,0.37372914051573647,0.00152878372179165,0.00152878372179165,,0,0.038229134539881394,0.05496531630119494,0.011887260120679704
626,626,1,Condition_Biased,Biased_Convergent,Convergent,Convergent,0.5315747003078918,0.001519826570771337,0.001519826570771337,,0,0.018636588953317157,0.05940422273937378,0.017700444863632668
627,627,1,Condition_Biased,Biased_Divergent,Divergent,Divergent,0.7287683811482226,0.001176039214734262,0.001176039214734262,,0,0.20337447204760142,0.027215341055715405,0.036600711907065195
628,628,1,Condition_Biased,Biased_Divergent,Divergent,Divergent,0.7421684052558981,0.0011929746749635892,0.0011929746749635892,,0,0.2229829041395711,0.026766430687259982,0.03923412081027447
629,629,1,Condition_Biased,Biased_Divergent,Divergent,Divergent,0.761917406937713,0.0011953875790830352,0.0011953875790830352,,0,0.22349376137314178,0.024581991165440093,0.0358180866482877
630,630,1,Condition_Biased,Biased_Divergent,Divergent,Divergent,0.8064937779985979,0.0012275221759160267,0.0012275221759160267,,0,0.2443164917665026,0.021576994107113227,0.03076391275827737
631,631,1,Condition_Biased,Biased_Divergent,Divergent,Divergent,0.761365450709576,0.0011964573741457837,0.0011964573741457837,,0,0.14709278227078912,0.019165971649911354,0.020691083325434102
632,632,1,Condition_Biased,Biased_Divergent,Divergent,Convergent,0.2863241896940764,0.0012127658367308601,0.0012127658367308601,,0,0.030657442217623745,0.038312559544637394,0.011855552868210068
633,633,1,Condition_Biased,Biased_Convergent,Convergent,Convergent,0.2513447682025617,0.0011875143000789478,0.0011875143000789478,,0,0.030483965559926614,0.03545638691499695,0.011941767521491346
634,634,1,Condition_Biased,Biased_Divergent,Divergent,Divergent,0.6378129273412122,0.0012381116823627068,0.0012381116823627068,,0,0.08091939354275979,0.020093122669201983,0.015696017566144235
635,635,1,Condition_Biased,Biased_Convergent,Convergent,Convergent,0.4077766357749582,0.0012299054710259672,0.0012299054710259672,,0,0.039347329068554454,0.06912989519234444,0.018815788656992967
636,636,1,Condition_Biased,Biased_Random,Random,Random,0.30573406396644714,0.0013007019801591856,0.0013007019801591856,,0,0.0482913964851784,0.04559375398146274,0.08828680243617458
637,637,2,Shared_Core,Shared_Core,Shared_Core,Convergent,0.2448016598503676,0.0012906202363233287,0.0012906202363233287,,0,0.025335949042407924,0.03432451391609402,0.01631215727317703
638,638,1,Condition_Biased,Biased_Random,Random,Convergent,0.32404355045087074,0.0012974381246203734,0.0012974381246203734,,0,0.036103347740160725,0.05412377060500083,0.019159655960262284
639,639,2,Shared_Core,Shared_Core,Shared_Core,Convergent,0.3476777201774199,0.0013723866280764092,0.0013723866280764092,,0,0.024683889977279164,0.04252670915914817,0.016484884213107502
640,640,1,Condition_Biased,Biased_Divergent,Divergent,Divergent,0.4079081335894945,0.001676785072506233,0.001676785072506233,0.007751937984496027,1,0.13950869323754753,0.09704508975374738,0.02029489939526994
641,641,1,Condition_Biased,Biased_Divergent,Divergent,Divergent,0.3040496465740175,0.001440157036348827,0.001440157036348827,,0,0.08018303881325418,0.057476944474687985,0.028107855685575063
642,642,1,Condition_Biased,Biased_Divergent,Divergent,Divergent,0.39440119645880123,0.0016403008661488635,0.0016403008661488635,,1,0.18943742999718302,0.15089373460861746,0.013654433082529279
643,643,1,Condition_Biased,Biased_Random,Random,Random,0.12517543869826483,0.001437549025040401,0.001437549025040401,,0,0.03415424929113773,0.045080299354955417,0.05095465535427942
644,644,1,Condition_Biased,Biased_Divergent,Divergent,Divergent,0.340755203747703,0.0017327198640240044,0.0017327198640240044,0.007751937984496027,1,0.10535308818219516,0.08108137762341816,0.022522136215264946
645,645,1,Condition_Biased,Biased_Random,Random,Random,0.08319339306649536,0.001263753449749036,0.001263753449749036,,0,0.09738425664091237,0.09324937028525111,0.11261539981346722
646,646,1,Condition_Biased,Biased_Random,Random,Random,0.3309416631194208,0.0015914088966653035,0.0015914088966653035,,1,0.06184607839812993,0.09831221633263536,0.15929952247949072
647,647,2,Shared_Core,Shared_Core,Shared_Core,Random,0.3377511288600232,0.0013942345067446715,0.0013942345067446715,,0,0.02009003934026671,0.024317180267996615,0.04485157374364808
648,648,2,Shared_Core,Shared_Core,Shared_Core,Random,0.3494170011280766,0.001567657118033707,0.001567657118033707,,1,0.05351645603933662,0.09134329593035619,0.15023157108835009
649,649,1,Condition_Biased,Biased_Random,Random,Random,0.4280626931705532,0.0016019244633042999,0.0016019244633042999,,1,0.04060513395865364,0.0362061679401007,0.09589456164732922
650,650,2,Shared_Core,Shared_Core,Shared_Core,Random,0.33007925555462114,0.001467943352985496,0.001467943352985496,,0,0.04947843408044526,0.09114855484038524,0.13960236512023463
651,651,2,Shared_Core,Shared_Core,Shared_Core,Random,0.4046338151433356,0.0013034901671971255,0.0013034901671971255,,0,0.0175782615471651,0.0230494572084632,0.04792602355375366
652,652,2,Shared_Core,Shared_Core,Shared_Core,Random,0.4089141592972711,0.0015888347822134263,0.0015888347822134263,,1,0.05107744036626721,0.052297256482127415,0.12320213416923387
653,653,2,Shared_Core,Shared_Core,Shared_Core,Random,0.4114536422599814,0.0017638587351614028,0.0017638587351614028,0.0,1,0.07520008041823982,0.08171747378199487,0.18816007481700228
654,654,3,Shared_Core,Shared_Core,Shared_Core,Divergent,0.0774016747176563,0.0012675116141335563,0.0012675116141335563,,0,0.05325918370197532,0.050198846815472785,0.04101473646050738
655,655,1,Condition_Biased,Biased_Divergent,Divergent,Divergent,0.7350632807471342,0.0012396160465288422,0.0012396160465288422,,0,0.08801747872444884,0.01910172905017798,0.007778053731448197
656,656,1,Condition_Biased,Biased_Divergent,Divergent,Divergent,0.8169182799597,0.0010413301015286273,0.0010413301015286273,,0,0.10727924603732332,0.014292568515835179,0.007327411980765273
657,657,1,Condition_Biased,Biased_Divergent,Divergent,Convergent,0.1570498682871484,0.0012919139420557479,0.0012919139420557479,,0,0.035157408540644655,0.03690889509612912,0.018621359056569347
658,658,1,Condition_Biased,Biased_Divergent,Divergent,Divergent,0.7952469460122454,0.0009946677309505521,0.0009946677309505521,,0,0.12359096886462005,0.01773529540881649,0.010456512270625247
659,659,1,Condition_Biased,Biased_Divergent,Divergent,Divergent,0.7840298148932952,0.0009435360182001379,0.0009435360182001379,,0,0.11567429840939228,0.014558784613335455,0.013447697599266851
660,660,1,Condition_Biased,Biased_Divergent,Divergent,Divergent,0.21249200128491694,0.0013291090256144604,0.0013291090256144604,,0,0.04136898111620987,0.030758424263514647,0.022979503067917833
661,661,1,Condition_Biased,Biased_Divergent,Divergent,Divergent,0.5255483337125519,0.0011789113493789192,0.0011789113493789192,,0,0.0817197712246703,0.011764461946514275,0.03906589297418909
662,662,1,Condition_Biased,Biased_Divergent,Divergent,Divergent,0.21696666741963372,0.0015207661186829602,0.0015207661186829602,,0,0.052274064052475505,0.04076919297536684,0.026500249447575373
663,663,1,Condition_Biased,Biased_Divergent,Divergent,Divergent,0.7195670603214731,0.0011889401631441012,0.0011889401631441012,,0,0.08202938182111928,0.005402180747976442,0.021353089475784046
664,664,1,Condition_Biased,Biased_Divergent,Divergent,Divergent,0.23303922671455693,0.0013954860903174753,0.0013954860903174753,,0,0.07036922052108421,0.051655142031073034,0.035885352410318316
665,665,1,Condition_Biased,Biased_Divergent,Divergent,Divergent,0.19413050076102503,0.0014359749112528102,0.0014359749112528102,,0,0.06077066084576978,0.04937925763629578,0.03264397515576015
666,666,1,Condition_Biased,Biased_Divergent,Divergent,Divergent,0.686493788278148,0.0012662160131521204,0.0012662160131521204,,0,0.08013574909862309,0.006916364075968394,0.02287687358352565
667,667,2,Shared_Core,Shared_Core,Shared_Core,Convergent,0.5088155476817368,0.0014748848562656058,0.0014748848562656058,,0,0.011289746081702924,0.07313532142287439,0.03632764870575232
668,668,2,Shared_Core,Shared_Core,Shared_Core,Random,0.12035364772251791,0.0011388848006707902,0.0011388848006707902,,0,0.037505169959600876,0.02447004238671103,0.039467085290036
669,669,2,Shared_Core,Shared_Core,Shared_Core,Convergent,0.5474688906664257,0.0013121903830143067,0.0013121903830143067,,0,0.007753886479549307,0.12890167614898165,0.06763634443745133
670,670,1,Condition_Biased,Biased_Convergent,Convergent,Convergent,0.5406043633247978,0.0014412827985347217,0.0014412827985347217,,0,0.0062238748269106345,0.10883206397563487,0.05868179013216218
671,671,1,Condition_Biased,Biased_Convergent,Convergent,Convergent,0.5139051189290436,0.0014998502243377008,0.0014998502243377008,,0,0.00868456485489058,0.07257951925265359,0.037924079686518786
672,672,1,Condition_Biased,Biased_Convergent,Convergent,Convergent,0.48262391294274115,0.0015853989978302221,0.0015853989978302221,,1,0.009603570476568565,0.0594222799010642,0.03186839876710906
673,673,1,Condition_Biased,Biased_Divergent,Divergent,Divergent,0.24892873734978493,0.001222059044692253,0.001222059044692253,,0,0.04658253998471,0.027651007778036432,0.028375899245919184
674,674,2,Shared_Core,Shared_Core,Shared_Core,Convergent,0.4632449079242446,0.001516221098213303,0.001516221098213303,,0,0.048392664106493746,0.11036466923332564,0.032576417521566384
675,675,1,Condition_Biased,Biased_Divergent,Divergent,Convergent,0.08600372169408048,0.0015748732021229508,0.0015748732021229508,,1,0.05750500142731994,0.07412940253679817,0.0672717312451943
676,676,1,Condition_Biased,Biased_Divergent,Divergent,Divergent,0.02491002327684186,0.0015357183803931813,0.0015357183803931813,,0,0.25922056993164083,0.24733123169825957,0.24590890404096868
677,677,1,Condition_Biased,Biased_Convergent,Convergent,Convergent,0.5091605269116786,0.0015560088496605884,0.0015560088496605884,,1,0.06883002170139835,0.18043376240241635,0.048538556770067805
678,678,1,Condition_Biased,Biased_Divergent,Divergent,Random,0.016689078888934738,0.0014848653644897846,0.0014848653644897846,,0,0.2378460244724044,0.22884722845209343,0.24126749904465306
679,679,3,Shared_Core,Shared_Core,Shared_Core,Convergent,0.490844757825081,0.001550067579372649,0.001550067579372649,,1,0.05593779222872207,0.14209614032124346,0.041119925360115925
680,680,1,Condition_Biased,Biased_Divergent,Divergent,Random,0.012020169112139838,0.0014866077529551444,0.0014866077529551444,,0,0.17883228028695736,0.1822107060904707,0.184914090706743
681,681,1,Condition_Biased,Biased_Divergent,Divergent,Random,0.023479470846991524,0.0015159815110686386,0.0015159815110686386,,0,0.10188117984031873,0.11189890805598315,0.11203017484310061
682,682,1,Condition_Biased,Biased_Random,Random,Random,0.31582001200185833,0.0016516002215038847,0.0016516002215038847,,1,0.051243414442059855,0.13360310713382992,0.17774909856014473
683,683,2,Shared_Core,Shared_Core,Shared_Core,Random,0.29682894897486434,0.0014580216230265862,0.0014580216230265862,,0,0.05715102298806111,0.09838831866042572,0.14342735004575216
684,684,1,Condition_Biased,Biased_Divergent,Divergent,Divergent,0.35640147535933064,0.0013784794936934279,0.0013784794936934279,,0,0.05750778282958048,0.04098957218229771,0.013584128682061221
685,685,1,Condition_Biased,Biased_Convergent,Convergent,Convergent,0.591996718944213,0.001594752261643305,0.001594752261643305,,1,0.01715462737613254,0.06732234137703304,0.017352649985357772
686,686,1,Condition_Biased,Biased_Convergent,Convergent,Convergent,0.21393007655204116,0.0012959555097471424,0.0012959555097471424,,0,0.028195124471845922,0.048316043017113265,0.03437814720032751
687,687,2,Shared_Core,Shared_Core,Shared_Core,Convergent,0.17251078320466878,0.0015088373710638817,0.0015088373710638817,,0,0.038791107819489544,0.06274847449684465,0.04977726487284021
688,688,2,Shared_Core,Shared_Core,Shared_Core,Convergent,0.13826470512385447,0.0013675055663631358,0.0013675055663631358,,0,0.043241442469436495,0.05945560297937141,0.04678153959211222
689,689,1,Condition_Biased,Biased_Random,Random,Convergent,0.1940888197511759,0.0013412091708314361,0.0013412091708314361,,0,0.03928487062843507,0.05817233372441921,0.03923815605772096
690,690,1,Condition_Biased,Biased_Divergent,Divergent,Divergent,0.47366277007757696,0.0014038453996083526,0.0014038453996083526,,0,0.0903528727117985,0.045208952012094294,0.019332382279311038
691,691,2,Shared_Core,Shared_Core,Shared_Core,Convergent,0.26384797892120504,0.0012990203788888898,0.0012990203788888898,,0,0.03218632886954953,0.04543340565984951,0.02074075406850424
692,692,1,Condition_Biased,Biased_Divergent,Divergent,Divergent,0.343649924352102,0.0011582522537649067,0.0011582522537649067,,0,0.059677145734587045,0.033780179204637405,0.024522356905562932
693,693,2,Shared_Core,Shared_Core,Shared_Core,Divergent,0.43513333927276165,0.0012501192231791224,0.0012501192231791224,,0,0.05833921625855423,0.029613711451692087,0.016310771486844667
694,694,1,Condition_Biased,Biased_Divergent,Divergent,Divergent,0.4313019225202145,0.0013378679046244335,0.0013378679046244335,,0,0.08308193394076571,0.042929810396320114,0.023091949739081914
695,695,1,Condition_Biased,Biased_Divergent,Divergent,Divergent,0.4118716317893867,0.0013755549361067602,0.0013755549361067602,,0,0.09225767098919109,0.04846981595698241,0.02839178005738776
696,696,1,Condition_Biased,Biased_Divergent,Divergent,Divergent,0.4193321839312618,0.0012895700421039226,0.0012895700421039226,,0,0.0960353474408664,0.04835796388084287,0.030220731219291225
697,697,1,Condition_Biased,Biased_Divergent,Divergent,Divergent,0.44901155684466004,0.0014084630186780907,0.0014084630186780907,,0,0.102921851920506,0.04775186733820954,0.0305204565615155
698,698,1,Condition_Biased,Biased_Divergent,Divergent,Divergent,0.40230756783582794,0.0014456458377803036,0.0014456458377803036,,0,0.05064595828729647,0.028232628039109545,0.014940077695244736
699,699,1,Condition_Biased,Biased_Divergent,Divergent,Divergent,0.4143848364940483,0.0013826802220466268,0.0013826802220466268,,0,0.09255844679853273,0.047953070997185,0.02869315506067387
700,700,1,Condition_Biased,Biased_Convergent,Convergent,Convergent,0.2544742660314113,0.0011719392322173824,0.0011719392322173824,,0,0.04132865678775247,0.06458166276885045,0.03543225069378698
701,701,1,Condition_Biased,Biased_Convergent,Convergent,Convergent,0.20927793925445956,0.0015804908628573,0.0015804908628573,,1,0.06597754690382215,0.09837441748809929,0.06267248398747093
702,702,1,Condition_Biased,Biased_Convergent,Convergent,Convergent,0.20788854300522708,0.0015538262872826637,0.0015538262872826637,,1,0.06272748434945705,0.09106182935018395,0.056705916589198185
703,703,1,Condition_Biased,Biased_Random,Random,Convergent,0.23646263003816317,0.001567782505880273,0.001567782505880273,,1,0.045602459435858736,0.06512358989398759,0.0348274594988645
704,704,1,Condition_Biased,Biased_Divergent,Divergent,Divergent,0.33172001407982116,0.0014981576199432944,0.0014981576199432944,,0,0.22329107072775956,0.18966278312979518,0.034439809042816016
705,705,1,Condition_Biased,Biased_Divergent,Divergent,Divergent,0.3333885737524618,0.0014796967368602113,0.0014796967368602113,,0,0.20819353768552737,0.17973222172984787,0.028435440456075954
706,706,1,Condition_Biased,Biased_Divergent,Divergent,Divergent,0.2973795298151615,0.0013075944795824259,0.0013075944795824259,,0,0.039379834054560255,0.027185347881944228,0.015468442906416201
707,707,2,Shared_Core,Shared_Core,Shared_Core,Divergent,0.36828496933276356,0.0012774517643377923,0.0012774517643377923,,0,0.04927080993358263,0.032381165378332674,0.0131139060511261
708,708,2,Shared_Core,Shared_Core,Shared_Core,Divergent,0.3981095916799473,0.0012741191167047864,0.0012741191167047864,,0,0.0422509089888384,0.024511547536832524,0.011866740709127382
709,709,1,Condition_Biased,Biased_Convergent,Convergent,Divergent,0.2929664132980302,0.0012686974632661484,0.0012686974632661484,,0,0.04153695472925113,0.04011082621123474,0.005316528715482054
710,710,2,Shared_Core,Shared_Core,Shared_Core,Divergent,0.3981098917318098,0.001204974922707917,0.001204974922707917,,0,0.06118999577802483,0.04751555352295573,0.0051693654539742215
